2,1,372.25,408.12,80.23,239.82,0.7973,-1,-1,-1
2,2,104.29,546.54,72.95,245.63,0.7252,-1,-1,-1
2,3,1101.04,981.21,71.40,98.79,0.6892,-1,-1,-1
2,4,1730.48,455.01,75.27,215.50,0.6081,-1,-1,-1
2,5,1355.89,570.08,81.74,217.49,0.5680,-1,-1,-1
2,6,0.88,878.04,39.91,201.35,0.3835,-1,-1,-1
2,7,1098.12,211.80,58.32,178.36,0.4727,-1,-1,-1
2,8,545.60,146.84,57.54,184.03,0.5063,-1,-1,-1
2,9,225.16,398.13,65.26,199.34,0.4907,-1,-1,-1
2,10,789.64,145.30,64.45,178.93,0.4608,-1,-1,-1
2,11,1046.10,132.97,63.95,182.00,0.4649,-1,-1,-1
2,12,267.93,379.26,55.07,210.54,0.4316,-1,-1,-1
2,13,503.49,134.36,51.09,176.79,0.3705,-1,-1,-1
3,1,373.52,407.78,78.76,241.41,0.7820,-1,-1,-1
3,2,104.59,546.08,73.44,246.85,0.7316,-1,-1,-1
3,3,1105.44,980.87,71.86,99.12,0.6966,-1,-1,-1
3,4,1731.10,452.96,73.78,219.90,0.6006,-1,-1,-1
3,5,1356.47,570.01,81.16,216.78,0.5669,-1,-1,-1
3,6,0.69,877.49,39.72,201.55,0.3536,-1,-1,-1
3,7,1092.14,213.70,61.94,177.25,0.5648,-1,-1,-1
3,8,544.83,147.48,58.27,183.61,0.4873,-1,-1,-1
3,9,223.13,396.70,67.64,202.05,0.4725,-1,-1,-1
3,10,788.77,145.14,64.98,178.62,0.4541,-1,-1,-1
3,11,1045.30,132.73,64.53,179.57,0.4992,-1,-1,-1
3,12,260.23,366.72,65.19,225.36,0.3914,-1,-1,-1
3,13,503.96,133.64,49.94,169.74,0.3942,-1,-1,-1
4,1,372.59,407.23,80.11,241.04,0.7959,-1,-1,-1
4,2,104.21,545.72,73.18,247.21,0.7231,-1,-1,-1
4,3,1108.37,978.80,72.23,101.15,0.6950,-1,-1,-1
4,4,1729.35,452.46,74.11,216.98,0.6201,-1,-1,-1
4,5,1356.16,570.28,82.84,217.26,0.5756,-1,-1,-1
4,6,-0.59,876.20,43.49,203.24,0.5371,-1,-1,-1
4,7,1087.15,211.10,63.89,180.12,0.5536,-1,-1,-1
4,8,546.43,145.36,55.92,183.71,0.4670,-1,-1,-1
4,9,221.54,396.79,69.81,202.47,0.4800,-1,-1,-1
4,10,789.54,144.65,64.06,178.19,0.4695,-1,-1,-1
4,11,1045.44,133.61,62.98,179.55,0.4601,-1,-1,-1
4,12,264.71,382.32,57.76,212.78,0.4012,-1,-1,-1
4,13,500.60,135.57,53.06,173.40,0.4404,-1,-1,-1
5,1,374.74,406.76,78.78,241.19,0.7978,-1,-1,-1
5,2,104.19,545.89,72.47,246.99,0.7241,-1,-1,-1
5,3,1112.79,975.92,72.17,104.02,0.6964,-1,-1,-1
5,4,1728.64,452.24,74.15,218.55,0.6548,-1,-1,-1
5,5,1355.76,569.97,82.43,214.04,0.6074,-1,-1,-1
5,6,-0.63,874.18,45.20,204.85,0.5592,-1,-1,-1
5,7,1072.37,210.35,78.96,178.77,0.5400,-1,-1,-1
5,8,545.88,145.09,56.30,186.41,0.5042,-1,-1,-1
5,9,220.80,396.69,72.22,200.74,0.3746,-1,-1,-1
5,10,789.03,145.76,65.11,176.78,0.4966,-1,-1,-1
5,11,1043.58,133.75,66.39,164.03,0.3779,-1,-1,-1
5,12,267.61,380.32,51.32,209.28,0.3871,-1,-1,-1
5,13,501.43,135.40,50.97,168.35,0.4851,-1,-1,-1
6,1,374.98,405.90,79.39,239.94,0.7854,-1,-1,-1
6,2,104.32,546.11,72.64,246.66,0.7309,-1,-1,-1
6,3,1114.34,975.80,72.96,104.24,0.6914,-1,-1,-1
6,4,1726.76,454.91,75.21,215.91,0.6517,-1,-1,-1
6,5,1356.92,570.16,81.32,213.38,0.6190,-1,-1,-1
6,6,-0.32,871.90,46.05,207.46,0.6047,-1,-1,-1
6,7,1062.90,209.05,88.87,179.68,0.5799,-1,-1,-1
6,8,545.20,147.79,55.48,186.25,0.5160,-1,-1,-1
6,9,219.12,392.83,75.04,203.49,0.3019,-1,-1,-1
6,10,787.84,145.31,65.05,178.01,0.5057,-1,-1,-1
6,11,1043.48,134.91,64.72,155.06,0.3075,-1,-1,-1
6,12,267.89,379.75,48.37,208.59,0.3928,-1,-1,-1
6,13,502.42,136.83,49.22,167.15,0.5141,-1,-1,-1
7,1,375.74,404.67,80.52,240.02,0.7800,-1,-1,-1
7,2,104.12,545.96,72.67,245.89,0.7310,-1,-1,-1
7,3,1116.56,973.97,70.88,106.01,0.7061,-1,-1,-1
7,4,1726.44,454.26,74.65,212.64,0.6319,-1,-1,-1
7,5,1356.31,570.37,82.15,212.88,0.6335,-1,-1,-1
7,6,-0.26,870.94,47.03,208.54,0.5961,-1,-1,-1
7,7,1054.38,208.09,98.70,181.19,0.5522,-1,-1,-1
7,8,544.21,148.67,54.19,186.95,0.5413,-1,-1,-1
7,10,788.44,145.41,65.58,177.94,0.5152,-1,-1,-1
7,12,266.18,379.63,49.14,199.44,0.3575,-1,-1,-1
7,13,501.87,139.13,48.82,165.58,0.4795,-1,-1,-1
8,1,376.72,402.03,80.03,238.88,0.7695,-1,-1,-1
8,2,104.78,546.17,72.93,246.64,0.7359,-1,-1,-1
8,3,1119.04,973.43,70.26,106.59,0.7073,-1,-1,-1
8,4,1724.04,454.68,75.93,208.82,0.6459,-1,-1,-1
8,5,1356.63,570.03,81.38,214.63,0.6129,-1,-1,-1
8,6,0.40,871.56,46.46,207.14,0.5821,-1,-1,-1
8,7,1053.22,211.45,100.93,177.64,0.5414,-1,-1,-1
8,8,544.68,146.84,52.98,188.75,0.5500,-1,-1,-1
8,10,787.98,145.97,65.64,176.89,0.5033,-1,-1,-1
8,12,264.45,380.55,49.77,189.99,0.3168,-1,-1,-1
8,13,499.62,141.73,52.35,173.11,0.4574,-1,-1,-1
9,1,376.85,401.70,81.47,237.15,0.7679,-1,-1,-1
9,2,104.64,546.07,73.72,246.83,0.7443,-1,-1,-1
9,3,1124.57,973.71,67.59,106.35,0.6690,-1,-1,-1
9,4,1723.78,454.44,75.31,210.28,0.6355,-1,-1,-1
9,5,1356.71,570.48,81.16,214.27,0.6147,-1,-1,-1
9,6,0.54,869.73,46.46,209.28,0.5591,-1,-1,-1
9,7,1049.46,210.70,105.52,175.43,0.5088,-1,-1,-1
9,8,544.78,147.76,51.80,189.60,0.4974,-1,-1,-1
9,10,787.92,145.72,65.43,175.78,0.4782,-1,-1,-1
9,13,500.71,141.97,49.65,173.86,0.4444,-1,-1,-1
9,14,1799.41,208.15,61.98,186.64,0.3260,-1,-1,-1
10,1,377.34,400.25,81.34,236.07,0.7578,-1,-1,-1
10,2,104.78,545.86,74.01,246.66,0.7401,-1,-1,-1
10,3,1127.92,973.34,67.07,106.68,0.6881,-1,-1,-1
10,4,1724.34,454.72,74.34,209.99,0.6109,-1,-1,-1
10,5,1356.21,569.47,82.37,216.14,0.6152,-1,-1,-1
10,6,0.40,864.61,46.87,213.70,0.5657,-1,-1,-1
10,7,1046.22,211.54,107.71,173.05,0.4662,-1,-1,-1
10,8,543.49,148.76,52.00,191.79,0.4778,-1,-1,-1
10,10,788.19,145.84,65.03,177.06,0.4862,-1,-1,-1
10,12,264.98,383.94,46.04,172.94,0.3151,-1,-1,-1
10,13,498.42,142.28,52.02,174.79,0.4332,-1,-1,-1
10,14,1799.62,211.82,64.52,187.43,0.3421,-1,-1,-1
11,1,378.63,397.89,80.73,233.86,0.7552,-1,-1,-1
11,2,104.56,546.19,74.09,246.78,0.7415,-1,-1,-1
11,3,1130.32,973.97,67.82,106.10,0.6690,-1,-1,-1
11,4,1723.76,459.41,75.12,205.84,0.6071,-1,-1,-1
11,5,1356.33,569.73,82.40,216.02,0.6408,-1,-1,-1
11,6,0.73,862.08,46.09,216.21,0.5583,-1,-1,-1
11,7,1045.04,209.86,102.20,174.19,0.4527,-1,-1,-1
11,8,542.11,148.70,52.53,192.93,0.4808,-1,-1,-1
11,10,788.06,145.66,65.48,177.34,0.4864,-1,-1,-1
11,12,261.76,386.72,48.44,190.05,0.3791,-1,-1,-1
11,13,498.57,142.71,51.09,175.72,0.4250,-1,-1,-1
11,14,1802.26,217.63,63.01,178.85,0.3485,-1,-1,-1
12,1,378.14,396.64,81.68,233.89,0.7530,-1,-1,-1
12,2,104.21,546.13,75.12,247.12,0.7371,-1,-1,-1
12,3,1133.88,973.46,67.32,106.55,0.6725,-1,-1,-1
12,4,1723.62,459.68,75.11,205.35,0.6366,-1,-1,-1
12,5,1357.03,569.56,80.42,215.34,0.6332,-1,-1,-1
12,6,0.45,855.54,46.86,221.66,0.5763,-1,-1,-1
12,7,1046.29,207.74,94.88,176.24,0.3602,-1,-1,-1
12,8,541.77,149.18,53.23,191.83,0.5004,-1,-1,-1
12,10,788.09,145.82,65.24,177.73,0.4829,-1,-1,-1
12,13,497.09,143.98,52.91,174.61,0.4130,-1,-1,-1
12,14,1802.27,219.82,64.21,175.22,0.3368,-1,-1,-1
13,1,378.37,395.25,81.93,232.11,0.7610,-1,-1,-1
13,2,104.22,545.92,75.72,247.89,0.7421,-1,-1,-1
13,3,1135.84,972.99,66.32,107.02,0.6343,-1,-1,-1
13,4,1724.46,457.92,73.66,207.40,0.6626,-1,-1,-1
13,5,1356.57,570.07,81.23,213.52,0.6368,-1,-1,-1
13,6,0.88,850.89,46.03,226.18,0.5898,-1,-1,-1
13,8,539.65,149.57,55.66,191.97,0.5198,-1,-1,-1
13,9,211.46,393.71,63.84,180.70,0.3486,-1,-1,-1
13,10,788.28,146.34,65.21,177.47,0.5103,-1,-1,-1
13,13,496.70,144.85,52.85,174.94,0.3767,-1,-1,-1
13,14,1802.28,222.02,67.63,177.00,0.3711,-1,-1,-1
14,1,379.22,394.78,81.15,231.24,0.7607,-1,-1,-1
14,2,104.07,545.90,75.96,248.49,0.7472,-1,-1,-1
14,3,1139.14,972.74,64.24,107.27,0.6312,-1,-1,-1
14,4,1722.96,459.66,76.37,206.73,0.6574,-1,-1,-1
14,5,1357.31,569.99,80.42,214.38,0.6139,-1,-1,-1
14,6,0.52,849.20,46.84,228.56,0.6077,-1,-1,-1
14,8,538.36,150.90,55.87,191.51,0.5043,-1,-1,-1
14,9,209.64,396.79,64.14,178.39,0.3794,-1,-1,-1
14,10,788.66,146.14,64.12,177.53,0.5246,-1,-1,-1
14,13,494.48,144.09,54.42,176.27,0.4109,-1,-1,-1
14,14,1803.01,222.75,66.55,176.73,0.3743,-1,-1,-1
14,15,880.61,130.05,87.15,177.95,0.4140,-1,-1,-1
15,1,379.86,393.59,81.23,231.68,0.7609,-1,-1,-1
15,2,104.37,546.00,75.68,248.03,0.7547,-1,-1,-1
15,3,1140.49,973.28,64.49,106.25,0.6001,-1,-1,-1
15,4,1724.44,454.99,74.11,211.25,0.6514,-1,-1,-1
15,5,1356.74,570.55,80.57,212.92,0.6057,-1,-1,-1
15,6,0.27,849.22,47.39,229.66,0.5864,-1,-1,-1
15,8,537.17,151.95,55.74,191.52,0.5040,-1,-1,-1
15,9,209.06,391.37,62.32,182.64,0.3152,-1,-1,-1
15,10,787.86,146.88,65.56,175.75,0.5364,-1,-1,-1
15,13,494.15,143.55,53.84,177.63,0.3868,-1,-1,-1
15,14,1804.49,223.98,66.55,183.64,0.3940,-1,-1,-1
15,15,879.71,130.52,86.49,177.67,0.3804,-1,-1,-1
16,1,380.23,393.07,80.70,232.48,0.7661,-1,-1,-1
16,2,104.51,546.30,75.28,246.92,0.7501,-1,-1,-1
16,3,1145.05,972.90,62.91,106.06,0.5674,-1,-1,-1
16,4,1725.14,455.01,72.98,210.62,0.6560,-1,-1,-1
16,5,1356.76,570.22,80.21,213.71,0.6195,-1,-1,-1
16,6,-0.18,849.31,48.72,229.51,0.5053,-1,-1,-1
16,8,534.08,153.70,57.44,188.60,0.5241,-1,-1,-1
16,9,208.55,383.68,58.29,191.40,0.3676,-1,-1,-1
16,10,788.96,147.00,64.22,175.51,0.5042,-1,-1,-1
16,12,249.75,386.24,55.38,184.12,0.3560,-1,-1,-1
16,13,493.43,143.28,54.54,178.47,0.3327,-1,-1,-1
16,14,1804.79,224.73,68.86,187.84,0.3865,-1,-1,-1
16,15,880.09,131.74,85.98,178.93,0.3341,-1,-1,-1
17,1,380.65,391.69,81.38,234.69,0.7516,-1,-1,-1
17,2,104.01,546.89,76.82,245.88,0.7451,-1,-1,-1
17,3,1148.84,973.18,59.68,106.79,0.5351,-1,-1,-1
17,4,1722.95,458.55,76.42,208.90,0.6400,-1,-1,-1
17,5,1356.63,570.02,81.77,214.97,0.6046,-1,-1,-1
17,6,-0.67,848.52,50.81,231.46,0.5547,-1,-1,-1
17,8,533.11,156.26,58.49,187.43,0.6084,-1,-1,-1
17,9,207.44,380.56,58.27,196.09,0.3349,-1,-1,-1
17,10,788.68,147.12,64.44,174.69,0.4928,-1,-1,-1
17,12,247.46,382.32,57.16,188.26,0.3625,-1,-1,-1
17,13,493.30,144.82,54.28,177.41,0.3622,-1,-1,-1
17,14,1806.44,225.98,66.61,190.80,0.3616,-1,-1,-1
17,15,880.76,132.27,84.96,177.63,0.3207,-1,-1,-1
18,1,380.62,389.89,81.84,237.41,0.7522,-1,-1,-1
18,2,104.22,546.52,76.37,245.83,0.7478,-1,-1,-1
18,3,1151.95,973.27,57.52,106.76,0.5310,-1,-1,-1
18,4,1723.38,458.03,76.15,208.47,0.6453,-1,-1,-1
18,5,1356.66,569.87,80.82,214.58,0.6187,-1,-1,-1
18,6,-0.89,847.76,52.19,232.23,0.5063,-1,-1,-1
18,7,1031.69,144.82,60.31,183.31,0.3237,-1,-1,-1
18,8,531.60,156.08,57.69,186.71,0.6042,-1,-1,-1
18,9,207.41,382.39,56.28,193.64,0.3625,-1,-1,-1
18,10,789.19,147.24,63.96,174.40,0.5332,-1,-1,-1
18,12,246.66,383.61,56.76,187.51,0.4085,-1,-1,-1
18,13,493.20,143.56,53.59,178.85,0.3679,-1,-1,-1
18,14,1806.37,226.47,69.05,191.43,0.3824,-1,-1,-1
18,15,880.49,132.79,84.65,178.10,0.3424,-1,-1,-1
19,1,380.78,388.52,82.73,238.74,0.7551,-1,-1,-1
19,2,104.43,546.57,76.05,246.17,0.7460,-1,-1,-1
19,3,1154.02,972.76,57.67,107.23,0.5203,-1,-1,-1
19,4,1723.77,455.05,74.87,211.18,0.6468,-1,-1,-1
19,5,1357.01,569.98,80.17,214.97,0.6407,-1,-1,-1
19,6,-0.56,845.80,52.49,234.07,0.5328,-1,-1,-1
19,7,1030.48,143.24,60.89,185.28,0.4158,-1,-1,-1
19,8,530.02,159.17,58.19,183.38,0.5466,-1,-1,-1
19,9,206.42,382.10,56.67,195.52,0.4008,-1,-1,-1
19,10,789.07,146.88,63.73,174.49,0.4810,-1,-1,-1
19,12,246.36,380.44,55.38,190.75,0.4174,-1,-1,-1
19,14,1808.71,227.10,69.27,190.82,0.3606,-1,-1,-1
20,1,380.66,387.10,82.80,240.22,0.7478,-1,-1,-1
20,2,104.35,546.57,75.88,245.96,0.7455,-1,-1,-1
20,3,1157.13,972.90,55.72,107.13,0.5111,-1,-1,-1
20,4,1723.60,458.69,75.95,207.40,0.6299,-1,-1,-1
20,5,1357.05,570.62,80.10,214.11,0.6500,-1,-1,-1
20,6,-0.22,845.81,52.52,234.34,0.4765,-1,-1,-1
20,7,1028.54,145.19,61.13,224.76,0.4036,-1,-1,-1
20,8,530.52,158.78,55.25,183.88,0.5437,-1,-1,-1
20,9,204.43,388.44,58.53,187.39,0.4160,-1,-1,-1
20,10,789.13,147.78,64.17,173.99,0.4957,-1,-1,-1
20,12,245.23,375.83,54.14,192.87,0.3149,-1,-1,-1
20,14,1809.77,227.40,70.12,189.88,0.3426,-1,-1,-1
21,1,380.45,386.34,83.34,240.32,0.7588,-1,-1,-1
21,2,104.30,546.42,75.88,246.43,0.7435,-1,-1,-1
21,3,1157.46,973.48,57.30,106.59,0.5028,-1,-1,-1
21,4,1723.52,458.20,75.75,208.28,0.6344,-1,-1,-1
21,5,1357.75,570.51,79.12,216.05,0.6140,-1,-1,-1
21,6,-0.22,839.21,53.53,238.32,0.5223,-1,-1,-1
21,8,530.73,158.86,54.22,183.74,0.5885,-1,-1,-1
21,9,203.80,377.74,57.37,195.77,0.4006,-1,-1,-1
21,10,788.65,147.68,64.76,174.34,0.4872,-1,-1,-1
21,12,245.11,375.41,51.82,190.14,0.3454,-1,-1,-1
22,1,380.82,386.36,83.02,239.45,0.7578,-1,-1,-1
22,2,104.12,546.85,76.19,245.50,0.7383,-1,-1,-1
22,3,1156.28,974.72,59.00,105.38,0.5596,-1,-1,-1
22,4,1724.14,458.47,74.53,207.45,0.6688,-1,-1,-1
22,5,1357.39,570.05,79.59,215.06,0.6389,-1,-1,-1
22,6,0.30,842.06,53.46,238.07,0.5434,-1,-1,-1
22,7,1002.62,144.16,87.85,234.85,0.3479,-1,-1,-1
22,8,529.02,156.04,54.24,187.00,0.5036,-1,-1,-1
22,9,203.48,371.69,61.17,201.13,0.3310,-1,-1,-1
22,10,789.34,147.81,64.31,175.11,0.4620,-1,-1,-1
23,1,381.75,385.48,81.69,238.42,0.7571,-1,-1,-1
23,2,104.28,546.48,75.91,245.60,0.7394,-1,-1,-1
23,3,1158.43,973.88,61.18,106.07,0.5507,-1,-1,-1
23,4,1724.54,457.43,74.05,207.75,0.6393,-1,-1,-1
23,5,1356.80,569.92,80.72,215.21,0.6146,-1,-1,-1
23,6,0.56,842.69,53.42,236.30,0.5666,-1,-1,-1
23,7,1022.56,144.41,69.11,192.24,0.3873,-1,-1,-1
23,8,527.85,157.45,52.00,187.03,0.4698,-1,-1,-1
23,10,790.42,148.53,61.34,174.31,0.4303,-1,-1,-1
24,1,381.54,385.14,81.59,237.59,0.7572,-1,-1,-1
24,2,104.26,546.56,76.29,245.71,0.7384,-1,-1,-1
24,3,1159.17,974.90,61.55,105.17,0.5499,-1,-1,-1
24,4,1724.02,455.31,74.24,211.01,0.6435,-1,-1,-1
24,5,1356.64,569.82,80.87,217.52,0.5894,-1,-1,-1
24,6,0.25,839.62,54.52,236.17,0.5364,-1,-1,-1
24,7,1022.26,146.04,67.43,181.81,0.3214,-1,-1,-1
24,8,524.72,157.29,55.08,187.67,0.4254,-1,-1,-1
24,9,202.30,355.19,65.92,216.11,0.3060,-1,-1,-1
24,10,789.43,148.33,64.56,173.72,0.4290,-1,-1,-1
24,14,1821.07,230.56,68.39,189.62,0.3509,-1,-1,-1
25,1,381.64,384.16,80.64,236.88,0.7574,-1,-1,-1
25,2,103.92,546.91,76.71,246.01,0.7383,-1,-1,-1
25,3,1159.85,974.81,62.07,105.19,0.5634,-1,-1,-1
25,4,1722.33,458.09,76.22,209.01,0.6547,-1,-1,-1
25,5,1357.05,570.13,79.30,213.12,0.6131,-1,-1,-1
25,6,0.23,835.44,54.94,238.58,0.5028,-1,-1,-1
25,8,524.69,159.00,54.61,184.95,0.4361,-1,-1,-1
25,10,789.28,147.57,64.74,175.05,0.4322,-1,-1,-1
25,14,1822.53,233.40,68.12,192.92,0.3873,-1,-1,-1
26,1,382.34,382.91,79.68,237.22,0.7683,-1,-1,-1
26,2,103.41,546.15,77.40,247.40,0.7374,-1,-1,-1
26,3,1161.25,975.12,61.96,104.90,0.5970,-1,-1,-1
26,4,1723.32,453.53,73.78,213.93,0.6369,-1,-1,-1
26,5,1356.78,570.62,80.55,213.16,0.6087,-1,-1,-1
26,6,0.17,833.20,55.99,232.36,0.5690,-1,-1,-1
26,8,525.55,160.84,52.83,183.53,0.4215,-1,-1,-1
26,10,788.68,147.92,66.21,175.31,0.4471,-1,-1,-1
26,14,1826.29,236.33,66.32,192.69,0.3707,-1,-1,-1
27,1,381.58,381.20,81.05,237.46,0.7792,-1,-1,-1
27,2,103.42,546.09,76.87,247.24,0.7379,-1,-1,-1
27,3,1162.96,975.06,62.59,104.93,0.6072,-1,-1,-1
27,4,1723.10,455.85,73.97,212.28,0.6521,-1,-1,-1
27,5,1356.59,570.09,80.34,214.65,0.5873,-1,-1,-1
27,6,0.22,830.07,56.72,234.76,0.6076,-1,-1,-1
27,7,978.20,203.86,104.94,171.31,0.4316,-1,-1,-1
27,8,526.14,160.98,51.90,184.94,0.3654,-1,-1,-1
27,9,198.84,348.19,72.73,223.04,0.3694,-1,-1,-1
27,10,789.59,147.88,64.92,174.87,0.4484,-1,-1,-1
27,14,1827.87,237.99,65.54,191.68,0.3462,-1,-1,-1
28,1,381.77,379.28,82.36,238.09,0.7725,-1,-1,-1
28,2,103.01,546.82,77.22,246.01,0.7387,-1,-1,-1
28,3,1164.44,975.83,63.26,104.21,0.6166,-1,-1,-1
28,4,1723.21,455.36,73.77,211.73,0.6402,-1,-1,-1
28,5,1356.78,569.48,80.78,216.22,0.5883,-1,-1,-1
28,6,-0.37,827.51,58.90,232.76,0.6341,-1,-1,-1
28,9,197.88,351.07,72.07,223.25,0.4000,-1,-1,-1
28,10,790.64,148.61,60.22,173.69,0.4500,-1,-1,-1
29,1,382.80,377.70,81.88,238.10,0.7812,-1,-1,-1
29,2,102.80,546.31,77.58,246.50,0.7456,-1,-1,-1
29,3,1165.15,975.86,65.31,104.13,0.6358,-1,-1,-1
29,4,1723.08,457.37,74.37,208.78,0.6504,-1,-1,-1
29,5,1356.59,569.78,81.40,215.32,0.6248,-1,-1,-1
29,6,-0.11,826.07,59.70,228.39,0.6980,-1,-1,-1
29,7,1025.68,154.97,60.79,169.32,0.3190,-1,-1,-1
29,9,197.18,353.39,71.16,219.21,0.3249,-1,-1,-1
29,10,791.09,148.67,59.42,174.21,0.4572,-1,-1,-1
29,16,1593.31,241.50,64.13,182.10,0.3308,-1,-1,-1
30,1,382.98,376.28,83.79,236.81,0.7846,-1,-1,-1
30,2,103.07,547.21,77.44,245.35,0.7382,-1,-1,-1
30,3,1167.10,976.97,65.22,103.02,0.6214,-1,-1,-1
30,4,1723.08,457.51,75.15,208.48,0.6637,-1,-1,-1
30,5,1356.85,569.91,79.80,215.75,0.6177,-1,-1,-1
30,6,0.06,822.92,60.09,228.25,0.6771,-1,-1,-1
30,8,523.40,163.74,53.37,186.99,0.3045,-1,-1,-1
30,9,196.23,355.75,69.52,214.91,0.3168,-1,-1,-1
30,10,790.66,148.36,59.50,174.32,0.4580,-1,-1,-1
30,16,1593.92,240.40,61.53,183.24,0.3561,-1,-1,-1
31,1,383.71,374.67,87.22,233.12,0.7519,-1,-1,-1
31,2,103.14,546.85,76.78,246.37,0.7405,-1,-1,-1
31,3,1168.26,977.36,66.01,102.65,0.6158,-1,-1,-1
31,4,1723.34,455.20,73.27,212.08,0.6548,-1,-1,-1
31,5,1356.62,569.64,80.44,214.01,0.5917,-1,-1,-1
31,6,0.62,817.63,59.44,237.96,0.6496,-1,-1,-1
31,7,1022.21,155.32,67.44,181.94,0.3517,-1,-1,-1
31,9,194.79,357.01,69.01,210.89,0.3474,-1,-1,-1
31,10,790.49,148.16,60.12,175.37,0.4277,-1,-1,-1
31,16,1589.84,238.43,62.14,181.74,0.3100,-1,-1,-1
32,1,383.70,373.16,91.27,232.29,0.7460,-1,-1,-1
32,2,103.13,546.67,76.37,246.50,0.7474,-1,-1,-1
32,3,1169.09,978.21,66.71,101.82,0.6748,-1,-1,-1
32,4,1722.64,457.34,75.39,209.32,0.6538,-1,-1,-1
32,5,1356.47,569.81,80.07,214.32,0.6043,-1,-1,-1
32,6,0.72,815.42,59.74,243.27,0.6161,-1,-1,-1
32,9,193.05,349.43,70.01,214.57,0.3975,-1,-1,-1
32,10,791.65,148.78,58.99,174.88,0.4566,-1,-1,-1
32,16,1589.36,236.56,59.51,183.01,0.3034,-1,-1,-1
33,1,384.19,370.81,93.02,232.79,0.7504,-1,-1,-1
33,2,102.69,546.72,78.08,246.62,0.7488,-1,-1,-1
33,3,1170.85,979.15,66.98,100.87,0.6784,-1,-1,-1
33,4,1722.38,457.40,75.10,210.22,0.6574,-1,-1,-1
33,5,1356.19,569.52,81.20,217.43,0.6024,-1,-1,-1
33,6,0.43,813.68,60.77,248.46,0.6217,-1,-1,-1
33,7,1019.48,156.93,67.37,183.81,0.3647,-1,-1,-1
33,8,493.30,159.81,83.61,195.90,0.3928,-1,-1,-1
33,9,190.45,348.74,70.55,217.08,0.4241,-1,-1,-1
33,10,790.74,149.01,59.66,174.21,0.4374,-1,-1,-1
33,14,1834.80,250.08,71.64,191.35,0.3130,-1,-1,-1
34,1,384.98,370.46,92.34,231.61,0.7514,-1,-1,-1
34,2,102.76,546.83,77.74,246.55,0.7392,-1,-1,-1
34,3,1173.87,981.18,66.53,98.89,0.6764,-1,-1,-1
34,4,1722.74,458.19,74.18,208.05,0.6501,-1,-1,-1
34,5,1356.88,569.24,80.97,216.78,0.5997,-1,-1,-1
34,6,0.51,811.54,61.24,249.30,0.6137,-1,-1,-1
34,7,1021.60,155.32,61.43,187.15,0.4152,-1,-1,-1
34,8,492.89,160.48,82.14,195.40,0.3897,-1,-1,-1
34,9,188.67,352.59,69.82,210.46,0.4166,-1,-1,-1
34,10,790.52,148.67,59.15,175.08,0.4322,-1,-1,-1
34,14,1835.79,250.59,68.62,190.37,0.3192,-1,-1,-1
35,1,384.81,369.53,93.12,232.92,0.7412,-1,-1,-1
35,2,102.47,546.87,78.54,247.08,0.7345,-1,-1,-1
35,3,1177.74,982.50,64.16,97.53,0.6626,-1,-1,-1
35,4,1722.50,457.51,73.91,208.57,0.6606,-1,-1,-1
35,5,1355.81,569.35,81.85,215.73,0.6016,-1,-1,-1
35,6,0.03,811.14,63.25,253.02,0.5750,-1,-1,-1
35,7,1022.01,155.99,60.79,184.88,0.4620,-1,-1,-1
35,8,493.96,160.73,80.10,195.00,0.3996,-1,-1,-1
35,9,187.28,344.59,64.97,212.51,0.4555,-1,-1,-1
35,10,791.11,148.55,59.03,175.14,0.4418,-1,-1,-1
35,14,1837.24,251.09,68.62,188.24,0.3250,-1,-1,-1
36,1,385.26,369.03,91.97,233.15,0.7010,-1,-1,-1
36,2,102.88,547.09,77.34,246.38,0.7385,-1,-1,-1
36,3,1179.83,984.29,64.39,95.77,0.6410,-1,-1,-1
36,4,1722.93,458.76,74.18,207.77,0.6166,-1,-1,-1
36,5,1355.96,569.47,82.22,216.68,0.5772,-1,-1,-1
36,6,0.23,809.89,63.38,249.32,0.5420,-1,-1,-1
36,7,954.76,193.14,65.23,176.85,0.3273,-1,-1,-1
36,8,494.76,160.74,77.29,194.13,0.4172,-1,-1,-1
36,9,187.93,364.18,62.58,196.20,0.4004,-1,-1,-1
36,10,790.95,149.06,59.07,174.11,0.4398,-1,-1,-1
36,14,1839.90,249.71,66.87,188.89,0.3538,-1,-1,-1
36,17,384.69,995.01,90.47,84.95,0.4537,-1,-1,-1
37,1,386.17,367.87,88.91,233.98,0.6903,-1,-1,-1
37,2,103.04,547.25,76.64,245.60,0.7346,-1,-1,-1
37,3,1182.55,984.51,64.78,95.47,0.6851,-1,-1,-1
37,4,1723.11,457.44,73.91,209.38,0.6404,-1,-1,-1
37,5,1356.31,569.20,82.01,218.98,0.5677,-1,-1,-1
37,6,-0.12,809.02,65.54,248.48,0.6287,-1,-1,-1
37,7,946.10,200.39,69.29,173.92,0.4387,-1,-1,-1
37,8,494.85,162.10,75.91,193.07,0.4230,-1,-1,-1
37,9,187.15,362.18,62.28,194.95,0.4087,-1,-1,-1
37,10,790.31,148.78,59.86,174.83,0.4359,-1,-1,-1
37,14,1839.80,252.03,63.75,184.99,0.3770,-1,-1,-1
37,17,384.30,993.96,92.22,86.02,0.5158,-1,-1,-1
37,19,1021.83,158.12,61.68,183.64,0.5339,-1,-1,-1
38,1,387.49,366.67,85.17,235.33,0.6938,-1,-1,-1
38,2,102.83,546.87,76.44,245.42,0.7330,-1,-1,-1
38,3,1184.19,984.27,66.92,95.70,0.6928,-1,-1,-1
38,4,1722.60,458.37,74.65,207.47,0.6425,-1,-1,-1
38,5,1355.77,569.18,81.96,214.27,0.6055,-1,-1,-1
38,6,0.19,808.66,66.19,245.66,0.6402,-1,-1,-1
38,7,935.72,202.36,75.78,172.84,0.3844,-1,-1,-1
38,8,494.21,162.66,75.85,192.80,0.4187,-1,-1,-1
38,9,185.84,364.71,61.64,191.66,0.4324,-1,-1,-1
38,10,791.09,149.10,58.90,175.14,0.4242,-1,-1,-1
38,14,1840.56,252.55,62.97,185.20,0.3219,-1,-1,-1
38,17,384.49,992.81,93.38,87.17,0.5471,-1,-1,-1
38,19,1023.71,158.62,60.34,184.27,0.5455,-1,-1,-1
39,1,387.56,365.42,84.40,237.02,0.6893,-1,-1,-1
39,2,102.32,547.24,77.58,244.88,0.7309,-1,-1,-1
39,3,1186.94,983.56,68.64,96.39,0.6791,-1,-1,-1
39,4,1722.59,456.85,73.40,209.75,0.6231,-1,-1,-1
39,5,1357.16,568.07,80.90,217.38,0.5815,-1,-1,-1
39,6,0.60,807.48,65.95,244.47,0.6520,-1,-1,-1
39,7,923.79,201.40,86.61,172.62,0.5016,-1,-1,-1
39,8,494.50,163.29,74.75,191.72,0.4241,-1,-1,-1
39,9,183.36,362.22,63.32,194.64,0.4940,-1,-1,-1
39,10,790.88,148.84,58.90,175.13,0.4155,-1,-1,-1
39,14,1840.40,252.90,64.27,184.72,0.3540,-1,-1,-1
39,17,384.60,991.57,92.80,88.41,0.5283,-1,-1,-1
39,19,1022.07,158.83,62.13,183.01,0.5210,-1,-1,-1
40,1,387.86,366.94,86.63,235.16,0.6973,-1,-1,-1
40,2,102.21,546.99,77.52,244.87,0.7338,-1,-1,-1
40,3,1190.80,983.66,69.28,96.32,0.6548,-1,-1,-1
40,4,1722.72,456.25,73.49,211.01,0.6279,-1,-1,-1
40,5,1357.47,569.46,80.20,212.62,0.6157,-1,-1,-1
40,6,0.90,806.37,65.74,242.16,0.6071,-1,-1,-1
40,7,914.97,197.74,96.12,175.96,0.5111,-1,-1,-1
40,8,494.25,167.08,72.97,191.56,0.4395,-1,-1,-1
40,9,181.21,363.35,62.82,192.72,0.4311,-1,-1,-1
40,10,791.13,148.97,58.07,175.99,0.4050,-1,-1,-1
40,14,1838.07,253.07,67.69,186.88,0.3342,-1,-1,-1
40,17,385.21,989.89,92.73,90.06,0.5284,-1,-1,-1
40,19,1021.72,159.07,62.56,182.45,0.5096,-1,-1,-1
41,1,389.52,366.16,85.25,235.38,0.6909,-1,-1,-1
41,2,102.28,546.68,77.67,245.73,0.7313,-1,-1,-1
41,3,1193.17,984.97,67.56,95.07,0.6802,-1,-1,-1
41,4,1722.49,455.82,73.87,211.11,0.6399,-1,-1,-1
41,5,1356.85,568.81,80.94,215.56,0.6078,-1,-1,-1
41,6,0.71,805.44,66.50,242.88,0.5997,-1,-1,-1
41,7,911.40,203.02,100.35,170.58,0.5442,-1,-1,-1
41,8,495.67,165.94,75.25,191.03,0.3631,-1,-1,-1
41,9,179.71,361.18,62.13,194.67,0.3640,-1,-1,-1
41,10,791.37,149.13,57.33,175.16,0.4073,-1,-1,-1
41,17,385.19,989.20,93.47,90.83,0.4930,-1,-1,-1
41,19,1021.37,159.09,62.74,181.02,0.4770,-1,-1,-1
42,1,390.42,364.57,84.90,235.51,0.7104,-1,-1,-1
42,2,102.20,546.70,78.41,245.76,0.7402,-1,-1,-1
42,3,1195.66,984.81,69.06,95.17,0.6917,-1,-1,-1
42,4,1721.94,454.93,74.07,211.50,0.6465,-1,-1,-1
42,5,1356.90,569.35,80.35,214.40,0.6147,-1,-1,-1
42,6,0.71,802.62,66.70,242.98,0.6309,-1,-1,-1
42,7,908.43,200.51,102.59,173.14,0.5455,-1,-1,-1
42,8,495.41,167.20,75.11,191.94,0.3718,-1,-1,-1
42,9,179.50,369.76,59.77,188.49,0.3301,-1,-1,-1
42,10,791.15,148.87,57.34,176.97,0.4199,-1,-1,-1
42,14,1837.89,257.22,67.68,188.39,0.3000,-1,-1,-1
42,17,384.24,987.75,94.57,92.23,0.5331,-1,-1,-1
42,19,1021.15,159.50,62.71,181.98,0.4725,-1,-1,-1
43,1,391.24,365.08,85.13,233.27,0.7376,-1,-1,-1
43,2,101.87,546.83,78.41,245.91,0.7337,-1,-1,-1
43,3,1198.46,985.06,70.76,94.92,0.6621,-1,-1,-1
43,4,1722.37,454.67,73.57,212.20,0.6167,-1,-1,-1
43,5,1356.76,569.14,80.53,214.51,0.6096,-1,-1,-1
43,6,0.53,797.54,67.15,232.65,0.6612,-1,-1,-1
43,7,904.42,196.50,104.68,176.50,0.4981,-1,-1,-1
43,8,493.99,168.05,76.78,194.56,0.3848,-1,-1,-1
43,10,790.38,149.30,58.96,176.18,0.4040,-1,-1,-1
43,17,383.15,987.70,95.47,92.38,0.5400,-1,-1,-1
43,19,1021.48,159.83,62.12,183.30,0.4669,-1,-1,-1
44,1,391.55,364.70,85.97,231.53,0.7343,-1,-1,-1
44,2,102.03,547.19,77.85,245.37,0.7334,-1,-1,-1
44,3,1198.97,985.38,71.70,94.61,0.6687,-1,-1,-1
44,4,1720.97,457.62,75.33,209.24,0.6471,-1,-1,-1
44,5,1356.84,568.99,81.09,216.73,0.6238,-1,-1,-1
44,6,0.63,794.58,67.38,229.32,0.6724,-1,-1,-1
44,7,902.86,193.93,100.49,179.48,0.3172,-1,-1,-1
44,8,494.26,169.17,76.23,195.67,0.3773,-1,-1,-1
44,9,175.44,364.94,58.19,190.74,0.3524,-1,-1,-1
44,10,790.95,149.17,58.10,176.14,0.4003,-1,-1,-1
44,14,1840.95,255.67,78.13,194.52,0.3255,-1,-1,-1
44,17,382.61,985.31,95.96,94.62,0.5970,-1,-1,-1
44,19,1021.58,160.27,61.31,184.40,0.4379,-1,-1,-1
45,1,393.14,361.81,85.05,232.30,0.7372,-1,-1,-1
45,2,101.79,546.73,77.48,245.82,0.7428,-1,-1,-1
45,3,1200.20,985.71,72.57,94.28,0.6708,-1,-1,-1
45,4,1721.64,458.76,74.37,207.67,0.6316,-1,-1,-1
45,5,1356.34,568.79,81.03,216.35,0.6344,-1,-1,-1
45,6,0.64,792.64,67.42,228.97,0.6680,-1,-1,-1
45,8,495.47,172.49,74.25,194.13,0.3115,-1,-1,-1
45,9,173.98,358.44,55.57,195.46,0.3644,-1,-1,-1
45,10,790.49,149.17,58.84,175.69,0.4240,-1,-1,-1
45,14,1842.16,256.89,73.12,197.09,0.3489,-1,-1,-1
45,17,381.16,984.80,95.71,95.23,0.5958,-1,-1,-1
45,19,1019.45,161.66,65.59,182.58,0.3993,-1,-1,-1
46,1,395.20,360.62,82.61,231.90,0.7424,-1,-1,-1
46,2,101.69,546.35,77.85,246.28,0.7449,-1,-1,-1
46,3,1200.56,986.21,71.77,93.79,0.6854,-1,-1,-1
46,4,1720.75,459.20,75.06,206.56,0.6159,-1,-1,-1
46,5,1356.16,569.43,82.44,216.94,0.6042,-1,-1,-1
46,6,0.59,790.54,68.19,229.61,0.6718,-1,-1,-1
46,8,491.97,173.97,78.38,193.77,0.3318,-1,-1,-1
46,9,172.43,353.20,54.67,200.41,0.3624,-1,-1,-1
46,10,790.67,149.27,58.28,175.12,0.3890,-1,-1,-1
46,14,1843.34,257.33,74.16,200.87,0.3305,-1,-1,-1
46,17,380.04,978.30,96.57,101.39,0.6035,-1,-1,-1
46,19,1019.12,161.98,65.63,182.24,0.4095,-1,-1,-1
47,1,395.52,358.33,83.43,232.19,0.7465,-1,-1,-1
47,2,101.47,546.30,78.03,246.23,0.7294,-1,-1,-1
47,3,1201.41,986.21,73.09,93.77,0.6669,-1,-1,-1
47,4,1721.38,458.96,74.73,208.04,0.6304,-1,-1,-1
47,5,1356.60,569.49,81.45,215.80,0.5938,-1,-1,-1
47,6,0.73,789.46,68.88,232.09,0.6182,-1,-1,-1
47,7,903.85,173.20,75.41,199.81,0.3144,-1,-1,-1
47,8,507.75,180.00,57.36,186.61,0.3158,-1,-1,-1
47,9,169.65,344.45,58.59,208.82,0.3915,-1,-1,-1
47,10,789.96,149.41,60.31,174.80,0.4293,-1,-1,-1
47,14,1844.57,259.12,73.59,202.33,0.3462,-1,-1,-1
47,17,379.98,972.20,97.24,107.50,0.5914,-1,-1,-1
47,19,1018.98,162.85,63.74,183.62,0.3956,-1,-1,-1
48,1,396.33,356.89,83.65,229.75,0.7649,-1,-1,-1
48,2,101.64,546.07,77.82,246.97,0.7352,-1,-1,-1
48,3,1203.21,984.51,76.60,95.33,0.6327,-1,-1,-1
48,4,1721.49,459.57,74.33,206.10,0.6355,-1,-1,-1
48,5,1356.49,569.05,82.96,216.96,0.6133,-1,-1,-1
48,6,0.58,789.04,70.32,234.42,0.5854,-1,-1,-1
48,8,507.28,183.17,56.97,182.94,0.3321,-1,-1,-1
48,9,168.88,344.63,57.22,211.17,0.3364,-1,-1,-1
48,10,790.62,149.51,59.76,175.61,0.4555,-1,-1,-1
48,14,1847.73,262.95,67.06,200.58,0.3703,-1,-1,-1
48,17,378.83,965.02,98.99,114.67,0.6092,-1,-1,-1
48,19,1018.64,163.13,63.20,183.04,0.3320,-1,-1,-1
49,1,396.24,356.37,84.56,226.59,0.7611,-1,-1,-1
49,2,101.55,546.06,77.86,246.97,0.7391,-1,-1,-1
49,3,1203.45,983.42,77.60,96.51,0.6520,-1,-1,-1
49,4,1720.91,458.74,74.74,207.39,0.6573,-1,-1,-1
49,5,1356.51,569.55,82.51,218.05,0.6020,-1,-1,-1
49,6,0.29,785.64,72.30,246.34,0.6181,-1,-1,-1
49,8,492.58,180.08,75.26,188.52,0.3706,-1,-1,-1
49,9,166.94,353.03,58.62,203.70,0.3560,-1,-1,-1
49,10,790.41,149.20,60.38,176.05,0.4320,-1,-1,-1
49,14,1849.57,264.45,64.62,200.78,0.3340,-1,-1,-1
49,15,862.89,153.01,54.95,174.37,0.3163,-1,-1,-1
49,17,378.39,963.67,99.81,116.40,0.5887,-1,-1,-1
49,19,1016.47,164.67,65.31,182.95,0.3714,-1,-1,-1
50,1,395.86,355.01,85.80,225.96,0.7545,-1,-1,-1
50,2,101.62,546.11,77.89,246.51,0.7481,-1,-1,-1
50,3,1203.57,982.72,78.42,97.24,0.6283,-1,-1,-1
50,4,1721.07,459.10,74.31,206.70,0.6392,-1,-1,-1
50,5,1357.08,569.77,81.49,215.57,0.6122,-1,-1,-1
50,6,0.25,785.28,74.00,249.02,0.6051,-1,-1,-1
50,8,492.10,179.26,76.88,191.44,0.3776,-1,-1,-1
50,10,790.42,149.00,59.64,177.05,0.4073,-1,-1,-1
50,14,1852.59,266.14,66.04,200.03,0.3917,-1,-1,-1
50,17,380.84,961.34,97.75,117.51,0.5868,-1,-1,-1
50,19,1016.91,164.66,61.89,177.01,0.3846,-1,-1,-1
51,1,395.91,354.33,86.65,223.22,0.7539,-1,-1,-1
51,2,101.85,545.50,77.57,247.36,0.7504,-1,-1,-1
51,3,1204.35,981.55,78.83,98.38,0.6110,-1,-1,-1
51,4,1720.57,460.16,74.68,205.20,0.6226,-1,-1,-1
51,5,1357.09,569.18,81.32,214.78,0.6196,-1,-1,-1
51,6,1.05,783.21,73.86,247.36,0.6415,-1,-1,-1
51,8,493.34,180.14,76.14,191.64,0.3679,-1,-1,-1
51,10,790.54,148.70,59.72,177.72,0.4129,-1,-1,-1
51,14,1854.21,266.91,62.84,196.40,0.3628,-1,-1,-1
51,17,381.12,956.84,97.69,122.84,0.5509,-1,-1,-1
51,19,1016.75,166.70,61.76,174.33,0.4441,-1,-1,-1
52,1,396.93,353.12,86.60,224.15,0.7679,-1,-1,-1
52,2,102.18,545.41,76.86,247.04,0.7520,-1,-1,-1
52,3,1203.83,981.69,79.23,98.33,0.6305,-1,-1,-1
52,4,1722.24,456.01,73.07,210.39,0.6272,-1,-1,-1
52,5,1356.88,569.14,81.32,215.46,0.6235,-1,-1,-1
52,6,1.46,782.23,74.74,244.84,0.6113,-1,-1,-1
52,8,489.46,179.94,80.99,191.27,0.3821,-1,-1,-1
52,10,789.69,149.11,60.72,178.14,0.3949,-1,-1,-1
52,17,382.06,952.58,98.48,127.28,0.5456,-1,-1,-1
52,19,1016.20,168.31,63.10,179.44,0.4712,-1,-1,-1
53,1,398.55,351.41,85.09,226.10,0.7696,-1,-1,-1
53,2,102.59,545.15,75.62,247.50,0.7453,-1,-1,-1
53,3,1203.88,979.98,79.07,99.95,0.6526,-1,-1,-1
53,4,1722.17,455.95,73.42,209.44,0.6261,-1,-1,-1
53,5,1357.13,569.52,81.72,213.63,0.6404,-1,-1,-1
53,6,3.23,781.00,72.59,241.83,0.6508,-1,-1,-1
53,8,488.59,180.30,83.02,190.82,0.4037,-1,-1,-1
53,10,789.19,148.42,61.51,177.85,0.4122,-1,-1,-1
53,14,1859.99,265.01,59.49,197.73,0.3206,-1,-1,-1
53,17,381.98,949.98,101.33,129.60,0.6933,-1,-1,-1
53,19,1015.94,169.05,62.62,181.73,0.4509,-1,-1,-1
54,1,398.50,350.93,85.59,226.68,0.7713,-1,-1,-1
54,2,102.51,544.87,75.70,248.16,0.7482,-1,-1,-1
54,3,1202.88,979.78,80.50,100.23,0.6575,-1,-1,-1
54,4,1722.02,456.03,73.49,209.95,0.6242,-1,-1,-1
54,5,1356.95,569.11,82.14,214.08,0.6411,-1,-1,-1
54,6,5.49,778.20,70.34,237.20,0.6453,-1,-1,-1
54,8,488.21,180.24,84.35,190.69,0.3874,-1,-1,-1
54,10,789.57,148.76,61.63,176.96,0.3979,-1,-1,-1
54,14,1861.90,262.72,57.46,203.69,0.3119,-1,-1,-1
54,17,382.94,948.85,103.59,129.43,0.7181,-1,-1,-1
54,19,1013.87,171.22,62.24,181.80,0.4277,-1,-1,-1
55,1,399.56,349.69,84.71,228.62,0.7788,-1,-1,-1
55,2,102.49,545.17,75.79,248.60,0.7362,-1,-1,-1
55,3,1203.20,978.98,80.66,101.00,0.6653,-1,-1,-1
55,4,1722.24,456.92,74.17,210.74,0.6378,-1,-1,-1
55,5,1357.64,569.03,80.90,215.49,0.6088,-1,-1,-1
55,6,7.31,774.24,69.49,237.42,0.6806,-1,-1,-1
55,8,488.48,179.91,84.06,191.41,0.4240,-1,-1,-1
55,10,790.05,148.98,60.97,176.78,0.4252,-1,-1,-1
55,14,1864.45,262.08,55.12,207.48,0.3412,-1,-1,-1
55,17,383.08,947.20,106.52,131.65,0.6925,-1,-1,-1
55,19,1012.25,173.46,62.93,181.66,0.4565,-1,-1,-1
56,1,400.07,349.36,84.23,229.83,0.7880,-1,-1,-1
56,2,102.49,544.38,75.98,249.32,0.7373,-1,-1,-1
56,3,1202.89,977.30,80.87,102.64,0.6748,-1,-1,-1
56,4,1721.93,455.80,73.50,210.65,0.6449,-1,-1,-1
56,5,1357.08,569.21,80.71,216.36,0.6105,-1,-1,-1
56,6,7.78,771.94,70.25,235.14,0.6939,-1,-1,-1
56,8,488.66,179.99,81.83,191.45,0.4787,-1,-1,-1
56,10,790.08,148.77,61.46,177.75,0.4098,-1,-1,-1
56,16,1472.57,216.21,65.64,191.56,0.3185,-1,-1,-1
56,17,383.97,946.72,106.08,132.98,0.6987,-1,-1,-1
56,19,1014.07,175.03,60.18,180.25,0.4683,-1,-1,-1
57,1,400.01,348.12,83.76,230.87,0.7941,-1,-1,-1
57,2,102.35,544.90,76.07,249.51,0.7329,-1,-1,-1
57,3,1202.08,976.16,81.70,103.81,0.6853,-1,-1,-1
57,4,1721.76,458.69,73.45,207.15,0.6506,-1,-1,-1
57,5,1356.86,569.07,81.62,213.49,0.6178,-1,-1,-1
57,6,6.43,771.01,72.00,230.66,0.7193,-1,-1,-1
57,8,487.98,180.88,81.42,190.87,0.4591,-1,-1,-1
57,10,789.84,148.66,62.10,178.76,0.4016,-1,-1,-1
57,16,1470.81,215.63,64.88,190.40,0.3343,-1,-1,-1
57,17,385.69,945.93,105.57,133.46,0.7180,-1,-1,-1
57,19,1011.34,176.45,61.05,179.72,0.4635,-1,-1,-1
58,1,399.76,347.21,84.57,231.53,0.7873,-1,-1,-1
58,2,102.74,545.28,75.44,249.12,0.7287,-1,-1,-1
58,3,1201.22,976.24,83.19,103.78,0.6690,-1,-1,-1
58,4,1722.21,455.59,72.83,209.76,0.6406,-1,-1,-1
58,5,1357.15,569.48,81.13,214.90,0.6251,-1,-1,-1
58,6,6.58,767.33,74.13,229.08,0.7118,-1,-1,-1
58,8,488.39,181.46,80.13,191.07,0.4489,-1,-1,-1
58,10,790.24,148.98,61.54,178.55,0.3946,-1,-1,-1
58,16,1469.34,214.37,64.48,189.20,0.3104,-1,-1,-1
58,17,387.43,944.84,104.04,135.13,0.6725,-1,-1,-1
58,19,1011.11,179.29,59.85,179.06,0.4570,-1,-1,-1
59,1,401.31,345.61,83.51,233.26,0.7850,-1,-1,-1
59,2,102.71,545.10,75.29,249.48,0.7328,-1,-1,-1
59,3,1199.31,975.71,85.20,104.29,0.6720,-1,-1,-1
59,4,1723.00,455.98,72.95,210.91,0.6379,-1,-1,-1
59,5,1356.98,568.65,81.46,213.16,0.6417,-1,-1,-1
59,6,6.38,765.25,75.88,224.98,0.7213,-1,-1,-1
59,8,488.36,181.94,81.59,191.54,0.4380,-1,-1,-1
59,10,789.51,148.86,60.81,178.52,0.3893,-1,-1,-1
59,17,388.21,943.56,103.14,136.09,0.7142,-1,-1,-1
59,19,1009.92,180.39,60.72,178.37,0.3748,-1,-1,-1
60,1,402.07,346.00,82.17,231.56,0.7926,-1,-1,-1
60,2,102.22,545.19,75.85,250.54,0.7260,-1,-1,-1
60,3,1199.00,974.72,85.17,105.26,0.6704,-1,-1,-1
60,4,1721.98,458.73,73.63,207.49,0.6276,-1,-1,-1
60,5,1356.83,569.05,81.27,215.31,0.6262,-1,-1,-1
60,6,9.55,760.28,70.27,225.24,0.7343,-1,-1,-1
60,8,488.86,183.15,80.24,191.17,0.4535,-1,-1,-1
60,10,789.73,148.66,61.46,184.15,0.4238,-1,-1,-1
60,16,1466.63,211.94,64.17,192.44,0.3104,-1,-1,-1
60,17,387.70,940.35,105.42,138.65,0.7107,-1,-1,-1
60,19,1006.73,181.31,63.18,177.99,0.3411,-1,-1,-1
61,1,401.70,344.34,82.46,230.95,0.7979,-1,-1,-1
61,2,103.01,546.32,74.14,247.70,0.7279,-1,-1,-1
61,3,1196.46,972.09,86.07,107.80,0.6310,-1,-1,-1
61,4,1721.95,455.96,73.57,210.75,0.6115,-1,-1,-1
61,5,1357.30,569.28,80.87,214.15,0.6300,-1,-1,-1
61,6,10.26,758.09,68.93,225.77,0.7309,-1,-1,-1
61,8,493.41,189.62,72.40,187.02,0.4802,-1,-1,-1
61,10,788.82,148.57,62.89,187.46,0.3656,-1,-1,-1
61,17,386.92,938.93,107.79,140.58,0.6153,-1,-1,-1
61,19,1007.15,181.95,61.85,176.80,0.3033,-1,-1,-1
62,1,402.14,343.04,81.71,230.91,0.7910,-1,-1,-1
62,2,103.01,546.83,74.23,247.44,0.7287,-1,-1,-1
62,3,1195.79,972.38,86.51,107.67,0.6221,-1,-1,-1
62,4,1722.44,456.28,73.40,209.61,0.6005,-1,-1,-1
62,5,1357.69,569.25,80.45,214.74,0.6173,-1,-1,-1
62,6,10.90,756.40,68.87,225.89,0.7306,-1,-1,-1
62,8,492.92,190.28,72.88,188.86,0.4972,-1,-1,-1
62,10,790.23,148.19,61.02,186.95,0.3196,-1,-1,-1
62,17,385.59,936.61,108.54,142.02,0.5708,-1,-1,-1
62,19,1008.21,183.98,60.72,175.12,0.3036,-1,-1,-1
63,1,402.05,341.02,82.24,232.17,0.7965,-1,-1,-1
63,2,103.19,546.69,73.87,247.39,0.7297,-1,-1,-1
63,3,1194.16,971.93,87.52,108.09,0.6578,-1,-1,-1
63,4,1721.50,458.59,74.35,207.56,0.5913,-1,-1,-1
63,5,1356.92,568.86,81.20,213.63,0.6024,-1,-1,-1
63,6,10.26,755.50,71.32,229.63,0.7192,-1,-1,-1
63,8,491.30,188.50,74.49,195.55,0.5327,-1,-1,-1
63,17,385.85,934.64,106.92,144.29,0.6611,-1,-1,-1
64,1,402.29,338.43,82.41,232.18,0.7906,-1,-1,-1
64,2,103.29,546.89,74.01,247.35,0.7195,-1,-1,-1
64,3,1192.82,973.38,86.95,106.70,0.6861,-1,-1,-1
64,4,1721.96,456.39,73.76,209.57,0.6064,-1,-1,-1
64,5,1356.09,569.53,81.60,215.88,0.5979,-1,-1,-1
64,6,10.98,753.72,70.87,229.83,0.7205,-1,-1,-1
64,8,493.23,191.51,72.55,194.34,0.4909,-1,-1,-1
64,17,385.04,930.59,108.90,148.71,0.6722,-1,-1,-1
64,19,1003.87,186.12,63.36,171.38,0.3629,-1,-1,-1
65,1,402.01,336.80,82.76,232.20,0.7934,-1,-1,-1
65,2,102.81,547.12,74.57,246.81,0.7281,-1,-1,-1
65,3,1192.21,973.41,85.10,106.61,0.6848,-1,-1,-1
65,4,1720.47,459.67,75.41,206.69,0.6134,-1,-1,-1
65,5,1356.03,569.13,83.00,214.30,0.6285,-1,-1,-1
65,6,11.05,752.80,71.01,233.04,0.7140,-1,-1,-1
65,8,494.03,191.80,72.07,194.89,0.5079,-1,-1,-1
65,17,385.50,923.49,107.37,155.92,0.5638,-1,-1,-1
65,19,1003.58,187.18,62.47,171.57,0.3135,-1,-1,-1
66,1,402.23,334.90,83.22,231.95,0.7929,-1,-1,-1
66,2,102.70,546.32,75.65,247.96,0.7208,-1,-1,-1
66,3,1190.03,971.70,84.80,108.26,0.7065,-1,-1,-1
66,4,1719.75,459.36,75.84,207.74,0.6265,-1,-1,-1
66,5,1355.82,568.58,83.36,216.29,0.6050,-1,-1,-1
66,6,10.89,751.36,71.34,234.34,0.7136,-1,-1,-1
66,8,496.24,190.75,68.89,196.04,0.5281,-1,-1,-1
66,17,387.23,917.31,104.13,162.41,0.5608,-1,-1,-1
66,19,1004.23,187.95,60.08,174.47,0.3626,-1,-1,-1
67,1,402.08,333.95,84.71,228.98,0.7944,-1,-1,-1
67,2,102.78,546.78,75.82,247.52,0.7250,-1,-1,-1
67,3,1188.56,971.78,86.48,108.24,0.6940,-1,-1,-1
67,4,1720.61,458.94,74.88,206.82,0.5962,-1,-1,-1
67,5,1356.89,569.06,81.57,214.31,0.5985,-1,-1,-1
67,6,10.60,749.20,71.70,237.25,0.7031,-1,-1,-1
67,8,495.37,190.94,69.87,199.59,0.5658,-1,-1,-1
67,17,385.57,913.43,105.68,164.93,0.6556,-1,-1,-1
67,19,1002.50,187.62,59.50,175.32,0.4076,-1,-1,-1
68,1,402.98,333.57,84.20,226.78,0.7903,-1,-1,-1
68,2,102.65,546.61,75.94,247.85,0.7295,-1,-1,-1
68,3,1185.15,969.79,86.06,110.15,0.6963,-1,-1,-1
68,4,1721.54,459.47,74.10,206.97,0.6083,-1,-1,-1
68,5,1356.54,568.13,82.23,216.13,0.5957,-1,-1,-1
68,6,10.44,746.74,71.96,241.13,0.7079,-1,-1,-1
68,8,495.21,192.41,69.21,197.35,0.5752,-1,-1,-1
68,17,384.85,911.95,106.58,166.05,0.7058,-1,-1,-1
68,19,1001.06,188.10,61.31,176.69,0.4876,-1,-1,-1
69,1,402.60,332.29,85.55,225.72,0.7837,-1,-1,-1
69,2,102.84,546.62,75.21,248.25,0.7311,-1,-1,-1
69,3,1183.75,969.64,86.07,110.33,0.6800,-1,-1,-1
69,4,1722.69,457.11,74.46,212.28,0.5953,-1,-1,-1
69,5,1356.80,568.74,81.78,217.27,0.5963,-1,-1,-1
69,6,10.61,744.82,71.99,241.91,0.7102,-1,-1,-1
69,8,492.33,193.37,74.97,195.60,0.5870,-1,-1,-1
69,17,384.55,910.53,107.00,168.25,0.6858,-1,-1,-1
69,19,1000.73,187.81,62.08,177.23,0.5337,-1,-1,-1
70,1,402.66,331.45,86.09,223.99,0.7905,-1,-1,-1
70,2,103.15,546.27,74.69,248.44,0.7320,-1,-1,-1
70,3,1182.35,969.19,85.72,110.81,0.6652,-1,-1,-1
70,4,1722.95,455.30,74.30,212.53,0.6161,-1,-1,-1
70,5,1356.24,568.38,83.20,217.74,0.6090,-1,-1,-1
70,6,10.90,743.18,71.83,237.70,0.7153,-1,-1,-1
70,8,490.37,195.36,78.18,193.60,0.5923,-1,-1,-1
70,17,384.09,907.41,107.22,172.16,0.6797,-1,-1,-1
70,19,1000.38,187.69,61.36,178.05,0.5587,-1,-1,-1
71,1,403.08,329.95,85.44,223.72,0.7909,-1,-1,-1
71,2,102.24,545.10,76.07,250.45,0.7293,-1,-1,-1
71,3,1181.29,968.21,85.98,111.77,0.6683,-1,-1,-1
71,4,1722.30,456.55,74.88,211.12,0.6229,-1,-1,-1
71,5,1357.03,568.85,82.07,218.69,0.5630,-1,-1,-1
71,6,11.20,741.42,72.36,230.98,0.7216,-1,-1,-1
71,7,786.50,150.76,76.73,219.58,0.3598,-1,-1,-1
71,8,492.28,193.26,77.62,195.87,0.6134,-1,-1,-1
71,15,846.78,168.11,50.45,174.67,0.3342,-1,-1,-1
71,17,380.49,905.17,111.16,174.83,0.7099,-1,-1,-1
71,19,998.52,188.08,60.16,178.22,0.5614,-1,-1,-1
72,1,403.39,328.39,85.57,225.68,0.7887,-1,-1,-1
72,2,102.14,544.48,76.04,250.77,0.7257,-1,-1,-1
72,3,1180.21,965.84,85.07,114.05,0.5943,-1,-1,-1
72,4,1722.40,457.06,74.46,210.34,0.6194,-1,-1,-1
72,5,1357.22,569.12,82.22,218.21,0.6066,-1,-1,-1
72,6,10.74,737.64,73.64,228.40,0.7275,-1,-1,-1
72,7,780.19,147.38,84.71,222.54,0.3814,-1,-1,-1
72,8,487.37,193.32,84.13,196.34,0.5975,-1,-1,-1
72,15,843.96,169.50,52.74,175.89,0.3501,-1,-1,-1
72,17,379.84,903.73,111.26,176.32,0.7218,-1,-1,-1
72,19,998.27,188.45,58.28,178.94,0.5729,-1,-1,-1
73,1,404.49,327.83,84.81,227.24,0.7871,-1,-1,-1
73,2,101.87,545.17,76.34,250.03,0.7322,-1,-1,-1
73,3,1179.25,965.11,86.20,114.88,0.6100,-1,-1,-1
73,4,1722.86,456.19,74.48,213.09,0.6136,-1,-1,-1
73,5,1356.81,569.40,83.16,216.07,0.6167,-1,-1,-1
73,6,10.70,734.31,74.23,229.15,0.7478,-1,-1,-1
73,7,775.87,148.42,88.61,220.52,0.3054,-1,-1,-1
73,8,485.07,193.06,87.88,196.83,0.5931,-1,-1,-1
73,15,845.30,170.54,51.56,177.64,0.3479,-1,-1,-1
73,17,378.49,902.85,112.49,177.21,0.7153,-1,-1,-1
73,19,996.86,189.53,57.33,178.95,0.5501,-1,-1,-1
74,1,405.29,327.75,84.06,226.39,0.7841,-1,-1,-1
74,2,102.31,545.58,75.35,248.69,0.7220,-1,-1,-1
74,3,1178.14,965.02,87.42,115.02,0.6238,-1,-1,-1
74,4,1721.81,459.93,74.48,207.24,0.5963,-1,-1,-1
74,5,1356.47,569.53,82.92,215.04,0.6199,-1,-1,-1
74,6,10.69,732.11,74.86,225.51,0.7513,-1,-1,-1
74,8,484.67,194.89,88.90,195.02,0.5599,-1,-1,-1
74,15,844.92,171.39,53.25,179.44,0.3062,-1,-1,-1
74,17,378.84,900.75,111.88,179.28,0.6889,-1,-1,-1
74,19,998.13,190.09,54.59,181.06,0.5590,-1,-1,-1
75,1,405.12,326.94,84.33,226.97,0.7785,-1,-1,-1
75,2,101.85,545.11,75.44,249.52,0.7282,-1,-1,-1
75,3,1176.94,964.54,88.57,115.47,0.6371,-1,-1,-1
75,4,1722.27,457.18,74.26,211.82,0.6188,-1,-1,-1
75,5,1356.80,569.93,82.48,211.95,0.6554,-1,-1,-1
75,6,10.76,731.29,74.63,227.50,0.7488,-1,-1,-1
75,8,482.87,196.54,89.51,193.68,0.5710,-1,-1,-1
75,15,843.15,172.24,54.63,184.63,0.3016,-1,-1,-1
75,17,379.46,898.32,110.85,181.69,0.6785,-1,-1,-1
75,19,994.57,189.08,57.70,183.93,0.6144,-1,-1,-1
76,1,406.70,326.62,82.98,227.65,0.7725,-1,-1,-1
76,2,102.03,544.14,74.81,250.52,0.7219,-1,-1,-1
76,3,1176.80,963.95,88.65,116.05,0.6889,-1,-1,-1
76,4,1721.03,459.48,74.81,206.75,0.6309,-1,-1,-1
76,5,1356.15,570.60,83.19,212.44,0.6479,-1,-1,-1
76,6,11.03,729.48,74.07,230.98,0.7469,-1,-1,-1
76,8,486.34,200.12,86.65,191.26,0.5542,-1,-1,-1
76,16,1436.72,205.77,65.57,191.00,0.3222,-1,-1,-1
76,17,381.01,895.17,108.21,184.81,0.6909,-1,-1,-1
76,19,994.02,188.97,57.72,182.24,0.5753,-1,-1,-1
77,1,407.05,325.24,83.39,229.53,0.7667,-1,-1,-1
77,2,102.20,544.25,73.86,250.39,0.7222,-1,-1,-1
77,3,1176.71,963.93,88.23,116.10,0.6975,-1,-1,-1
77,4,1721.17,458.78,74.70,206.22,0.6227,-1,-1,-1
77,5,1355.85,569.90,84.78,214.89,0.6324,-1,-1,-1
77,6,11.08,728.04,74.09,231.27,0.7513,-1,-1,-1
77,8,494.22,201.73,77.67,188.66,0.5690,-1,-1,-1
77,16,1436.16,205.55,64.84,189.36,0.3560,-1,-1,-1
77,17,382.71,893.21,106.11,186.81,0.7469,-1,-1,-1
77,19,993.33,190.09,58.39,180.59,0.5924,-1,-1,-1
78,1,406.80,324.78,83.51,229.50,0.7694,-1,-1,-1
78,2,101.84,544.21,73.75,249.93,0.7232,-1,-1,-1
78,3,1176.36,963.09,88.31,116.90,0.7209,-1,-1,-1
78,4,1720.87,459.87,75.36,205.65,0.6372,-1,-1,-1
78,5,1355.40,571.55,85.30,214.56,0.6385,-1,-1,-1
78,6,10.62,727.01,75.91,233.98,0.7458,-1,-1,-1
78,8,490.67,205.16,78.39,186.37,0.6004,-1,-1,-1
78,16,1434.33,205.19,65.01,189.91,0.3350,-1,-1,-1
78,17,382.90,890.80,104.94,189.20,0.7541,-1,-1,-1
78,19,994.35,188.87,56.42,181.17,0.5649,-1,-1,-1
79,1,408.09,324.59,82.22,230.47,0.7799,-1,-1,-1
79,2,102.03,545.32,73.42,248.33,0.7260,-1,-1,-1
79,3,1176.27,963.18,88.05,116.85,0.7242,-1,-1,-1
79,4,1720.92,458.55,74.72,206.76,0.6466,-1,-1,-1
79,5,1355.21,572.45,85.29,213.57,0.6073,-1,-1,-1
79,6,11.47,726.68,75.83,233.02,0.7469,-1,-1,-1
79,8,489.70,202.71,80.76,192.11,0.5841,-1,-1,-1
79,17,385.90,887.13,101.68,192.84,0.7680,-1,-1,-1
79,19,992.12,190.41,58.36,178.65,0.5758,-1,-1,-1
80,1,409.67,324.40,80.79,229.40,0.7781,-1,-1,-1
80,2,102.25,545.65,72.97,248.19,0.7276,-1,-1,-1
80,3,1175.34,962.42,88.31,117.57,0.7371,-1,-1,-1
80,4,1721.07,459.97,75.12,206.07,0.6341,-1,-1,-1
80,5,1356.48,572.34,85.64,216.75,0.5753,-1,-1,-1
80,6,12.09,725.47,76.85,234.02,0.7275,-1,-1,-1
80,8,491.62,203.48,79.38,194.40,0.5726,-1,-1,-1
80,17,387.09,881.99,100.28,197.97,0.7887,-1,-1,-1
80,19,990.88,190.58,58.38,183.91,0.6077,-1,-1,-1
81,1,410.08,323.76,80.40,227.40,0.7617,-1,-1,-1
81,2,102.69,544.80,72.08,248.54,0.7279,-1,-1,-1
81,3,1176.76,961.91,86.33,118.10,0.7443,-1,-1,-1
81,4,1721.61,459.21,74.78,206.46,0.6204,-1,-1,-1
81,5,1355.61,571.70,85.96,217.74,0.5511,-1,-1,-1
81,6,13.18,724.90,75.31,233.69,0.7204,-1,-1,-1
81,8,492.20,204.23,78.48,196.59,0.5468,-1,-1,-1
81,16,1427.33,202.40,60.32,187.68,0.3168,-1,-1,-1
81,17,387.92,878.90,99.71,201.10,0.7855,-1,-1,-1
81,19,989.84,191.22,58.41,182.91,0.6104,-1,-1,-1
82,1,412.52,323.60,79.68,226.38,0.7529,-1,-1,-1
82,2,102.38,545.91,72.27,246.78,0.7276,-1,-1,-1
82,3,1176.23,961.41,85.42,118.59,0.7318,-1,-1,-1
82,4,1721.48,459.38,74.46,206.70,0.6203,-1,-1,-1
82,5,1355.85,571.90,85.77,217.67,0.5454,-1,-1,-1
82,6,13.22,721.86,77.24,236.50,0.7265,-1,-1,-1
82,8,494.69,207.13,76.58,194.97,0.5548,-1,-1,-1
82,16,1426.08,199.84,60.45,188.62,0.3010,-1,-1,-1
82,17,386.83,875.41,101.84,204.58,0.7834,-1,-1,-1
82,19,988.67,190.98,57.61,183.24,0.6098,-1,-1,-1
83,1,411.92,321.82,81.52,226.17,0.7642,-1,-1,-1
83,2,102.24,546.51,72.23,246.27,0.7278,-1,-1,-1
83,3,1175.51,961.87,84.68,118.16,0.7062,-1,-1,-1
83,4,1722.13,459.61,73.69,204.95,0.6163,-1,-1,-1
83,5,1356.24,571.25,85.67,219.00,0.5502,-1,-1,-1
83,6,14.87,720.51,75.62,237.82,0.7180,-1,-1,-1
83,8,494.26,207.14,78.72,194.95,0.5793,-1,-1,-1
83,16,1424.38,201.13,60.61,187.24,0.3063,-1,-1,-1
83,17,388.07,873.40,101.62,206.62,0.7796,-1,-1,-1
83,19,987.01,191.50,57.73,182.47,0.5995,-1,-1,-1
84,1,413.65,320.01,79.89,225.97,0.7630,-1,-1,-1
84,2,102.19,545.99,72.47,247.37,0.7184,-1,-1,-1
84,3,1174.81,961.53,84.49,118.47,0.7226,-1,-1,-1
84,4,1721.61,459.56,74.51,205.86,0.5939,-1,-1,-1
84,5,1356.25,571.91,85.41,216.81,0.5443,-1,-1,-1
84,6,14.89,718.67,75.37,239.77,0.7201,-1,-1,-1
84,8,496.07,208.38,77.09,196.57,0.5987,-1,-1,-1
84,10,793.99,149.20,55.43,170.99,0.3682,-1,-1,-1
84,17,388.25,871.13,102.54,208.88,0.7701,-1,-1,-1
84,19,985.94,191.84,57.48,182.22,0.6089,-1,-1,-1
85,1,413.46,318.43,81.93,224.47,0.7576,-1,-1,-1
85,2,101.81,544.95,73.10,249.29,0.7193,-1,-1,-1
85,3,1174.61,961.54,83.89,118.47,0.7157,-1,-1,-1
85,4,1721.03,460.58,75.16,205.75,0.5996,-1,-1,-1
85,5,1356.82,573.24,85.85,221.37,0.4916,-1,-1,-1
85,6,15.74,717.85,76.61,240.35,0.7215,-1,-1,-1
85,8,496.03,209.21,77.51,195.09,0.5913,-1,-1,-1
85,10,793.35,149.37,54.92,170.76,0.3158,-1,-1,-1
85,17,388.75,869.25,102.77,210.77,0.7791,-1,-1,-1
85,19,983.09,190.60,59.52,184.87,0.5492,-1,-1,-1
86,1,414.53,317.33,81.58,221.41,0.7632,-1,-1,-1
86,2,101.98,546.05,73.42,247.36,0.7210,-1,-1,-1
86,3,1172.55,961.15,85.45,118.85,0.7081,-1,-1,-1
86,4,1722.11,457.49,74.93,209.67,0.6081,-1,-1,-1
86,5,1357.24,573.49,85.30,214.40,0.5340,-1,-1,-1
86,6,17.24,715.90,75.78,235.10,0.7461,-1,-1,-1
86,8,496.24,209.00,78.35,197.78,0.6101,-1,-1,-1
86,10,793.05,149.51,56.09,172.29,0.3062,-1,-1,-1
86,16,1419.65,198.27,60.52,189.93,0.3141,-1,-1,-1
86,17,389.49,866.55,102.82,213.45,0.7884,-1,-1,-1
86,19,980.58,191.35,60.73,185.06,0.4825,-1,-1,-1
87,1,413.98,316.68,84.17,220.32,0.7753,-1,-1,-1
87,2,102.00,545.65,73.61,247.18,0.7338,-1,-1,-1
87,3,1173.42,960.69,83.30,119.31,0.7056,-1,-1,-1
87,4,1721.14,460.25,74.56,206.70,0.6338,-1,-1,-1
87,5,1357.07,573.71,84.02,215.06,0.5169,-1,-1,-1
87,6,18.98,713.53,74.16,225.24,0.7607,-1,-1,-1
87,8,495.71,209.84,80.54,195.89,0.6205,-1,-1,-1
87,10,792.02,149.24,57.14,173.32,0.3227,-1,-1,-1
87,15,835.15,179.43,61.40,189.32,0.3395,-1,-1,-1
87,17,389.76,864.74,103.93,215.27,0.7886,-1,-1,-1
87,19,978.61,191.68,62.51,181.48,0.4574,-1,-1,-1
87,21,747.51,186.87,51.97,178.15,0.4068,-1,-1,-1
88,1,413.72,315.42,85.06,220.09,0.7856,-1,-1,-1
88,2,101.99,546.28,73.60,246.33,0.7176,-1,-1,-1
88,3,1170.86,960.27,84.23,119.73,0.7424,-1,-1,-1
88,4,1720.67,460.19,74.92,206.28,0.6469,-1,-1,-1
88,5,1357.28,572.78,84.10,216.07,0.5503,-1,-1,-1
88,6,18.67,710.16,75.04,225.91,0.7288,-1,-1,-1
88,8,497.21,209.39,81.34,197.83,0.6167,-1,-1,-1
88,10,791.78,150.22,56.88,170.68,0.3237,-1,-1,-1
88,17,390.17,862.30,105.67,217.70,0.8054,-1,-1,-1
88,19,976.70,191.28,63.27,186.02,0.4216,-1,-1,-1
88,21,742.65,187.06,55.87,177.10,0.3604,-1,-1,-1
89,1,413.99,313.78,84.68,220.13,0.7765,-1,-1,-1
89,2,101.92,546.33,73.57,245.57,0.7234,-1,-1,-1
89,3,1171.28,959.80,81.33,120.12,0.7523,-1,-1,-1
89,4,1720.11,458.98,74.93,207.41,0.6361,-1,-1,-1
89,5,1357.17,573.90,84.45,217.97,0.5398,-1,-1,-1
89,6,17.99,705.44,76.88,227.71,0.7360,-1,-1,-1
89,8,497.49,208.11,83.13,199.50,0.6147,-1,-1,-1
89,17,391.60,861.71,103.79,218.32,0.8133,-1,-1,-1
89,19,975.53,193.41,64.08,185.08,0.4934,-1,-1,-1
90,1,414.99,312.45,84.20,220.49,0.7462,-1,-1,-1
90,2,101.71,546.67,73.82,245.19,0.7134,-1,-1,-1
90,3,1170.64,958.54,80.86,121.44,0.7640,-1,-1,-1
90,4,1720.41,459.41,74.43,206.72,0.6228,-1,-1,-1
90,5,1356.76,572.94,83.02,216.66,0.5376,-1,-1,-1
90,6,20.23,703.94,74.20,227.93,0.7342,-1,-1,-1
90,8,499.05,207.26,84.22,199.01,0.5988,-1,-1,-1
90,17,392.60,860.23,102.77,219.78,0.8175,-1,-1,-1
90,19,974.24,195.28,64.98,184.74,0.4128,-1,-1,-1
91,1,416.39,311.06,82.04,223.10,0.7444,-1,-1,-1
91,2,102.11,546.93,73.60,244.71,0.7041,-1,-1,-1
91,3,1169.33,957.27,80.80,122.71,0.7738,-1,-1,-1
91,4,1720.18,460.30,74.64,206.59,0.6293,-1,-1,-1
91,5,1356.86,572.11,83.69,219.77,0.5260,-1,-1,-1
91,6,21.21,700.75,73.81,226.96,0.7232,-1,-1,-1
91,8,501.96,208.46,78.77,199.20,0.5636,-1,-1,-1
91,17,391.94,857.82,104.32,222.18,0.8023,-1,-1,-1
91,19,974.06,193.51,63.09,184.05,0.3695,-1,-1,-1
92,1,416.73,310.93,82.50,223.96,0.7395,-1,-1,-1
92,2,102.21,546.68,73.36,245.07,0.7010,-1,-1,-1
92,3,1169.10,956.91,79.00,123.09,0.7607,-1,-1,-1
92,4,1720.83,459.98,74.48,206.84,0.6312,-1,-1,-1
92,5,1357.18,572.04,83.11,216.40,0.5335,-1,-1,-1
92,6,22.52,696.73,72.06,229.54,0.7176,-1,-1,-1
92,8,500.08,212.12,79.75,195.58,0.5911,-1,-1,-1
92,17,392.76,854.21,102.53,225.77,0.7954,-1,-1,-1
92,19,972.38,195.64,63.10,183.12,0.3989,-1,-1,-1
93,1,417.15,309.80,82.40,225.01,0.7304,-1,-1,-1
93,2,102.24,547.04,72.89,244.78,0.6923,-1,-1,-1
93,3,1168.11,956.71,78.36,123.30,0.7793,-1,-1,-1
93,4,1720.71,459.97,74.74,206.42,0.6205,-1,-1,-1
93,5,1356.89,571.89,82.75,216.46,0.5188,-1,-1,-1
93,6,23.53,698.22,71.22,225.55,0.7096,-1,-1,-1
93,8,501.66,209.34,78.73,198.34,0.5531,-1,-1,-1
93,17,393.82,850.91,102.75,229.07,0.8025,-1,-1,-1
93,19,973.09,195.54,61.73,185.94,0.3530,-1,-1,-1
94,1,417.11,309.20,82.44,225.03,0.7311,-1,-1,-1
94,2,102.12,547.14,73.65,244.60,0.6883,-1,-1,-1
94,3,1167.30,955.51,76.74,124.48,0.7914,-1,-1,-1
94,4,1721.64,460.22,74.34,207.02,0.6234,-1,-1,-1
94,5,1356.92,572.47,83.53,217.26,0.4738,-1,-1,-1
94,6,23.88,697.37,70.81,224.70,0.7143,-1,-1,-1
94,8,501.38,211.01,77.61,199.11,0.5257,-1,-1,-1
94,17,394.27,849.00,102.70,231.01,0.7916,-1,-1,-1
94,19,971.99,197.05,61.94,186.14,0.3340,-1,-1,-1
95,1,416.44,307.98,82.87,226.87,0.7427,-1,-1,-1
95,2,101.92,547.10,73.77,244.34,0.6854,-1,-1,-1
95,3,1165.53,953.67,77.68,126.31,0.7874,-1,-1,-1
95,4,1721.77,460.02,73.31,206.94,0.6120,-1,-1,-1
95,5,1356.79,573.67,83.45,216.39,0.4459,-1,-1,-1
95,6,25.41,696.41,68.92,226.26,0.7151,-1,-1,-1
95,8,503.51,213.19,76.15,199.30,0.4970,-1,-1,-1
95,17,395.26,843.66,100.95,236.30,0.7974,-1,-1,-1
95,19,971.10,197.47,61.52,188.14,0.3210,-1,-1,-1
96,1,417.74,307.28,84.01,227.11,0.7601,-1,-1,-1
96,2,101.79,546.88,73.61,243.93,0.6779,-1,-1,-1
96,3,1164.85,953.16,75.92,126.84,0.7956,-1,-1,-1
96,4,1721.56,458.98,73.69,207.07,0.6220,-1,-1,-1
96,5,1357.00,573.69,84.44,220.92,0.4983,-1,-1,-1
96,6,26.17,694.14,68.29,229.38,0.7191,-1,-1,-1
96,8,507.82,211.98,78.42,203.86,0.5505,-1,-1,-1
96,17,395.22,841.35,100.58,238.65,0.8077,-1,-1,-1
96,19,968.51,199.65,61.04,189.96,0.4080,-1,-1,-1
96,22,1170.31,155.92,89.13,167.23,0.3010,-1,-1,-1
97,1,417.52,306.78,83.24,227.42,0.7584,-1,-1,-1
97,2,101.97,547.02,73.40,244.91,0.6835,-1,-1,-1
97,3,1163.29,951.49,74.92,128.49,0.7828,-1,-1,-1
97,4,1721.81,459.49,74.09,207.75,0.6387,-1,-1,-1
97,5,1356.53,572.39,83.79,221.55,0.5217,-1,-1,-1
97,6,25.75,693.21,69.15,228.87,0.7186,-1,-1,-1
97,8,509.99,213.42,74.86,204.51,0.5288,-1,-1,-1
97,17,395.46,841.26,98.24,238.78,0.8022,-1,-1,-1
97,19,966.43,199.47,61.15,190.87,0.3790,-1,-1,-1
98,1,418.36,305.14,82.61,229.20,0.7629,-1,-1,-1
98,2,101.76,546.74,73.52,244.79,0.6731,-1,-1,-1
98,3,1160.99,949.26,76.24,130.71,0.7767,-1,-1,-1
98,4,1722.03,455.77,73.81,211.48,0.6374,-1,-1,-1
98,5,1357.09,572.94,81.93,218.57,0.5182,-1,-1,-1
98,6,25.98,692.83,69.02,229.31,0.7198,-1,-1,-1
98,8,511.12,214.29,73.23,204.66,0.5616,-1,-1,-1
98,17,395.08,839.08,97.15,240.93,0.8025,-1,-1,-1
98,19,964.50,199.69,62.21,190.36,0.4789,-1,-1,-1
99,1,418.62,305.08,83.35,228.79,0.7625,-1,-1,-1
99,2,101.66,546.42,73.54,245.21,0.6743,-1,-1,-1
99,3,1159.61,946.36,76.76,133.59,0.7661,-1,-1,-1
99,4,1722.14,459.26,73.68,208.43,0.6247,-1,-1,-1
99,5,1356.96,573.27,82.17,213.60,0.5443,-1,-1,-1
99,6,26.45,692.10,69.14,229.01,0.7224,-1,-1,-1
99,8,512.74,214.48,70.85,204.55,0.5248,-1,-1,-1
99,17,394.73,833.98,97.06,245.98,0.8039,-1,-1,-1
99,19,962.67,200.32,61.70,189.82,0.4276,-1,-1,-1
99,22,1165.41,159.78,89.91,163.69,0.3313,-1,-1,-1
100,1,419.80,303.19,82.97,229.37,0.7520,-1,-1,-1
100,2,101.97,545.18,72.90,248.44,0.6633,-1,-1,-1
100,3,1158.87,946.10,74.78,133.92,0.7549,-1,-1,-1
100,4,1721.84,459.49,73.79,207.91,0.6091,-1,-1,-1
100,5,1356.88,574.25,82.25,214.20,0.5227,-1,-1,-1
100,6,26.50,690.06,70.33,229.98,0.7321,-1,-1,-1
100,8,511.38,213.90,70.49,206.74,0.4417,-1,-1,-1
100,17,393.56,831.82,97.18,248.18,0.7949,-1,-1,-1
100,19,961.43,201.43,60.59,188.45,0.4512,-1,-1,-1
100,22,1166.98,161.42,88.79,161.97,0.3746,-1,-1,-1
101,1,419.90,302.23,83.53,229.52,0.7658,-1,-1,-1
101,2,102.09,545.00,73.16,248.66,0.6693,-1,-1,-1
101,3,1157.12,945.51,74.73,133.82,0.7603,-1,-1,-1
101,4,1721.71,459.74,74.21,207.86,0.6191,-1,-1,-1
101,5,1356.87,574.54,82.43,214.58,0.5132,-1,-1,-1
101,6,27.99,687.62,69.74,226.32,0.7361,-1,-1,-1
101,8,511.81,216.80,71.83,207.48,0.5110,-1,-1,-1
101,17,391.68,830.38,98.02,249.64,0.7903,-1,-1,-1
101,19,960.15,201.82,60.47,184.22,0.4394,-1,-1,-1
101,22,1167.69,163.16,84.17,160.41,0.3459,-1,-1,-1
102,1,420.74,299.91,82.49,229.75,0.7645,-1,-1,-1
102,2,102.33,544.64,73.31,248.75,0.6749,-1,-1,-1
102,3,1156.16,944.03,72.98,134.61,0.7412,-1,-1,-1
102,4,1721.96,460.07,73.40,207.08,0.6226,-1,-1,-1
102,5,1356.99,574.47,82.46,217.09,0.5025,-1,-1,-1
102,6,28.21,685.01,70.20,223.73,0.7534,-1,-1,-1
102,8,512.18,217.40,72.37,207.47,0.5153,-1,-1,-1
102,17,390.23,827.14,99.36,252.85,0.7982,-1,-1,-1
102,19,957.26,203.38,60.79,183.47,0.4934,-1,-1,-1
102,24,477.79,135.77,58.27,195.04,0.3722,-1,-1,-1
103,1,420.40,299.03,82.67,227.82,0.7475,-1,-1,-1
103,2,102.41,544.72,73.06,249.25,0.6722,-1,-1,-1
103,3,1154.55,941.06,72.08,137.53,0.7413,-1,-1,-1
103,4,1721.04,459.87,74.53,206.57,0.6107,-1,-1,-1
103,5,1357.43,573.87,82.91,218.35,0.4884,-1,-1,-1
103,6,30.46,684.23,68.98,219.39,0.7642,-1,-1,-1
103,8,511.23,216.70,74.30,210.02,0.5130,-1,-1,-1
103,17,388.36,825.71,101.15,254.31,0.7944,-1,-1,-1
103,19,954.28,200.70,61.06,184.92,0.4967,-1,-1,-1
104,1,421.09,299.26,81.36,224.30,0.7409,-1,-1,-1
104,2,102.70,543.97,72.95,250.20,0.6570,-1,-1,-1
104,3,1151.95,941.64,71.01,137.16,0.7273,-1,-1,-1
104,4,1721.66,459.13,73.04,206.81,0.6162,-1,-1,-1
104,5,1357.30,574.37,83.18,219.09,0.4484,-1,-1,-1
104,6,32.37,682.04,68.11,219.93,0.7642,-1,-1,-1
104,8,512.51,216.47,76.93,209.90,0.5277,-1,-1,-1
104,17,386.88,822.75,102.19,257.25,0.8053,-1,-1,-1
104,19,952.68,201.45,60.89,184.93,0.4643,-1,-1,-1
105,1,420.49,298.17,82.63,218.99,0.7367,-1,-1,-1
105,2,102.78,544.41,73.23,249.69,0.6828,-1,-1,-1
105,3,1150.91,940.63,69.51,137.47,0.7225,-1,-1,-1
105,4,1721.13,458.78,74.70,207.00,0.6147,-1,-1,-1
105,5,1357.22,574.72,85.17,225.49,0.4632,-1,-1,-1
105,6,34.97,681.18,67.85,222.19,0.7765,-1,-1,-1
105,8,514.36,221.15,73.81,205.08,0.5061,-1,-1,-1
105,17,386.65,821.41,102.19,258.60,0.8106,-1,-1,-1
105,19,950.69,201.00,60.46,187.10,0.4978,-1,-1,-1
105,24,477.33,143.05,56.67,185.45,0.3208,-1,-1,-1
106,1,421.38,296.91,81.61,215.55,0.7385,-1,-1,-1
106,2,102.99,545.91,73.24,248.45,0.6618,-1,-1,-1
106,3,1149.87,939.88,68.77,138.84,0.7100,-1,-1,-1
106,4,1721.32,459.83,73.86,206.73,0.6221,-1,-1,-1
106,5,1356.92,573.90,82.61,219.68,0.4968,-1,-1,-1
106,6,35.53,679.89,71.06,222.90,0.7830,-1,-1,-1
106,8,513.96,219.86,73.53,205.49,0.4992,-1,-1,-1
106,17,385.46,819.27,102.54,260.74,0.8042,-1,-1,-1
106,19,949.05,201.34,59.75,186.36,0.5155,-1,-1,-1
107,1,420.85,295.65,81.70,215.62,0.7492,-1,-1,-1
107,2,103.17,546.26,73.27,248.96,0.6632,-1,-1,-1
107,3,1147.50,938.28,70.72,140.52,0.7248,-1,-1,-1
107,4,1720.93,459.63,74.44,206.78,0.6309,-1,-1,-1
107,5,1356.96,574.57,84.80,223.17,0.4669,-1,-1,-1
107,6,35.47,679.17,76.84,222.52,0.7873,-1,-1,-1
107,8,514.00,223.66,72.50,201.97,0.5125,-1,-1,-1
107,17,385.62,818.08,101.01,261.94,0.8076,-1,-1,-1
107,19,949.42,204.56,58.40,186.57,0.5248,-1,-1,-1
108,1,420.80,294.30,81.96,216.59,0.7384,-1,-1,-1
108,2,103.04,545.95,73.88,250.59,0.6422,-1,-1,-1
108,3,1145.54,938.06,71.14,140.29,0.7300,-1,-1,-1
108,4,1720.85,459.09,74.33,207.14,0.6402,-1,-1,-1
108,5,1356.78,575.08,85.55,221.76,0.4992,-1,-1,-1
108,6,36.58,676.90,81.18,225.19,0.8081,-1,-1,-1
108,8,515.53,223.93,67.68,202.01,0.4526,-1,-1,-1
108,17,385.81,816.37,100.39,263.63,0.8061,-1,-1,-1
108,19,946.14,205.68,60.39,189.27,0.5478,-1,-1,-1
108,22,1162.65,153.35,56.86,169.26,0.3966,-1,-1,-1
109,1,419.38,294.00,83.94,216.49,0.7416,-1,-1,-1
109,2,103.10,545.48,73.38,251.73,0.6548,-1,-1,-1
109,3,1143.59,937.13,71.34,142.12,0.7535,-1,-1,-1
109,4,1721.90,458.61,72.81,206.35,0.6153,-1,-1,-1
109,5,1356.37,575.26,83.10,216.88,0.5249,-1,-1,-1
109,6,38.36,676.28,78.64,225.65,0.8145,-1,-1,-1
109,8,515.71,225.24,67.39,200.84,0.4466,-1,-1,-1
109,17,385.75,811.02,99.63,268.93,0.8132,-1,-1,-1
109,19,945.54,204.60,59.19,188.28,0.6072,-1,-1,-1
109,22,1160.89,153.07,56.90,167.79,0.3701,-1,-1,-1
110,1,419.33,291.40,84.70,218.98,0.7470,-1,-1,-1
110,2,103.05,544.96,73.56,254.73,0.6557,-1,-1,-1
110,3,1140.56,936.91,72.74,142.86,0.7564,-1,-1,-1
110,4,1721.46,459.53,73.69,207.83,0.6222,-1,-1,-1
110,5,1356.75,576.34,84.32,217.92,0.5030,-1,-1,-1
110,6,38.14,673.47,88.99,226.43,0.7993,-1,-1,-1
110,8,513.99,227.40,64.43,198.35,0.4355,-1,-1,-1
110,17,386.42,805.48,98.11,274.48,0.8168,-1,-1,-1
110,19,944.82,205.93,57.48,186.73,0.6181,-1,-1,-1
110,22,1158.34,150.36,57.94,172.87,0.3676,-1,-1,-1
111,1,420.01,288.89,84.85,222.41,0.7343,-1,-1,-1
111,2,102.80,544.70,73.40,255.41,0.6585,-1,-1,-1
111,3,1138.29,936.03,73.26,143.97,0.7608,-1,-1,-1
111,4,1722.00,456.23,73.38,210.47,0.5941,-1,-1,-1
111,5,1356.71,575.51,81.86,213.43,0.5086,-1,-1,-1
111,6,40.86,671.42,90.72,226.23,0.7702,-1,-1,-1
111,8,516.31,227.68,73.51,199.20,0.5177,-1,-1,-1
111,17,387.90,801.35,97.23,278.63,0.8207,-1,-1,-1
111,19,942.67,207.04,59.27,186.98,0.6485,-1,-1,-1
111,22,1154.02,149.59,56.52,170.83,0.3390,-1,-1,-1
112,1,419.21,287.85,84.95,223.12,0.7348,-1,-1,-1
112,2,103.19,544.67,72.66,254.98,0.6414,-1,-1,-1
112,3,1138.15,934.72,72.35,145.27,0.7563,-1,-1,-1
112,4,1721.99,456.45,73.79,210.74,0.6133,-1,-1,-1
112,5,1357.33,574.92,81.18,211.85,0.5612,-1,-1,-1
112,6,43.72,670.37,89.88,225.97,0.7178,-1,-1,-1
112,8,517.52,231.12,73.94,198.11,0.5555,-1,-1,-1
112,17,388.68,799.80,96.06,276.04,0.8147,-1,-1,-1
112,19,940.70,209.54,59.53,185.22,0.6369,-1,-1,-1
112,22,1151.22,149.56,59.49,169.10,0.4270,-1,-1,-1
113,1,420.23,287.18,85.10,224.12,0.7436,-1,-1,-1
113,2,103.71,545.50,72.02,251.88,0.6697,-1,-1,-1
113,3,1134.97,934.41,73.90,145.61,0.7561,-1,-1,-1
113,4,1721.59,460.12,74.00,205.77,0.6318,-1,-1,-1
113,5,1356.79,575.70,83.41,216.22,0.5355,-1,-1,-1
113,6,47.61,670.32,79.80,225.07,0.6618,-1,-1,-1
113,8,518.07,233.45,73.41,198.23,0.5479,-1,-1,-1
113,17,388.43,797.58,95.95,271.65,0.8058,-1,-1,-1
113,19,940.37,210.15,57.96,185.22,0.6523,-1,-1,-1
113,22,1146.33,150.34,63.56,167.23,0.4301,-1,-1,-1
114,1,419.62,286.18,87.27,223.25,0.7351,-1,-1,-1
114,2,103.67,545.43,72.10,251.28,0.6596,-1,-1,-1
114,3,1133.13,933.47,73.28,146.53,0.7548,-1,-1,-1
114,4,1721.83,456.53,73.54,210.35,0.6204,-1,-1,-1
114,5,1356.94,575.24,82.04,215.44,0.5367,-1,-1,-1
114,6,48.38,668.01,82.00,226.17,0.6566,-1,-1,-1
114,8,519.67,235.37,74.20,200.98,0.5680,-1,-1,-1
114,17,389.13,794.07,95.85,270.57,0.8080,-1,-1,-1
114,19,937.07,209.55,58.63,185.63,0.6028,-1,-1,-1
114,22,1133.11,149.84,75.27,167.35,0.3082,-1,-1,-1
114,24,475.65,154.57,60.10,178.14,0.3256,-1,-1,-1
115,1,420.15,286.84,86.93,222.44,0.7585,-1,-1,-1
115,2,104.02,545.41,71.31,253.07,0.6313,-1,-1,-1
115,3,1128.93,933.93,75.84,146.10,0.7635,-1,-1,-1
115,4,1721.56,456.79,74.52,210.84,0.6521,-1,-1,-1
115,5,1356.99,574.78,82.96,214.16,0.5500,-1,-1,-1
115,6,52.77,665.85,81.45,227.35,0.6842,-1,-1,-1
115,8,521.58,236.44,74.96,201.51,0.6075,-1,-1,-1
115,17,389.25,790.64,98.15,269.60,0.8050,-1,-1,-1
115,19,937.29,210.46,57.12,183.95,0.6124,-1,-1,-1
115,24,476.26,155.02,58.91,175.90,0.3448,-1,-1,-1
116,1,419.43,285.68,87.15,223.69,0.7556,-1,-1,-1
116,2,103.53,546.19,70.98,247.75,0.5931,-1,-1,-1
116,3,1126.61,934.34,75.22,145.61,0.7661,-1,-1,-1
116,4,1721.60,460.45,73.93,206.71,0.6301,-1,-1,-1
116,5,1356.53,575.17,83.78,217.77,0.5447,-1,-1,-1
116,6,58.92,664.60,76.28,221.19,0.6926,-1,-1,-1
116,8,520.07,235.39,74.49,203.04,0.5901,-1,-1,-1
116,17,390.69,788.32,98.75,272.51,0.8107,-1,-1,-1
116,19,934.95,211.00,58.60,182.50,0.5613,-1,-1,-1
116,22,1116.88,149.86,85.66,169.01,0.3419,-1,-1,-1
116,24,475.03,153.81,60.59,177.34,0.3674,-1,-1,-1
117,1,419.81,285.28,86.83,223.93,0.7545,-1,-1,-1
117,2,103.31,545.76,70.89,245.10,0.5550,-1,-1,-1
117,3,1124.24,934.28,76.02,145.11,0.7594,-1,-1,-1
117,4,1721.25,459.65,74.25,206.62,0.6434,-1,-1,-1
117,5,1356.10,576.21,84.77,221.32,0.5571,-1,-1,-1
117,6,66.71,664.77,73.54,216.50,0.7182,-1,-1,-1
117,8,520.29,236.06,74.11,203.63,0.5521,-1,-1,-1
117,17,390.20,787.14,100.09,272.15,0.8086,-1,-1,-1
117,19,934.38,210.79,56.31,180.69,0.5326,-1,-1,-1
117,22,1108.95,147.16,90.22,172.83,0.3497,-1,-1,-1
118,1,420.84,284.93,85.45,223.78,0.7446,-1,-1,-1
118,2,99.50,545.17,75.16,246.49,0.5335,-1,-1,-1
118,3,1121.03,934.18,77.86,145.61,0.7778,-1,-1,-1
118,4,1721.52,459.88,73.87,206.47,0.6524,-1,-1,-1
118,5,1356.41,575.56,84.02,215.00,0.5142,-1,-1,-1
118,6,71.63,666.51,70.86,211.63,0.6109,-1,-1,-1
118,8,519.99,235.30,74.38,207.16,0.5839,-1,-1,-1
118,17,390.21,785.36,101.55,276.00,0.7999,-1,-1,-1
118,19,930.09,211.40,59.18,183.36,0.5608,-1,-1,-1
118,22,1107.77,146.75,89.31,173.34,0.3868,-1,-1,-1
119,1,420.69,284.65,85.29,223.68,0.7465,-1,-1,-1
119,2,99.24,546.94,75.07,254.76,0.5137,-1,-1,-1
119,3,1117.72,934.23,78.33,145.78,0.7949,-1,-1,-1
119,4,1721.49,456.48,73.96,209.63,0.6540,-1,-1,-1
119,5,1356.94,575.90,83.14,217.40,0.4831,-1,-1,-1
119,6,75.85,669.38,72.29,208.60,0.5397,-1,-1,-1
119,8,520.10,237.17,72.54,207.33,0.6029,-1,-1,-1
119,17,392.44,784.10,100.39,274.56,0.8011,-1,-1,-1
119,19,930.89,210.63,55.90,185.80,0.5353,-1,-1,-1
119,22,1104.66,145.86,91.27,174.99,0.4333,-1,-1,-1
119,24,478.42,160.55,56.18,171.09,0.3121,-1,-1,-1
120,1,420.98,284.01,84.86,224.55,0.7471,-1,-1,-1
120,2,99.14,545.55,75.03,257.04,0.5087,-1,-1,-1
120,3,1114.10,933.54,78.85,146.45,0.7977,-1,-1,-1
120,4,1720.81,459.71,75.20,207.25,0.6285,-1,-1,-1
120,5,1356.22,577.09,83.45,212.60,0.4814,-1,-1,-1
120,6,81.41,666.31,68.99,207.55,0.5924,-1,-1,-1
120,8,520.93,240.47,71.35,202.76,0.5788,-1,-1,-1
120,17,392.67,782.91,100.59,274.85,0.8034,-1,-1,-1
120,19,929.26,211.14,56.77,186.56,0.5361,-1,-1,-1
120,22,1102.73,146.08,92.58,174.44,0.4380,-1,-1,-1
121,1,421.15,281.85,83.93,225.26,0.7513,-1,-1,-1
121,2,99.72,543.76,74.75,247.01,0.4923,-1,-1,-1
121,3,1110.24,932.75,80.04,147.25,0.7760,-1,-1,-1
121,4,1721.87,455.83,73.75,211.15,0.6356,-1,-1,-1
121,5,1356.49,575.94,82.65,212.88,0.5525,-1,-1,-1
121,6,81.14,664.00,72.82,211.64,0.6924,-1,-1,-1
121,8,521.91,242.80,67.60,199.59,0.5769,-1,-1,-1
121,17,392.83,780.33,101.06,276.73,0.8024,-1,-1,-1
121,19,926.80,211.31,57.67,186.92,0.4904,-1,-1,-1
121,22,1104.39,145.75,86.05,173.73,0.4005,-1,-1,-1
121,24,479.01,165.69,54.58,163.89,0.3195,-1,-1,-1
121,25,625.40,750.22,57.08,170.46,0.3405,-1,-1,-1
122,1,421.31,281.14,84.12,223.38,0.7519,-1,-1,-1
122,2,101.15,543.86,72.68,214.46,0.4590,-1,-1,-1
122,3,1106.35,932.39,80.59,147.62,0.7838,-1,-1,-1
122,4,1720.19,459.58,75.83,207.27,0.6482,-1,-1,-1
122,5,1356.83,576.38,83.96,216.38,0.4784,-1,-1,-1
122,6,83.47,661.09,76.55,214.06,0.6640,-1,-1,-1
122,8,520.97,242.39,66.43,199.53,0.5994,-1,-1,-1
122,17,392.41,779.95,102.08,276.80,0.7993,-1,-1,-1
122,19,926.11,211.25,55.86,187.11,0.4258,-1,-1,-1
122,22,1105.54,145.25,82.69,173.04,0.3585,-1,-1,-1
122,25,625.76,751.07,57.45,168.75,0.3510,-1,-1,-1
123,1,422.28,280.22,82.85,220.68,0.7333,-1,-1,-1
123,2,102.51,546.01,70.58,207.60,0.4803,-1,-1,-1
123,3,1104.63,931.49,79.45,148.05,0.7825,-1,-1,-1
123,4,1720.91,458.98,75.54,207.79,0.6468,-1,-1,-1
123,5,1356.42,576.27,84.20,212.96,0.5541,-1,-1,-1
123,6,84.71,658.93,76.96,214.96,0.6611,-1,-1,-1
123,8,521.51,244.54,66.45,196.72,0.5734,-1,-1,-1
123,17,392.23,778.46,102.15,276.82,0.7932,-1,-1,-1
123,19,925.70,209.79,55.94,188.85,0.4609,-1,-1,-1
123,22,1107.15,144.71,75.74,172.85,0.3437,-1,-1,-1
123,25,625.47,752.30,57.07,167.52,0.3279,-1,-1,-1
124,1,422.25,278.94,82.55,217.48,0.7285,-1,-1,-1
124,2,102.41,546.04,70.44,212.41,0.3546,-1,-1,-1
124,3,1101.03,929.86,79.55,149.52,0.7833,-1,-1,-1
124,4,1720.72,459.56,75.37,206.82,0.6139,-1,-1,-1
124,5,1356.87,576.44,83.41,214.47,0.5147,-1,-1,-1
124,6,91.58,656.89,70.74,217.05,0.5100,-1,-1,-1
124,8,522.63,244.80,69.20,197.56,0.5247,-1,-1,-1
124,17,393.31,778.09,102.83,273.67,0.7934,-1,-1,-1
124,19,922.64,209.93,57.12,188.66,0.4638,-1,-1,-1
124,22,1105.29,143.30,72.50,172.21,0.3050,-1,-1,-1
125,1,422.79,278.25,81.74,213.55,0.7077,-1,-1,-1
125,2,102.40,545.33,70.50,210.24,0.3387,-1,-1,-1
125,3,1097.23,929.75,80.21,150.11,0.7887,-1,-1,-1
125,4,1720.96,458.07,74.63,208.72,0.6334,-1,-1,-1
125,5,1357.11,575.84,82.98,214.96,0.4870,-1,-1,-1
125,6,97.36,653.56,64.85,220.28,0.4100,-1,-1,-1
125,8,522.63,247.19,67.59,191.38,0.5244,-1,-1,-1
125,17,393.30,775.04,101.78,276.24,0.7896,-1,-1,-1
125,19,920.98,210.47,56.16,188.80,0.4720,-1,-1,-1
125,22,1106.05,141.69,68.82,173.44,0.3251,-1,-1,-1
126,1,421.72,277.42,82.44,213.58,0.7061,-1,-1,-1
126,2,100.65,539.45,73.83,173.38,0.3042,-1,-1,-1
126,3,1093.75,929.10,80.97,150.45,0.8041,-1,-1,-1
126,4,1720.38,458.53,74.97,208.86,0.6342,-1,-1,-1
126,5,1357.52,575.77,82.17,212.77,0.5265,-1,-1,-1
126,8,523.17,248.72,67.74,191.88,0.5491,-1,-1,-1
126,17,393.46,770.05,98.85,279.07,0.8009,-1,-1,-1
126,19,919.88,211.06,53.55,189.13,0.4829,-1,-1,-1
126,22,1104.89,140.79,62.88,172.51,0.3623,-1,-1,-1
127,1,422.78,277.00,80.51,213.50,0.6878,-1,-1,-1
127,2,105.24,556.74,67.73,291.81,0.3019,-1,-1,-1
127,3,1090.55,929.09,82.56,150.92,0.8075,-1,-1,-1
127,4,1720.97,459.02,74.83,207.55,0.6578,-1,-1,-1
127,5,1357.59,576.76,82.61,213.56,0.5208,-1,-1,-1
127,8,523.88,251.86,67.17,188.79,0.5625,-1,-1,-1
127,17,394.21,765.41,96.27,276.59,0.7938,-1,-1,-1
127,19,918.60,210.86,53.55,189.17,0.4227,-1,-1,-1
127,22,1105.38,140.93,57.21,172.74,0.3624,-1,-1,-1
128,1,422.49,276.46,80.03,213.15,0.6692,-1,-1,-1
128,2,96.02,530.47,84.96,191.59,0.3948,-1,-1,-1
128,3,1087.74,928.10,81.30,151.52,0.7924,-1,-1,-1
128,4,1720.94,459.24,75.40,207.02,0.6282,-1,-1,-1
128,5,1357.24,576.82,82.95,214.78,0.5060,-1,-1,-1
128,8,524.82,254.46,65.47,188.42,0.5359,-1,-1,-1
128,17,393.46,760.87,97.88,276.15,0.7916,-1,-1,-1
128,19,914.45,212.32,55.23,189.63,0.4347,-1,-1,-1
128,22,1100.73,140.67,59.26,172.39,0.3970,-1,-1,-1
129,1,419.10,275.80,81.02,216.49,0.6900,-1,-1,-1
129,2,103.46,544.23,70.49,239.68,0.3545,-1,-1,-1
129,3,1085.82,927.66,80.91,151.76,0.7887,-1,-1,-1
129,4,1720.75,458.29,74.95,206.46,0.6350,-1,-1,-1
129,5,1365.13,576.20,77.81,220.43,0.4783,-1,-1,-1
129,8,525.53,255.35,63.93,191.90,0.5922,-1,-1,-1
129,17,395.73,756.21,94.96,270.90,0.7937,-1,-1,-1
129,19,911.51,213.08,56.64,187.62,0.4730,-1,-1,-1
130,1,418.89,273.97,81.15,218.50,0.7044,-1,-1,-1
130,2,102.69,543.81,71.89,245.40,0.5560,-1,-1,-1
130,3,1082.01,926.87,82.03,152.24,0.7804,-1,-1,-1
130,4,1721.43,458.44,74.39,207.72,0.6125,-1,-1,-1
130,5,1358.78,575.27,83.31,218.16,0.4893,-1,-1,-1
130,8,527.38,257.65,61.30,193.07,0.5551,-1,-1,-1
130,17,397.05,754.18,93.33,264.86,0.7505,-1,-1,-1
130,19,904.33,214.35,63.17,186.66,0.4837,-1,-1,-1
130,25,624.92,752.08,57.23,165.81,0.3090,-1,-1,-1
131,1,420.36,272.89,79.72,219.09,0.6627,-1,-1,-1
131,2,102.81,542.97,71.97,245.19,0.6458,-1,-1,-1
131,3,1080.86,926.87,80.47,151.24,0.7587,-1,-1,-1
131,4,1721.30,459.07,74.25,207.08,0.6177,-1,-1,-1
131,5,1360.52,576.53,81.56,214.80,0.5042,-1,-1,-1
131,8,528.25,257.70,60.62,199.30,0.5053,-1,-1,-1
131,17,396.02,752.37,93.20,263.29,0.7422,-1,-1,-1
131,19,900.83,214.20,64.48,186.43,0.4996,-1,-1,-1
132,1,419.26,273.07,81.06,219.37,0.6494,-1,-1,-1
132,2,102.24,544.06,73.89,246.96,0.5844,-1,-1,-1
132,3,1079.85,927.60,80.78,150.75,0.7712,-1,-1,-1
132,4,1721.35,459.30,74.26,207.02,0.6176,-1,-1,-1
132,5,1359.35,576.19,81.62,215.08,0.5145,-1,-1,-1
132,8,529.71,252.92,62.26,204.96,0.5012,-1,-1,-1
132,17,393.55,750.18,94.31,265.79,0.7531,-1,-1,-1
132,19,900.16,213.08,67.10,187.65,0.4839,-1,-1,-1
132,22,1090.11,139.83,57.97,169.49,0.3921,-1,-1,-1
133,1,418.58,272.01,81.43,219.80,0.6419,-1,-1,-1
133,2,101.99,544.17,75.02,246.91,0.5380,-1,-1,-1
133,3,1078.16,927.66,80.79,150.91,0.7793,-1,-1,-1
133,4,1720.84,458.72,74.70,206.67,0.6034,-1,-1,-1
133,5,1357.66,576.68,83.90,214.09,0.4925,-1,-1,-1
133,8,530.94,252.84,60.34,207.16,0.5160,-1,-1,-1
133,17,390.00,749.04,98.20,265.52,0.7544,-1,-1,-1
133,19,900.22,210.83,67.33,191.41,0.4771,-1,-1,-1
133,22,1082.67,139.96,59.64,169.49,0.3851,-1,-1,-1
133,28,574.59,247.87,55.43,181.70,0.3170,-1,-1,-1
134,1,418.10,272.91,81.44,218.64,0.6427,-1,-1,-1
134,2,101.56,544.01,77.11,236.95,0.5153,-1,-1,-1
134,3,1076.24,927.13,78.78,150.72,0.7850,-1,-1,-1
134,4,1721.11,459.66,74.08,206.93,0.5942,-1,-1,-1
134,5,1358.64,575.86,83.48,216.60,0.4823,-1,-1,-1
134,8,531.46,255.13,57.45,203.83,0.5154,-1,-1,-1
134,17,388.80,748.15,98.91,265.96,0.7698,-1,-1,-1
134,19,898.96,211.71,66.49,190.37,0.4614,-1,-1,-1
134,22,1074.20,139.52,68.17,171.42,0.4335,-1,-1,-1
134,28,575.10,246.25,54.48,184.08,0.4139,-1,-1,-1
135,1,415.77,271.21,83.59,219.29,0.6420,-1,-1,-1
135,2,101.33,542.63,77.92,241.87,0.6185,-1,-1,-1
135,3,1074.88,926.39,79.09,151.73,0.7817,-1,-1,-1
135,4,1720.19,458.45,75.16,207.71,0.5993,-1,-1,-1
135,5,1358.08,575.95,84.36,217.26,0.5092,-1,-1,-1
135,8,530.34,258.91,57.94,202.97,0.5554,-1,-1,-1
135,17,389.00,745.76,98.31,268.56,0.7791,-1,-1,-1
135,19,898.91,210.91,66.15,191.44,0.4352,-1,-1,-1
135,22,1057.60,140.34,82.49,172.45,0.4571,-1,-1,-1
135,28,575.90,246.93,54.17,184.95,0.4343,-1,-1,-1
136,1,417.30,270.76,81.45,218.56,0.6729,-1,-1,-1
136,2,101.81,543.65,75.48,239.44,0.6229,-1,-1,-1
136,3,1073.38,926.85,76.94,150.60,0.7889,-1,-1,-1
136,4,1721.24,458.81,74.37,208.18,0.6119,-1,-1,-1
136,5,1362.19,577.23,82.96,220.59,0.4840,-1,-1,-1
136,8,530.07,258.72,57.31,202.69,0.5588,-1,-1,-1
136,17,385.31,745.32,102.13,268.40,0.7919,-1,-1,-1
136,19,897.71,211.94,63.35,189.60,0.4137,-1,-1,-1
136,22,1045.59,140.57,91.88,170.84,0.5635,-1,-1,-1
136,28,576.15,249.89,53.06,185.74,0.5032,-1,-1,-1
137,1,415.96,268.86,82.40,219.18,0.6641,-1,-1,-1
137,2,101.89,544.70,71.51,237.33,0.5726,-1,-1,-1
137,3,1071.47,927.34,77.16,149.84,0.7950,-1,-1,-1
137,4,1721.17,457.39,74.83,208.97,0.6083,-1,-1,-1
137,5,1365.72,577.57,79.00,219.15,0.4577,-1,-1,-1
137,6,132.48,637.86,74.78,210.40,0.4475,-1,-1,-1
137,8,531.86,255.71,55.94,205.05,0.5879,-1,-1,-1
137,17,384.03,744.92,102.65,268.37,0.7900,-1,-1,-1
137,19,896.53,211.07,61.18,191.28,0.4160,-1,-1,-1
137,22,1043.23,138.94,92.01,171.49,0.5822,-1,-1,-1
137,28,574.65,250.57,55.16,185.69,0.4578,-1,-1,-1
138,1,416.14,267.64,81.88,219.48,0.6923,-1,-1,-1
138,2,102.18,545.15,67.44,236.99,0.5975,-1,-1,-1
138,3,1070.12,927.65,76.43,149.65,0.7898,-1,-1,-1
138,4,1721.00,457.76,74.92,209.11,0.6049,-1,-1,-1
138,5,1365.06,577.28,79.59,221.74,0.4478,-1,-1,-1
138,6,134.02,638.05,82.34,209.01,0.4313,-1,-1,-1
138,8,532.61,255.74,54.56,203.04,0.5915,-1,-1,-1
138,17,383.12,744.83,103.19,267.77,0.7894,-1,-1,-1
138,19,894.59,211.67,54.42,180.94,0.4599,-1,-1,-1
138,22,1039.78,140.46,94.54,170.05,0.6017,-1,-1,-1
138,28,574.55,250.89,55.64,184.88,0.4441,-1,-1,-1
139,1,415.73,266.04,81.22,220.85,0.6408,-1,-1,-1
139,2,101.76,545.35,67.17,238.45,0.6168,-1,-1,-1
139,3,1068.79,927.35,75.83,149.20,0.7877,-1,-1,-1
139,4,1720.64,457.75,75.36,209.17,0.6234,-1,-1,-1
139,5,1361.79,576.38,84.07,224.00,0.4688,-1,-1,-1
139,6,138.49,636.12,88.70,207.90,0.4482,-1,-1,-1
139,8,532.32,258.88,54.91,200.50,0.5748,-1,-1,-1
139,17,382.79,744.54,102.58,266.99,0.7959,-1,-1,-1
139,19,893.37,210.41,59.52,189.71,0.5243,-1,-1,-1
139,22,1040.87,140.63,92.16,170.90,0.5913,-1,-1,-1
139,28,574.21,250.78,56.28,184.08,0.4395,-1,-1,-1
140,1,417.46,267.39,79.46,217.26,0.6143,-1,-1,-1
140,2,102.12,545.18,65.68,239.57,0.6184,-1,-1,-1
140,3,1066.91,926.35,76.32,149.70,0.7918,-1,-1,-1
140,4,1720.83,458.37,75.18,208.70,0.6357,-1,-1,-1
140,5,1358.32,576.38,84.72,214.42,0.5495,-1,-1,-1
140,6,143.38,633.65,89.52,206.55,0.4228,-1,-1,-1
140,8,531.93,258.15,56.13,202.71,0.6020,-1,-1,-1
140,17,383.97,741.57,101.76,267.35,0.7965,-1,-1,-1
140,19,889.10,209.78,53.13,183.45,0.4703,-1,-1,-1
140,22,1039.95,140.76,91.43,171.18,0.5769,-1,-1,-1
140,28,578.07,251.67,54.07,180.76,0.4523,-1,-1,-1
141,1,416.70,265.12,79.78,216.88,0.6322,-1,-1,-1
141,2,102.36,545.80,66.25,240.72,0.6446,-1,-1,-1
141,3,1064.89,924.98,75.86,151.60,0.7873,-1,-1,-1
141,4,1721.06,458.29,75.01,207.98,0.6219,-1,-1,-1
141,5,1357.60,575.69,86.15,216.29,0.4987,-1,-1,-1
141,6,145.46,629.17,88.60,207.81,0.5915,-1,-1,-1
141,8,531.75,257.91,55.95,202.01,0.6033,-1,-1,-1
141,17,384.85,739.40,99.94,267.42,0.7965,-1,-1,-1
141,19,886.25,209.71,54.83,187.18,0.5440,-1,-1,-1
141,22,1042.14,140.34,86.04,170.31,0.5577,-1,-1,-1
141,28,579.92,249.50,51.46,183.87,0.4782,-1,-1,-1
141,30,818.16,248.41,57.99,169.31,0.3834,-1,-1,-1
142,1,417.07,264.24,78.49,216.59,0.6330,-1,-1,-1
142,2,103.24,545.88,66.57,241.89,0.6582,-1,-1,-1
142,3,1064.97,924.65,72.93,152.83,0.7776,-1,-1,-1
142,4,1721.43,459.13,74.95,206.98,0.6235,-1,-1,-1
142,5,1357.27,575.97,86.91,217.86,0.4813,-1,-1,-1
142,6,149.27,628.80,83.84,205.06,0.5438,-1,-1,-1
142,8,531.75,257.11,55.89,203.10,0.5993,-1,-1,-1
142,17,387.21,737.19,96.55,268.28,0.7915,-1,-1,-1
142,19,883.07,208.43,54.64,187.36,0.5166,-1,-1,-1
142,22,1039.89,140.55,86.63,169.08,0.5955,-1,-1,-1
142,25,624.03,752.05,58.92,168.52,0.3330,-1,-1,-1
142,28,581.02,249.89,52.40,182.68,0.4967,-1,-1,-1
143,1,415.09,259.16,78.64,221.49,0.6334,-1,-1,-1
143,2,103.56,545.27,67.16,241.30,0.6745,-1,-1,-1
143,3,1063.40,923.46,72.22,153.14,0.7624,-1,-1,-1
143,4,1721.27,459.16,74.86,206.96,0.6336,-1,-1,-1
143,5,1357.82,575.80,86.00,217.82,0.4812,-1,-1,-1
143,6,149.45,629.68,86.07,208.08,0.6523,-1,-1,-1
143,8,530.78,257.40,56.28,203.00,0.5948,-1,-1,-1
143,17,388.54,734.27,94.74,265.62,0.8026,-1,-1,-1
143,19,881.45,206.86,53.60,188.96,0.4787,-1,-1,-1
143,22,1042.02,137.96,81.81,171.54,0.5707,-1,-1,-1
143,28,581.45,247.71,53.42,186.59,0.4529,-1,-1,-1
144,1,414.53,259.25,80.27,217.73,0.6325,-1,-1,-1
144,2,103.33,545.70,68.18,241.10,0.6870,-1,-1,-1
144,3,1062.28,923.06,70.45,153.59,0.7571,-1,-1,-1
144,4,1721.63,459.76,74.57,207.00,0.6215,-1,-1,-1
144,5,1358.43,575.93,85.68,217.23,0.4979,-1,-1,-1
144,6,153.52,630.77,81.65,207.23,0.6817,-1,-1,-1
144,8,530.38,259.68,57.67,202.77,0.6042,-1,-1,-1
144,17,389.48,730.91,93.49,261.87,0.7949,-1,-1,-1
144,19,877.63,206.77,57.25,188.77,0.4740,-1,-1,-1
144,22,1041.41,136.66,78.73,171.90,0.4558,-1,-1,-1
144,24,479.61,184.32,57.88,176.59,0.3207,-1,-1,-1
144,28,581.93,252.28,55.94,183.59,0.4936,-1,-1,-1
145,1,416.42,259.56,77.93,211.25,0.6209,-1,-1,-1
145,2,103.70,545.72,69.12,242.77,0.7087,-1,-1,-1
145,3,1060.90,922.82,67.98,153.84,0.7581,-1,-1,-1
145,4,1721.57,459.26,74.19,206.60,0.6104,-1,-1,-1
145,5,1357.99,575.85,84.78,214.30,0.5399,-1,-1,-1
145,6,157.88,627.52,76.44,211.95,0.7004,-1,-1,-1
145,8,529.56,259.29,56.76,202.60,0.5954,-1,-1,-1
145,17,392.77,729.44,90.86,256.15,0.7986,-1,-1,-1
145,19,872.22,207.19,61.93,186.16,0.5444,-1,-1,-1
145,22,1041.29,136.34,69.56,171.87,0.4223,-1,-1,-1
145,28,583.18,252.52,55.03,183.97,0.5291,-1,-1,-1
146,1,414.80,253.27,76.59,218.38,0.6398,-1,-1,-1
146,2,103.64,545.95,69.68,242.55,0.7158,-1,-1,-1
146,3,1058.60,921.74,66.38,156.80,0.7415,-1,-1,-1
146,4,1721.90,459.61,74.16,207.51,0.6140,-1,-1,-1
146,5,1357.85,575.61,85.04,217.84,0.5123,-1,-1,-1
146,6,159.12,624.41,76.30,214.36,0.7111,-1,-1,-1
146,8,530.34,259.29,57.54,204.74,0.5937,-1,-1,-1
146,17,393.53,726.25,91.09,251.65,0.7770,-1,-1,-1
146,19,872.51,206.43,59.82,185.51,0.4906,-1,-1,-1
146,22,1041.19,136.32,64.04,171.17,0.4848,-1,-1,-1
146,28,584.98,254.30,53.12,186.74,0.5111,-1,-1,-1
147,1,414.44,253.12,77.62,219.30,0.6466,-1,-1,-1
147,2,103.94,546.13,69.70,241.09,0.7135,-1,-1,-1
147,3,1057.08,921.09,63.09,157.59,0.7265,-1,-1,-1
147,4,1721.45,458.83,74.93,207.33,0.6273,-1,-1,-1
147,5,1358.42,574.39,84.53,217.57,0.5410,-1,-1,-1
147,6,160.86,619.97,75.37,216.21,0.6895,-1,-1,-1
147,8,530.35,260.20,56.69,206.36,0.6095,-1,-1,-1
147,17,394.36,718.80,91.28,256.08,0.7797,-1,-1,-1
147,19,869.57,205.73,62.03,185.19,0.4782,-1,-1,-1
147,22,1040.41,135.30,60.97,171.13,0.4761,-1,-1,-1
147,28,584.85,254.96,54.31,188.41,0.5378,-1,-1,-1
148,1,413.92,252.79,78.32,219.25,0.6339,-1,-1,-1
148,2,103.69,545.46,70.56,241.82,0.7137,-1,-1,-1
148,3,1055.14,919.37,62.76,157.33,0.7275,-1,-1,-1
148,4,1721.47,458.39,74.84,208.71,0.6467,-1,-1,-1
148,5,1357.76,575.33,83.77,216.26,0.5583,-1,-1,-1
148,6,163.83,616.51,75.56,215.33,0.7077,-1,-1,-1
148,8,530.31,261.54,59.27,207.00,0.5948,-1,-1,-1
148,17,394.54,717.00,92.38,255.54,0.7778,-1,-1,-1
148,19,867.00,204.94,63.04,191.84,0.4453,-1,-1,-1
148,22,1038.50,134.83,56.28,171.29,0.4419,-1,-1,-1
148,28,585.63,255.53,54.25,188.97,0.4960,-1,-1,-1
149,1,416.14,257.04,77.19,213.60,0.6253,-1,-1,-1
149,2,103.88,545.71,70.35,241.39,0.7151,-1,-1,-1
149,3,1054.27,918.12,62.43,158.98,0.7264,-1,-1,-1
149,4,1721.02,458.92,74.42,207.51,0.6220,-1,-1,-1
149,5,1357.89,575.35,84.79,215.41,0.5456,-1,-1,-1
149,6,168.40,614.65,72.48,214.58,0.6959,-1,-1,-1
149,8,531.11,263.32,59.34,206.06,0.6301,-1,-1,-1
149,17,396.19,712.59,93.32,260.35,0.7880,-1,-1,-1
149,19,865.94,204.46,61.87,192.83,0.4438,-1,-1,-1
149,22,1036.96,135.45,54.04,169.31,0.3612,-1,-1,-1
149,25,624.25,751.42,59.15,167.26,0.3258,-1,-1,-1
149,28,586.33,256.26,54.81,189.97,0.4507,-1,-1,-1
150,1,416.49,256.84,76.93,213.23,0.6200,-1,-1,-1
150,2,103.54,545.58,70.76,242.97,0.7131,-1,-1,-1
150,3,1052.20,916.26,61.34,161.71,0.7370,-1,-1,-1
150,4,1721.20,458.52,74.62,208.18,0.6388,-1,-1,-1
150,5,1356.94,574.96,85.59,217.20,0.5401,-1,-1,-1
150,6,175.81,613.77,65.33,213.47,0.6569,-1,-1,-1
150,8,531.39,265.41,57.55,207.57,0.6156,-1,-1,-1
150,17,394.61,710.77,97.01,263.27,0.7854,-1,-1,-1
150,19,865.89,205.47,63.16,192.72,0.4059,-1,-1,-1
150,22,1033.56,134.41,56.23,172.11,0.4901,-1,-1,-1
150,25,625.63,751.65,56.80,166.99,0.3237,-1,-1,-1
150,28,586.93,256.92,55.37,190.70,0.4349,-1,-1,-1
151,1,417.13,255.89,75.29,214.42,0.6164,-1,-1,-1
151,2,103.26,546.77,71.43,243.37,0.7217,-1,-1,-1
151,3,1051.40,913.41,60.92,164.02,0.7369,-1,-1,-1
151,4,1722.11,458.31,73.02,207.51,0.6251,-1,-1,-1
151,5,1367.31,574.50,75.65,223.71,0.4862,-1,-1,-1
151,6,180.70,611.79,68.81,215.02,0.6709,-1,-1,-1
151,8,531.38,266.28,56.22,209.37,0.6115,-1,-1,-1
151,17,396.22,710.49,95.84,263.35,0.7811,-1,-1,-1
151,19,864.47,205.12,62.84,191.15,0.4592,-1,-1,-1
151,22,1030.14,132.34,57.03,173.58,0.4875,-1,-1,-1
151,25,625.38,751.19,57.15,167.16,0.3584,-1,-1,-1
151,28,587.89,259.96,55.13,190.78,0.4178,-1,-1,-1
152,1,417.47,255.13,75.36,215.31,0.6065,-1,-1,-1
152,2,102.65,546.93,72.53,242.76,0.7176,-1,-1,-1
152,3,1049.55,913.43,60.41,164.61,0.7421,-1,-1,-1
152,4,1721.86,458.08,73.67,208.48,0.6157,-1,-1,-1
152,5,1359.98,576.25,82.11,214.36,0.5302,-1,-1,-1
152,6,182.81,610.37,67.41,216.36,0.6901,-1,-1,-1
152,8,531.95,272.02,54.27,205.62,0.5930,-1,-1,-1
152,17,396.63,708.20,97.79,264.78,0.7669,-1,-1,-1
152,19,863.62,205.81,62.69,190.22,0.5193,-1,-1,-1
152,22,1024.83,130.19,59.98,172.62,0.4075,-1,-1,-1
152,25,624.67,751.74,56.64,166.44,0.4332,-1,-1,-1
152,28,588.57,260.85,55.53,191.19,0.4125,-1,-1,-1
153,1,417.47,254.21,74.37,215.73,0.5835,-1,-1,-1
153,2,103.63,548.02,71.21,245.24,0.7269,-1,-1,-1
153,3,1047.65,912.20,60.42,166.70,0.7306,-1,-1,-1
153,4,1721.54,457.45,73.92,209.02,0.6102,-1,-1,-1
153,5,1360.41,575.49,80.65,215.46,0.5162,-1,-1,-1
153,6,184.77,610.68,69.51,215.28,0.7366,-1,-1,-1
153,8,531.68,275.30,54.73,201.88,0.5872,-1,-1,-1
153,17,396.44,709.16,99.51,264.19,0.7589,-1,-1,-1
153,19,862.14,204.83,63.52,191.45,0.4963,-1,-1,-1
153,22,1022.77,131.77,60.26,170.99,0.4119,-1,-1,-1
153,25,625.94,751.24,54.57,166.80,0.4105,-1,-1,-1
153,28,591.42,267.09,53.57,184.22,0.3226,-1,-1,-1
154,1,415.10,253.08,75.63,216.82,0.6005,-1,-1,-1
154,2,103.92,547.07,71.20,246.07,0.7201,-1,-1,-1
154,3,1046.85,911.67,59.40,167.58,0.7148,-1,-1,-1
154,4,1721.51,459.76,73.74,206.44,0.5870,-1,-1,-1
154,5,1359.87,576.54,81.85,215.44,0.5210,-1,-1,-1
154,6,187.76,610.95,68.91,213.64,0.7531,-1,-1,-1
154,8,532.68,277.15,54.48,200.08,0.5637,-1,-1,-1
154,17,396.78,709.13,100.66,263.20,0.7634,-1,-1,-1
154,19,860.17,205.26,64.40,191.33,0.5084,-1,-1,-1
154,22,1014.09,130.53,65.18,173.49,0.3512,-1,-1,-1
154,25,624.89,752.02,57.75,167.35,0.3311,-1,-1,-1
155,1,415.96,251.68,74.31,218.46,0.6035,-1,-1,-1
155,2,103.05,545.61,71.58,247.73,0.6971,-1,-1,-1
155,3,1044.90,911.16,59.67,167.77,0.7282,-1,-1,-1
155,4,1722.67,459.17,72.67,206.67,0.5965,-1,-1,-1
155,5,1359.34,576.21,82.76,213.17,0.5695,-1,-1,-1
155,6,192.79,610.94,67.03,213.07,0.7612,-1,-1,-1
155,8,532.62,278.78,55.81,198.06,0.5142,-1,-1,-1
155,17,397.87,706.03,101.91,265.99,0.7630,-1,-1,-1
155,19,857.29,205.13,66.36,189.40,0.5121,-1,-1,-1
155,22,999.84,132.54,76.45,173.04,0.3939,-1,-1,-1
155,25,625.85,751.33,55.60,166.66,0.3381,-1,-1,-1
156,1,416.73,251.42,74.88,214.77,0.6183,-1,-1,-1
156,2,102.55,545.36,72.15,247.34,0.6979,-1,-1,-1
156,3,1042.93,910.60,60.28,169.38,0.7074,-1,-1,-1
156,4,1722.32,459.63,73.18,205.77,0.5861,-1,-1,-1
156,5,1357.39,578.84,82.60,211.80,0.5207,-1,-1,-1
156,6,194.88,608.97,67.42,213.95,0.7527,-1,-1,-1
156,8,532.64,274.72,56.76,200.95,0.4662,-1,-1,-1
156,17,398.48,702.54,100.65,266.97,0.7609,-1,-1,-1
156,19,855.78,204.14,67.37,187.85,0.5453,-1,-1,-1
156,22,992.09,133.67,80.70,171.79,0.4380,-1,-1,-1
157,1,416.59,251.75,74.34,213.02,0.6183,-1,-1,-1
157,2,102.69,545.71,72.24,247.03,0.6961,-1,-1,-1
157,3,1041.82,910.03,59.71,169.44,0.7013,-1,-1,-1
157,4,1722.75,460.09,72.59,205.54,0.5928,-1,-1,-1
157,5,1356.87,578.69,83.32,210.63,0.5218,-1,-1,-1
157,6,197.39,608.39,66.53,214.64,0.7420,-1,-1,-1
157,8,532.44,273.91,57.25,199.47,0.4364,-1,-1,-1
157,17,399.54,704.98,100.07,264.12,0.7721,-1,-1,-1
157,19,855.90,202.96,66.85,184.87,0.5671,-1,-1,-1
157,22,987.58,133.83,82.80,171.55,0.4664,-1,-1,-1
157,25,625.06,747.87,56.80,170.59,0.3374,-1,-1,-1
158,1,417.02,249.34,76.17,215.40,0.6445,-1,-1,-1
158,2,102.51,546.28,72.22,246.22,0.6987,-1,-1,-1
158,3,1039.08,909.72,62.48,170.28,0.7158,-1,-1,-1
158,4,1722.07,459.95,73.64,206.54,0.6108,-1,-1,-1
158,5,1357.04,577.30,83.27,210.67,0.5369,-1,-1,-1
158,6,198.25,606.82,65.62,212.86,0.7155,-1,-1,-1
158,8,530.07,272.20,60.70,200.27,0.4535,-1,-1,-1
158,17,398.90,704.60,98.40,261.69,0.7846,-1,-1,-1
158,19,853.21,201.28,68.55,184.44,0.5554,-1,-1,-1
158,22,987.93,132.65,81.59,172.18,0.3919,-1,-1,-1
159,1,417.90,249.93,75.93,212.26,0.6107,-1,-1,-1
159,2,102.62,546.26,72.04,246.56,0.6950,-1,-1,-1
159,3,1037.57,908.62,61.72,170.55,0.6989,-1,-1,-1
159,4,1722.25,461.54,73.59,204.70,0.6006,-1,-1,-1
159,5,1356.58,578.60,84.57,212.46,0.5144,-1,-1,-1
159,6,199.68,604.31,65.78,212.69,0.6952,-1,-1,-1
159,8,526.92,279.83,64.32,194.87,0.4318,-1,-1,-1
159,17,402.49,703.18,91.15,260.12,0.7614,-1,-1,-1
159,19,851.31,200.42,69.70,188.93,0.5482,-1,-1,-1
159,22,984.80,133.12,82.68,171.42,0.4134,-1,-1,-1
160,1,418.69,247.71,74.34,214.25,0.6445,-1,-1,-1
160,2,102.53,546.84,71.80,246.26,0.6985,-1,-1,-1
160,3,1037.23,908.90,60.84,171.11,0.6800,-1,-1,-1
160,4,1721.43,461.29,73.74,204.73,0.5713,-1,-1,-1
160,5,1357.42,579.82,85.93,217.42,0.4783,-1,-1,-1
160,6,201.20,602.40,65.45,215.55,0.7003,-1,-1,-1
160,8,526.31,285.86,65.30,190.25,0.4710,-1,-1,-1
160,17,401.83,697.48,92.25,256.84,0.7655,-1,-1,-1
160,19,851.58,198.82,68.75,192.18,0.5138,-1,-1,-1
160,22,981.46,132.51,84.08,170.09,0.4732,-1,-1,-1
161,1,417.69,246.78,76.77,211.81,0.6232,-1,-1,-1
161,2,102.35,546.66,72.01,247.25,0.6866,-1,-1,-1
161,3,1033.61,908.18,63.06,171.83,0.6934,-1,-1,-1
161,4,1721.90,460.92,73.42,205.82,0.5778,-1,-1,-1
161,5,1357.19,579.78,84.89,216.65,0.5271,-1,-1,-1
161,6,206.90,598.70,60.59,213.36,0.6673,-1,-1,-1
161,8,525.76,287.53,68.49,190.51,0.4182,-1,-1,-1
161,17,402.45,691.78,91.11,252.78,0.7746,-1,-1,-1
161,19,850.39,196.34,69.74,191.37,0.4849,-1,-1,-1
161,22,982.26,132.52,82.07,170.39,0.4903,-1,-1,-1
162,1,418.82,246.14,76.02,210.25,0.6238,-1,-1,-1
162,2,102.10,546.27,71.75,247.89,0.6726,-1,-1,-1
162,3,1033.14,907.32,61.77,172.68,0.7117,-1,-1,-1
162,4,1721.97,461.74,73.37,205.60,0.5782,-1,-1,-1
162,5,1357.46,579.86,84.98,219.09,0.4898,-1,-1,-1
162,6,210.99,598.05,61.58,207.37,0.6746,-1,-1,-1
162,17,403.20,687.58,91.37,253.65,0.7652,-1,-1,-1
162,19,849.74,195.73,69.23,190.97,0.4879,-1,-1,-1
162,22,982.14,133.67,79.56,169.79,0.3940,-1,-1,-1
163,1,418.60,244.77,77.75,209.60,0.6183,-1,-1,-1
163,2,102.20,546.36,72.24,247.77,0.6630,-1,-1,-1
163,3,1031.43,906.35,62.58,173.65,0.6842,-1,-1,-1
163,4,1721.69,460.71,73.72,206.74,0.5795,-1,-1,-1
163,5,1357.10,580.23,88.49,224.38,0.5062,-1,-1,-1
163,6,212.75,595.55,62.45,207.53,0.6715,-1,-1,-1
163,8,519.87,289.96,71.18,194.46,0.3765,-1,-1,-1
163,17,403.39,683.82,90.44,255.79,0.7711,-1,-1,-1
163,19,850.25,194.27,68.70,188.24,0.4673,-1,-1,-1
163,22,983.15,130.59,75.19,173.07,0.3597,-1,-1,-1
163,28,598.08,272.62,64.05,180.77,0.3019,-1,-1,-1
164,1,417.97,244.31,78.70,208.34,0.6264,-1,-1,-1
164,2,102.10,546.53,71.83,246.89,0.6804,-1,-1,-1
164,3,1030.27,907.38,60.82,172.09,0.7309,-1,-1,-1
164,4,1721.62,460.57,73.98,206.74,0.5986,-1,-1,-1
164,5,1357.03,579.78,88.23,222.88,0.4793,-1,-1,-1
164,6,215.00,594.02,63.22,209.38,0.7060,-1,-1,-1
164,8,519.24,290.96,72.90,194.67,0.3100,-1,-1,-1
164,17,402.35,682.24,91.84,254.79,0.7740,-1,-1,-1
164,19,852.95,192.30,68.46,194.14,0.4607,-1,-1,-1
164,22,983.99,128.73,69.55,172.76,0.3060,-1,-1,-1
165,1,418.50,242.37,79.03,210.15,0.6172,-1,-1,-1
165,2,102.19,546.31,71.60,246.63,0.6767,-1,-1,-1
165,3,1028.56,907.97,61.01,171.55,0.7266,-1,-1,-1
165,4,1721.72,460.24,74.34,206.50,0.5947,-1,-1,-1
165,5,1357.52,580.68,86.31,218.70,0.5016,-1,-1,-1
165,6,212.85,592.11,65.52,209.67,0.7326,-1,-1,-1
165,17,400.48,680.57,94.10,256.80,0.7918,-1,-1,-1
165,19,853.64,191.50,68.31,194.62,0.4858,-1,-1,-1
166,1,418.98,241.56,76.12,210.61,0.5918,-1,-1,-1
166,2,102.04,546.14,71.47,246.79,0.6850,-1,-1,-1
166,3,1026.53,907.53,61.81,171.91,0.6857,-1,-1,-1
166,4,1722.19,460.79,73.16,207.08,0.6249,-1,-1,-1
166,5,1357.15,579.74,84.55,215.16,0.5035,-1,-1,-1
166,6,214.84,590.57,71.05,211.87,0.7023,-1,-1,-1
166,17,399.46,679.05,94.57,259.52,0.7915,-1,-1,-1
166,19,852.93,190.96,69.40,191.61,0.4910,-1,-1,-1
166,28,601.50,274.72,56.03,181.25,0.3013,-1,-1,-1
167,1,418.65,240.55,76.08,212.41,0.5757,-1,-1,-1
167,2,101.78,546.36,72.06,247.26,0.6872,-1,-1,-1
167,3,1023.47,906.63,64.51,173.05,0.6849,-1,-1,-1
167,4,1722.37,460.38,72.69,207.08,0.6082,-1,-1,-1
167,5,1356.78,579.58,84.70,217.73,0.4914,-1,-1,-1
167,6,214.70,589.73,74.98,214.42,0.7078,-1,-1,-1
167,17,399.89,675.49,93.40,261.27,0.7967,-1,-1,-1
167,19,853.24,190.73,69.66,188.51,0.4847,-1,-1,-1
167,28,602.33,276.56,57.03,179.48,0.3136,-1,-1,-1
168,1,417.66,239.51,76.97,213.59,0.5944,-1,-1,-1
168,2,101.78,546.59,72.30,246.88,0.6859,-1,-1,-1
168,3,1020.95,907.18,65.19,172.03,0.7040,-1,-1,-1
168,4,1721.69,458.75,73.66,209.34,0.6113,-1,-1,-1
168,5,1357.52,578.60,82.38,217.42,0.4976,-1,-1,-1
168,6,217.61,589.65,79.17,212.23,0.7156,-1,-1,-1
168,17,398.47,675.86,94.64,261.14,0.7843,-1,-1,-1
168,19,853.50,191.15,69.94,190.22,0.5114,-1,-1,-1
168,22,978.99,123.30,56.07,170.31,0.3005,-1,-1,-1
168,28,601.87,276.61,59.38,178.12,0.3070,-1,-1,-1
169,1,418.21,238.67,78.29,214.17,0.6115,-1,-1,-1
169,2,101.46,545.62,73.21,248.71,0.6517,-1,-1,-1
169,3,1020.48,908.48,65.01,170.60,0.7081,-1,-1,-1
169,4,1721.51,459.98,73.95,208.01,0.6103,-1,-1,-1
169,5,1357.26,578.85,85.57,218.05,0.4627,-1,-1,-1
169,6,220.67,589.19,77.75,213.43,0.6903,-1,-1,-1
169,17,399.15,674.79,94.68,260.82,0.7771,-1,-1,-1
169,19,852.65,190.70,71.21,188.88,0.5298,-1,-1,-1
169,28,601.84,277.22,60.66,177.28,0.3113,-1,-1,-1
170,1,417.99,237.92,78.48,215.42,0.6154,-1,-1,-1
170,2,101.37,546.53,73.80,246.56,0.6540,-1,-1,-1
170,3,1018.66,908.80,62.61,171.01,0.7223,-1,-1,-1
170,4,1720.98,460.79,74.51,207.34,0.6199,-1,-1,-1
170,5,1368.66,577.60,74.58,221.05,0.4462,-1,-1,-1
170,6,221.04,588.87,74.97,213.82,0.6628,-1,-1,-1
170,8,523.92,290.65,66.11,203.09,0.3574,-1,-1,-1
170,17,400.19,673.71,92.65,260.88,0.7748,-1,-1,-1
170,19,856.33,189.79,67.70,188.28,0.5104,-1,-1,-1
171,1,417.57,238.12,78.73,215.17,0.6227,-1,-1,-1
171,2,101.15,546.45,74.88,247.37,0.6600,-1,-1,-1
171,3,1017.95,909.25,61.32,170.76,0.7226,-1,-1,-1
171,4,1721.67,459.79,74.05,208.22,0.6026,-1,-1,-1
171,5,1366.00,577.09,76.39,222.37,0.4552,-1,-1,-1
171,6,219.51,588.64,76.30,212.86,0.6912,-1,-1,-1
171,8,526.06,295.62,62.15,198.52,0.4478,-1,-1,-1
171,17,400.11,672.80,92.44,259.90,0.7746,-1,-1,-1
171,19,860.17,192.13,62.17,183.63,0.4118,-1,-1,-1
171,32,753.18,260.18,58.01,192.68,0.3136,-1,-1,-1
172,1,417.66,237.88,78.33,216.83,0.6274,-1,-1,-1
172,2,100.60,546.66,74.32,246.01,0.6626,-1,-1,-1
172,3,1015.96,910.05,61.42,169.46,0.7437,-1,-1,-1
172,4,1721.87,460.38,73.83,207.36,0.5988,-1,-1,-1
172,5,1357.19,578.10,84.27,216.43,0.4751,-1,-1,-1
172,6,218.73,586.94,77.54,213.79,0.6435,-1,-1,-1
172,8,526.22,291.65,61.24,202.13,0.4287,-1,-1,-1
172,17,400.61,670.70,91.65,259.74,0.7813,-1,-1,-1
172,19,860.39,190.23,65.49,185.31,0.5026,-1,-1,-1
173,1,417.76,237.27,78.19,216.59,0.6149,-1,-1,-1
173,2,100.98,546.19,73.85,247.07,0.6572,-1,-1,-1
173,3,1012.56,910.21,62.73,169.42,0.7341,-1,-1,-1
173,4,1721.01,460.94,74.57,206.36,0.5927,-1,-1,-1
173,5,1357.31,578.65,83.26,214.43,0.5033,-1,-1,-1
173,6,219.24,583.46,76.35,215.69,0.6589,-1,-1,-1
173,8,521.06,295.31,66.49,199.43,0.3293,-1,-1,-1
173,17,403.28,668.64,88.23,259.03,0.7743,-1,-1,-1
173,19,860.78,188.85,66.10,186.92,0.4491,-1,-1,-1
173,32,753.18,260.19,56.75,194.00,0.3912,-1,-1,-1
174,1,417.57,236.64,77.32,217.29,0.6209,-1,-1,-1
174,2,100.42,546.85,74.15,246.57,0.6518,-1,-1,-1
174,3,1009.94,911.85,63.58,168.18,0.7400,-1,-1,-1
174,4,1721.23,459.50,74.27,207.99,0.5972,-1,-1,-1
174,5,1357.25,578.97,82.98,211.65,0.4986,-1,-1,-1
174,6,222.60,583.04,75.20,213.54,0.6753,-1,-1,-1
174,8,522.63,293.82,66.72,200.92,0.4237,-1,-1,-1
174,17,405.95,666.64,85.55,259.85,0.7820,-1,-1,-1
174,19,861.74,186.14,65.25,186.74,0.4382,-1,-1,-1
174,32,752.74,261.67,55.82,192.35,0.3568,-1,-1,-1
175,1,416.83,235.66,77.15,216.49,0.6516,-1,-1,-1
175,2,100.11,546.60,73.89,246.25,0.6575,-1,-1,-1
175,3,1006.62,913.34,64.08,166.70,0.7267,-1,-1,-1
175,4,1721.80,459.92,73.46,207.98,0.5928,-1,-1,-1
175,5,1357.42,578.64,83.50,208.87,0.5189,-1,-1,-1
175,6,225.75,578.82,70.17,214.40,0.6875,-1,-1,-1
175,8,521.76,293.21,66.81,200.90,0.3843,-1,-1,-1
175,17,406.43,663.46,85.45,261.42,0.8045,-1,-1,-1
175,19,863.12,185.63,66.03,182.95,0.4607,-1,-1,-1
175,22,945.54,123.14,73.05,174.26,0.3181,-1,-1,-1
175,32,752.62,261.24,56.91,195.01,0.4074,-1,-1,-1
176,1,417.19,232.74,75.60,218.02,0.6333,-1,-1,-1
176,2,100.30,546.86,73.06,246.45,0.6578,-1,-1,-1
176,3,1006.10,913.20,62.33,166.78,0.7291,-1,-1,-1
176,4,1721.42,459.58,73.40,208.30,0.5881,-1,-1,-1
176,5,1357.42,578.84,82.41,207.17,0.5151,-1,-1,-1
176,6,227.35,576.60,68.00,213.19,0.6687,-1,-1,-1
176,8,512.78,241.32,76.99,249.50,0.3244,-1,-1,-1
176,17,407.23,658.34,83.56,259.02,0.7915,-1,-1,-1
176,19,863.18,184.24,66.19,185.47,0.5038,-1,-1,-1
176,22,939.39,123.06,77.27,175.08,0.3971,-1,-1,-1
176,32,753.17,262.06,55.78,196.18,0.4108,-1,-1,-1
177,1,416.82,232.86,74.98,217.87,0.6370,-1,-1,-1
177,2,100.22,546.89,73.10,245.95,0.6567,-1,-1,-1
177,3,1004.87,912.98,63.21,164.79,0.7310,-1,-1,-1
177,4,1721.06,459.73,74.16,208.05,0.5826,-1,-1,-1
177,5,1357.29,579.25,82.96,209.88,0.4844,-1,-1,-1
177,6,227.27,575.04,68.04,211.19,0.6767,-1,-1,-1
177,8,516.83,248.30,73.55,246.20,0.3783,-1,-1,-1
177,17,408.24,653.37,82.50,253.10,0.7857,-1,-1,-1
177,19,864.14,181.81,66.87,185.24,0.5227,-1,-1,-1
177,22,936.80,123.76,78.26,173.25,0.3622,-1,-1,-1
177,32,752.45,261.46,56.56,198.50,0.3572,-1,-1,-1
178,1,416.27,230.65,74.63,215.05,0.6174,-1,-1,-1
178,2,100.31,547.03,71.78,244.71,0.6538,-1,-1,-1
178,3,1004.28,913.26,62.10,164.61,0.7208,-1,-1,-1
178,4,1721.38,460.27,73.80,207.58,0.5633,-1,-1,-1
178,5,1356.94,577.85,83.21,212.36,0.4805,-1,-1,-1
178,6,227.70,573.15,67.60,206.87,0.6072,-1,-1,-1
178,8,521.33,285.19,67.76,211.40,0.4451,-1,-1,-1
178,17,406.53,650.11,84.96,250.48,0.7857,-1,-1,-1
178,19,864.98,180.80,66.90,184.76,0.4977,-1,-1,-1
178,32,751.84,267.35,57.38,195.44,0.4086,-1,-1,-1
178,34,3.56,614.52,88.52,229.82,0.3783,-1,-1,-1
179,1,415.69,227.91,73.30,215.80,0.5934,-1,-1,-1
179,2,101.05,545.82,70.42,246.93,0.6509,-1,-1,-1
179,3,1003.01,913.54,59.93,164.83,0.7162,-1,-1,-1
179,4,1721.36,460.64,73.28,207.04,0.5476,-1,-1,-1
179,5,1357.40,577.92,83.59,218.82,0.5059,-1,-1,-1
179,6,227.21,571.37,68.59,207.29,0.6183,-1,-1,-1
179,8,522.47,295.49,64.81,199.24,0.4348,-1,-1,-1
179,17,407.53,648.77,85.27,249.49,0.7862,-1,-1,-1
179,19,866.09,180.46,67.11,183.91,0.4844,-1,-1,-1
179,22,936.43,125.52,73.30,169.41,0.3149,-1,-1,-1
179,28,606.88,278.67,58.22,191.84,0.3478,-1,-1,-1
179,32,750.74,271.13,58.87,193.83,0.4048,-1,-1,-1
179,34,-0.54,618.45,96.85,230.27,0.5221,-1,-1,-1
180,1,414.38,227.42,74.97,212.27,0.6240,-1,-1,-1
180,2,100.99,545.87,69.89,246.29,0.6558,-1,-1,-1
180,3,1000.94,913.13,59.75,165.57,0.7210,-1,-1,-1
180,4,1721.95,460.14,73.09,208.13,0.5275,-1,-1,-1
180,5,1357.46,576.45,82.04,211.77,0.5127,-1,-1,-1
180,6,228.97,570.12,68.07,207.08,0.5864,-1,-1,-1
180,8,526.11,295.17,60.69,201.96,0.5225,-1,-1,-1
180,17,409.29,648.48,86.14,248.65,0.7905,-1,-1,-1
180,19,867.24,181.41,67.70,184.42,0.5041,-1,-1,-1
180,28,607.12,278.53,57.55,194.00,0.3530,-1,-1,-1
180,32,750.42,273.10,59.38,192.68,0.4173,-1,-1,-1
180,34,3.09,617.43,82.01,222.29,0.5046,-1,-1,-1
181,1,414.71,227.28,74.10,209.78,0.5963,-1,-1,-1
181,2,100.92,545.27,69.78,248.37,0.6547,-1,-1,-1
181,3,998.46,914.60,59.75,164.64,0.7208,-1,-1,-1
181,4,1721.78,458.82,73.94,209.80,0.5127,-1,-1,-1
181,5,1357.53,577.79,83.74,215.44,0.4997,-1,-1,-1
181,6,229.65,569.24,68.83,205.61,0.5742,-1,-1,-1
181,8,527.64,300.91,58.97,199.35,0.5467,-1,-1,-1
181,17,409.68,646.80,88.20,249.39,0.7887,-1,-1,-1
181,19,868.94,178.89,67.10,184.13,0.5017,-1,-1,-1
181,28,607.07,279.57,58.32,201.13,0.3083,-1,-1,-1
181,32,751.22,273.66,57.25,192.76,0.4250,-1,-1,-1
181,34,1.95,617.64,79.18,224.19,0.4732,-1,-1,-1
182,1,415.11,226.83,74.21,207.91,0.5805,-1,-1,-1
182,2,101.11,545.81,69.53,247.10,0.6711,-1,-1,-1
182,3,996.88,916.22,58.12,162.50,0.7358,-1,-1,-1
182,4,1722.30,459.23,72.69,209.16,0.5283,-1,-1,-1
182,5,1357.71,577.16,83.77,224.54,0.4790,-1,-1,-1
182,6,231.61,567.63,64.36,203.48,0.5870,-1,-1,-1
182,8,525.88,296.53,60.93,200.58,0.4853,-1,-1,-1
182,17,408.50,645.71,90.78,250.89,0.7846,-1,-1,-1
182,19,867.12,177.59,72.87,186.31,0.5387,-1,-1,-1
182,28,606.83,279.44,61.07,204.99,0.3002,-1,-1,-1
182,32,751.41,275.19,57.43,193.51,0.3595,-1,-1,-1
182,34,-3.16,619.52,104.31,238.37,0.6076,-1,-1,-1
183,1,416.84,228.92,72.45,206.00,0.5792,-1,-1,-1
183,2,101.25,545.89,69.27,247.90,0.6819,-1,-1,-1
183,3,995.85,916.17,58.19,162.02,0.7286,-1,-1,-1
183,4,1722.37,459.43,72.60,208.57,0.5242,-1,-1,-1
183,5,1357.33,576.87,84.88,223.60,0.4904,-1,-1,-1
183,6,230.67,566.37,66.33,205.29,0.5516,-1,-1,-1
183,8,523.16,295.29,65.12,206.70,0.4053,-1,-1,-1
183,17,408.08,643.86,93.34,252.36,0.7979,-1,-1,-1
183,19,867.90,176.78,72.65,187.37,0.5563,-1,-1,-1
183,28,607.23,280.43,58.79,210.45,0.3252,-1,-1,-1
183,32,749.55,276.60,60.96,194.32,0.3659,-1,-1,-1
183,34,1.47,622.05,102.86,238.07,0.6556,-1,-1,-1
184,1,417.06,227.84,73.32,207.07,0.5791,-1,-1,-1
184,2,100.83,545.85,68.87,248.13,0.6706,-1,-1,-1
184,3,994.98,918.20,57.83,161.40,0.7236,-1,-1,-1
184,4,1721.22,459.24,73.28,208.96,0.5333,-1,-1,-1
184,5,1357.63,576.48,84.80,224.83,0.4661,-1,-1,-1
184,6,232.00,565.96,65.10,209.25,0.5349,-1,-1,-1
184,8,521.74,239.72,65.94,262.09,0.3992,-1,-1,-1
184,17,408.96,642.59,93.63,253.21,0.7734,-1,-1,-1
184,19,867.87,176.89,72.62,187.40,0.5422,-1,-1,-1
184,28,607.60,279.18,60.78,212.51,0.3340,-1,-1,-1
184,32,750.23,278.57,60.61,192.72,0.3489,-1,-1,-1
184,34,6.75,622.19,96.60,234.06,0.6217,-1,-1,-1
185,1,415.76,227.35,74.15,207.47,0.5881,-1,-1,-1
185,2,100.21,546.18,68.69,247.00,0.6466,-1,-1,-1
185,3,993.29,918.32,58.71,159.67,0.7174,-1,-1,-1
185,4,1721.68,459.42,72.83,208.44,0.5028,-1,-1,-1
185,5,1357.67,575.26,84.15,219.91,0.4803,-1,-1,-1
185,6,231.89,565.58,66.33,210.08,0.5680,-1,-1,-1
185,8,520.01,283.62,68.77,224.55,0.4304,-1,-1,-1
185,17,408.30,643.33,95.33,252.52,0.7858,-1,-1,-1
185,19,867.58,178.13,74.96,188.71,0.5878,-1,-1,-1
185,28,606.99,287.37,59.87,207.26,0.3302,-1,-1,-1
185,32,750.73,280.26,62.56,191.73,0.3301,-1,-1,-1
185,34,12.41,621.53,92.13,233.45,0.6222,-1,-1,-1
186,1,415.59,226.74,74.36,207.56,0.5967,-1,-1,-1
186,2,99.57,546.59,69.31,246.20,0.6455,-1,-1,-1
186,3,992.22,918.32,57.82,160.51,0.7341,-1,-1,-1
186,4,1721.92,459.08,72.58,208.74,0.5033,-1,-1,-1
186,5,1357.37,574.69,83.97,224.72,0.4942,-1,-1,-1
186,6,229.97,565.21,67.16,208.22,0.5835,-1,-1,-1
186,8,523.46,300.35,61.90,204.44,0.4270,-1,-1,-1
186,17,408.72,641.14,94.38,255.22,0.7946,-1,-1,-1
186,19,867.57,176.09,74.13,191.04,0.5615,-1,-1,-1
186,28,607.72,284.62,59.42,207.24,0.3591,-1,-1,-1
186,34,15.25,618.99,93.79,235.98,0.6575,-1,-1,-1
186,35,1194.83,150.26,56.21,180.42,0.3237,-1,-1,-1
187,1,416.07,225.10,74.24,209.91,0.6016,-1,-1,-1
187,2,97.84,546.40,71.21,243.31,0.6377,-1,-1,-1
187,3,989.43,918.87,60.44,159.53,0.7349,-1,-1,-1
187,4,1721.77,459.67,72.55,207.98,0.4953,-1,-1,-1
187,5,1357.61,573.26,84.04,224.96,0.5046,-1,-1,-1
187,6,228.98,564.21,67.50,209.58,0.6354,-1,-1,-1
187,8,525.95,301.83,59.35,205.40,0.5402,-1,-1,-1
187,17,408.55,639.14,94.53,256.35,0.7812,-1,-1,-1
187,19,867.23,176.48,74.95,191.52,0.5625,-1,-1,-1
187,28,607.04,286.83,60.51,202.43,0.3477,-1,-1,-1
187,34,20.12,619.96,97.11,239.96,0.6873,-1,-1,-1
187,35,1192.42,149.39,57.99,181.44,0.3556,-1,-1,-1
188,1,415.95,226.05,74.73,207.47,0.5945,-1,-1,-1
188,2,96.86,546.09,71.81,241.71,0.5922,-1,-1,-1
188,3,988.92,919.21,60.52,159.34,0.7222,-1,-1,-1
188,4,1721.24,460.29,73.55,207.28,0.5078,-1,-1,-1
188,5,1357.83,572.47,83.95,226.11,0.4596,-1,-1,-1
188,6,227.98,561.79,68.62,211.52,0.6183,-1,-1,-1
188,8,523.77,300.40,62.43,207.42,0.5391,-1,-1,-1
188,17,410.60,637.47,92.18,256.37,0.7688,-1,-1,-1
188,19,868.00,177.27,74.97,186.13,0.4319,-1,-1,-1
188,28,606.06,288.83,59.95,200.65,0.3351,-1,-1,-1
188,32,752.33,280.85,62.01,191.95,0.3164,-1,-1,-1
188,34,21.62,618.50,104.77,240.68,0.7145,-1,-1,-1
189,1,416.04,224.49,74.23,207.74,0.5821,-1,-1,-1
189,2,95.50,546.41,70.76,238.16,0.5356,-1,-1,-1
189,3,987.64,919.83,59.64,158.95,0.7125,-1,-1,-1
189,4,1720.86,460.76,73.77,207.32,0.4813,-1,-1,-1
189,5,1357.71,572.13,82.25,219.39,0.4583,-1,-1,-1
189,6,229.42,557.18,64.92,209.46,0.5550,-1,-1,-1
189,8,523.06,304.71,63.21,206.61,0.5643,-1,-1,-1
189,17,409.67,633.75,92.23,258.94,0.7987,-1,-1,-1
189,19,866.78,177.28,79.09,186.11,0.4623,-1,-1,-1
189,28,605.05,299.27,60.01,191.97,0.3499,-1,-1,-1
189,34,22.95,619.78,110.21,242.04,0.6903,-1,-1,-1
190,1,417.04,224.39,73.60,207.54,0.5690,-1,-1,-1
190,2,93.81,546.05,71.80,231.50,0.4935,-1,-1,-1
190,3,986.57,920.87,59.38,157.38,0.7268,-1,-1,-1
190,4,1721.55,458.78,73.27,208.91,0.4638,-1,-1,-1
190,5,1357.73,572.16,81.70,218.33,0.4495,-1,-1,-1
190,6,229.58,554.69,64.41,207.26,0.5736,-1,-1,-1
190,8,522.18,303.03,65.40,209.71,0.5939,-1,-1,-1
190,17,412.01,633.94,87.73,255.92,0.7855,-1,-1,-1
190,19,867.19,178.95,82.23,184.58,0.5127,-1,-1,-1
190,28,605.17,297.15,59.93,194.75,0.3465,-1,-1,-1
190,34,26.29,621.97,112.90,245.65,0.6742,-1,-1,-1
191,1,417.64,222.94,73.72,207.73,0.5659,-1,-1,-1
191,2,95.08,543.42,69.77,189.11,0.5737,-1,-1,-1
191,3,985.46,921.96,59.27,155.31,0.7427,-1,-1,-1
191,4,1720.26,459.61,74.70,208.45,0.4931,-1,-1,-1
191,5,1358.32,572.41,86.33,230.14,0.4823,-1,-1,-1
191,6,229.45,551.32,63.25,205.76,0.5921,-1,-1,-1
191,8,522.05,303.10,66.47,210.72,0.5482,-1,-1,-1
191,17,411.95,630.31,86.21,255.18,0.7834,-1,-1,-1
191,19,870.26,174.88,78.18,185.53,0.4823,-1,-1,-1
191,28,604.21,303.55,60.71,189.93,0.3202,-1,-1,-1
191,34,27.76,622.78,120.92,249.93,0.6089,-1,-1,-1
192,1,418.62,222.95,73.67,207.83,0.5442,-1,-1,-1
192,2,95.58,544.98,68.79,182.90,0.5979,-1,-1,-1
192,3,984.79,922.68,58.29,154.55,0.7448,-1,-1,-1
192,4,1720.43,459.91,74.40,207.62,0.5382,-1,-1,-1
192,5,1357.12,570.41,86.05,224.68,0.4979,-1,-1,-1
192,6,227.98,550.32,65.60,204.52,0.6327,-1,-1,-1
192,8,522.45,304.98,66.47,208.68,0.5987,-1,-1,-1
192,17,412.33,624.85,84.92,251.82,0.7717,-1,-1,-1
192,19,872.25,172.64,76.92,185.87,0.5073,-1,-1,-1
192,28,603.43,305.93,60.31,186.88,0.3874,-1,-1,-1
192,34,32.07,625.96,120.96,251.57,0.5945,-1,-1,-1
193,1,417.80,220.99,74.71,208.67,0.5239,-1,-1,-1
193,2,94.90,545.26,68.56,179.72,0.5868,-1,-1,-1
193,3,984.35,922.05,57.24,155.74,0.7167,-1,-1,-1
193,4,1720.76,459.41,73.88,207.52,0.5201,-1,-1,-1
193,5,1357.66,571.04,85.42,229.02,0.4934,-1,-1,-1
193,6,228.43,546.87,64.81,206.95,0.6395,-1,-1,-1
193,8,521.04,308.51,67.94,205.22,0.5523,-1,-1,-1
193,17,412.45,621.78,83.66,248.06,0.7895,-1,-1,-1
193,19,875.26,172.78,74.13,184.83,0.4299,-1,-1,-1
193,28,602.41,307.76,60.81,185.87,0.3524,-1,-1,-1
193,34,38.15,629.25,113.42,246.54,0.5097,-1,-1,-1
194,1,417.88,221.79,75.75,206.77,0.5101,-1,-1,-1
194,2,93.17,544.87,70.48,176.15,0.6222,-1,-1,-1
194,3,981.73,921.64,60.22,156.66,0.7389,-1,-1,-1
194,4,1720.81,459.99,73.91,207.57,0.5019,-1,-1,-1
194,5,1356.81,570.66,85.38,230.86,0.4716,-1,-1,-1
194,6,228.13,545.79,64.80,205.70,0.6431,-1,-1,-1
194,8,519.63,308.96,68.77,205.22,0.5770,-1,-1,-1
194,17,413.52,618.68,79.64,247.87,0.7744,-1,-1,-1
194,19,875.56,172.85,74.53,182.26,0.3928,-1,-1,-1
194,28,601.78,308.13,60.05,186.47,0.3648,-1,-1,-1
194,34,41.42,631.83,111.44,241.68,0.5888,-1,-1,-1
195,1,418.84,219.13,74.90,210.48,0.5591,-1,-1,-1
195,2,93.22,544.76,69.84,175.98,0.6015,-1,-1,-1
195,3,982.37,922.14,58.61,155.92,0.7300,-1,-1,-1
195,4,1721.12,459.46,73.64,208.28,0.5221,-1,-1,-1
195,5,1356.59,569.50,84.62,219.69,0.5587,-1,-1,-1
195,6,228.48,544.68,63.18,207.91,0.6474,-1,-1,-1
195,8,516.78,308.49,72.03,207.19,0.6706,-1,-1,-1
195,17,412.86,617.58,80.62,247.14,0.7846,-1,-1,-1
195,19,878.15,169.86,72.38,178.88,0.3670,-1,-1,-1
195,28,601.09,308.89,60.73,184.79,0.4295,-1,-1,-1
195,34,43.17,633.57,110.29,234.41,0.6656,-1,-1,-1
196,1,419.97,217.56,73.25,209.94,0.5389,-1,-1,-1
196,2,93.53,544.58,68.57,176.58,0.5414,-1,-1,-1
196,3,980.13,921.54,61.49,156.98,0.7315,-1,-1,-1
196,4,1720.76,458.44,73.15,209.90,0.5041,-1,-1,-1
196,5,1356.47,571.92,84.33,219.23,0.5219,-1,-1,-1
196,6,226.83,544.48,63.82,207.32,0.6477,-1,-1,-1
196,8,517.90,310.79,71.39,207.19,0.6014,-1,-1,-1
196,17,408.40,613.95,84.95,248.80,0.7517,-1,-1,-1
196,19,881.53,169.10,67.80,176.42,0.4257,-1,-1,-1
196,28,601.43,310.96,61.09,182.57,0.4003,-1,-1,-1
196,32,752.81,291.29,62.72,190.77,0.3692,-1,-1,-1
196,34,46.98,636.72,106.68,243.28,0.6668,-1,-1,-1
197,1,419.19,216.26,76.47,209.33,0.5746,-1,-1,-1
197,2,94.32,543.97,66.84,171.55,0.5281,-1,-1,-1
197,3,977.35,921.91,63.77,156.66,0.7375,-1,-1,-1
197,4,1721.44,458.79,73.39,209.51,0.5010,-1,-1,-1
197,5,1356.50,571.52,84.08,218.13,0.5400,-1,-1,-1
197,6,226.20,543.87,64.17,209.47,0.6863,-1,-1,-1
197,8,515.04,307.06,74.35,212.30,0.6747,-1,-1,-1
197,17,404.39,610.94,87.96,250.10,0.7413,-1,-1,-1
197,19,882.46,168.30,66.19,176.29,0.4548,-1,-1,-1
197,28,601.08,311.40,60.94,182.54,0.4318,-1,-1,-1
197,32,753.33,293.34,61.02,188.52,0.3260,-1,-1,-1
197,34,50.88,639.94,108.02,248.62,0.6741,-1,-1,-1
197,35,1163.22,143.75,57.64,181.62,0.3169,-1,-1,-1
198,1,420.64,215.26,75.76,208.49,0.5656,-1,-1,-1
198,2,96.11,544.18,64.18,170.61,0.5197,-1,-1,-1
198,3,976.38,921.12,61.88,157.70,0.7017,-1,-1,-1
198,4,1720.90,458.99,73.63,208.62,0.4967,-1,-1,-1
198,5,1356.58,572.01,84.92,219.16,0.5586,-1,-1,-1
198,6,225.94,542.81,64.92,210.03,0.6941,-1,-1,-1
198,8,515.57,312.63,73.05,210.55,0.6256,-1,-1,-1
198,17,400.51,611.49,90.76,251.54,0.7493,-1,-1,-1
198,19,885.99,159.83,63.06,184.38,0.4299,-1,-1,-1
198,28,600.90,312.48,60.54,182.42,0.4356,-1,-1,-1
198,32,754.54,294.82,63.14,189.55,0.3061,-1,-1,-1
198,34,54.87,642.23,107.33,247.62,0.6954,-1,-1,-1
199,1,418.97,214.06,77.39,205.66,0.5668,-1,-1,-1
199,2,95.87,544.73,64.25,170.97,0.5176,-1,-1,-1
199,3,973.45,921.17,64.59,157.65,0.7288,-1,-1,-1
199,4,1720.78,458.72,73.13,209.09,0.5288,-1,-1,-1
199,5,1355.05,571.10,85.93,222.48,0.5207,-1,-1,-1
199,6,226.35,543.22,64.47,208.95,0.7028,-1,-1,-1
199,8,516.38,315.23,71.77,209.94,0.6012,-1,-1,-1
199,17,398.16,610.73,93.13,253.40,0.7421,-1,-1,-1
199,19,885.53,157.24,66.10,187.19,0.3959,-1,-1,-1
199,28,601.45,313.40,59.88,179.98,0.4477,-1,-1,-1
199,34,57.27,644.23,106.96,247.83,0.7225,-1,-1,-1
199,35,1159.89,142.02,57.88,182.66,0.3187,-1,-1,-1
199,38,522.45,142.92,64.86,157.11,0.3076,-1,-1,-1
200,1,418.93,212.20,77.64,205.43,0.5739,-1,-1,-1
200,2,95.65,543.61,64.41,166.74,0.5370,-1,-1,-1
200,3,972.50,920.08,63.62,157.83,0.7148,-1,-1,-1
200,4,1720.97,458.68,72.66,208.67,0.5343,-1,-1,-1
200,5,1355.93,571.07,82.29,217.47,0.5402,-1,-1,-1
200,6,226.01,542.27,63.32,208.42,0.7169,-1,-1,-1
200,8,518.21,318.77,67.98,209.17,0.5841,-1,-1,-1
200,17,397.57,610.11,92.27,252.22,0.7471,-1,-1,-1
200,19,884.53,159.37,68.85,187.19,0.4002,-1,-1,-1
200,28,601.75,315.11,59.88,178.52,0.4226,-1,-1,-1
200,32,751.70,295.97,63.21,194.41,0.3107,-1,-1,-1
200,34,60.70,648.95,102.45,243.39,0.7126,-1,-1,-1
200,35,1157.65,141.23,58.76,182.30,0.3482,-1,-1,-1
201,1,419.33,211.36,79.07,206.19,0.5664,-1,-1,-1
201,2,94.76,544.20,64.56,166.38,0.4990,-1,-1,-1
201,3,971.99,919.78,62.78,158.19,0.7219,-1,-1,-1
201,4,1720.96,458.16,72.65,209.10,0.5534,-1,-1,-1
201,5,1355.80,571.17,81.64,219.57,0.5452,-1,-1,-1
201,6,226.18,541.41,62.74,209.15,0.7044,-1,-1,-1
201,8,516.22,318.94,70.50,212.85,0.5938,-1,-1,-1
201,17,395.48,609.65,93.50,252.18,0.7431,-1,-1,-1
201,19,886.03,158.74,70.49,187.26,0.4227,-1,-1,-1
201,28,601.93,318.34,58.41,172.92,0.4306,-1,-1,-1
201,34,65.12,654.54,97.25,238.40,0.7343,-1,-1,-1
201,35,1156.70,139.89,57.71,182.02,0.3182,-1,-1,-1
202,1,419.54,210.17,79.93,205.48,0.5609,-1,-1,-1
202,2,96.55,542.02,62.88,155.69,0.4447,-1,-1,-1
202,3,971.26,919.22,61.85,159.04,0.7280,-1,-1,-1
202,4,1721.51,458.43,72.62,209.61,0.5815,-1,-1,-1
202,5,1355.05,570.85,81.41,216.05,0.5173,-1,-1,-1
202,6,225.23,539.98,63.94,210.79,0.7058,-1,-1,-1
202,8,516.25,317.71,72.24,215.68,0.6117,-1,-1,-1
202,17,396.56,608.84,92.11,250.23,0.7352,-1,-1,-1
202,19,888.06,157.92,71.02,185.64,0.4327,-1,-1,-1
202,28,601.96,322.61,57.62,167.99,0.4478,-1,-1,-1
202,34,67.11,656.16,95.21,236.42,0.7429,-1,-1,-1
202,35,1155.21,139.31,57.65,182.57,0.3837,-1,-1,-1
203,1,421.45,208.87,78.08,206.76,0.4913,-1,-1,-1
203,2,97.31,542.88,60.89,151.81,0.3298,-1,-1,-1
203,3,970.56,918.71,63.10,159.17,0.7357,-1,-1,-1
203,4,1720.83,458.36,73.18,209.62,0.5914,-1,-1,-1
203,5,1356.47,572.13,81.44,211.20,0.5460,-1,-1,-1
203,6,223.09,537.22,65.56,212.15,0.6999,-1,-1,-1
203,8,515.91,317.84,72.30,216.28,0.5677,-1,-1,-1
203,17,395.03,606.98,91.78,248.54,0.7338,-1,-1,-1
203,19,887.16,156.69,70.98,186.28,0.4730,-1,-1,-1
203,28,602.14,322.45,57.29,167.26,0.4455,-1,-1,-1
203,34,68.89,657.14,95.09,234.54,0.6968,-1,-1,-1
203,35,1154.07,138.33,55.89,183.62,0.3750,-1,-1,-1
204,1,423.76,208.64,76.72,206.86,0.4479,-1,-1,-1
204,2,97.43,543.45,60.39,149.25,0.3507,-1,-1,-1
204,3,968.15,915.81,63.05,161.91,0.7311,-1,-1,-1
204,4,1721.00,459.05,73.24,209.07,0.5786,-1,-1,-1
204,5,1356.91,571.66,82.84,213.93,0.5601,-1,-1,-1
204,6,222.87,534.95,64.64,211.08,0.6728,-1,-1,-1
204,8,512.52,317.74,74.43,218.47,0.5871,-1,-1,-1
204,17,397.29,602.23,88.87,250.30,0.7217,-1,-1,-1
204,19,887.10,156.99,71.91,186.09,0.5037,-1,-1,-1
204,28,602.77,324.67,56.77,167.07,0.3983,-1,-1,-1
204,34,70.08,658.04,95.70,232.94,0.6860,-1,-1,-1
204,35,1153.10,140.56,54.35,180.09,0.3813,-1,-1,-1
204,39,-5.04,606.10,58.20,232.86,0.3084,-1,-1,-1
205,1,424.28,208.46,77.34,207.10,0.4666,-1,-1,-1
205,2,97.26,542.72,60.20,146.40,0.3394,-1,-1,-1
205,3,967.21,915.30,62.18,162.88,0.7313,-1,-1,-1
205,4,1720.21,458.80,74.16,209.94,0.5666,-1,-1,-1
205,5,1356.25,571.76,82.65,214.86,0.5324,-1,-1,-1
205,6,220.07,530.68,66.43,209.96,0.6655,-1,-1,-1
205,8,514.51,317.92,73.78,218.32,0.5051,-1,-1,-1
205,17,394.32,599.64,91.04,251.83,0.7196,-1,-1,-1
205,19,888.87,155.42,68.84,187.41,0.4672,-1,-1,-1
205,28,604.10,324.60,55.77,167.49,0.3885,-1,-1,-1
205,32,756.31,299.43,59.50,195.81,0.3389,-1,-1,-1
205,34,70.67,656.31,98.97,235.01,0.7377,-1,-1,-1
205,35,1151.65,139.17,55.16,181.32,0.3936,-1,-1,-1
205,39,-6.52,598.98,65.30,240.81,0.3521,-1,-1,-1
206,1,422.94,205.41,79.21,208.37,0.5123,-1,-1,-1
206,2,97.21,543.31,61.23,146.20,0.3885,-1,-1,-1
206,3,965.28,914.83,63.01,163.06,0.7458,-1,-1,-1
206,4,1720.31,459.04,74.64,209.57,0.5679,-1,-1,-1
206,5,1355.39,571.43,82.05,215.73,0.5385,-1,-1,-1
206,6,221.16,528.50,63.67,202.83,0.6695,-1,-1,-1
206,8,512.73,319.57,75.14,217.83,0.5084,-1,-1,-1
206,17,395.99,597.75,88.17,252.37,0.7334,-1,-1,-1
206,19,890.57,156.06,68.51,184.39,0.5190,-1,-1,-1
206,28,604.18,324.68,55.82,167.03,0.4109,-1,-1,-1
206,32,758.49,299.22,58.06,195.83,0.3774,-1,-1,-1
206,34,75.21,656.32,98.28,234.83,0.7626,-1,-1,-1
206,35,1149.93,137.97,55.29,182.40,0.4036,-1,-1,-1
206,39,-8.41,600.88,79.39,238.36,0.4629,-1,-1,-1
207,1,422.95,205.10,79.79,207.32,0.4889,-1,-1,-1
207,2,98.11,543.81,60.74,147.27,0.4414,-1,-1,-1
207,3,964.27,913.17,62.30,164.93,0.7477,-1,-1,-1
207,4,1720.74,458.84,73.68,208.78,0.5740,-1,-1,-1
207,5,1357.44,570.54,80.12,213.70,0.4981,-1,-1,-1
207,6,221.89,526.59,62.52,201.59,0.6498,-1,-1,-1
207,8,510.90,319.54,75.67,216.99,0.5341,-1,-1,-1
207,17,396.44,596.40,87.02,246.84,0.7457,-1,-1,-1
207,19,890.92,154.61,71.37,189.59,0.5111,-1,-1,-1
207,28,604.09,325.17,56.02,167.70,0.4118,-1,-1,-1
207,32,759.11,298.36,58.20,195.46,0.3298,-1,-1,-1
207,34,79.79,659.11,104.40,236.12,0.7237,-1,-1,-1
207,35,1147.07,137.44,55.40,183.34,0.3706,-1,-1,-1
208,1,424.47,206.27,77.77,207.76,0.4769,-1,-1,-1
208,2,98.27,543.91,61.23,147.51,0.3907,-1,-1,-1
208,3,961.44,912.61,63.78,165.91,0.7411,-1,-1,-1
208,4,1721.52,458.84,73.07,209.75,0.5805,-1,-1,-1
208,5,1357.48,570.47,79.93,214.16,0.5155,-1,-1,-1
208,6,220.09,524.81,64.52,202.49,0.6131,-1,-1,-1
208,8,508.23,323.28,76.36,212.66,0.5142,-1,-1,-1
208,17,398.45,593.23,84.41,244.35,0.7480,-1,-1,-1
208,19,893.00,152.82,68.25,191.37,0.4737,-1,-1,-1
208,28,603.03,324.08,57.05,167.34,0.4064,-1,-1,-1
208,32,758.31,298.50,59.12,195.81,0.3508,-1,-1,-1
208,34,84.26,660.30,108.72,241.28,0.7350,-1,-1,-1
208,35,1144.48,136.87,56.16,183.87,0.3935,-1,-1,-1
208,39,-4.54,605.21,86.14,235.50,0.3643,-1,-1,-1
209,1,425.46,206.23,77.03,208.87,0.4399,-1,-1,-1
209,2,98.94,545.89,61.19,149.27,0.3746,-1,-1,-1
209,3,961.08,912.50,61.54,166.15,0.7306,-1,-1,-1
209,4,1721.63,457.54,72.83,210.53,0.5547,-1,-1,-1
209,5,1357.38,570.97,77.37,215.37,0.4957,-1,-1,-1
209,6,220.45,523.23,63.50,202.48,0.6262,-1,-1,-1
209,8,508.57,323.44,74.58,212.64,0.5575,-1,-1,-1
209,17,399.34,590.83,82.06,240.34,0.7524,-1,-1,-1
209,19,893.69,151.51,68.60,189.91,0.4534,-1,-1,-1
209,28,601.82,323.96,57.19,168.44,0.3729,-1,-1,-1
209,32,758.62,301.28,59.54,195.09,0.3531,-1,-1,-1
209,34,86.10,665.45,115.10,240.00,0.7619,-1,-1,-1
209,35,1142.04,137.62,57.18,182.27,0.3425,-1,-1,-1
209,39,0.08,606.12,84.25,236.37,0.5765,-1,-1,-1
210,1,425.44,205.52,76.31,210.02,0.4220,-1,-1,-1
210,2,99.97,543.52,60.69,151.33,0.3847,-1,-1,-1
210,3,957.87,912.15,63.38,167.05,0.7295,-1,-1,-1
210,4,1721.14,458.24,73.31,210.41,0.5699,-1,-1,-1
210,5,1356.96,571.00,78.53,215.18,0.5193,-1,-1,-1
210,6,219.04,522.54,65.29,203.71,0.6212,-1,-1,-1
210,8,508.45,323.73,73.39,213.28,0.5973,-1,-1,-1
210,17,400.77,590.07,80.51,237.67,0.7552,-1,-1,-1
210,19,894.19,151.05,67.55,189.48,0.4761,-1,-1,-1
210,28,602.35,323.88,56.84,176.77,0.3336,-1,-1,-1
210,32,759.86,304.59,61.02,195.95,0.3200,-1,-1,-1
210,34,85.20,666.99,120.56,240.54,0.7547,-1,-1,-1
210,35,1141.19,137.66,56.37,181.71,0.3409,-1,-1,-1
210,39,1.57,607.01,86.35,234.25,0.5915,-1,-1,-1
211,1,426.93,205.00,76.10,209.73,0.4368,-1,-1,-1
211,2,100.00,543.95,62.76,152.78,0.3773,-1,-1,-1
211,3,955.62,912.37,64.47,166.27,0.7375,-1,-1,-1
211,4,1720.77,459.10,73.74,208.01,0.5503,-1,-1,-1
211,5,1356.29,570.56,78.21,219.27,0.5124,-1,-1,-1
211,6,217.66,521.07,65.73,205.02,0.5995,-1,-1,-1
211,8,508.35,323.78,72.75,211.59,0.5999,-1,-1,-1
211,17,401.10,587.03,79.69,238.45,0.7518,-1,-1,-1
211,19,894.77,150.33,69.39,186.03,0.4974,-1,-1,-1
211,32,758.60,306.01,64.50,197.76,0.3101,-1,-1,-1
211,34,92.21,668.89,113.70,241.38,0.7522,-1,-1,-1
211,35,1138.78,137.66,56.56,182.49,0.3328,-1,-1,-1
211,39,1.69,612.09,89.25,229.31,0.5873,-1,-1,-1
212,1,425.98,203.32,77.35,210.10,0.4028,-1,-1,-1
212,2,101.34,544.36,62.87,157.59,0.4588,-1,-1,-1
212,3,954.00,910.90,64.71,169.03,0.7332,-1,-1,-1
212,4,1720.62,459.58,74.15,209.59,0.5751,-1,-1,-1
212,5,1356.42,571.10,78.20,219.73,0.5016,-1,-1,-1
212,6,216.54,519.71,66.01,206.03,0.6213,-1,-1,-1
212,8,507.53,325.49,72.34,210.45,0.5918,-1,-1,-1
212,17,399.93,585.26,81.69,239.27,0.7138,-1,-1,-1
212,19,898.20,147.62,67.90,183.71,0.4894,-1,-1,-1
212,34,98.14,669.95,108.22,244.66,0.7423,-1,-1,-1
212,39,11.81,609.92,82.94,234.00,0.5598,-1,-1,-1
213,1,425.73,201.86,77.36,210.19,0.4073,-1,-1,-1
213,2,102.02,545.21,62.98,171.15,0.4892,-1,-1,-1
213,3,951.71,909.89,65.12,170.10,0.7464,-1,-1,-1
213,4,1720.58,459.03,74.67,209.89,0.5661,-1,-1,-1
213,5,1355.89,570.62,78.73,221.28,0.5401,-1,-1,-1
213,6,215.81,519.26,65.70,204.49,0.6152,-1,-1,-1
213,8,507.79,325.96,70.84,211.41,0.6303,-1,-1,-1
213,17,400.16,582.82,82.22,242.46,0.7108,-1,-1,-1
213,19,899.27,144.99,67.19,183.72,0.5018,-1,-1,-1
213,28,600.76,328.07,60.01,186.39,0.3032,-1,-1,-1
213,34,100.87,669.05,106.28,249.86,0.7474,-1,-1,-1
213,39,21.05,609.96,76.65,234.42,0.5293,-1,-1,-1
213,41,808.46,321.15,71.78,188.25,0.3335,-1,-1,-1
214,1,425.61,201.27,75.93,210.42,0.3949,-1,-1,-1
214,2,101.35,547.09,66.10,173.77,0.4911,-1,-1,-1
214,3,951.46,908.65,64.01,171.33,0.7358,-1,-1,-1
214,4,1721.51,459.37,73.61,207.40,0.5645,-1,-1,-1
214,5,1355.13,571.10,78.86,218.09,0.5267,-1,-1,-1
214,6,215.84,518.86,65.93,203.29,0.5915,-1,-1,-1
214,8,508.79,324.36,71.68,211.35,0.7045,-1,-1,-1
214,17,398.92,580.07,85.64,244.88,0.6938,-1,-1,-1
214,19,901.08,141.97,66.02,185.56,0.4664,-1,-1,-1
214,28,600.99,331.87,58.68,193.75,0.3601,-1,-1,-1
214,34,106.18,665.75,101.86,254.52,0.7558,-1,-1,-1
214,39,32.26,613.63,67.14,232.80,0.5565,-1,-1,-1
214,41,819.19,324.88,62.17,187.16,0.3314,-1,-1,-1
215,1,427.03,200.55,74.89,209.49,0.3772,-1,-1,-1
215,2,101.42,547.82,68.75,171.69,0.4496,-1,-1,-1
215,3,949.93,909.09,63.06,170.94,0.7454,-1,-1,-1
215,4,1721.46,459.72,73.63,207.54,0.5781,-1,-1,-1
215,5,1356.31,571.51,78.57,215.17,0.5407,-1,-1,-1
215,6,216.12,517.87,65.14,203.78,0.5841,-1,-1,-1
215,8,509.20,325.24,70.75,214.02,0.6745,-1,-1,-1
215,17,398.40,578.95,87.63,245.71,0.7152,-1,-1,-1
215,19,901.64,141.97,66.31,185.69,0.4440,-1,-1,-1
215,28,600.88,333.32,61.24,198.97,0.3780,-1,-1,-1
215,32,759.13,312.29,70.55,192.02,0.3767,-1,-1,-1
215,34,111.42,664.48,96.16,257.49,0.7661,-1,-1,-1
215,39,37.72,612.55,71.12,235.49,0.5212,-1,-1,-1
215,41,811.65,323.49,71.00,187.53,0.3433,-1,-1,-1
216,1,426.61,201.19,74.41,204.54,0.3516,-1,-1,-1
216,2,102.00,547.90,70.20,172.99,0.4645,-1,-1,-1
216,3,949.88,909.20,62.22,170.83,0.7378,-1,-1,-1
216,4,1721.74,458.89,72.86,208.87,0.5416,-1,-1,-1
216,5,1355.88,571.21,79.75,217.89,0.5402,-1,-1,-1
216,6,214.87,516.83,65.24,201.50,0.5840,-1,-1,-1
216,8,508.32,327.39,70.44,216.49,0.6223,-1,-1,-1
216,17,399.42,578.71,87.65,246.42,0.7189,-1,-1,-1
216,19,901.44,140.96,66.30,186.49,0.5111,-1,-1,-1
216,28,599.40,333.07,63.53,200.38,0.3831,-1,-1,-1
216,32,755.85,313.66,73.43,192.08,0.3830,-1,-1,-1
216,34,115.14,662.68,92.19,259.72,0.7806,-1,-1,-1
216,35,1128.78,132.69,56.80,185.12,0.3450,-1,-1,-1
216,39,43.63,610.94,71.29,240.46,0.6186,-1,-1,-1
216,41,811.97,322.56,75.56,190.11,0.3309,-1,-1,-1
217,1,426.85,199.39,73.02,203.22,0.3487,-1,-1,-1
217,2,102.30,548.87,68.15,171.76,0.3982,-1,-1,-1
217,3,949.78,908.84,60.86,171.17,0.7376,-1,-1,-1
217,4,1721.08,459.06,73.62,208.98,0.5314,-1,-1,-1
217,5,1354.91,571.74,82.05,218.51,0.5264,-1,-1,-1
217,6,218.56,516.08,60.24,204.01,0.5801,-1,-1,-1
217,8,509.10,329.65,69.55,217.86,0.5990,-1,-1,-1
217,17,398.86,577.12,89.28,246.88,0.7103,-1,-1,-1
217,19,901.02,140.91,67.82,185.34,0.4600,-1,-1,-1
217,28,600.94,336.71,58.80,200.43,0.3869,-1,-1,-1
217,32,756.24,315.23,75.66,190.34,0.3680,-1,-1,-1
217,34,114.40,662.68,94.18,259.54,0.7908,-1,-1,-1
217,39,47.93,613.73,74.37,239.72,0.6281,-1,-1,-1
218,1,426.41,198.57,74.93,201.34,0.3747,-1,-1,-1
218,2,100.73,544.45,72.38,144.81,0.3214,-1,-1,-1
218,3,946.46,908.31,63.97,171.69,0.7342,-1,-1,-1
218,4,1721.52,459.39,73.06,209.50,0.5225,-1,-1,-1
218,5,1354.92,571.33,80.95,218.86,0.4941,-1,-1,-1
218,6,219.52,514.22,57.60,206.05,0.5486,-1,-1,-1
218,8,510.20,330.38,67.49,220.18,0.6177,-1,-1,-1
218,17,398.25,576.79,90.30,246.40,0.7191,-1,-1,-1
218,19,901.40,141.17,67.23,183.56,0.3774,-1,-1,-1
218,28,598.72,339.76,60.23,198.34,0.4312,-1,-1,-1
218,32,761.24,314.98,69.06,192.21,0.3131,-1,-1,-1
218,34,118.45,664.05,92.51,257.80,0.7805,-1,-1,-1
218,39,49.90,617.81,83.99,237.24,0.4972,-1,-1,-1
219,1,427.81,196.81,73.50,199.15,0.3549,-1,-1,-1
219,2,100.09,548.30,73.06,134.44,0.3709,-1,-1,-1
219,3,942.73,907.37,66.78,172.62,0.7540,-1,-1,-1
219,4,1721.28,458.81,73.20,210.03,0.5487,-1,-1,-1
219,5,1354.90,571.84,81.53,217.07,0.5042,-1,-1,-1
219,6,216.86,511.37,58.64,203.04,0.5348,-1,-1,-1
219,8,510.76,331.95,66.53,220.11,0.6281,-1,-1,-1
219,17,399.68,575.41,88.09,245.43,0.6949,-1,-1,-1
219,19,899.93,140.79,69.83,187.17,0.4733,-1,-1,-1
219,28,597.82,341.65,59.65,199.08,0.4980,-1,-1,-1
219,34,121.85,662.56,90.82,257.74,0.7717,-1,-1,-1
219,35,1125.29,128.34,56.21,189.36,0.3216,-1,-1,-1
219,39,55.37,625.62,83.41,225.14,0.5832,-1,-1,-1
220,1,428.26,196.61,71.98,198.48,0.3743,-1,-1,-1
220,2,95.07,550.03,77.98,134.07,0.3995,-1,-1,-1
220,3,941.14,905.09,68.01,174.87,0.7482,-1,-1,-1
220,4,1721.29,459.00,73.57,209.24,0.5644,-1,-1,-1
220,5,1354.55,570.86,83.17,218.56,0.5133,-1,-1,-1
220,6,214.31,507.10,59.07,201.88,0.5502,-1,-1,-1
220,8,510.47,334.48,65.37,217.56,0.6369,-1,-1,-1
220,17,398.15,572.04,88.40,247.35,0.7158,-1,-1,-1
220,19,898.51,141.39,72.77,187.82,0.5146,-1,-1,-1
220,28,598.20,341.97,58.25,200.22,0.5147,-1,-1,-1
220,32,758.46,317.35,75.69,189.40,0.3107,-1,-1,-1
220,34,122.59,665.93,96.65,250.14,0.7425,-1,-1,-1
220,39,57.74,631.06,87.11,221.24,0.6051,-1,-1,-1
221,1,429.05,195.26,71.49,199.34,0.3793,-1,-1,-1
221,2,90.12,551.24,84.14,137.10,0.4766,-1,-1,-1
221,3,937.73,904.78,69.38,175.23,0.7479,-1,-1,-1
221,4,1720.86,458.44,73.53,209.27,0.5862,-1,-1,-1
221,5,1354.48,571.48,82.90,218.11,0.5158,-1,-1,-1
221,6,212.55,504.05,60.64,201.29,0.5995,-1,-1,-1
221,8,510.48,336.72,66.98,218.49,0.6035,-1,-1,-1
221,17,399.69,569.11,85.59,248.48,0.6929,-1,-1,-1
221,19,901.12,141.54,69.89,188.18,0.5415,-1,-1,-1
221,28,597.71,344.10,58.01,200.11,0.5800,-1,-1,-1
221,32,762.06,314.65,70.71,191.81,0.3336,-1,-1,-1
221,34,126.51,667.76,98.05,251.49,0.7302,-1,-1,-1
221,35,1122.34,126.65,57.07,186.38,0.3125,-1,-1,-1
221,39,61.85,634.90,88.15,219.21,0.6307,-1,-1,-1
222,1,429.52,193.94,71.33,200.02,0.3580,-1,-1,-1
222,2,94.58,553.13,78.34,153.18,0.3800,-1,-1,-1
222,3,935.67,905.09,72.28,174.93,0.7535,-1,-1,-1
222,4,1721.49,458.51,73.68,208.81,0.5639,-1,-1,-1
222,5,1354.70,571.78,83.96,219.96,0.4862,-1,-1,-1
222,6,208.44,503.54,65.73,200.71,0.5617,-1,-1,-1
222,8,511.66,336.60,65.16,218.89,0.5871,-1,-1,-1
222,17,399.37,565.17,84.51,250.67,0.7096,-1,-1,-1
222,19,901.69,140.78,68.33,186.96,0.4981,-1,-1,-1
222,28,596.48,345.34,59.16,199.27,0.5702,-1,-1,-1
222,34,129.45,669.24,108.61,251.45,0.7162,-1,-1,-1
222,39,64.78,631.47,93.67,225.39,0.5140,-1,-1,-1
223,1,431.75,193.99,69.63,201.64,0.3375,-1,-1,-1
223,2,93.96,551.16,81.41,142.37,0.4589,-1,-1,-1
223,3,935.06,904.74,72.27,175.26,0.7459,-1,-1,-1
223,4,1722.34,457.79,72.03,209.28,0.5431,-1,-1,-1
223,5,1354.80,571.80,84.64,221.24,0.4529,-1,-1,-1
223,6,208.61,502.63,65.41,200.23,0.5645,-1,-1,-1
223,8,511.19,337.14,66.66,218.45,0.5837,-1,-1,-1
223,17,399.02,564.00,83.85,245.32,0.7262,-1,-1,-1
223,19,900.22,140.71,68.98,185.52,0.4488,-1,-1,-1
223,28,595.42,346.12,59.36,198.48,0.5591,-1,-1,-1
223,32,770.84,315.44,66.28,194.24,0.3006,-1,-1,-1
223,34,131.48,671.00,113.70,257.49,0.6908,-1,-1,-1
223,35,1119.24,128.13,54.48,179.55,0.3352,-1,-1,-1
223,39,69.32,633.72,89.28,225.59,0.5793,-1,-1,-1
224,1,432.69,193.59,69.89,202.33,0.3576,-1,-1,-1
224,2,96.19,552.67,78.63,142.61,0.3627,-1,-1,-1
224,3,935.29,904.45,71.10,175.56,0.7164,-1,-1,-1
224,4,1721.47,459.07,73.46,208.90,0.5486,-1,-1,-1
224,5,1355.01,572.19,88.19,227.98,0.4354,-1,-1,-1
224,6,212.77,501.02,58.20,201.84,0.5529,-1,-1,-1
224,8,511.58,337.97,67.97,218.15,0.5862,-1,-1,-1
224,17,398.50,560.25,82.32,239.42,0.7176,-1,-1,-1
224,19,902.53,137.63,70.87,186.34,0.4202,-1,-1,-1
224,28,594.65,346.43,59.76,198.11,0.5601,-1,-1,-1
224,34,133.64,676.00,119.00,259.70,0.7254,-1,-1,-1
224,35,1117.95,127.90,53.73,179.24,0.3199,-1,-1,-1
224,39,73.98,634.81,83.73,222.82,0.5424,-1,-1,-1
225,1,430.53,192.07,71.90,204.27,0.3689,-1,-1,-1
225,2,97.91,553.89,76.38,148.26,0.3705,-1,-1,-1
225,3,934.95,903.23,71.28,176.67,0.7280,-1,-1,-1
225,4,1721.07,458.79,74.15,209.59,0.5842,-1,-1,-1
225,5,1355.08,572.56,89.35,231.58,0.4109,-1,-1,-1
225,6,212.10,499.58,59.25,200.93,0.6088,-1,-1,-1
225,8,511.91,338.51,69.57,217.49,0.5871,-1,-1,-1
225,17,397.57,557.54,80.65,236.59,0.7174,-1,-1,-1
225,19,903.73,137.13,71.71,185.58,0.3903,-1,-1,-1
225,28,594.03,347.83,59.42,195.99,0.5705,-1,-1,-1
225,32,772.22,316.74,71.80,195.56,0.3963,-1,-1,-1
225,34,136.16,678.33,118.19,264.33,0.7731,-1,-1,-1
225,35,1115.18,127.29,55.39,179.27,0.3688,-1,-1,-1
225,39,80.44,639.10,76.85,226.86,0.5941,-1,-1,-1
226,1,431.26,190.35,71.93,205.30,0.3920,-1,-1,-1
226,2,99.00,554.92,77.75,153.22,0.4250,-1,-1,-1
226,3,932.43,902.08,73.88,177.91,0.7228,-1,-1,-1
226,4,1721.26,458.10,74.32,210.58,0.5772,-1,-1,-1
226,5,1354.62,573.43,91.92,226.11,0.4489,-1,-1,-1
226,6,206.13,499.74,67.10,201.78,0.6062,-1,-1,-1
226,8,509.01,339.45,73.33,217.03,0.6161,-1,-1,-1
226,17,392.50,555.47,85.82,238.19,0.7253,-1,-1,-1
226,19,906.71,135.37,66.31,184.75,0.3657,-1,-1,-1
226,28,592.02,347.42,60.80,196.25,0.5809,-1,-1,-1
226,32,776.47,316.30,67.43,197.66,0.3803,-1,-1,-1
226,34,138.74,680.81,116.54,265.11,0.7541,-1,-1,-1
226,35,1113.35,126.72,55.72,176.12,0.3619,-1,-1,-1
226,39,84.58,640.17,77.63,227.65,0.6080,-1,-1,-1
226,41,842.42,327.47,55.61,186.21,0.3175,-1,-1,-1
227,1,432.20,188.57,72.01,207.74,0.4148,-1,-1,-1
227,2,100.33,554.71,78.57,156.45,0.4692,-1,-1,-1
227,3,932.65,902.05,72.71,177.97,0.7084,-1,-1,-1
227,4,1721.47,458.21,73.49,209.95,0.5960,-1,-1,-1
227,5,1354.87,573.92,89.88,225.72,0.4635,-1,-1,-1
227,6,207.53,498.39,65.97,203.92,0.6049,-1,-1,-1
227,8,509.12,343.04,73.65,212.63,0.6182,-1,-1,-1
227,17,390.96,553.14,85.86,239.40,0.7346,-1,-1,-1
227,19,909.51,133.81,62.88,186.88,0.3486,-1,-1,-1
227,28,589.77,347.39,62.99,197.46,0.5906,-1,-1,-1
227,32,777.30,318.12,75.89,200.53,0.3032,-1,-1,-1
227,34,143.57,683.13,113.44,269.16,0.7643,-1,-1,-1
227,35,1112.43,125.52,55.20,178.06,0.3724,-1,-1,-1
227,39,91.87,638.34,75.47,228.62,0.5922,-1,-1,-1
228,1,433.01,188.31,71.93,207.70,0.4360,-1,-1,-1
228,2,100.68,553.98,80.08,147.28,0.4601,-1,-1,-1
228,3,932.84,901.03,72.32,178.93,0.6957,-1,-1,-1
228,4,1721.49,459.55,73.83,208.11,0.5955,-1,-1,-1
228,5,1354.64,576.09,95.56,229.91,0.4481,-1,-1,-1
228,6,208.06,497.07,66.19,203.95,0.6215,-1,-1,-1
228,8,509.46,341.42,71.26,213.80,0.6388,-1,-1,-1
228,17,386.46,552.30,89.94,240.00,0.7354,-1,-1,-1
228,19,909.90,132.61,66.54,181.56,0.3562,-1,-1,-1
228,28,588.77,348.87,63.37,195.50,0.5721,-1,-1,-1
228,32,777.73,319.16,74.19,204.34,0.3931,-1,-1,-1
228,34,148.59,687.62,103.82,265.85,0.7344,-1,-1,-1
228,35,1108.80,125.32,57.28,179.53,0.3302,-1,-1,-1
228,39,95.88,639.66,77.86,231.63,0.6016,-1,-1,-1
229,1,434.15,188.04,70.30,208.74,0.4229,-1,-1,-1
229,2,101.87,555.60,80.76,141.28,0.4674,-1,-1,-1
229,3,931.90,900.28,73.02,179.72,0.7157,-1,-1,-1
229,4,1720.66,459.41,74.34,208.90,0.6032,-1,-1,-1
229,5,1354.03,575.50,92.59,222.11,0.4908,-1,-1,-1
229,6,206.91,496.07,66.95,205.33,0.5914,-1,-1,-1
229,8,509.14,343.88,72.86,212.05,0.6495,-1,-1,-1
229,17,383.93,549.68,92.32,242.89,0.7258,-1,-1,-1
229,19,912.94,131.89,66.18,177.63,0.3882,-1,-1,-1
229,28,588.47,349.60,63.20,194.61,0.5614,-1,-1,-1
229,32,776.52,318.30,71.14,209.55,0.3443,-1,-1,-1
229,34,149.20,690.33,100.82,264.84,0.7290,-1,-1,-1
229,35,1103.94,125.03,61.11,180.25,0.3413,-1,-1,-1
229,39,102.83,642.83,75.48,225.08,0.5912,-1,-1,-1
230,1,435.38,187.50,70.10,206.14,0.4563,-1,-1,-1
230,2,101.62,555.55,83.98,130.78,0.4543,-1,-1,-1
230,3,932.60,899.67,72.18,180.33,0.7127,-1,-1,-1
230,4,1720.93,459.60,74.19,208.38,0.5843,-1,-1,-1
230,5,1354.64,575.51,96.10,228.29,0.4599,-1,-1,-1
230,6,205.56,494.61,68.35,204.71,0.5888,-1,-1,-1
230,8,509.83,344.36,72.33,213.58,0.6392,-1,-1,-1
230,17,382.21,546.41,94.01,247.70,0.7326,-1,-1,-1
230,19,916.20,130.40,65.67,174.59,0.3403,-1,-1,-1
230,28,587.53,351.27,64.30,193.55,0.5277,-1,-1,-1
230,32,779.61,319.07,73.07,211.64,0.3203,-1,-1,-1
230,34,147.37,693.58,107.35,263.73,0.7489,-1,-1,-1
230,35,1094.27,125.90,70.28,179.29,0.3483,-1,-1,-1
230,39,108.08,644.78,73.59,216.22,0.5602,-1,-1,-1
230,43,791.81,110.19,69.59,216.79,0.3016,-1,-1,-1
231,1,436.00,186.90,70.90,204.22,0.4375,-1,-1,-1
231,2,102.27,556.58,82.71,127.80,0.4817,-1,-1,-1
231,3,931.61,899.39,73.23,180.55,0.7279,-1,-1,-1
231,4,1721.38,458.50,73.97,209.88,0.6102,-1,-1,-1
231,5,1354.70,577.61,96.05,223.82,0.4704,-1,-1,-1
231,6,210.98,493.31,64.23,204.36,0.5615,-1,-1,-1
231,8,508.05,345.37,73.80,213.09,0.6588,-1,-1,-1
231,17,380.06,545.50,95.38,248.61,0.7377,-1,-1,-1
231,19,917.97,129.64,67.13,177.48,0.3073,-1,-1,-1
231,28,586.31,349.93,66.19,193.51,0.5488,-1,-1,-1
231,32,780.03,327.35,59.40,202.91,0.3278,-1,-1,-1
231,34,153.13,695.39,101.33,262.23,0.7689,-1,-1,-1
231,35,1093.36,126.20,69.76,178.58,0.3570,-1,-1,-1
231,39,110.78,638.71,75.62,158.56,0.4765,-1,-1,-1
231,41,844.86,335.13,56.73,191.30,0.3369,-1,-1,-1
232,1,437.56,186.65,69.93,205.34,0.4461,-1,-1,-1
232,2,103.35,557.40,81.08,128.95,0.4499,-1,-1,-1
232,3,931.78,899.52,73.23,180.50,0.7217,-1,-1,-1
232,4,1721.94,457.75,73.15,210.48,0.6171,-1,-1,-1
232,5,1356.25,579.02,96.13,228.95,0.4686,-1,-1,-1
232,6,216.40,492.26,59.72,203.15,0.5231,-1,-1,-1
232,8,508.34,345.80,71.20,215.97,0.6662,-1,-1,-1
232,17,376.45,545.34,97.99,248.40,0.7134,-1,-1,-1
232,19,919.03,127.00,68.11,180.28,0.3076,-1,-1,-1
232,28,587.60,351.92,64.13,190.78,0.5232,-1,-1,-1
232,34,162.62,697.66,93.42,259.02,0.7637,-1,-1,-1
232,35,1094.92,125.85,66.02,178.19,0.4095,-1,-1,-1
232,39,118.98,651.28,65.48,222.14,0.5343,-1,-1,-1
232,41,844.40,335.51,59.66,190.94,0.3287,-1,-1,-1
232,44,1176.36,125.75,59.14,161.85,0.3466,-1,-1,-1
233,1,439.20,184.57,69.16,207.49,0.4110,-1,-1,-1
233,2,104.52,558.47,81.10,132.66,0.4179,-1,-1,-1
233,3,933.01,899.10,71.52,180.91,0.7091,-1,-1,-1
233,4,1721.66,458.43,73.72,209.29,0.5952,-1,-1,-1
233,5,1355.89,577.77,98.55,234.97,0.4541,-1,-1,-1
233,6,212.13,490.58,65.92,203.58,0.5895,-1,-1,-1
233,8,507.78,346.91,71.51,219.50,0.6780,-1,-1,-1
233,17,375.16,544.94,97.82,246.48,0.6919,-1,-1,-1
233,28,587.52,353.84,63.76,190.90,0.5169,-1,-1,-1
233,34,166.57,699.82,91.63,256.77,0.7785,-1,-1,-1
233,35,1094.38,125.94,64.86,176.12,0.4661,-1,-1,-1
233,39,118.81,648.21,67.22,226.88,0.5441,-1,-1,-1
233,41,844.15,337.41,63.03,189.86,0.3760,-1,-1,-1
233,44,1173.84,124.04,59.77,162.63,0.3511,-1,-1,-1
234,1,440.35,183.49,69.79,208.60,0.4268,-1,-1,-1
234,2,111.52,568.36,68.36,211.87,0.3867,-1,-1,-1
234,3,935.51,900.43,68.17,179.63,0.6987,-1,-1,-1
234,4,1722.28,458.25,73.43,209.70,0.6139,-1,-1,-1
234,5,1354.76,575.60,101.68,239.50,0.5117,-1,-1,-1
234,6,215.11,488.14,63.32,199.25,0.5976,-1,-1,-1
234,8,507.14,347.78,70.46,221.15,0.6877,-1,-1,-1
234,17,373.92,542.85,98.26,244.26,0.7140,-1,-1,-1
234,19,921.06,123.71,68.22,181.48,0.3618,-1,-1,-1
234,28,587.31,354.62,63.76,193.85,0.5442,-1,-1,-1
234,34,167.80,700.84,92.00,256.71,0.7943,-1,-1,-1
234,35,1092.98,126.94,65.17,176.76,0.4585,-1,-1,-1
234,39,117.08,649.86,71.44,225.64,0.4358,-1,-1,-1
234,41,844.48,339.23,62.84,188.75,0.3165,-1,-1,-1
234,44,1171.55,123.87,61.18,161.12,0.3480,-1,-1,-1
235,1,442.45,182.23,68.92,207.43,0.4529,-1,-1,-1
235,2,100.78,551.42,91.25,154.64,0.4372,-1,-1,-1
235,3,935.22,900.81,67.09,179.22,0.6796,-1,-1,-1
235,4,1722.32,458.91,72.75,209.19,0.5928,-1,-1,-1
235,5,1356.37,576.15,103.33,238.41,0.4409,-1,-1,-1
235,6,216.68,485.62,61.50,197.83,0.5968,-1,-1,-1
235,8,506.51,350.70,70.19,220.90,0.6852,-1,-1,-1
235,17,373.50,541.86,96.21,245.24,0.7203,-1,-1,-1
235,19,922.77,123.22,66.40,185.62,0.3725,-1,-1,-1
235,28,588.24,356.82,62.83,192.61,0.5307,-1,-1,-1
235,32,781.27,338.21,64.88,199.23,0.3724,-1,-1,-1
235,34,172.64,702.20,87.04,253.40,0.7770,-1,-1,-1
235,35,1092.84,126.68,63.56,176.26,0.4529,-1,-1,-1
235,39,119.17,652.64,69.66,221.21,0.5012,-1,-1,-1
235,41,844.55,345.03,55.45,185.85,0.3321,-1,-1,-1
235,44,1170.08,122.96,61.63,162.16,0.3518,-1,-1,-1
236,1,443.87,182.45,68.21,203.13,0.4485,-1,-1,-1
236,2,105.78,559.07,84.15,144.23,0.5186,-1,-1,-1
236,3,936.04,900.52,66.08,179.48,0.6708,-1,-1,-1
236,4,1722.28,459.31,72.37,208.92,0.6042,-1,-1,-1
236,5,1358.18,576.47,103.12,238.54,0.4509,-1,-1,-1
236,6,216.44,483.60,63.18,196.65,0.5819,-1,-1,-1
236,8,506.25,353.41,68.86,218.08,0.6847,-1,-1,-1
236,17,373.57,541.23,94.99,243.77,0.7203,-1,-1,-1
236,19,923.10,122.14,68.31,187.00,0.3630,-1,-1,-1
236,28,587.57,358.67,61.47,187.80,0.5089,-1,-1,-1
236,32,782.50,339.40,62.32,197.53,0.4095,-1,-1,-1
236,34,176.03,702.41,85.55,253.83,0.7782,-1,-1,-1
236,35,1091.73,125.89,65.06,176.49,0.4150,-1,-1,-1
236,39,122.37,657.23,69.69,219.60,0.5674,-1,-1,-1
236,41,843.27,348.04,58.14,184.18,0.3297,-1,-1,-1
236,44,1167.42,122.91,62.23,161.00,0.3313,-1,-1,-1
237,1,443.10,181.42,69.94,200.79,0.3803,-1,-1,-1
237,2,107.18,559.78,82.35,143.79,0.5152,-1,-1,-1
237,3,936.64,900.49,64.78,179.52,0.6757,-1,-1,-1
237,4,1721.71,458.26,73.07,209.66,0.5924,-1,-1,-1
237,5,1361.75,577.60,101.96,238.59,0.4264,-1,-1,-1
237,6,217.90,482.52,62.67,196.35,0.5576,-1,-1,-1
237,8,503.94,356.03,70.18,216.49,0.6776,-1,-1,-1
237,17,374.88,537.48,92.43,245.11,0.7037,-1,-1,-1
237,19,925.65,122.93,66.07,186.79,0.3098,-1,-1,-1
237,28,587.55,361.24,61.41,188.74,0.5130,-1,-1,-1
237,32,783.43,338.44,62.77,198.55,0.4101,-1,-1,-1
237,34,178.20,703.16,85.80,250.98,0.7907,-1,-1,-1
237,35,1091.12,124.61,63.20,177.76,0.3748,-1,-1,-1
237,39,126.71,653.84,69.02,222.39,0.6009,-1,-1,-1
238,1,443.00,180.37,70.63,200.36,0.3878,-1,-1,-1
238,2,112.68,567.64,77.20,216.55,0.4706,-1,-1,-1
238,3,936.28,900.48,63.69,179.53,0.6807,-1,-1,-1
238,4,1721.37,459.94,73.16,207.91,0.6047,-1,-1,-1
238,5,1365.45,578.98,102.49,239.61,0.4168,-1,-1,-1
238,6,217.53,480.21,63.11,197.34,0.5439,-1,-1,-1
238,8,502.94,357.09,70.35,218.27,0.6982,-1,-1,-1
238,17,376.99,535.23,90.07,243.46,0.7081,-1,-1,-1
238,19,925.96,120.42,67.82,188.18,0.3610,-1,-1,-1
238,28,587.38,362.10,62.00,187.99,0.5445,-1,-1,-1
238,32,784.23,339.52,63.86,198.30,0.4493,-1,-1,-1
238,34,182.23,703.24,85.73,253.24,0.7751,-1,-1,-1
238,35,1090.79,124.43,57.86,180.99,0.4181,-1,-1,-1
238,39,134.89,657.91,64.67,215.95,0.4660,-1,-1,-1
239,1,443.74,178.99,71.59,200.38,0.4006,-1,-1,-1
239,2,111.43,562.83,81.02,237.08,0.4801,-1,-1,-1
239,3,936.53,900.15,62.50,179.84,0.7091,-1,-1,-1
239,4,1722.07,458.59,72.88,209.42,0.6243,-1,-1,-1
239,5,1357.68,576.53,111.60,240.55,0.4689,-1,-1,-1
239,6,218.33,479.99,62.92,197.87,0.5843,-1,-1,-1
239,8,501.31,357.72,71.00,216.03,0.6808,-1,-1,-1
239,17,381.13,530.41,85.37,239.39,0.7626,-1,-1,-1
239,19,925.69,120.42,67.69,183.37,0.4368,-1,-1,-1
239,28,587.77,362.23,62.99,187.76,0.5602,-1,-1,-1
239,32,783.23,339.68,64.65,198.48,0.4084,-1,-1,-1
239,34,185.31,705.61,86.32,251.15,0.7565,-1,-1,-1
239,35,1089.79,122.55,57.46,182.44,0.4251,-1,-1,-1
239,39,138.37,656.82,66.53,218.96,0.5326,-1,-1,-1
239,44,1160.19,120.46,63.29,165.66,0.3053,-1,-1,-1
240,1,443.29,177.44,73.85,201.40,0.3620,-1,-1,-1
240,2,104.27,554.52,95.41,165.54,0.4944,-1,-1,-1
240,3,936.98,900.40,61.53,179.04,0.7058,-1,-1,-1
240,4,1721.04,459.20,74.57,208.93,0.5965,-1,-1,-1
240,5,1357.37,576.05,113.50,240.11,0.4581,-1,-1,-1
240,6,218.03,478.51,63.44,199.82,0.5945,-1,-1,-1
240,8,498.85,358.39,73.59,218.35,0.6513,-1,-1,-1
240,17,385.51,528.09,80.71,235.30,0.7470,-1,-1,-1
240,19,924.82,118.91,66.24,185.05,0.4099,-1,-1,-1
240,28,589.31,363.84,57.99,184.99,0.5468,-1,-1,-1
240,32,783.76,340.03,65.77,197.56,0.4283,-1,-1,-1
240,34,186.62,707.12,95.09,255.17,0.7578,-1,-1,-1
240,35,1088.23,122.10,57.35,180.75,0.3911,-1,-1,-1
240,39,142.43,654.18,69.51,221.92,0.5607,-1,-1,-1
241,1,444.43,178.40,74.40,200.76,0.3658,-1,-1,-1
241,2,109.85,561.41,84.73,152.42,0.5321,-1,-1,-1
241,3,936.43,900.33,61.15,179.65,0.7165,-1,-1,-1
241,4,1721.93,458.63,72.74,208.87,0.6297,-1,-1,-1
241,5,1356.29,572.15,120.32,242.14,0.5081,-1,-1,-1
241,6,217.87,476.77,63.76,202.43,0.6216,-1,-1,-1
241,8,497.23,358.75,73.79,219.16,0.6603,-1,-1,-1
241,17,388.04,525.79,78.38,233.62,0.7310,-1,-1,-1
241,19,923.91,118.33,67.46,183.07,0.4463,-1,-1,-1
241,28,588.96,365.68,59.14,182.38,0.5624,-1,-1,-1
241,32,784.26,340.36,68.99,197.25,0.4429,-1,-1,-1
241,34,188.89,709.80,100.54,257.53,0.7772,-1,-1,-1
241,35,1085.96,121.35,57.86,178.03,0.4318,-1,-1,-1
241,39,145.11,643.69,74.77,157.94,0.4026,-1,-1,-1
241,45,783.88,147.04,70.96,176.54,0.3238,-1,-1,-1
242,1,446.34,177.31,72.24,203.09,0.3641,-1,-1,-1
242,2,111.55,564.85,82.58,176.09,0.4398,-1,-1,-1
242,3,936.34,900.86,62.07,179.16,0.7263,-1,-1,-1
242,4,1721.59,459.45,72.61,208.36,0.6149,-1,-1,-1
242,5,1356.56,569.92,121.30,243.86,0.5365,-1,-1,-1
242,6,217.91,475.12,63.85,202.04,0.5968,-1,-1,-1
242,8,495.44,360.94,74.20,217.55,0.6503,-1,-1,-1
242,17,387.40,522.76,79.59,233.93,0.6995,-1,-1,-1
242,19,930.64,120.96,61.19,180.60,0.4578,-1,-1,-1
242,28,587.59,365.39,61.12,188.19,0.5493,-1,-1,-1
242,32,785.28,342.36,68.09,196.65,0.4309,-1,-1,-1
242,34,194.35,712.18,98.18,256.60,0.7485,-1,-1,-1
242,35,1083.75,118.80,59.47,178.84,0.4115,-1,-1,-1
242,39,153.66,650.73,67.86,168.08,0.4306,-1,-1,-1
242,41,853.41,347.98,63.02,187.44,0.3642,-1,-1,-1
242,44,1155.85,119.23,62.43,160.40,0.3189,-1,-1,-1
242,45,782.96,151.12,72.27,171.70,0.3252,-1,-1,-1
243,1,448.15,176.42,70.47,204.49,0.3475,-1,-1,-1
243,2,113.86,563.46,79.89,226.20,0.5386,-1,-1,-1
243,3,935.74,900.40,61.37,179.59,0.7104,-1,-1,-1
243,4,1721.17,458.76,73.79,207.50,0.6314,-1,-1,-1
243,5,1356.90,567.98,119.01,246.42,0.5382,-1,-1,-1
243,6,217.50,474.72,64.65,202.61,0.6051,-1,-1,-1
243,8,493.93,360.57,73.37,218.43,0.6477,-1,-1,-1
243,17,389.08,520.02,77.74,236.19,0.6887,-1,-1,-1
243,19,931.59,119.98,60.96,179.12,0.5041,-1,-1,-1
243,28,587.22,365.49,62.01,194.30,0.5775,-1,-1,-1
243,32,786.19,341.34,67.79,197.94,0.4232,-1,-1,-1
243,34,197.54,717.78,99.91,255.66,0.6951,-1,-1,-1
243,35,1082.19,118.10,59.59,179.61,0.4659,-1,-1,-1
243,39,155.47,650.85,74.05,163.44,0.4753,-1,-1,-1
243,44,1155.37,118.20,63.88,158.65,0.3101,-1,-1,-1
243,45,787.81,152.17,65.61,168.96,0.3725,-1,-1,-1
244,1,446.70,175.90,75.57,204.51,0.3519,-1,-1,-1
244,2,113.58,562.80,83.15,244.93,0.5668,-1,-1,-1
244,3,935.43,901.35,62.60,178.67,0.7837,-1,-1,-1
244,4,1720.97,458.87,73.36,207.73,0.6058,-1,-1,-1
244,5,1356.69,570.02,118.00,244.13,0.5084,-1,-1,-1
244,6,216.99,472.39,64.32,199.24,0.5756,-1,-1,-1
244,8,492.07,361.44,72.95,215.44,0.6439,-1,-1,-1
244,17,389.20,518.13,78.40,237.54,0.6921,-1,-1,-1
244,19,932.81,118.18,60.01,179.03,0.4407,-1,-1,-1
244,28,585.87,367.10,60.88,197.96,0.5806,-1,-1,-1
244,32,789.68,342.39,63.06,196.75,0.3880,-1,-1,-1
244,34,199.52,728.64,98.98,248.87,0.7044,-1,-1,-1
244,35,1080.62,118.01,60.30,179.75,0.4483,-1,-1,-1
244,39,158.20,653.72,84.24,158.54,0.5562,-1,-1,-1
244,41,852.56,352.75,66.96,182.79,0.3914,-1,-1,-1
244,44,1155.13,114.60,57.21,159.36,0.3158,-1,-1,-1
244,45,786.89,152.40,68.87,169.83,0.3410,-1,-1,-1
245,1,447.49,175.85,74.29,203.86,0.3196,-1,-1,-1
245,2,116.10,565.67,82.10,247.19,0.6243,-1,-1,-1
245,3,934.92,902.86,63.71,177.16,0.7907,-1,-1,-1
245,4,1720.69,459.06,73.63,208.02,0.5887,-1,-1,-1
245,5,1360.26,570.14,115.02,244.27,0.4334,-1,-1,-1
245,6,216.94,471.50,64.15,201.04,0.5675,-1,-1,-1
245,8,491.83,361.80,72.43,219.23,0.6679,-1,-1,-1
245,17,388.84,518.62,79.67,238.00,0.6792,-1,-1,-1
245,19,934.60,116.29,58.81,178.91,0.4541,-1,-1,-1
245,28,586.02,369.59,59.85,199.46,0.5897,-1,-1,-1
245,32,790.10,343.49,63.91,196.66,0.3803,-1,-1,-1
245,34,197.64,729.61,99.91,250.60,0.7025,-1,-1,-1
245,35,1080.42,117.46,58.44,179.27,0.4498,-1,-1,-1
245,39,163.96,655.26,78.80,151.84,0.5934,-1,-1,-1
245,41,855.27,353.39,66.30,185.18,0.3908,-1,-1,-1
245,45,787.04,152.74,69.03,169.66,0.3186,-1,-1,-1
246,1,447.89,176.41,74.54,204.27,0.3250,-1,-1,-1
246,2,118.61,563.54,80.95,249.06,0.6377,-1,-1,-1
246,3,935.38,903.66,64.17,176.35,0.7803,-1,-1,-1
246,4,1720.92,458.38,74.01,209.92,0.6068,-1,-1,-1
246,5,1369.64,571.93,105.30,242.18,0.4675,-1,-1,-1
246,6,219.97,470.68,62.30,204.38,0.5841,-1,-1,-1
246,8,488.51,363.40,74.03,214.66,0.6929,-1,-1,-1
246,17,388.90,517.92,80.75,239.70,0.6974,-1,-1,-1
246,19,936.35,115.75,56.98,179.54,0.4114,-1,-1,-1
246,28,584.85,371.00,60.96,200.54,0.6292,-1,-1,-1
246,32,791.21,345.03,63.39,195.88,0.3970,-1,-1,-1
246,34,202.61,730.99,94.69,256.45,0.6851,-1,-1,-1
246,35,1079.70,117.73,59.02,178.51,0.4120,-1,-1,-1
246,39,171.73,655.32,75.12,152.31,0.6020,-1,-1,-1
246,41,861.26,352.19,63.38,187.27,0.3860,-1,-1,-1
246,45,784.32,152.86,72.12,169.93,0.3273,-1,-1,-1
247,1,447.86,175.69,76.74,204.79,0.3374,-1,-1,-1
247,2,119.34,562.77,84.62,252.52,0.6225,-1,-1,-1
247,3,935.94,903.89,63.61,176.10,0.7680,-1,-1,-1
247,4,1719.96,458.37,74.73,208.81,0.6212,-1,-1,-1
247,5,1371.36,567.87,105.68,248.41,0.5721,-1,-1,-1
247,6,219.40,469.05,62.36,205.97,0.5816,-1,-1,-1
247,8,487.47,364.41,73.92,214.81,0.7438,-1,-1,-1
247,17,389.30,517.66,81.01,240.86,0.7041,-1,-1,-1
247,19,936.52,114.35,57.55,177.40,0.4337,-1,-1,-1
247,28,584.30,372.58,61.96,204.36,0.6808,-1,-1,-1
247,32,788.82,345.36,65.60,195.78,0.4095,-1,-1,-1
247,34,204.25,732.91,95.71,256.83,0.6713,-1,-1,-1
247,35,1078.05,116.50,57.99,179.28,0.4380,-1,-1,-1
247,39,175.07,656.33,81.44,145.91,0.4378,-1,-1,-1
247,41,863.40,352.52,58.67,188.15,0.3755,-1,-1,-1
247,44,1150.77,113.02,56.27,162.52,0.3186,-1,-1,-1
247,45,787.68,152.98,68.78,168.80,0.3064,-1,-1,-1
248,1,448.49,173.78,76.90,209.56,0.3514,-1,-1,-1
248,2,123.08,562.80,83.11,249.13,0.6804,-1,-1,-1
248,3,936.14,905.27,64.79,174.64,0.7521,-1,-1,-1
248,4,1718.99,459.58,75.64,208.29,0.6285,-1,-1,-1
248,5,1375.17,569.82,102.77,245.94,0.5481,-1,-1,-1
248,6,220.78,467.46,60.00,203.38,0.5751,-1,-1,-1
248,8,487.43,366.04,72.08,214.90,0.7421,-1,-1,-1
248,17,389.32,517.16,81.15,240.74,0.6931,-1,-1,-1
248,19,938.36,113.59,57.04,175.88,0.4605,-1,-1,-1
248,28,584.39,374.85,60.22,206.66,0.6460,-1,-1,-1
248,32,791.56,345.87,65.08,199.65,0.4238,-1,-1,-1
248,34,203.66,734.61,94.41,257.88,0.5901,-1,-1,-1
248,35,1077.21,116.41,57.25,180.88,0.4956,-1,-1,-1
248,39,179.68,663.83,81.01,145.75,0.3694,-1,-1,-1
248,41,862.88,353.28,64.29,190.04,0.4163,-1,-1,-1
248,44,1149.97,113.37,56.45,164.26,0.3311,-1,-1,-1
249,1,449.26,171.87,77.09,210.74,0.3883,-1,-1,-1
249,2,125.69,563.82,80.71,250.97,0.6690,-1,-1,-1
249,3,936.34,905.37,65.67,174.62,0.7499,-1,-1,-1
249,4,1720.44,459.60,73.57,207.59,0.5913,-1,-1,-1
249,5,1382.30,570.38,92.87,247.36,0.5264,-1,-1,-1
249,6,220.67,466.54,59.61,195.14,0.5557,-1,-1,-1
249,8,486.84,367.38,72.01,216.05,0.7137,-1,-1,-1
249,17,388.22,516.16,83.56,240.29,0.6858,-1,-1,-1
249,19,939.34,111.12,58.29,179.02,0.5153,-1,-1,-1
249,28,583.55,378.67,59.91,204.79,0.6024,-1,-1,-1
249,32,790.59,345.61,64.45,195.08,0.3838,-1,-1,-1
249,34,206.06,741.34,89.26,251.78,0.4892,-1,-1,-1
249,35,1075.95,116.14,57.14,182.75,0.4617,-1,-1,-1
249,39,182.99,672.38,84.04,226.56,0.4983,-1,-1,-1
249,41,861.04,352.87,68.55,190.31,0.3786,-1,-1,-1
249,44,1148.91,111.52,56.33,166.19,0.3426,-1,-1,-1
250,1,449.62,170.19,76.46,211.45,0.3727,-1,-1,-1
250,2,128.06,565.74,81.40,247.07,0.6769,-1,-1,-1
250,3,936.47,905.77,66.90,174.23,0.7305,-1,-1,-1
250,4,1721.12,458.22,73.53,209.00,0.5974,-1,-1,-1
250,5,1386.21,569.60,88.60,246.43,0.5925,-1,-1,-1
250,6,222.17,464.89,59.28,195.22,0.5548,-1,-1,-1
250,8,486.80,369.27,72.14,218.75,0.6864,-1,-1,-1
250,17,388.47,516.10,84.56,238.88,0.6797,-1,-1,-1
250,19,937.29,109.69,60.64,180.60,0.4961,-1,-1,-1
250,28,582.21,381.31,60.59,202.48,0.6332,-1,-1,-1
250,32,792.15,348.33,66.24,194.61,0.3417,-1,-1,-1
250,34,210.46,746.12,90.29,244.61,0.4592,-1,-1,-1
250,35,1073.91,115.34,57.83,183.38,0.4140,-1,-1,-1
250,39,177.87,662.02,100.81,166.12,0.4675,-1,-1,-1
250,41,854.50,355.71,72.56,191.00,0.3945,-1,-1,-1
250,44,1147.52,110.76,56.98,166.21,0.3421,-1,-1,-1
251,1,450.26,168.28,74.25,211.47,0.3772,-1,-1,-1
251,2,131.64,564.97,80.92,249.90,0.6999,-1,-1,-1
251,3,938.18,907.68,66.32,172.36,0.7400,-1,-1,-1
251,4,1719.77,459.24,75.50,207.82,0.6042,-1,-1,-1
251,5,1387.76,568.62,88.92,247.20,0.6265,-1,-1,-1
251,6,222.22,461.25,59.43,197.05,0.5622,-1,-1,-1
251,8,490.51,369.30,68.18,225.98,0.6536,-1,-1,-1
251,17,388.19,512.56,85.24,239.77,0.6658,-1,-1,-1
251,19,935.34,110.16,65.01,180.89,0.4687,-1,-1,-1
251,28,581.69,383.19,60.27,203.09,0.6525,-1,-1,-1
251,32,791.65,351.13,66.11,191.89,0.3651,-1,-1,-1
251,34,211.50,744.23,88.92,247.90,0.5581,-1,-1,-1
251,35,1073.06,114.92,57.75,183.83,0.3955,-1,-1,-1
251,39,183.83,672.27,93.93,143.36,0.5084,-1,-1,-1
251,41,861.21,355.84,67.85,193.08,0.3477,-1,-1,-1
252,1,449.95,167.19,74.52,208.56,0.3789,-1,-1,-1
252,2,133.65,565.86,83.20,247.63,0.7026,-1,-1,-1
252,3,938.49,908.09,66.94,171.90,0.7129,-1,-1,-1
252,4,1720.57,459.66,74.06,207.20,0.5841,-1,-1,-1
252,5,1386.99,569.73,88.81,243.25,0.5683,-1,-1,-1
252,6,221.39,456.06,59.47,201.85,0.5739,-1,-1,-1
252,8,489.90,372.48,68.48,227.32,0.6549,-1,-1,-1
252,17,389.87,509.79,83.27,241.05,0.6644,-1,-1,-1
252,19,936.33,107.18,64.59,182.53,0.4820,-1,-1,-1
252,28,580.66,383.63,61.49,205.06,0.6670,-1,-1,-1
252,34,209.52,740.86,97.62,250.22,0.6633,-1,-1,-1
252,35,1072.16,114.33,57.84,184.16,0.3632,-1,-1,-1
252,39,185.97,675.81,91.64,140.79,0.4684,-1,-1,-1
252,41,863.63,359.45,61.15,189.91,0.3579,-1,-1,-1
252,44,1145.90,108.96,57.29,171.39,0.3294,-1,-1,-1
253,1,452.21,166.63,71.31,207.91,0.3848,-1,-1,-1
253,2,135.91,565.58,84.65,246.02,0.6959,-1,-1,-1
253,3,938.65,908.17,68.42,171.82,0.7337,-1,-1,-1
253,4,1721.37,458.07,73.54,209.12,0.5710,-1,-1,-1
253,5,1388.42,570.77,87.99,246.52,0.6155,-1,-1,-1
253,6,221.09,457.00,62.11,198.77,0.6017,-1,-1,-1
253,8,489.14,374.48,69.64,225.93,0.6622,-1,-1,-1
253,17,389.21,507.03,83.44,239.85,0.6694,-1,-1,-1
253,19,934.80,108.84,66.75,181.58,0.4960,-1,-1,-1
253,28,578.80,383.47,62.13,207.95,0.6812,-1,-1,-1
253,34,217.13,737.54,91.52,251.80,0.7348,-1,-1,-1
253,35,1069.55,114.45,59.38,182.80,0.3580,-1,-1,-1
253,39,194.35,676.74,80.73,136.49,0.4556,-1,-1,-1
253,44,1145.15,108.23,56.10,171.12,0.3580,-1,-1,-1
254,1,452.49,165.95,70.93,204.81,0.3665,-1,-1,-1
254,2,137.33,565.38,85.60,244.18,0.6680,-1,-1,-1
254,3,939.76,909.58,68.27,170.45,0.7323,-1,-1,-1
254,4,1720.65,458.78,73.68,208.72,0.5822,-1,-1,-1
254,5,1389.55,570.00,87.55,245.84,0.6195,-1,-1,-1
254,6,220.92,456.21,62.29,198.70,0.5803,-1,-1,-1
254,8,488.94,373.77,69.03,230.37,0.6528,-1,-1,-1
254,17,390.48,504.46,80.31,238.26,0.6370,-1,-1,-1
254,19,934.88,109.07,68.47,181.70,0.4882,-1,-1,-1
254,28,577.56,385.84,62.77,207.29,0.6924,-1,-1,-1
254,32,795.10,350.66,68.46,193.36,0.3486,-1,-1,-1
254,34,222.14,736.62,87.77,254.38,0.7767,-1,-1,-1
254,35,1069.29,114.14,56.46,183.14,0.3859,-1,-1,-1
254,39,194.16,677.95,82.41,137.10,0.4662,-1,-1,-1
254,41,866.66,361.65,59.55,190.29,0.3537,-1,-1,-1
254,44,1144.17,107.99,54.83,169.77,0.3487,-1,-1,-1
255,1,455.49,165.31,65.21,201.47,0.3484,-1,-1,-1
255,2,139.69,563.48,84.87,244.05,0.6898,-1,-1,-1
255,3,939.30,909.59,70.46,169.57,0.7317,-1,-1,-1
255,4,1721.19,459.29,72.72,207.49,0.6057,-1,-1,-1
255,5,1390.49,569.52,87.19,248.97,0.6551,-1,-1,-1
255,6,220.72,455.76,63.22,197.84,0.6190,-1,-1,-1
255,8,488.34,374.62,69.65,230.62,0.6681,-1,-1,-1
255,17,391.45,501.85,80.67,232.70,0.6717,-1,-1,-1
255,19,933.61,108.82,70.55,180.35,0.4829,-1,-1,-1
255,28,576.63,385.75,62.47,207.85,0.7301,-1,-1,-1
255,32,798.12,351.71,68.94,199.66,0.3312,-1,-1,-1
255,34,221.36,735.37,91.97,261.69,0.7278,-1,-1,-1
255,35,1067.00,113.33,57.01,183.43,0.4082,-1,-1,-1
255,39,198.27,680.13,81.95,136.73,0.4726,-1,-1,-1
255,41,865.64,360.15,70.38,193.53,0.3663,-1,-1,-1
255,44,1142.21,107.02,55.29,171.37,0.3296,-1,-1,-1
256,1,454.61,164.46,67.43,199.06,0.3207,-1,-1,-1
256,2,140.70,564.39,85.65,243.14,0.6532,-1,-1,-1
256,3,939.20,909.85,71.68,170.12,0.7425,-1,-1,-1
256,4,1720.04,459.10,74.26,208.58,0.5657,-1,-1,-1
256,5,1392.12,568.43,88.02,246.26,0.6373,-1,-1,-1
256,6,220.94,455.01,62.87,196.45,0.5990,-1,-1,-1
256,8,489.98,375.33,67.74,229.89,0.6657,-1,-1,-1
256,17,391.74,498.26,79.39,230.92,0.6536,-1,-1,-1
256,19,934.59,107.84,69.95,180.51,0.4856,-1,-1,-1
256,28,575.99,386.77,62.46,207.19,0.7453,-1,-1,-1
256,34,227.96,736.45,87.74,267.54,0.7173,-1,-1,-1
256,35,1066.27,113.16,56.39,183.17,0.3980,-1,-1,-1
256,39,202.91,678.19,88.56,146.75,0.5374,-1,-1,-1
256,41,869.96,362.34,64.68,192.46,0.3311,-1,-1,-1
256,44,1140.16,106.15,56.16,171.60,0.3391,-1,-1,-1
257,1,455.32,163.23,67.16,196.82,0.3065,-1,-1,-1
257,2,140.63,564.27,89.72,243.36,0.6210,-1,-1,-1
257,3,938.94,911.19,73.79,168.56,0.7511,-1,-1,-1
257,4,1719.96,459.95,73.84,207.27,0.5791,-1,-1,-1
257,5,1394.24,567.29,86.78,244.60,0.6264,-1,-1,-1
257,6,220.33,454.41,64.81,197.79,0.5733,-1,-1,-1
257,8,487.94,378.68,70.10,227.19,0.6774,-1,-1,-1
257,17,392.17,494.23,80.10,232.33,0.6820,-1,-1,-1
257,19,934.99,106.95,69.18,181.27,0.4311,-1,-1,-1
257,28,575.12,387.01,62.35,205.83,0.7585,-1,-1,-1
257,32,799.22,350.95,74.66,201.32,0.3213,-1,-1,-1
257,34,234.17,746.14,85.17,267.41,0.7339,-1,-1,-1
257,35,1063.92,112.60,57.06,184.13,0.3667,-1,-1,-1
257,39,203.99,678.59,88.29,153.05,0.5769,-1,-1,-1
257,41,870.06,363.29,57.30,186.97,0.3797,-1,-1,-1
257,44,1138.41,105.81,58.06,170.47,0.3214,-1,-1,-1
258,1,455.82,163.24,68.07,196.05,0.3236,-1,-1,-1
258,2,142.54,564.40,90.85,246.40,0.5906,-1,-1,-1
258,3,938.73,912.82,74.24,165.91,0.7498,-1,-1,-1
258,4,1720.53,459.42,73.80,207.60,0.5671,-1,-1,-1
258,5,1395.50,566.35,86.14,240.79,0.6223,-1,-1,-1
258,6,221.45,453.17,64.29,197.60,0.5339,-1,-1,-1
258,8,489.61,376.86,67.99,228.77,0.6610,-1,-1,-1
258,17,390.24,492.68,80.76,233.77,0.6808,-1,-1,-1
258,19,937.41,105.61,68.25,179.84,0.4244,-1,-1,-1
258,28,575.42,387.72,61.44,204.31,0.7463,-1,-1,-1
258,32,802.07,352.44,74.54,202.36,0.3333,-1,-1,-1
258,34,233.48,749.09,86.72,269.98,0.7666,-1,-1,-1
258,35,1064.49,112.79,58.69,182.32,0.3178,-1,-1,-1
258,39,212.26,679.85,81.48,156.55,0.5351,-1,-1,-1
258,41,871.83,363.02,55.35,185.47,0.3489,-1,-1,-1
259,1,459.16,162.57,67.48,197.26,0.3509,-1,-1,-1
259,2,144.03,565.66,93.45,244.47,0.6281,-1,-1,-1
259,3,938.64,914.20,76.44,164.40,0.7305,-1,-1,-1
259,4,1719.87,459.37,74.92,208.51,0.5631,-1,-1,-1
259,5,1400.71,566.41,81.76,237.20,0.5870,-1,-1,-1
259,6,222.86,452.34,62.37,196.59,0.5073,-1,-1,-1
259,8,486.84,381.59,70.28,223.85,0.6669,-1,-1,-1
259,17,388.00,491.91,83.02,233.90,0.6571,-1,-1,-1
259,19,939.68,103.49,64.79,179.18,0.4180,-1,-1,-1
259,28,574.23,389.65,62.95,202.00,0.7489,-1,-1,-1
259,32,803.52,353.01,71.59,202.53,0.4113,-1,-1,-1
259,34,234.24,754.67,87.37,263.80,0.7461,-1,-1,-1
259,35,1062.66,112.16,58.39,181.63,0.3247,-1,-1,-1
259,39,209.41,679.07,91.44,131.48,0.4739,-1,-1,-1
259,41,872.15,367.46,51.82,180.93,0.3350,-1,-1,-1
260,1,457.85,162.49,69.41,197.82,0.3749,-1,-1,-1
260,2,151.28,564.66,87.73,245.81,0.6321,-1,-1,-1
260,3,939.54,914.83,78.57,162.34,0.7218,-1,-1,-1
260,4,1719.62,459.34,74.55,208.54,0.5881,-1,-1,-1
260,5,1403.50,565.95,78.98,239.56,0.5582,-1,-1,-1
260,6,222.44,451.41,63.04,194.80,0.5082,-1,-1,-1
260,8,490.19,380.14,67.67,225.97,0.6628,-1,-1,-1
260,17,383.23,490.73,87.61,235.52,0.6637,-1,-1,-1
260,19,939.36,101.20,65.76,174.90,0.4326,-1,-1,-1
260,28,573.66,390.85,62.15,199.49,0.7530,-1,-1,-1
260,32,806.39,354.76,66.35,200.16,0.3908,-1,-1,-1
260,34,237.25,757.82,85.46,266.78,0.7301,-1,-1,-1
260,35,1061.14,110.85,56.06,183.82,0.3466,-1,-1,-1
260,39,215.47,682.09,86.79,124.52,0.5332,-1,-1,-1
260,41,869.57,366.61,63.64,183.22,0.3003,-1,-1,-1
261,1,452.07,161.19,76.97,201.57,0.3852,-1,-1,-1
261,2,159.23,564.96,80.02,247.72,0.6515,-1,-1,-1
261,3,939.41,915.03,80.69,163.53,0.7262,-1,-1,-1
261,4,1720.77,459.62,73.57,208.81,0.5983,-1,-1,-1
261,5,1409.58,565.81,74.27,239.93,0.5531,-1,-1,-1
261,6,222.29,450.14,63.00,193.85,0.4819,-1,-1,-1
261,8,487.01,384.03,69.85,220.84,0.6893,-1,-1,-1
261,17,377.79,488.44,92.45,237.90,0.6510,-1,-1,-1
261,19,938.91,99.03,65.55,173.69,0.4450,-1,-1,-1
261,28,573.74,392.77,61.53,196.84,0.7492,-1,-1,-1
261,32,804.03,354.19,71.66,202.22,0.3715,-1,-1,-1
261,34,239.58,763.54,83.25,257.31,0.6982,-1,-1,-1
261,39,217.71,684.67,86.05,126.55,0.6276,-1,-1,-1
262,1,458.64,161.92,69.30,199.10,0.3842,-1,-1,-1
262,2,162.33,565.42,82.97,250.40,0.6477,-1,-1,-1
262,3,937.45,917.38,83.05,159.70,0.7269,-1,-1,-1
262,4,1720.25,460.02,74.30,208.26,0.5950,-1,-1,-1
262,5,1410.17,563.68,77.77,240.35,0.5666,-1,-1,-1
262,6,222.21,448.93,63.24,193.14,0.5122,-1,-1,-1
262,8,488.04,384.73,68.62,220.16,0.7157,-1,-1,-1
262,17,376.25,487.33,93.63,237.83,0.6316,-1,-1,-1
262,19,937.50,98.06,66.64,171.40,0.4970,-1,-1,-1
262,28,573.27,395.40,61.41,196.33,0.7375,-1,-1,-1
262,32,806.29,355.29,67.95,201.83,0.4088,-1,-1,-1
262,34,241.27,764.57,85.89,264.17,0.6926,-1,-1,-1
262,35,1058.32,108.17,57.21,184.18,0.3763,-1,-1,-1
262,39,222.61,687.49,81.75,125.80,0.5639,-1,-1,-1
263,1,455.10,160.48,70.16,201.82,0.3655,-1,-1,-1
263,2,166.53,565.30,79.23,251.18,0.6835,-1,-1,-1
263,3,936.37,918.34,85.24,158.44,0.7392,-1,-1,-1
263,4,1719.80,460.02,74.98,208.11,0.5726,-1,-1,-1
263,5,1410.37,565.22,76.81,236.78,0.5938,-1,-1,-1
263,6,223.87,446.03,62.15,191.20,0.5249,-1,-1,-1
263,8,487.64,384.85,68.96,219.81,0.6998,-1,-1,-1
263,17,375.75,485.85,93.28,238.86,0.6107,-1,-1,-1
263,19,938.82,96.18,65.15,174.70,0.4815,-1,-1,-1
263,28,572.50,396.73,62.44,198.92,0.7085,-1,-1,-1
263,32,803.97,355.46,74.19,205.25,0.4036,-1,-1,-1
263,34,242.85,768.27,86.16,262.78,0.6711,-1,-1,-1
263,35,1056.76,106.90,57.96,184.53,0.3890,-1,-1,-1
263,39,224.30,688.79,84.02,124.62,0.4590,-1,-1,-1
264,1,459.21,160.44,66.52,200.12,0.3311,-1,-1,-1
264,2,169.75,564.28,77.71,252.64,0.6904,-1,-1,-1
264,3,937.25,919.74,84.72,156.27,0.7568,-1,-1,-1
264,4,1720.87,459.74,74.04,208.56,0.5846,-1,-1,-1
264,5,1410.58,565.46,80.55,236.95,0.6163,-1,-1,-1
264,6,225.89,447.82,60.89,187.21,0.5601,-1,-1,-1
264,8,486.14,385.01,70.58,218.12,0.6890,-1,-1,-1
264,17,374.26,485.26,94.11,238.40,0.6069,-1,-1,-1
264,19,937.75,94.36,66.39,177.44,0.4405,-1,-1,-1
264,28,570.75,397.32,62.62,200.28,0.6838,-1,-1,-1
264,32,802.18,358.08,69.77,204.97,0.3900,-1,-1,-1
264,34,245.87,771.99,86.89,260.44,0.7473,-1,-1,-1
264,35,1054.39,106.83,58.08,178.39,0.3529,-1,-1,-1
264,39,233.60,692.12,75.38,119.97,0.6103,-1,-1,-1
265,1,460.11,161.40,63.84,199.33,0.3731,-1,-1,-1
265,2,173.38,565.60,75.52,254.15,0.6910,-1,-1,-1
265,3,938.47,919.91,84.74,156.57,0.7554,-1,-1,-1
265,4,1720.65,460.07,73.94,208.27,0.6010,-1,-1,-1
265,5,1410.93,565.93,79.45,239.88,0.5874,-1,-1,-1
265,6,227.12,444.19,60.53,188.66,0.5298,-1,-1,-1
265,8,486.05,385.28,69.56,218.40,0.6717,-1,-1,-1
265,17,373.63,484.51,94.14,238.50,0.6552,-1,-1,-1
265,19,939.38,93.13,64.08,179.66,0.4703,-1,-1,-1
265,28,569.94,398.97,63.33,198.87,0.7247,-1,-1,-1
265,32,802.61,358.55,73.58,207.89,0.3667,-1,-1,-1
265,34,246.83,771.52,86.13,261.29,0.7683,-1,-1,-1
265,35,1054.17,106.10,56.42,176.05,0.3830,-1,-1,-1
265,39,239.26,695.45,69.98,120.11,0.5710,-1,-1,-1
265,44,1126.88,96.42,56.11,163.46,0.3308,-1,-1,-1
266,1,460.89,160.35,63.77,201.31,0.3284,-1,-1,-1
266,2,175.94,566.34,77.91,255.90,0.6937,-1,-1,-1
266,3,938.10,920.39,85.88,156.21,0.7623,-1,-1,-1
266,4,1720.35,460.42,74.14,208.06,0.5901,-1,-1,-1
266,5,1411.40,565.91,79.70,244.41,0.5713,-1,-1,-1
266,6,225.38,443.90,62.21,183.43,0.4923,-1,-1,-1
266,8,484.56,384.95,69.15,220.55,0.6282,-1,-1,-1
266,17,373.81,484.02,93.98,237.33,0.6409,-1,-1,-1
266,19,939.68,92.59,65.02,179.04,0.4589,-1,-1,-1
266,28,567.80,401.20,64.52,202.54,0.6712,-1,-1,-1
266,32,801.56,359.88,78.00,209.69,0.3996,-1,-1,-1
266,34,249.85,774.10,92.60,258.58,0.7714,-1,-1,-1
266,35,1053.71,105.06,56.24,177.97,0.4415,-1,-1,-1
266,39,246.85,698.81,64.85,117.93,0.5297,-1,-1,-1
266,44,1126.41,96.22,55.01,164.99,0.3531,-1,-1,-1
267,1,461.54,159.64,64.48,201.32,0.3724,-1,-1,-1
267,2,178.83,567.50,77.86,260.37,0.6877,-1,-1,-1
267,3,939.30,920.15,85.19,156.74,0.7641,-1,-1,-1
267,4,1720.19,459.96,75.20,208.17,0.5663,-1,-1,-1
267,5,1412.03,565.30,78.88,244.92,0.5658,-1,-1,-1
267,6,223.82,441.27,64.20,185.14,0.4862,-1,-1,-1
267,8,481.31,385.90,70.74,221.99,0.6255,-1,-1,-1
267,17,373.54,481.15,92.98,238.36,0.6065,-1,-1,-1
267,19,939.86,91.71,65.38,179.89,0.4566,-1,-1,-1
267,28,567.02,402.37,64.88,205.16,0.6516,-1,-1,-1
267,32,802.39,362.08,72.53,211.90,0.3829,-1,-1,-1
267,34,248.36,771.80,94.20,261.67,0.7581,-1,-1,-1
267,35,1051.07,104.25,58.39,179.12,0.4606,-1,-1,-1
267,39,248.85,701.77,67.18,114.52,0.5140,-1,-1,-1
267,44,1124.16,96.11,57.01,166.88,0.3899,-1,-1,-1
268,1,461.97,157.27,65.12,203.19,0.3735,-1,-1,-1
268,2,182.14,569.07,76.12,258.50,0.7078,-1,-1,-1
268,3,941.51,919.93,83.14,157.10,0.7585,-1,-1,-1
268,4,1720.44,459.99,73.81,208.13,0.5799,-1,-1,-1
268,5,1412.58,564.56,78.20,245.30,0.5944,-1,-1,-1
268,6,223.84,439.74,63.89,186.98,0.5369,-1,-1,-1
268,8,478.94,388.52,72.89,223.53,0.6271,-1,-1,-1
268,17,373.77,479.47,91.01,238.98,0.6351,-1,-1,-1
268,19,942.35,92.24,64.94,178.90,0.4519,-1,-1,-1
268,28,565.66,403.14,66.26,206.11,0.6221,-1,-1,-1
268,32,803.86,362.83,70.76,215.19,0.3778,-1,-1,-1
268,34,251.31,768.89,88.28,264.52,0.7432,-1,-1,-1
268,35,1049.85,104.96,59.22,178.02,0.4540,-1,-1,-1
268,39,253.72,704.26,65.70,112.64,0.5486,-1,-1,-1
268,44,1122.62,96.44,57.58,167.55,0.4123,-1,-1,-1
269,1,461.74,158.92,65.95,199.24,0.4029,-1,-1,-1
269,2,183.42,571.55,79.99,252.37,0.7135,-1,-1,-1
269,3,943.69,920.28,82.14,157.14,0.7535,-1,-1,-1
269,4,1720.72,460.62,73.87,206.88,0.5943,-1,-1,-1
269,5,1413.75,566.64,78.87,243.72,0.5823,-1,-1,-1
269,6,224.79,437.55,63.83,189.73,0.5008,-1,-1,-1
269,8,475.62,389.67,75.45,221.88,0.6335,-1,-1,-1
269,17,374.87,477.74,90.00,239.29,0.6509,-1,-1,-1
269,19,942.55,92.20,64.63,178.44,0.4963,-1,-1,-1
269,28,565.62,399.81,67.07,209.33,0.6025,-1,-1,-1
269,32,806.17,365.95,64.55,212.71,0.4110,-1,-1,-1
269,34,251.87,773.66,90.31,260.17,0.7194,-1,-1,-1
269,35,1048.61,104.70,59.18,175.98,0.4452,-1,-1,-1
269,39,256.77,705.76,67.06,113.33,0.5749,-1,-1,-1
269,44,1121.60,95.97,57.74,167.73,0.3743,-1,-1,-1
270,1,462.68,154.90,61.77,201.93,0.3786,-1,-1,-1
270,2,184.89,572.27,83.44,246.77,0.6873,-1,-1,-1
270,3,944.61,920.74,81.46,157.68,0.7538,-1,-1,-1
270,4,1720.61,461.12,73.97,206.51,0.5596,-1,-1,-1
270,5,1416.52,570.36,80.66,240.52,0.5704,-1,-1,-1
270,6,225.52,436.72,62.94,190.70,0.4789,-1,-1,-1
270,8,474.71,392.59,75.36,221.34,0.6353,-1,-1,-1
270,17,375.62,475.18,88.75,235.72,0.6330,-1,-1,-1
270,19,941.44,91.82,67.10,178.66,0.4812,-1,-1,-1
270,28,564.40,401.46,68.37,212.35,0.6106,-1,-1,-1
270,32,806.03,367.49,64.90,211.38,0.3780,-1,-1,-1
270,34,257.02,768.58,86.11,264.05,0.7719,-1,-1,-1
270,35,1047.42,102.88,58.60,177.49,0.4334,-1,-1,-1
270,39,258.93,705.90,70.37,108.87,0.5492,-1,-1,-1
270,44,1120.50,95.99,57.66,167.98,0.3594,-1,-1,-1
271,1,462.70,155.96,64.28,200.96,0.3586,-1,-1,-1
271,2,186.70,574.55,85.44,245.23,0.6551,-1,-1,-1
271,3,945.74,921.54,80.96,156.70,0.7323,-1,-1,-1
271,4,1719.74,460.25,75.07,208.34,0.5716,-1,-1,-1
271,5,1420.18,573.87,79.89,238.45,0.5328,-1,-1,-1
271,6,226.62,435.24,61.59,186.47,0.4748,-1,-1,-1
271,8,473.48,393.77,76.11,219.62,0.6235,-1,-1,-1
271,17,379.50,471.62,84.66,229.31,0.6259,-1,-1,-1
271,19,942.10,91.07,66.64,177.65,0.5072,-1,-1,-1
271,28,565.05,402.15,66.30,209.30,0.6059,-1,-1,-1
271,32,811.55,370.65,60.40,213.11,0.4085,-1,-1,-1
271,34,259.20,771.81,85.34,261.09,0.7423,-1,-1,-1
271,35,1044.92,103.57,59.84,178.50,0.4223,-1,-1,-1
271,39,262.11,708.24,71.58,113.59,0.4873,-1,-1,-1
271,41,879.35,379.23,53.23,186.84,0.3120,-1,-1,-1
271,44,1117.93,95.53,58.44,167.68,0.3164,-1,-1,-1
272,1,463.10,154.23,66.09,201.16,0.3684,-1,-1,-1
272,2,188.61,574.32,87.26,245.99,0.6723,-1,-1,-1
272,3,945.90,921.65,80.83,156.55,0.7196,-1,-1,-1
272,4,1720.01,460.11,74.39,207.17,0.5514,-1,-1,-1
272,5,1422.24,575.69,79.98,240.78,0.5211,-1,-1,-1
272,6,228.28,433.66,59.65,186.65,0.4512,-1,-1,-1
272,8,472.06,395.28,76.38,219.41,0.5956,-1,-1,-1
272,17,386.27,468.09,79.91,226.39,0.5992,-1,-1,-1
272,19,941.38,90.48,68.57,178.54,0.4847,-1,-1,-1
272,28,564.61,402.84,65.78,212.78,0.5549,-1,-1,-1
272,32,810.18,371.90,61.63,214.57,0.3820,-1,-1,-1
272,34,259.20,781.46,88.66,257.56,0.7316,-1,-1,-1
272,35,1042.02,103.53,60.95,178.90,0.3880,-1,-1,-1
272,39,268.30,708.12,71.52,118.56,0.5233,-1,-1,-1
272,41,877.62,380.04,60.09,186.26,0.3481,-1,-1,-1
272,44,1116.17,96.35,55.78,165.86,0.3193,-1,-1,-1
273,1,463.60,152.56,64.42,199.72,0.4020,-1,-1,-1
273,2,190.16,575.34,90.75,245.64,0.6835,-1,-1,-1
273,3,945.51,921.98,81.53,156.43,0.7230,-1,-1,-1
273,4,1720.00,460.58,73.87,207.32,0.5606,-1,-1,-1
273,5,1423.77,580.49,77.91,236.19,0.4946,-1,-1,-1
273,6,229.34,432.67,58.60,184.04,0.4706,-1,-1,-1
273,8,471.33,396.33,74.88,218.59,0.6025,-1,-1,-1
273,17,388.47,464.96,77.42,226.08,0.5868,-1,-1,-1
273,19,942.17,89.27,66.12,178.80,0.4866,-1,-1,-1
273,28,562.22,404.20,67.37,212.40,0.5506,-1,-1,-1
273,32,808.36,372.64,64.34,211.30,0.3563,-1,-1,-1
273,34,257.28,781.75,93.07,262.05,0.7242,-1,-1,-1
273,35,1039.45,102.60,63.16,178.15,0.3630,-1,-1,-1
273,39,273.53,708.41,73.42,126.79,0.5728,-1,-1,-1
273,41,882.53,379.19,55.87,189.80,0.3404,-1,-1,-1
273,44,1113.91,95.26,63.19,166.75,0.3031,-1,-1,-1
274,1,463.02,151.90,63.80,196.05,0.4000,-1,-1,-1
274,2,192.83,576.45,91.35,247.43,0.6952,-1,-1,-1
274,3,945.79,922.20,81.18,156.60,0.7053,-1,-1,-1
274,4,1720.60,460.30,73.53,207.59,0.5945,-1,-1,-1
274,5,1425.18,579.24,78.50,239.81,0.5281,-1,-1,-1
274,6,228.90,431.82,58.67,183.10,0.4642,-1,-1,-1
274,8,470.71,397.33,74.03,218.74,0.6238,-1,-1,-1
274,17,387.38,461.81,78.75,228.39,0.6229,-1,-1,-1
274,19,942.51,88.17,65.24,179.77,0.5141,-1,-1,-1
274,28,560.00,404.81,66.97,211.37,0.5343,-1,-1,-1
274,32,806.26,373.50,63.45,212.14,0.3460,-1,-1,-1
274,34,262.09,786.44,94.11,262.64,0.7130,-1,-1,-1
274,35,1034.96,102.17,68.17,178.52,0.3904,-1,-1,-1
274,39,276.58,708.83,75.01,141.19,0.6444,-1,-1,-1
274,41,884.29,382.27,54.85,188.91,0.3509,-1,-1,-1
274,44,1112.64,94.64,64.25,166.00,0.3428,-1,-1,-1
275,1,463.15,150.94,64.15,194.33,0.4026,-1,-1,-1
275,2,194.35,578.39,94.77,250.31,0.6726,-1,-1,-1
275,3,944.43,922.17,83.09,156.69,0.7238,-1,-1,-1
275,4,1720.46,460.04,73.60,207.58,0.5897,-1,-1,-1
275,5,1428.36,579.91,77.29,239.92,0.5103,-1,-1,-1
275,6,228.47,431.37,59.88,188.82,0.3377,-1,-1,-1
275,8,470.12,397.26,72.78,216.45,0.6622,-1,-1,-1
275,17,386.56,461.71,79.72,226.73,0.6144,-1,-1,-1
275,19,942.28,85.93,65.30,181.29,0.5000,-1,-1,-1
275,28,559.34,405.55,66.33,208.36,0.5957,-1,-1,-1
275,32,812.14,374.04,60.92,210.61,0.3947,-1,-1,-1
275,34,267.04,781.46,91.71,268.99,0.7039,-1,-1,-1
275,35,1031.87,102.51,69.98,179.09,0.3361,-1,-1,-1
275,39,276.30,711.68,84.26,142.07,0.4192,-1,-1,-1
275,41,886.29,380.39,54.35,191.52,0.3573,-1,-1,-1
275,44,1111.14,94.39,64.09,168.38,0.3066,-1,-1,-1
276,1,462.37,149.76,66.06,194.14,0.4028,-1,-1,-1
276,2,195.36,577.44,94.69,249.09,0.6743,-1,-1,-1
276,3,943.67,922.82,83.97,156.11,0.7485,-1,-1,-1
276,4,1719.45,460.50,74.62,206.79,0.5906,-1,-1,-1
276,5,1432.07,578.86,74.81,242.15,0.5319,-1,-1,-1
276,6,228.24,428.85,59.51,192.19,0.3358,-1,-1,-1
276,8,468.36,398.74,73.25,216.80,0.6654,-1,-1,-1
276,17,387.53,460.15,78.67,227.34,0.6327,-1,-1,-1
276,19,943.45,84.41,62.93,180.66,0.4542,-1,-1,-1
276,28,557.55,407.28,67.48,205.83,0.6342,-1,-1,-1
276,32,808.91,373.94,64.34,210.85,0.4049,-1,-1,-1
276,34,271.40,782.98,91.03,272.34,0.6298,-1,-1,-1
276,35,1031.62,102.68,68.38,179.81,0.3317,-1,-1,-1
276,39,279.19,715.21,86.45,142.39,0.3159,-1,-1,-1
276,41,886.13,382.05,56.61,190.92,0.3103,-1,-1,-1
277,1,463.39,147.39,66.05,195.60,0.3741,-1,-1,-1
277,2,196.58,576.64,89.87,249.78,0.6512,-1,-1,-1
277,3,943.49,923.51,84.35,154.82,0.7528,-1,-1,-1
277,4,1719.05,459.74,75.05,208.57,0.5910,-1,-1,-1
277,5,1434.73,579.84,73.82,242.89,0.4954,-1,-1,-1
277,6,228.67,425.68,58.76,185.59,0.3896,-1,-1,-1
277,8,466.62,401.21,72.15,216.34,0.6852,-1,-1,-1
277,17,388.62,459.56,78.69,228.15,0.6091,-1,-1,-1
277,19,943.77,83.82,59.57,175.19,0.4630,-1,-1,-1
277,28,557.22,409.92,66.19,203.50,0.6596,-1,-1,-1
277,32,809.09,374.91,65.39,210.11,0.3815,-1,-1,-1
277,34,273.08,783.69,87.56,278.24,0.6520,-1,-1,-1
277,35,1030.55,102.82,68.54,179.70,0.3407,-1,-1,-1
277,39,281.72,718.89,90.67,142.77,0.5258,-1,-1,-1
277,41,883.72,387.11,64.43,183.91,0.3402,-1,-1,-1
278,1,464.27,146.76,64.45,196.18,0.3474,-1,-1,-1
278,2,198.12,575.80,84.93,251.29,0.6517,-1,-1,-1
278,3,943.44,923.60,84.42,154.09,0.7646,-1,-1,-1
278,4,1719.38,459.39,75.28,209.28,0.5595,-1,-1,-1
278,5,1436.03,582.54,74.53,242.28,0.4395,-1,-1,-1
278,6,228.33,423.90,59.48,178.33,0.4276,-1,-1,-1
278,8,465.92,401.22,70.21,217.05,0.6676,-1,-1,-1
278,17,388.55,459.47,79.96,226.85,0.5999,-1,-1,-1
278,19,942.21,81.83,62.72,176.04,0.4516,-1,-1,-1
278,28,555.23,411.38,67.27,204.40,0.6521,-1,-1,-1
278,32,813.50,376.31,62.05,208.60,0.3487,-1,-1,-1
278,34,275.17,789.43,82.06,273.82,0.6252,-1,-1,-1
278,35,1032.10,101.92,62.96,178.15,0.3740,-1,-1,-1
278,39,283.27,721.78,98.87,144.24,0.6425,-1,-1,-1
278,41,884.22,388.29,63.91,183.47,0.3889,-1,-1,-1
279,1,463.84,146.79,64.90,196.74,0.3515,-1,-1,-1
279,2,202.29,577.21,77.40,250.53,0.5900,-1,-1,-1
279,3,942.64,923.92,85.16,154.11,0.7570,-1,-1,-1
279,4,1720.95,459.35,73.27,209.44,0.5668,-1,-1,-1
279,6,229.22,422.94,58.87,176.05,0.4412,-1,-1,-1
279,8,465.59,404.07,69.29,212.17,0.6849,-1,-1,-1
279,17,387.62,458.89,81.83,229.03,0.5902,-1,-1,-1
279,19,942.04,79.10,60.91,177.81,0.4325,-1,-1,-1
279,28,554.72,413.01,66.58,204.27,0.6606,-1,-1,-1
279,32,816.78,378.33,58.71,207.31,0.3972,-1,-1,-1
279,34,276.69,794.25,83.23,278.56,0.6418,-1,-1,-1
279,35,1031.21,101.54,62.21,176.92,0.3996,-1,-1,-1
279,39,285.68,726.08,105.44,142.13,0.6490,-1,-1,-1
279,41,884.34,390.78,61.64,185.56,0.3324,-1,-1,-1
279,47,748.35,333.36,54.96,188.73,0.4050,-1,-1,-1
280,1,463.45,144.95,66.54,199.18,0.3234,-1,-1,-1
280,2,209.33,582.73,65.80,243.55,0.5357,-1,-1,-1
280,3,941.74,924.41,86.59,153.26,0.7600,-1,-1,-1
280,4,1720.76,459.00,72.96,209.50,0.5729,-1,-1,-1
280,5,1437.08,588.07,72.95,238.76,0.3344,-1,-1,-1
280,6,229.52,421.25,58.39,178.71,0.4719,-1,-1,-1
280,8,466.07,405.06,66.72,212.81,0.7116,-1,-1,-1
280,17,388.61,457.83,80.56,230.80,0.6093,-1,-1,-1
280,19,941.87,78.45,61.22,178.20,0.4327,-1,-1,-1
280,28,554.23,415.37,66.11,207.00,0.6501,-1,-1,-1
280,32,818.13,379.51,57.12,205.06,0.3638,-1,-1,-1
280,34,277.00,797.16,83.26,278.59,0.6423,-1,-1,-1
280,35,1028.01,100.28,69.38,180.05,0.4265,-1,-1,-1
280,39,289.22,726.56,107.77,143.07,0.6610,-1,-1,-1
280,41,883.13,392.25,63.62,188.39,0.3278,-1,-1,-1
280,47,748.85,338.65,60.77,187.82,0.4457,-1,-1,-1
281,1,463.61,143.97,66.90,200.09,0.3411,-1,-1,-1
281,2,209.05,581.02,70.52,249.79,0.5728,-1,-1,-1
281,3,941.25,923.59,86.65,154.58,0.7633,-1,-1,-1
281,4,1719.71,459.80,74.43,208.88,0.5696,-1,-1,-1
281,5,1438.55,586.75,75.48,239.51,0.4652,-1,-1,-1
281,6,228.76,419.79,60.74,185.48,0.4030,-1,-1,-1
281,8,465.18,405.34,66.36,213.12,0.6511,-1,-1,-1
281,17,390.62,456.99,77.86,230.14,0.6387,-1,-1,-1
281,19,941.31,77.46,60.61,178.37,0.4342,-1,-1,-1
281,28,553.65,417.97,65.02,206.77,0.6403,-1,-1,-1
281,32,818.79,380.06,57.55,200.69,0.3221,-1,-1,-1
281,34,279.90,798.23,83.86,277.49,0.6531,-1,-1,-1
281,35,1028.04,100.54,62.43,176.16,0.4627,-1,-1,-1
281,39,293.16,730.00,106.69,141.27,0.6483,-1,-1,-1
281,41,886.40,394.88,63.35,185.54,0.3188,-1,-1,-1
281,44,1102.34,93.29,57.53,158.90,0.3392,-1,-1,-1
281,47,752.76,340.43,56.96,182.71,0.3421,-1,-1,-1
282,1,463.82,143.21,67.61,200.84,0.3174,-1,-1,-1
282,2,216.19,585.03,63.72,243.81,0.6073,-1,-1,-1
282,3,940.58,923.86,87.33,153.85,0.7613,-1,-1,-1
282,4,1719.76,460.50,73.67,209.05,0.6169,-1,-1,-1
282,5,1438.81,585.01,76.17,240.56,0.4950,-1,-1,-1
282,6,228.35,416.63,61.55,190.35,0.4566,-1,-1,-1
282,8,465.70,406.02,64.41,211.11,0.6617,-1,-1,-1
282,17,390.43,455.42,76.30,228.79,0.6575,-1,-1,-1
282,19,940.07,77.46,61.73,177.82,0.4607,-1,-1,-1
282,28,552.42,419.25,64.62,204.48,0.6608,-1,-1,-1
282,32,819.54,381.08,58.86,188.11,0.3036,-1,-1,-1
282,34,281.70,800.12,84.12,276.23,0.7257,-1,-1,-1
282,35,1025.83,99.70,62.58,174.97,0.4275,-1,-1,-1
282,39,298.66,733.97,106.34,144.96,0.6512,-1,-1,-1
282,44,1101.75,92.48,56.07,160.69,0.3531,-1,-1,-1
282,47,755.96,341.76,57.01,178.01,0.4130,-1,-1,-1
283,1,463.97,144.10,68.08,199.83,0.3090,-1,-1,-1
283,2,219.09,584.11,64.54,245.03,0.5963,-1,-1,-1
283,3,940.73,923.66,87.51,153.91,0.7738,-1,-1,-1
283,4,1720.71,459.46,73.38,209.46,0.6043,-1,-1,-1
283,5,1439.91,583.44,76.74,242.19,0.4692,-1,-1,-1
283,6,228.31,414.29,62.32,184.70,0.4087,-1,-1,-1
283,8,465.99,407.60,64.42,212.51,0.6538,-1,-1,-1
283,17,388.77,451.39,78.50,231.66,0.6530,-1,-1,-1
283,19,940.51,79.11,58.74,171.73,0.4835,-1,-1,-1
283,28,553.22,421.13,61.52,205.91,0.6501,-1,-1,-1
283,32,819.85,383.86,58.29,195.05,0.3067,-1,-1,-1
283,34,282.95,799.17,85.15,277.25,0.7058,-1,-1,-1
283,35,1023.40,98.62,63.03,175.21,0.4522,-1,-1,-1
283,39,302.65,736.09,106.06,138.50,0.5675,-1,-1,-1
283,44,1100.53,92.16,57.17,161.96,0.3745,-1,-1,-1
283,47,759.79,343.88,56.92,175.29,0.3835,-1,-1,-1
284,1,462.88,143.16,67.58,200.08,0.3433,-1,-1,-1
284,2,223.36,579.73,63.64,254.36,0.5661,-1,-1,-1
284,3,938.68,922.81,89.43,155.06,0.7678,-1,-1,-1
284,4,1720.18,460.15,74.12,208.89,0.5970,-1,-1,-1
284,5,1440.66,581.15,77.28,244.71,0.4540,-1,-1,-1
284,6,228.66,411.80,60.51,177.93,0.3738,-1,-1,-1
284,8,464.61,409.49,66.87,216.11,0.6216,-1,-1,-1
284,17,391.80,449.30,74.80,232.53,0.6488,-1,-1,-1
284,19,940.87,78.94,58.98,171.71,0.4612,-1,-1,-1
284,28,552.26,423.64,63.15,209.70,0.6623,-1,-1,-1
284,34,282.75,800.73,86.96,276.58,0.7167,-1,-1,-1
284,35,1021.19,97.16,63.04,177.46,0.4289,-1,-1,-1
284,39,307.62,738.52,102.21,137.49,0.5649,-1,-1,-1
284,44,1098.64,92.24,57.06,163.04,0.3395,-1,-1,-1
284,47,763.62,345.95,57.31,174.56,0.3534,-1,-1,-1
285,1,463.05,143.09,65.31,200.06,0.3238,-1,-1,-1
285,2,227.04,579.08,63.84,255.06,0.5494,-1,-1,-1
285,3,937.92,922.21,89.53,155.23,0.7722,-1,-1,-1
285,4,1720.50,460.36,74.26,208.18,0.5917,-1,-1,-1
285,5,1444.74,579.15,78.88,246.21,0.5655,-1,-1,-1
285,6,227.59,413.82,62.73,184.54,0.3829,-1,-1,-1
285,8,464.72,409.98,66.47,218.42,0.6056,-1,-1,-1
285,17,392.08,448.19,74.02,232.15,0.6457,-1,-1,-1
285,19,940.60,79.14,60.75,173.91,0.4673,-1,-1,-1
285,28,551.26,423.96,61.12,211.45,0.6523,-1,-1,-1
285,32,824.54,384.66,57.24,203.43,0.3100,-1,-1,-1
285,34,283.65,801.87,88.06,275.60,0.6994,-1,-1,-1
285,35,1019.66,97.07,66.70,176.56,0.4526,-1,-1,-1
285,39,307.00,740.77,104.12,137.78,0.5574,-1,-1,-1
285,44,1095.91,91.20,57.13,162.62,0.3306,-1,-1,-1
285,47,766.54,351.31,58.93,185.57,0.3541,-1,-1,-1
286,1,463.01,144.18,63.00,197.83,0.3007,-1,-1,-1
286,2,231.20,577.70,63.43,256.77,0.5469,-1,-1,-1
286,3,939.92,921.95,86.27,155.81,0.7618,-1,-1,-1
286,4,1721.02,459.98,72.83,208.49,0.6187,-1,-1,-1
286,5,1447.09,579.81,78.71,247.79,0.4805,-1,-1,-1
286,6,229.51,413.14,61.15,198.32,0.3327,-1,-1,-1
286,8,464.17,411.27,66.56,223.80,0.6051,-1,-1,-1
286,17,392.11,445.65,73.49,231.02,0.6347,-1,-1,-1
286,19,940.44,78.67,60.84,174.87,0.4633,-1,-1,-1
286,28,548.35,425.16,63.46,211.69,0.6247,-1,-1,-1
286,32,825.71,386.26,57.12,204.59,0.3708,-1,-1,-1
286,34,283.83,804.14,91.88,272.48,0.7235,-1,-1,-1
286,35,1018.52,97.19,59.16,178.37,0.4908,-1,-1,-1
286,39,307.29,742.56,103.59,137.54,0.5548,-1,-1,-1
286,41,893.98,398.59,65.65,196.16,0.3620,-1,-1,-1
286,44,1095.28,89.98,52.61,165.24,0.3444,-1,-1,-1
287,1,461.63,143.69,64.56,198.08,0.3314,-1,-1,-1
287,2,232.93,579.91,64.35,254.88,0.5449,-1,-1,-1
287,3,939.48,922.16,86.03,155.83,0.7800,-1,-1,-1
287,4,1720.47,459.67,73.25,209.07,0.6072,-1,-1,-1
287,5,1449.85,579.52,79.85,247.27,0.5478,-1,-1,-1
287,6,229.96,413.46,61.85,210.10,0.3083,-1,-1,-1
287,8,464.14,412.25,65.76,224.79,0.5963,-1,-1,-1
287,17,392.12,443.56,74.15,224.09,0.6051,-1,-1,-1
287,19,939.99,78.07,61.33,176.74,0.4509,-1,-1,-1
287,28,544.51,425.59,65.82,211.11,0.6321,-1,-1,-1
287,32,822.55,391.99,71.14,204.71,0.3714,-1,-1,-1
287,34,285.20,808.84,94.00,266.66,0.7517,-1,-1,-1
287,35,1018.05,96.89,59.83,178.12,0.4810,-1,-1,-1
287,39,309.69,741.68,101.56,139.35,0.5587,-1,-1,-1
287,41,893.13,399.09,63.44,196.00,0.3733,-1,-1,-1
287,44,1092.82,90.56,55.98,164.46,0.3665,-1,-1,-1
288,1,462.51,144.09,66.64,197.12,0.3235,-1,-1,-1
288,2,233.19,579.24,67.29,255.50,0.5792,-1,-1,-1
288,3,940.60,921.65,83.87,156.04,0.7600,-1,-1,-1
288,4,1720.58,460.11,73.04,208.45,0.6027,-1,-1,-1
288,5,1450.60,583.18,81.73,240.49,0.5280,-1,-1,-1
288,6,229.96,409.79,63.43,202.76,0.3248,-1,-1,-1
288,8,461.78,407.91,66.38,228.50,0.5788,-1,-1,-1
288,17,393.24,441.20,72.41,221.65,0.6236,-1,-1,-1
288,19,938.48,74.87,58.88,176.30,0.5021,-1,-1,-1
288,28,542.20,426.19,67.23,210.42,0.6150,-1,-1,-1
288,32,824.32,394.43,72.28,203.20,0.4160,-1,-1,-1
288,34,286.24,812.18,94.82,266.71,0.7661,-1,-1,-1
288,35,1017.67,95.92,59.72,176.60,0.5125,-1,-1,-1
288,39,309.72,742.58,96.70,138.70,0.5780,-1,-1,-1
288,41,893.83,400.00,63.83,195.85,0.3717,-1,-1,-1
288,44,1091.73,90.24,56.58,164.56,0.4107,-1,-1,-1
289,1,462.90,143.67,64.34,197.96,0.3105,-1,-1,-1
289,2,234.66,580.17,69.27,253.60,0.5506,-1,-1,-1
289,3,941.20,921.02,80.86,156.48,0.7490,-1,-1,-1
289,4,1719.82,459.07,74.25,210.68,0.5918,-1,-1,-1
289,5,1451.87,581.83,83.48,239.74,0.4930,-1,-1,-1
289,6,231.57,407.75,61.84,187.46,0.4102,-1,-1,-1
289,8,461.85,411.80,65.25,227.70,0.6396,-1,-1,-1
289,17,393.35,439.21,72.62,221.05,0.6238,-1,-1,-1
289,19,938.08,73.66,57.67,175.41,0.5162,-1,-1,-1
289,28,540.37,427.08,68.24,210.05,0.6190,-1,-1,-1
289,32,825.55,394.40,70.62,202.94,0.3783,-1,-1,-1
289,34,289.16,812.24,95.67,266.74,0.7541,-1,-1,-1
289,35,1016.34,94.85,62.30,177.53,0.4767,-1,-1,-1
289,39,309.54,743.10,97.56,143.07,0.5937,-1,-1,-1
289,41,895.97,400.10,65.00,194.77,0.3242,-1,-1,-1
289,44,1091.47,91.14,56.28,164.01,0.3944,-1,-1,-1
289,47,782.79,351.57,55.91,192.59,0.3084,-1,-1,-1
290,2,236.40,581.82,67.70,252.88,0.5764,-1,-1,-1
290,3,941.83,920.09,78.37,156.81,0.7537,-1,-1,-1
290,4,1720.23,459.43,74.02,209.38,0.5991,-1,-1,-1
290,5,1451.73,589.04,87.56,230.12,0.4035,-1,-1,-1
290,6,233.86,408.52,59.52,182.55,0.4546,-1,-1,-1
290,8,460.12,411.69,66.51,231.15,0.6801,-1,-1,-1
290,17,389.01,437.57,76.86,224.70,0.6009,-1,-1,-1
290,19,938.18,72.31,55.99,175.58,0.5208,-1,-1,-1
290,28,539.34,427.07,68.21,209.77,0.6299,-1,-1,-1
290,32,825.49,394.99,74.95,203.58,0.4388,-1,-1,-1
290,34,290.63,816.08,97.22,263.98,0.7197,-1,-1,-1
290,35,1015.54,93.83,61.32,177.92,0.4984,-1,-1,-1
290,39,312.38,744.09,90.96,144.69,0.6310,-1,-1,-1
290,41,897.34,401.90,63.30,194.09,0.3327,-1,-1,-1
290,44,1088.79,90.52,57.73,164.68,0.4089,-1,-1,-1
290,47,787.02,352.82,52.92,190.42,0.3687,-1,-1,-1
291,2,238.61,580.87,67.89,254.11,0.5584,-1,-1,-1
291,3,942.06,919.72,77.41,157.03,0.7537,-1,-1,-1
291,4,1721.62,459.90,73.18,208.80,0.5842,-1,-1,-1
291,5,1452.91,593.86,87.83,221.96,0.3748,-1,-1,-1
291,6,233.07,408.36,60.98,181.89,0.4343,-1,-1,-1
291,8,460.39,412.68,66.53,230.88,0.6571,-1,-1,-1
291,17,384.78,435.56,81.39,227.21,0.5975,-1,-1,-1
291,19,938.17,70.88,55.86,178.28,0.5076,-1,-1,-1
291,28,536.57,427.87,69.04,209.29,0.6356,-1,-1,-1
291,32,830.43,398.53,67.33,203.30,0.3211,-1,-1,-1
291,34,293.06,820.56,95.67,259.56,0.7041,-1,-1,-1
291,35,1014.91,92.94,61.10,177.86,0.4538,-1,-1,-1
291,39,312.57,746.15,90.22,143.89,0.6181,-1,-1,-1
291,41,896.37,402.20,63.26,193.14,0.3264,-1,-1,-1
291,44,1087.04,89.22,57.05,165.57,0.3656,-1,-1,-1
291,47,790.28,353.67,56.39,194.33,0.4368,-1,-1,-1
292,1,457.63,139.81,61.39,195.29,0.3081,-1,-1,-1
292,2,240.49,581.13,73.30,253.08,0.5469,-1,-1,-1
292,3,942.23,919.73,75.72,157.53,0.7397,-1,-1,-1
292,4,1719.88,460.67,74.66,208.46,0.5777,-1,-1,-1
292,5,1464.03,599.99,79.05,222.60,0.4208,-1,-1,-1
292,6,232.59,407.80,60.51,183.67,0.4534,-1,-1,-1
292,8,460.55,414.27,66.38,230.14,0.5969,-1,-1,-1
292,17,383.76,435.46,81.46,227.89,0.5706,-1,-1,-1
292,19,937.81,69.85,56.81,175.51,0.5263,-1,-1,-1
292,28,537.65,429.80,68.47,207.35,0.6528,-1,-1,-1
292,32,832.10,398.45,64.03,206.35,0.4412,-1,-1,-1
292,34,295.16,827.52,100.16,251.24,0.6389,-1,-1,-1
292,35,1013.86,92.72,61.44,177.51,0.4209,-1,-1,-1
292,39,315.63,749.18,86.75,141.48,0.5280,-1,-1,-1
292,41,897.34,407.80,60.27,186.61,0.3528,-1,-1,-1
292,44,1085.38,88.79,57.96,164.57,0.3719,-1,-1,-1
292,47,790.71,351.88,57.34,202.32,0.3081,-1,-1,-1
293,2,241.89,582.03,82.53,253.66,0.5523,-1,-1,-1
293,3,942.64,918.47,71.23,159.32,0.7357,-1,-1,-1
293,4,1720.85,460.83,73.33,207.81,0.5613,-1,-1,-1
293,5,1463.28,598.38,84.58,225.81,0.4401,-1,-1,-1
293,6,231.95,406.13,60.94,183.84,0.5316,-1,-1,-1
293,8,459.99,414.95,67.98,227.26,0.5790,-1,-1,-1
293,17,381.37,433.34,83.33,228.81,0.5399,-1,-1,-1
293,19,938.15,68.69,56.27,172.64,0.4578,-1,-1,-1
293,28,535.50,432.61,69.04,206.30,0.6786,-1,-1,-1
293,32,832.29,398.44,64.66,205.91,0.3861,-1,-1,-1
293,34,296.20,832.19,92.98,245.45,0.6654,-1,-1,-1
293,35,1012.69,92.04,61.74,178.66,0.3503,-1,-1,-1
293,39,315.06,751.49,87.01,137.26,0.4065,-1,-1,-1
293,41,896.41,412.43,62.54,182.76,0.3423,-1,-1,-1
293,44,1084.60,88.13,56.69,164.73,0.3253,-1,-1,-1
294,1,457.56,137.66,61.61,192.30,0.3337,-1,-1,-1
294,2,242.72,582.70,87.88,253.40,0.6086,-1,-1,-1
294,3,942.51,917.79,67.54,160.40,0.7535,-1,-1,-1
294,4,1720.15,459.62,74.44,209.90,0.5842,-1,-1,-1
294,5,1455.85,593.90,94.29,230.35,0.5265,-1,-1,-1
294,6,232.08,404.53,61.11,180.76,0.5098,-1,-1,-1
294,8,459.06,415.46,69.22,226.59,0.6214,-1,-1,-1
294,17,379.10,433.27,84.59,230.10,0.5565,-1,-1,-1
294,19,938.69,67.43,54.31,170.97,0.4331,-1,-1,-1
294,28,535.59,434.70,69.03,209.19,0.6738,-1,-1,-1
294,32,834.07,400.63,63.19,204.49,0.3701,-1,-1,-1
294,34,298.12,836.86,91.53,241.41,0.7193,-1,-1,-1
294,35,1011.92,91.51,59.27,177.63,0.3577,-1,-1,-1
294,39,326.08,755.64,75.81,136.00,0.4971,-1,-1,-1
294,41,896.77,413.56,62.35,181.62,0.3595,-1,-1,-1
294,44,1083.00,87.82,57.79,164.47,0.4091,-1,-1,-1
294,47,795.07,356.15,61.63,213.55,0.3105,-1,-1,-1
294,49,326.12,753.71,82.63,260.58,0.3944,-1,-1,-1
295,1,458.39,137.74,60.36,191.33,0.3082,-1,-1,-1
295,2,242.95,582.86,92.44,252.30,0.6486,-1,-1,-1
295,3,941.41,916.49,66.33,162.20,0.7397,-1,-1,-1
295,4,1719.73,460.27,74.67,209.31,0.5889,-1,-1,-1
295,5,1457.49,595.29,94.00,228.69,0.4859,-1,-1,-1
295,6,231.69,401.76,60.43,183.48,0.4387,-1,-1,-1
295,8,459.48,415.92,68.46,224.65,0.6009,-1,-1,-1
295,17,376.08,433.64,87.67,230.75,0.5370,-1,-1,-1
295,19,937.69,66.92,54.34,172.66,0.4048,-1,-1,-1
295,28,534.18,436.42,68.68,210.49,0.6698,-1,-1,-1
295,32,833.29,401.51,64.06,203.32,0.3746,-1,-1,-1
295,34,300.67,840.04,89.72,239.33,0.7008,-1,-1,-1
295,35,1011.10,91.62,58.23,178.49,0.3921,-1,-1,-1
295,39,328.68,760.21,75.27,138.11,0.5059,-1,-1,-1
295,41,896.64,411.79,61.98,184.94,0.3729,-1,-1,-1
295,44,1081.65,86.79,56.57,165.84,0.4020,-1,-1,-1
295,49,328.04,757.55,84.53,254.53,0.4064,-1,-1,-1
296,2,243.64,583.42,91.20,251.57,0.6713,-1,-1,-1
296,3,941.28,915.65,63.35,162.72,0.7562,-1,-1,-1
296,4,1720.27,460.01,73.70,209.15,0.5954,-1,-1,-1
296,5,1459.92,598.49,96.04,226.95,0.4944,-1,-1,-1
296,6,231.59,400.54,62.48,181.74,0.5083,-1,-1,-1
296,8,458.03,419.05,71.34,222.99,0.6247,-1,-1,-1
296,17,376.46,431.31,85.67,232.58,0.5345,-1,-1,-1
296,19,937.58,65.93,54.07,172.25,0.4518,-1,-1,-1
296,28,535.06,438.83,67.44,205.78,0.6739,-1,-1,-1
296,32,832.68,401.57,63.39,203.67,0.4102,-1,-1,-1
296,34,301.95,842.75,91.11,236.38,0.7259,-1,-1,-1
296,35,1010.35,90.90,57.26,179.30,0.4058,-1,-1,-1
296,39,329.11,762.00,77.95,139.04,0.4910,-1,-1,-1
296,41,896.55,412.20,62.45,190.79,0.4586,-1,-1,-1
296,44,1080.31,86.46,56.73,165.37,0.4101,-1,-1,-1
296,50,786.97,151.68,68.72,171.08,0.3210,-1,-1,-1
297,2,245.02,585.29,90.94,250.39,0.6619,-1,-1,-1
297,3,941.27,914.98,62.40,164.23,0.7558,-1,-1,-1
297,4,1719.63,460.43,73.78,208.87,0.5753,-1,-1,-1
297,5,1461.21,596.32,100.53,229.81,0.5446,-1,-1,-1
297,6,233.38,400.16,61.03,183.01,0.5717,-1,-1,-1
297,8,457.47,419.52,69.06,221.69,0.6304,-1,-1,-1
297,17,376.85,430.05,84.60,233.43,0.5021,-1,-1,-1
297,19,936.84,64.80,54.33,173.82,0.4152,-1,-1,-1
297,28,535.03,441.17,65.07,205.44,0.6665,-1,-1,-1
297,32,833.39,400.99,62.47,207.42,0.3728,-1,-1,-1
297,34,303.28,842.79,91.49,236.80,0.7407,-1,-1,-1
297,35,1009.30,90.41,57.64,179.80,0.3724,-1,-1,-1
297,39,331.65,765.52,77.32,139.78,0.5160,-1,-1,-1
297,41,895.12,413.06,64.21,195.30,0.4661,-1,-1,-1
297,44,1079.05,87.00,56.87,164.17,0.3431,-1,-1,-1
297,50,789.29,151.11,67.17,170.91,0.3283,-1,-1,-1
298,2,245.86,584.73,90.30,249.83,0.6284,-1,-1,-1
298,3,940.69,914.57,63.08,165.20,0.7688,-1,-1,-1
298,4,1721.16,460.96,73.19,208.03,0.5997,-1,-1,-1
298,5,1462.87,598.75,103.59,229.68,0.5544,-1,-1,-1
298,6,234.46,398.70,61.01,184.72,0.5576,-1,-1,-1
298,8,456.91,419.87,68.83,221.46,0.6302,-1,-1,-1
298,17,376.15,429.60,84.94,229.69,0.5247,-1,-1,-1
298,19,936.53,64.23,55.80,172.19,0.4244,-1,-1,-1
298,28,534.99,442.86,64.99,201.81,0.6481,-1,-1,-1
298,32,830.74,400.41,66.27,209.95,0.3240,-1,-1,-1
298,34,304.59,844.58,93.09,235.40,0.7524,-1,-1,-1
298,35,1010.24,92.03,57.90,174.81,0.3669,-1,-1,-1
298,39,334.03,767.79,78.77,144.09,0.5766,-1,-1,-1
298,41,894.86,414.64,65.10,197.59,0.4880,-1,-1,-1
298,44,1077.68,86.01,57.61,165.25,0.3697,-1,-1,-1
299,2,248.94,583.47,87.74,250.57,0.6832,-1,-1,-1
299,3,940.00,913.59,61.83,165.43,0.7751,-1,-1,-1
299,4,1720.50,461.59,73.43,207.48,0.5957,-1,-1,-1
299,5,1462.76,592.23,104.00,236.56,0.5897,-1,-1,-1
299,6,233.60,397.65,61.80,184.01,0.5952,-1,-1,-1
299,8,456.84,421.19,68.28,223.80,0.6465,-1,-1,-1
299,17,377.89,428.31,82.49,228.08,0.5599,-1,-1,-1
299,19,936.43,63.82,56.58,171.10,0.4302,-1,-1,-1
299,28,535.55,444.44,63.77,203.41,0.6518,-1,-1,-1
299,34,305.44,845.76,93.51,234.22,0.7638,-1,-1,-1
299,35,1009.84,88.81,56.53,182.39,0.4000,-1,-1,-1
299,39,339.46,770.76,77.71,144.68,0.6281,-1,-1,-1
299,41,894.76,415.56,64.77,197.25,0.5026,-1,-1,-1
299,44,1074.61,84.06,57.13,169.14,0.3216,-1,-1,-1
300,2,249.82,583.26,89.48,249.55,0.6895,-1,-1,-1
300,3,940.26,914.14,60.41,164.87,0.7702,-1,-1,-1
300,4,1721.93,460.67,72.02,208.39,0.5808,-1,-1,-1
300,5,1464.34,589.61,104.27,239.82,0.5961,-1,-1,-1
300,6,234.01,397.82,60.27,183.96,0.5751,-1,-1,-1
300,8,456.38,423.73,68.41,224.13,0.6618,-1,-1,-1
300,17,380.17,425.48,80.22,224.04,0.5443,-1,-1,-1
300,19,935.59,63.10,56.70,172.88,0.4548,-1,-1,-1
300,28,534.90,445.68,64.28,204.59,0.6558,-1,-1,-1
300,34,307.03,846.47,94.65,233.50,0.7497,-1,-1,-1
300,35,1008.71,86.55,56.41,185.11,0.4006,-1,-1,-1
300,39,344.57,772.63,75.56,146.55,0.6383,-1,-1,-1
300,41,895.84,416.44,62.93,198.03,0.4485,-1,-1,-1
301,2,251.58,581.19,89.41,250.79,0.6659,-1,-1,-1
301,3,941.78,914.27,57.54,165.05,0.7695,-1,-1,-1
301,4,1721.12,460.88,72.64,207.87,0.5921,-1,-1,-1
301,5,1466.00,587.01,103.89,244.25,0.6009,-1,-1,-1
301,6,234.52,397.10,59.31,184.43,0.5641,-1,-1,-1
301,8,456.46,427.62,68.01,221.57,0.6715,-1,-1,-1
301,17,383.01,422.43,76.70,224.30,0.5513,-1,-1,-1
301,19,934.76,62.96,57.31,174.09,0.4819,-1,-1,-1
301,28,535.26,446.05,63.77,206.77,0.6670,-1,-1,-1
301,32,824.17,403.93,76.86,205.29,0.3057,-1,-1,-1
301,34,307.40,847.24,95.57,232.74,0.7490,-1,-1,-1
301,35,1008.18,85.19,57.47,184.77,0.4189,-1,-1,-1
301,39,346.73,774.27,77.67,143.45,0.5969,-1,-1,-1
301,41,895.60,416.81,62.76,196.63,0.4674,-1,-1,-1
302,2,254.17,580.38,88.93,252.24,0.6768,-1,-1,-1
302,3,941.80,912.25,56.44,167.70,0.7522,-1,-1,-1
302,4,1721.70,459.95,72.26,209.56,0.5724,-1,-1,-1
302,5,1469.01,589.56,101.39,241.63,0.5670,-1,-1,-1
302,6,233.47,396.70,59.72,185.40,0.5493,-1,-1,-1
302,8,456.30,429.35,67.76,221.69,0.6201,-1,-1,-1
302,17,386.56,421.85,72.52,218.95,0.5320,-1,-1,-1
302,19,934.23,62.22,57.19,174.18,0.4792,-1,-1,-1
302,28,534.99,446.62,63.79,204.91,0.6404,-1,-1,-1
302,32,831.03,407.86,72.81,212.32,0.4362,-1,-1,-1
302,34,309.28,847.23,97.91,232.73,0.7382,-1,-1,-1
302,35,1006.10,85.15,59.23,179.66,0.4285,-1,-1,-1
302,39,348.48,775.68,81.84,147.90,0.6335,-1,-1,-1
302,41,895.19,419.10,62.70,198.49,0.5523,-1,-1,-1
303,2,258.34,579.26,88.13,253.76,0.6389,-1,-1,-1
303,3,940.48,912.97,56.71,167.07,0.7246,-1,-1,-1
303,4,1721.27,460.05,72.53,209.45,0.5831,-1,-1,-1
303,5,1472.45,585.57,100.37,245.35,0.4854,-1,-1,-1
303,6,233.85,395.44,59.05,187.15,0.5513,-1,-1,-1
303,8,456.28,430.61,65.85,221.32,0.6296,-1,-1,-1
303,17,387.92,415.33,70.24,217.99,0.5972,-1,-1,-1
303,19,933.69,62.73,57.42,169.97,0.4929,-1,-1,-1
303,28,534.84,447.39,64.52,208.59,0.6544,-1,-1,-1
303,32,836.57,409.70,64.70,215.00,0.4766,-1,-1,-1
303,34,311.59,847.92,97.82,232.06,0.7383,-1,-1,-1
303,35,1006.11,85.32,58.90,174.79,0.4686,-1,-1,-1
303,39,350.55,776.37,86.99,150.34,0.6873,-1,-1,-1
303,41,895.34,421.15,60.99,195.27,0.5202,-1,-1,-1
303,44,1070.79,80.75,55.73,171.01,0.3448,-1,-1,-1
304,2,264.90,579.88,84.46,251.40,0.6162,-1,-1,-1
304,3,939.12,911.87,58.69,168.12,0.7407,-1,-1,-1
304,4,1721.56,460.01,72.57,210.30,0.5910,-1,-1,-1
304,5,1474.62,581.41,99.61,250.23,0.5035,-1,-1,-1
304,6,234.85,393.92,58.85,188.50,0.5434,-1,-1,-1
304,8,455.28,432.43,65.30,219.73,0.6328,-1,-1,-1
304,17,388.82,412.04,69.24,221.26,0.5725,-1,-1,-1
304,19,935.47,62.30,54.95,173.69,0.5338,-1,-1,-1
304,28,534.31,447.96,65.20,207.15,0.6432,-1,-1,-1
304,32,830.49,403.84,80.20,217.69,0.4791,-1,-1,-1
304,34,312.56,849.55,98.60,230.46,0.7475,-1,-1,-1
304,35,1006.27,85.19,57.81,174.54,0.4765,-1,-1,-1
304,39,354.74,777.50,88.20,152.74,0.6168,-1,-1,-1
304,41,898.09,420.80,57.68,195.97,0.4867,-1,-1,-1
304,44,1068.50,80.98,56.73,169.73,0.3097,-1,-1,-1
305,2,274.69,581.26,77.57,248.69,0.5993,-1,-1,-1
305,3,936.97,909.76,60.83,170.20,0.7405,-1,-1,-1
305,4,1720.71,460.36,72.63,209.39,0.5763,-1,-1,-1
305,5,1475.83,587.15,99.32,246.61,0.4536,-1,-1,-1
305,6,233.64,390.87,58.91,192.17,0.5358,-1,-1,-1
305,8,454.33,435.22,65.37,219.07,0.6628,-1,-1,-1
305,17,389.67,409.01,69.03,223.22,0.5618,-1,-1,-1
305,19,934.84,62.08,55.39,173.42,0.4924,-1,-1,-1
305,28,534.21,448.56,65.29,208.21,0.6390,-1,-1,-1
305,32,835.99,404.33,73.50,222.51,0.5179,-1,-1,-1
305,34,316.11,851.52,97.22,228.49,0.7612,-1,-1,-1
305,35,1005.37,85.42,59.44,171.38,0.4896,-1,-1,-1
305,39,354.95,778.87,93.65,157.94,0.6137,-1,-1,-1
305,41,899.70,419.61,55.56,196.25,0.4627,-1,-1,-1
306,2,286.25,581.90,70.71,247.56,0.5441,-1,-1,-1
306,3,935.24,909.13,64.54,170.84,0.7182,-1,-1,-1
306,4,1720.95,460.70,72.73,208.92,0.5688,-1,-1,-1
306,5,1480.22,588.88,98.06,245.55,0.5169,-1,-1,-1
306,6,232.27,389.36,60.54,194.14,0.5644,-1,-1,-1
306,8,453.19,436.43,64.52,219.20,0.6822,-1,-1,-1
306,17,389.56,407.97,68.62,222.71,0.5317,-1,-1,-1
306,19,934.63,59.71,57.50,175.28,0.4718,-1,-1,-1
306,28,533.00,448.89,65.84,204.06,0.6225,-1,-1,-1
306,32,832.40,403.66,78.02,220.78,0.5006,-1,-1,-1
306,34,319.53,858.84,91.96,221.28,0.7689,-1,-1,-1
306,35,1003.86,84.85,60.82,170.10,0.5227,-1,-1,-1
306,39,356.76,779.95,95.85,152.71,0.6551,-1,-1,-1
306,41,897.81,422.69,57.92,192.48,0.4346,-1,-1,-1
307,2,296.03,580.67,69.70,245.44,0.5701,-1,-1,-1
307,3,934.00,908.00,66.42,171.84,0.7118,-1,-1,-1
307,4,1720.91,459.64,73.02,210.00,0.5601,-1,-1,-1
307,5,1482.70,589.00,96.06,245.30,0.5473,-1,-1,-1
307,6,232.48,387.47,59.73,193.31,0.5265,-1,-1,-1
307,8,450.93,438.70,65.55,217.45,0.6753,-1,-1,-1
307,17,391.33,407.95,67.88,222.37,0.5573,-1,-1,-1
307,19,934.68,59.41,56.84,174.17,0.4963,-1,-1,-1
307,28,532.30,449.48,65.49,205.31,0.6418,-1,-1,-1
307,32,833.64,406.52,77.34,218.24,0.3530,-1,-1,-1
307,34,319.73,862.02,94.63,218.00,0.7756,-1,-1,-1
307,35,1003.48,83.41,59.91,169.87,0.5633,-1,-1,-1
307,39,358.59,781.77,100.00,154.97,0.6478,-1,-1,-1
307,41,898.53,425.46,57.15,190.44,0.3660,-1,-1,-1
307,50,794.23,103.70,72.42,218.49,0.3707,-1,-1,-1
308,2,304.13,580.22,70.33,244.17,0.6444,-1,-1,-1
308,3,931.73,908.04,69.37,171.98,0.7210,-1,-1,-1
308,4,1721.20,459.08,72.55,210.40,0.5810,-1,-1,-1
308,5,1484.00,593.37,95.32,241.52,0.6309,-1,-1,-1
308,6,229.93,385.66,62.49,190.97,0.5576,-1,-1,-1
308,8,449.80,440.64,64.37,215.38,0.6788,-1,-1,-1
308,17,390.71,406.76,70.01,224.07,0.5700,-1,-1,-1
308,19,935.38,56.53,55.79,169.79,0.5063,-1,-1,-1
308,28,529.81,451.59,67.90,204.21,0.6572,-1,-1,-1
308,32,833.30,412.98,78.98,213.16,0.3545,-1,-1,-1
308,34,322.01,867.52,95.29,212.54,0.7754,-1,-1,-1
308,35,1002.28,82.87,61.08,172.18,0.6041,-1,-1,-1
308,39,360.61,784.94,103.96,155.90,0.6930,-1,-1,-1
308,41,894.70,427.81,57.90,188.00,0.3311,-1,-1,-1
308,44,1064.48,82.19,55.87,166.54,0.3177,-1,-1,-1
308,50,793.60,103.06,73.75,219.63,0.3297,-1,-1,-1
309,2,308.25,579.87,76.62,247.97,0.6492,-1,-1,-1
309,3,930.05,907.28,71.34,172.65,0.7370,-1,-1,-1
309,4,1720.75,458.45,72.69,211.50,0.5737,-1,-1,-1
309,5,1486.18,589.40,95.23,244.90,0.5933,-1,-1,-1
309,6,230.27,383.44,62.12,189.23,0.5284,-1,-1,-1
309,8,447.77,441.87,64.60,216.40,0.6593,-1,-1,-1
309,17,390.27,407.26,71.33,222.24,0.5211,-1,-1,-1
309,19,935.34,53.31,54.35,170.03,0.4842,-1,-1,-1
309,28,528.78,455.27,67.98,207.66,0.6707,-1,-1,-1
309,32,837.17,417.31,68.84,211.62,0.3842,-1,-1,-1
309,34,324.35,872.04,93.39,207.99,0.7800,-1,-1,-1
309,35,1002.40,81.41,60.99,175.66,0.6238,-1,-1,-1
309,39,364.58,790.33,106.04,152.19,0.6759,-1,-1,-1
309,50,793.37,103.17,73.83,219.91,0.3723,-1,-1,-1
310,1,464.87,128.89,56.39,190.20,0.3099,-1,-1,-1
310,2,311.92,579.50,79.42,249.71,0.6947,-1,-1,-1
310,3,928.16,907.92,74.19,172.12,0.7483,-1,-1,-1
310,4,1720.77,458.31,72.47,210.72,0.5756,-1,-1,-1
310,5,1487.37,587.93,96.21,245.27,0.5563,-1,-1,-1
310,6,231.31,380.29,58.97,186.23,0.5566,-1,-1,-1
310,8,447.77,438.47,63.14,222.47,0.6515,-1,-1,-1
310,17,392.17,406.48,68.52,226.04,0.5020,-1,-1,-1
310,19,934.45,50.71,55.69,171.13,0.5420,-1,-1,-1
310,28,528.02,456.28,67.86,210.50,0.6983,-1,-1,-1
310,34,327.40,873.48,93.31,206.48,0.7571,-1,-1,-1
310,35,1001.11,80.05,62.09,176.37,0.6475,-1,-1,-1
310,39,366.26,794.61,106.59,149.83,0.6770,-1,-1,-1
310,44,1064.19,82.93,55.75,164.51,0.3328,-1,-1,-1
310,50,793.93,103.18,72.33,220.26,0.3233,-1,-1,-1
311,2,315.14,579.76,82.92,247.52,0.7418,-1,-1,-1
311,3,927.64,907.14,74.78,172.86,0.7629,-1,-1,-1
311,4,1720.75,458.28,72.79,210.64,0.5784,-1,-1,-1
311,5,1488.16,589.27,102.71,244.17,0.5836,-1,-1,-1
311,6,232.09,378.93,57.36,186.35,0.5298,-1,-1,-1
311,8,445.58,439.67,64.39,222.27,0.6850,-1,-1,-1
311,17,391.47,407.72,70.28,223.81,0.4732,-1,-1,-1
311,19,933.74,49.31,55.90,171.46,0.5085,-1,-1,-1
311,28,527.65,457.56,67.00,212.64,0.6757,-1,-1,-1
311,32,834.25,421.89,70.57,195.39,0.3113,-1,-1,-1
311,34,330.12,876.28,95.32,203.72,0.7342,-1,-1,-1
311,35,1000.38,79.88,62.57,175.29,0.6270,-1,-1,-1
311,39,367.72,798.87,108.31,146.64,0.6623,-1,-1,-1
311,50,794.34,102.54,71.28,220.86,0.3390,-1,-1,-1
312,1,462.79,127.59,60.59,188.76,0.3061,-1,-1,-1
312,2,316.95,581.62,90.08,243.82,0.7538,-1,-1,-1
312,3,927.78,905.92,74.78,174.06,0.7518,-1,-1,-1
312,4,1721.43,458.86,72.43,209.63,0.5816,-1,-1,-1
312,5,1489.40,593.08,102.02,239.26,0.6268,-1,-1,-1
312,6,231.31,376.12,58.20,188.00,0.5372,-1,-1,-1
312,8,444.17,442.10,64.59,221.57,0.6669,-1,-1,-1
312,17,392.28,407.88,69.13,221.40,0.4321,-1,-1,-1
312,19,933.78,48.70,56.56,172.20,0.5143,-1,-1,-1
312,28,527.32,461.20,66.91,215.96,0.6738,-1,-1,-1
312,34,333.25,879.12,97.06,200.88,0.7443,-1,-1,-1
312,35,1000.31,80.10,63.38,174.48,0.6075,-1,-1,-1
312,39,367.24,801.69,108.41,148.13,0.6508,-1,-1,-1
312,50,792.41,102.90,70.68,220.07,0.3416,-1,-1,-1
313,1,463.66,124.12,60.35,190.61,0.3264,-1,-1,-1
313,2,316.65,584.45,96.86,240.72,0.7643,-1,-1,-1
313,3,927.39,905.45,75.63,174.55,0.7552,-1,-1,-1
313,4,1722.32,457.76,71.82,210.37,0.5770,-1,-1,-1
313,5,1491.39,598.45,103.85,234.52,0.6184,-1,-1,-1
313,6,231.08,374.74,58.23,189.24,0.5229,-1,-1,-1
313,8,441.88,447.62,65.15,221.92,0.6858,-1,-1,-1
313,17,393.29,406.35,68.08,223.95,0.4085,-1,-1,-1
313,19,933.69,47.96,55.79,172.80,0.5203,-1,-1,-1
313,28,527.58,463.57,66.23,214.79,0.6592,-1,-1,-1
313,34,336.81,882.78,99.63,197.24,0.7362,-1,-1,-1
313,35,1000.58,80.54,62.27,173.07,0.5998,-1,-1,-1
313,39,368.17,805.14,108.77,146.87,0.6926,-1,-1,-1
314,1,458.86,125.39,65.07,187.58,0.3021,-1,-1,-1
314,2,316.59,585.02,99.95,240.25,0.7644,-1,-1,-1
314,3,927.56,905.27,76.73,174.74,0.7554,-1,-1,-1
314,4,1722.88,457.93,71.05,211.16,0.5739,-1,-1,-1
314,5,1494.75,599.86,101.40,233.52,0.5489,-1,-1,-1
314,6,230.42,374.24,59.03,189.47,0.5529,-1,-1,-1
314,8,440.43,447.34,65.85,221.83,0.6995,-1,-1,-1
314,17,393.34,404.18,65.95,224.22,0.3843,-1,-1,-1
314,19,932.21,47.22,57.52,173.01,0.5233,-1,-1,-1
314,28,527.19,464.74,65.82,215.52,0.6574,-1,-1,-1
314,32,831.48,426.33,70.95,201.08,0.3168,-1,-1,-1
314,34,341.08,886.77,96.36,193.26,0.7244,-1,-1,-1
314,35,1000.31,80.04,59.15,173.02,0.5510,-1,-1,-1
314,39,369.40,808.47,110.47,148.01,0.6970,-1,-1,-1
315,2,316.30,585.44,108.29,240.46,0.7694,-1,-1,-1
315,3,926.15,905.00,77.51,175.01,0.7592,-1,-1,-1
315,4,1722.31,457.72,71.43,211.52,0.5550,-1,-1,-1
315,5,1498.07,602.25,96.26,231.29,0.5585,-1,-1,-1
315,6,229.76,374.04,61.22,189.41,0.5637,-1,-1,-1
315,8,437.83,447.81,67.92,221.76,0.7302,-1,-1,-1
315,19,931.86,46.66,57.35,173.43,0.5310,-1,-1,-1
315,28,527.65,466.51,62.44,215.93,0.6699,-1,-1,-1
315,34,343.10,889.25,96.98,190.74,0.7272,-1,-1,-1
315,35,999.56,79.60,58.18,173.93,0.5358,-1,-1,-1
315,39,370.88,808.21,109.34,148.49,0.6412,-1,-1,-1
315,47,883.13,371.69,71.45,155.06,0.4124,-1,-1,-1
316,2,317.40,585.26,112.53,239.74,0.7700,-1,-1,-1
316,3,926.47,905.44,77.16,174.59,0.7543,-1,-1,-1
316,4,1721.66,458.46,72.42,211.82,0.5329,-1,-1,-1
316,5,1502.51,602.07,92.33,232.90,0.6166,-1,-1,-1
316,6,230.17,373.07,62.07,189.01,0.5839,-1,-1,-1
316,8,436.09,449.25,68.66,222.55,0.7146,-1,-1,-1
316,19,931.53,46.41,58.73,172.02,0.5315,-1,-1,-1
316,28,526.65,469.62,61.99,219.24,0.6472,-1,-1,-1
316,34,345.20,892.22,95.13,187.78,0.7157,-1,-1,-1
316,35,999.43,80.44,57.67,174.04,0.5942,-1,-1,-1
316,39,372.90,809.19,106.91,152.80,0.6643,-1,-1,-1
316,47,887.42,374.47,64.80,160.51,0.3402,-1,-1,-1
317,1,457.91,121.27,66.70,190.27,0.3002,-1,-1,-1
317,2,317.42,584.58,115.70,242.05,0.7699,-1,-1,-1
317,3,926.60,906.01,77.89,174.02,0.7525,-1,-1,-1
317,4,1721.72,458.16,72.44,211.94,0.5641,-1,-1,-1
317,5,1507.72,611.47,85.70,224.63,0.5589,-1,-1,-1
317,6,230.18,372.38,61.68,187.90,0.5714,-1,-1,-1
317,8,433.83,449.41,68.90,218.88,0.7122,-1,-1,-1
317,17,396.61,393.80,61.78,221.45,0.3274,-1,-1,-1
317,19,931.05,45.69,59.07,172.77,0.5142,-1,-1,-1
317,28,523.42,472.28,63.75,219.18,0.6928,-1,-1,-1
317,34,346.58,887.77,93.88,192.02,0.7233,-1,-1,-1
317,35,996.98,79.54,58.46,173.77,0.5708,-1,-1,-1
317,39,374.99,813.02,103.23,151.17,0.5626,-1,-1,-1
317,41,893.62,440.85,65.04,191.76,0.3058,-1,-1,-1
317,44,1050.89,82.37,59.55,163.46,0.3002,-1,-1,-1
318,2,319.57,585.17,111.41,240.86,0.7561,-1,-1,-1
318,3,926.35,905.64,77.94,174.36,0.7456,-1,-1,-1
318,4,1721.83,458.50,72.40,211.07,0.5711,-1,-1,-1
318,5,1512.20,601.39,84.46,235.75,0.5672,-1,-1,-1
318,6,231.01,371.81,59.85,186.35,0.5600,-1,-1,-1
318,8,433.90,451.44,68.46,218.77,0.7239,-1,-1,-1
318,19,931.13,45.09,59.99,173.78,0.5128,-1,-1,-1
318,28,521.49,471.32,64.80,217.94,0.6660,-1,-1,-1
318,34,349.48,889.20,95.71,190.77,0.7079,-1,-1,-1
318,35,994.31,78.23,60.66,174.52,0.5959,-1,-1,-1
318,39,377.03,812.15,99.14,154.30,0.6274,-1,-1,-1
319,2,319.88,583.81,112.69,242.06,0.7532,-1,-1,-1
319,3,927.93,905.81,76.23,174.20,0.7320,-1,-1,-1
319,4,1723.17,459.15,70.41,210.57,0.5782,-1,-1,-1
319,5,1515.74,601.63,81.55,237.77,0.5145,-1,-1,-1
319,6,231.73,371.03,59.13,188.82,0.5899,-1,-1,-1
319,8,433.31,455.37,68.94,218.69,0.7252,-1,-1,-1
319,19,930.14,43.76,59.74,173.20,0.4964,-1,-1,-1
319,28,516.44,468.71,70.33,217.82,0.6755,-1,-1,-1
319,32,836.05,431.41,65.67,204.67,0.4227,-1,-1,-1
319,34,350.87,890.93,96.53,189.06,0.7011,-1,-1,-1
319,35,993.74,77.14,60.27,174.86,0.5778,-1,-1,-1
319,39,378.51,812.22,96.68,156.18,0.6721,-1,-1,-1
319,44,1049.06,83.64,59.27,159.81,0.3016,-1,-1,-1
320,2,323.67,583.35,112.17,240.70,0.7202,-1,-1,-1
320,3,930.58,906.25,74.16,173.77,0.7355,-1,-1,-1
320,4,1722.57,458.53,71.47,210.45,0.6022,-1,-1,-1
320,5,1517.40,602.90,80.92,234.03,0.3646,-1,-1,-1
320,6,232.65,370.69,58.56,188.66,0.5844,-1,-1,-1
320,8,433.24,461.01,69.09,215.80,0.7185,-1,-1,-1
320,19,929.22,41.84,60.63,175.78,0.5037,-1,-1,-1
320,28,514.12,470.34,70.47,218.72,0.6946,-1,-1,-1
320,32,834.73,432.70,69.30,201.60,0.5114,-1,-1,-1
320,34,352.49,895.57,99.47,184.52,0.7051,-1,-1,-1
320,35,992.60,78.03,60.13,174.04,0.5754,-1,-1,-1
320,39,379.80,813.28,93.64,151.78,0.6427,-1,-1,-1
321,2,326.27,582.25,106.04,241.71,0.6805,-1,-1,-1
321,3,930.06,907.41,74.35,172.35,0.7303,-1,-1,-1
321,4,1722.02,458.78,71.73,210.80,0.5721,-1,-1,-1
321,6,233.91,370.31,56.88,188.12,0.5608,-1,-1,-1
321,8,429.66,458.97,70.95,226.82,0.6414,-1,-1,-1
321,19,929.13,39.38,64.38,179.39,0.4818,-1,-1,-1
321,28,512.62,470.64,70.16,220.46,0.6688,-1,-1,-1
321,32,833.51,432.59,77.94,206.06,0.4902,-1,-1,-1
321,34,355.17,898.53,102.27,181.49,0.7178,-1,-1,-1
321,35,991.41,77.43,62.57,175.13,0.5973,-1,-1,-1
321,39,384.11,816.20,87.66,149.16,0.6002,-1,-1,-1
322,2,331.29,579.82,96.93,244.71,0.7099,-1,-1,-1
322,3,933.00,907.05,71.10,172.93,0.7238,-1,-1,-1
322,4,1721.37,459.42,72.27,209.29,0.6001,-1,-1,-1
322,6,235.04,368.07,55.94,189.38,0.5623,-1,-1,-1
322,8,428.34,459.83,72.53,225.41,0.6780,-1,-1,-1
322,19,927.81,36.80,66.62,182.99,0.4810,-1,-1,-1
322,28,511.36,470.18,70.42,218.76,0.7144,-1,-1,-1
322,32,832.33,432.47,83.38,209.29,0.5753,-1,-1,-1
322,34,357.17,903.93,99.26,176.16,0.7088,-1,-1,-1
322,35,990.42,76.13,60.63,174.73,0.6151,-1,-1,-1
322,39,389.53,817.17,82.10,149.62,0.5601,-1,-1,-1
322,44,1047.63,79.29,50.23,157.80,0.3318,-1,-1,-1
322,47,908.44,376.35,54.04,163.97,0.3716,-1,-1,-1
323,2,340.88,579.09,87.39,244.52,0.6241,-1,-1,-1
323,3,935.97,906.51,66.72,173.25,0.6965,-1,-1,-1
323,4,1721.78,458.82,72.40,210.23,0.6020,-1,-1,-1
323,6,233.87,363.95,57.83,192.29,0.5717,-1,-1,-1
323,8,428.58,462.50,72.02,225.55,0.6872,-1,-1,-1
323,19,927.53,35.79,66.98,179.36,0.4689,-1,-1,-1
323,28,511.59,470.57,70.75,219.59,0.7256,-1,-1,-1
323,32,832.42,432.61,83.56,211.17,0.5693,-1,-1,-1
323,34,359.76,906.29,96.08,173.31,0.7789,-1,-1,-1
323,35,990.10,75.13,61.57,173.00,0.6176,-1,-1,-1
323,39,392.09,820.70,79.04,149.38,0.5614,-1,-1,-1
323,44,1047.27,77.25,50.08,159.48,0.3351,-1,-1,-1
323,47,912.76,379.22,52.80,162.97,0.3911,-1,-1,-1
324,1,453.32,118.17,68.21,190.68,0.3100,-1,-1,-1
324,2,348.88,580.77,81.13,242.37,0.6275,-1,-1,-1
324,3,936.62,905.38,64.19,174.57,0.7042,-1,-1,-1
324,4,1721.65,459.02,71.96,209.68,0.6028,-1,-1,-1
324,6,233.41,361.68,58.29,192.02,0.5167,-1,-1,-1
324,8,425.98,463.27,75.28,227.17,0.7028,-1,-1,-1
324,19,926.62,33.77,69.83,179.07,0.4032,-1,-1,-1
324,28,509.51,471.11,72.39,219.32,0.7513,-1,-1,-1
324,32,832.29,435.27,87.06,209.27,0.4801,-1,-1,-1
324,34,360.72,910.21,96.32,168.81,0.7839,-1,-1,-1
324,35,989.20,73.34,61.60,173.22,0.5737,-1,-1,-1
324,39,396.61,824.82,76.65,147.83,0.5875,-1,-1,-1
325,1,453.87,118.72,68.37,188.46,0.3092,-1,-1,-1
325,2,356.48,580.36,74.67,240.74,0.6585,-1,-1,-1
325,3,937.15,908.05,64.83,171.57,0.7037,-1,-1,-1
325,4,1721.62,459.31,72.47,208.33,0.6106,-1,-1,-1
325,6,232.95,359.68,58.99,189.18,0.4484,-1,-1,-1
325,8,426.63,462.27,75.16,228.94,0.7078,-1,-1,-1
325,19,925.32,35.31,67.46,171.52,0.4010,-1,-1,-1
325,28,509.04,474.49,71.77,217.07,0.7634,-1,-1,-1
325,32,833.96,433.99,85.06,210.12,0.5025,-1,-1,-1
325,34,364.61,915.24,96.50,163.87,0.7715,-1,-1,-1
325,35,988.43,72.05,62.52,172.61,0.5547,-1,-1,-1
325,39,401.05,830.39,72.71,140.38,0.5966,-1,-1,-1
325,47,917.05,385.05,59.32,183.73,0.3294,-1,-1,-1
326,2,370.10,578.26,71.38,242.37,0.6434,-1,-1,-1
326,3,939.11,908.27,60.26,171.72,0.6773,-1,-1,-1
326,4,1721.38,459.58,73.10,208.45,0.6200,-1,-1,-1
326,5,1529.32,607.45,83.83,232.33,0.3953,-1,-1,-1
326,6,233.78,358.44,57.86,188.80,0.5024,-1,-1,-1
326,8,427.58,466.74,73.08,226.10,0.7036,-1,-1,-1
326,19,926.41,34.38,66.04,170.28,0.4106,-1,-1,-1
326,28,508.75,476.52,72.08,216.86,0.7605,-1,-1,-1
326,32,835.80,433.74,87.36,210.09,0.5793,-1,-1,-1
326,34,366.17,917.20,95.25,162.68,0.7176,-1,-1,-1
326,35,986.44,71.19,62.07,172.61,0.5738,-1,-1,-1
326,39,403.09,833.66,72.69,141.95,0.5902,-1,-1,-1
327,1,452.54,114.99,68.60,191.46,0.3653,-1,-1,-1
327,2,376.09,576.02,69.29,244.21,0.5868,-1,-1,-1
327,3,941.67,909.68,56.76,170.27,0.6696,-1,-1,-1
327,4,1721.74,459.69,72.37,207.42,0.6310,-1,-1,-1
327,5,1532.20,611.05,83.23,230.34,0.4217,-1,-1,-1
327,6,233.60,357.00,59.03,188.97,0.5186,-1,-1,-1
327,8,426.48,466.75,73.46,226.08,0.7142,-1,-1,-1
327,19,927.39,32.40,65.42,172.67,0.4311,-1,-1,-1
327,28,509.97,477.99,71.75,219.39,0.7048,-1,-1,-1
327,32,836.66,434.58,86.55,208.13,0.5370,-1,-1,-1
327,34,367.61,917.46,99.03,162.45,0.7018,-1,-1,-1
327,35,986.85,70.18,62.14,171.19,0.5283,-1,-1,-1
327,39,405.64,837.37,73.15,141.61,0.5758,-1,-1,-1
328,1,451.43,113.02,68.24,194.35,0.4531,-1,-1,-1
328,2,384.41,574.62,67.64,246.89,0.5859,-1,-1,-1
328,3,940.77,909.97,56.92,169.30,0.6789,-1,-1,-1
328,4,1722.06,460.74,72.18,207.13,0.6375,-1,-1,-1
328,5,1536.01,610.74,81.18,230.33,0.5013,-1,-1,-1
328,6,231.47,356.20,60.56,187.16,0.5472,-1,-1,-1
328,8,422.77,467.31,78.08,220.90,0.7042,-1,-1,-1
328,19,928.33,31.48,63.48,171.74,0.4212,-1,-1,-1
328,28,509.60,479.17,70.56,221.94,0.7043,-1,-1,-1
328,32,839.75,435.20,88.11,209.39,0.4729,-1,-1,-1
328,34,368.87,921.08,96.11,158.96,0.6851,-1,-1,-1
328,35,985.41,68.02,62.01,172.92,0.4954,-1,-1,-1
328,39,410.49,840.30,72.77,147.71,0.5480,-1,-1,-1
328,47,929.61,387.71,55.25,182.57,0.3271,-1,-1,-1
329,1,449.10,111.56,72.47,194.01,0.3798,-1,-1,-1
329,2,388.12,578.59,68.95,246.89,0.5799,-1,-1,-1
329,3,943.01,912.60,57.46,166.44,0.6983,-1,-1,-1
329,4,1722.27,458.62,71.87,209.10,0.6118,-1,-1,-1
329,5,1536.38,610.06,86.77,231.24,0.3986,-1,-1,-1
329,6,232.04,355.95,59.88,185.97,0.5480,-1,-1,-1
329,8,419.04,469.23,81.36,218.03,0.6912,-1,-1,-1
329,19,929.11,30.78,63.86,171.63,0.3880,-1,-1,-1
329,28,509.18,483.33,69.65,221.06,0.7129,-1,-1,-1
329,32,839.47,435.35,84.95,207.16,0.4009,-1,-1,-1
329,34,370.29,923.22,97.25,156.77,0.6872,-1,-1,-1
329,35,986.48,68.42,59.27,170.43,0.4620,-1,-1,-1
329,39,413.09,843.53,76.90,148.16,0.5568,-1,-1,-1
329,47,936.87,387.62,61.93,191.55,0.4205,-1,-1,-1
330,1,448.42,110.72,74.86,192.71,0.3664,-1,-1,-1
330,2,389.53,596.89,72.79,231.59,0.3999,-1,-1,-1
330,3,941.73,914.49,60.40,164.17,0.6932,-1,-1,-1
330,4,1722.15,460.05,72.28,207.82,0.6320,-1,-1,-1
330,5,1537.28,610.33,85.12,230.68,0.4160,-1,-1,-1
330,6,232.34,354.94,58.21,184.77,0.5657,-1,-1,-1
330,8,411.90,469.83,89.17,224.04,0.6678,-1,-1,-1
330,19,928.72,30.21,64.18,172.00,0.4271,-1,-1,-1
330,28,509.41,485.79,68.75,219.60,0.7322,-1,-1,-1
330,32,842.69,436.08,81.10,206.52,0.3677,-1,-1,-1
330,34,372.64,923.99,94.61,154.56,0.6375,-1,-1,-1
330,35,984.72,67.55,59.80,172.56,0.4712,-1,-1,-1
330,39,418.31,849.41,74.56,223.53,0.5930,-1,-1,-1
330,44,1039.16,75.57,51.22,158.37,0.3096,-1,-1,-1
330,47,939.87,388.35,59.70,193.58,0.4190,-1,-1,-1
331,1,447.77,109.96,74.26,188.10,0.3815,-1,-1,-1
331,3,940.72,913.23,62.03,165.68,0.7369,-1,-1,-1
331,4,1722.26,457.32,72.92,210.79,0.6500,-1,-1,-1
331,5,1538.39,613.28,79.52,229.34,0.5359,-1,-1,-1
331,6,231.39,354.52,58.60,188.43,0.5208,-1,-1,-1
331,8,397.58,477.83,99.79,338.72,0.5993,-1,-1,-1
331,19,927.63,30.31,63.04,172.97,0.4035,-1,-1,-1
331,28,508.80,488.20,67.46,219.55,0.7411,-1,-1,-1
331,32,845.73,439.29,80.56,205.98,0.4884,-1,-1,-1
331,34,373.96,923.50,94.03,149.28,0.6458,-1,-1,-1
331,35,983.07,67.16,61.40,174.57,0.5000,-1,-1,-1
331,39,420.53,847.34,78.25,231.36,0.6616,-1,-1,-1
331,44,1037.39,73.76,54.03,160.97,0.3594,-1,-1,-1
331,47,942.31,388.66,57.07,194.56,0.3414,-1,-1,-1
332,1,447.76,109.13,73.69,185.89,0.3410,-1,-1,-1
332,3,942.03,914.93,61.43,162.98,0.7209,-1,-1,-1
332,4,1722.76,458.93,72.87,210.38,0.6399,-1,-1,-1
332,5,1539.15,612.23,87.90,230.66,0.4488,-1,-1,-1
332,6,229.87,352.77,60.80,190.04,0.5022,-1,-1,-1
332,8,393.75,473.64,104.92,353.74,0.6050,-1,-1,-1
332,17,406.04,371.45,76.73,123.20,0.3854,-1,-1,-1
332,19,926.96,30.08,64.00,173.06,0.4119,-1,-1,-1
332,28,508.11,490.11,69.09,220.40,0.7420,-1,-1,-1
332,32,842.51,437.66,85.89,210.89,0.3817,-1,-1,-1
332,34,376.53,924.65,91.15,145.45,0.6348,-1,-1,-1
332,35,982.62,67.56,61.48,175.47,0.5239,-1,-1,-1
332,39,423.72,848.48,79.74,229.77,0.6642,-1,-1,-1
332,44,1039.09,73.64,51.84,162.41,0.4015,-1,-1,-1
332,47,944.42,390.88,58.54,192.71,0.4160,-1,-1,-1
333,1,446.82,107.86,77.14,187.17,0.3284,-1,-1,-1
333,3,943.67,915.06,60.19,162.73,0.7335,-1,-1,-1
333,4,1723.57,459.07,71.85,209.83,0.6227,-1,-1,-1
333,5,1539.80,612.77,88.85,233.45,0.4473,-1,-1,-1
333,6,229.90,352.48,59.42,190.94,0.5165,-1,-1,-1
333,8,393.07,474.49,107.54,354.48,0.6427,-1,-1,-1
333,17,410.84,366.90,73.08,126.10,0.3258,-1,-1,-1
333,19,928.30,30.34,61.76,171.70,0.4197,-1,-1,-1
333,28,507.30,491.40,69.45,221.43,0.7447,-1,-1,-1
333,32,844.33,438.76,86.50,214.99,0.4344,-1,-1,-1
333,34,378.69,924.80,95.32,147.61,0.6699,-1,-1,-1
333,35,984.89,66.48,56.74,177.45,0.5053,-1,-1,-1
333,39,419.37,844.86,94.67,165.82,0.5854,-1,-1,-1
333,41,909.59,448.76,53.24,195.74,0.3130,-1,-1,-1
333,44,1038.03,73.06,51.79,163.19,0.4111,-1,-1,-1
333,47,949.33,390.54,56.60,191.68,0.4179,-1,-1,-1
334,1,446.74,108.79,73.07,185.77,0.3173,-1,-1,-1
334,3,944.39,916.56,60.62,160.87,0.7182,-1,-1,-1
334,4,1722.00,459.97,72.57,209.36,0.6197,-1,-1,-1
334,5,1539.84,616.15,84.61,231.32,0.5672,-1,-1,-1
334,6,229.73,352.00,59.40,188.03,0.4717,-1,-1,-1
334,8,393.99,474.50,111.30,355.63,0.6308,-1,-1,-1
334,19,928.40,29.46,61.54,172.77,0.3802,-1,-1,-1
334,28,507.28,491.81,68.58,222.92,0.7312,-1,-1,-1
334,32,845.60,438.68,85.44,217.93,0.4895,-1,-1,-1
334,34,380.27,928.12,96.37,144.08,0.6544,-1,-1,-1
334,35,983.72,66.84,56.92,176.45,0.4842,-1,-1,-1
334,39,422.00,850.41,93.83,155.82,0.5492,-1,-1,-1
334,41,911.73,453.57,53.13,193.75,0.3359,-1,-1,-1
334,44,1037.31,72.38,52.06,163.86,0.3884,-1,-1,-1
334,47,953.17,392.11,55.85,192.82,0.4497,-1,-1,-1
335,3,945.08,918.45,61.09,159.78,0.7188,-1,-1,-1
335,4,1722.64,459.78,71.87,208.49,0.6219,-1,-1,-1
335,5,1540.70,614.31,84.71,240.23,0.5478,-1,-1,-1
335,6,227.80,350.52,62.19,191.36,0.4951,-1,-1,-1
335,8,390.05,477.15,119.70,353.80,0.6715,-1,-1,-1
335,19,928.92,27.92,61.73,172.21,0.3667,-1,-1,-1
335,28,505.81,492.62,68.91,222.66,0.7262,-1,-1,-1
335,32,847.86,439.86,80.99,218.02,0.4990,-1,-1,-1
335,34,383.14,931.43,97.69,141.56,0.6631,-1,-1,-1
335,35,982.65,66.72,57.84,175.24,0.4753,-1,-1,-1
335,39,425.43,850.29,97.78,160.27,0.5655,-1,-1,-1
335,41,911.13,452.63,54.34,197.63,0.3365,-1,-1,-1
335,44,1037.42,72.31,51.63,163.62,0.3752,-1,-1,-1
335,47,956.83,393.44,55.83,189.42,0.4979,-1,-1,-1
336,3,945.32,919.03,61.97,159.71,0.7164,-1,-1,-1
336,4,1721.48,459.27,73.14,208.88,0.6377,-1,-1,-1
336,5,1541.39,615.47,83.24,242.12,0.5859,-1,-1,-1
336,6,227.15,349.16,62.70,193.90,0.5097,-1,-1,-1
336,8,397.96,481.67,117.89,346.91,0.7020,-1,-1,-1
336,17,414.82,359.69,75.20,137.58,0.3211,-1,-1,-1
336,19,927.30,27.11,63.44,175.13,0.3711,-1,-1,-1
336,28,504.74,492.75,69.67,221.71,0.7204,-1,-1,-1
336,32,844.44,440.63,81.86,218.78,0.4431,-1,-1,-1
336,34,386.21,936.84,94.71,133.90,0.6734,-1,-1,-1
336,35,982.08,66.20,56.88,176.03,0.4608,-1,-1,-1
336,39,425.08,852.50,104.66,164.34,0.5339,-1,-1,-1
336,41,908.92,454.63,58.79,195.82,0.3790,-1,-1,-1
336,44,1036.84,71.67,52.28,164.07,0.3427,-1,-1,-1
336,47,958.78,392.41,57.04,190.53,0.4322,-1,-1,-1
337,3,948.63,919.50,59.67,158.91,0.6832,-1,-1,-1
337,4,1722.33,459.22,72.42,207.85,0.6124,-1,-1,-1
337,5,1541.57,615.93,81.46,239.10,0.6449,-1,-1,-1
337,6,225.62,347.83,63.53,189.56,0.4999,-1,-1,-1
337,8,400.00,485.89,125.18,341.92,0.7109,-1,-1,-1
337,17,416.63,358.73,76.21,138.66,0.3258,-1,-1,-1
337,19,929.01,25.12,64.37,175.18,0.3797,-1,-1,-1
337,28,504.52,492.94,69.41,221.50,0.7001,-1,-1,-1
337,32,846.84,443.21,74.91,221.01,0.4081,-1,-1,-1
337,34,387.18,942.28,97.21,132.15,0.6906,-1,-1,-1
337,35,981.22,64.89,57.20,176.81,0.4472,-1,-1,-1
337,39,427.44,856.59,110.29,165.98,0.4666,-1,-1,-1
337,41,909.51,456.94,56.40,198.46,0.3673,-1,-1,-1
337,44,1036.44,71.25,52.66,165.56,0.4167,-1,-1,-1
337,47,962.84,391.37,57.93,190.89,0.5611,-1,-1,-1
338,3,948.56,921.66,61.51,156.63,0.7042,-1,-1,-1
338,4,1721.99,458.82,73.02,208.27,0.5863,-1,-1,-1
338,5,1542.99,615.87,79.75,241.65,0.6086,-1,-1,-1
338,6,225.25,346.97,63.45,187.80,0.5266,-1,-1,-1
338,8,401.92,486.97,124.96,340.27,0.7124,-1,-1,-1
338,17,416.04,358.95,77.60,141.48,0.3291,-1,-1,-1
338,19,929.37,23.08,62.14,174.47,0.3622,-1,-1,-1
338,28,503.85,492.95,69.77,220.77,0.6970,-1,-1,-1
338,32,848.74,444.90,76.18,220.39,0.4253,-1,-1,-1
338,34,389.38,945.01,96.97,130.31,0.7152,-1,-1,-1
338,35,980.75,64.14,57.16,176.90,0.4423,-1,-1,-1
338,39,433.03,860.72,111.06,159.48,0.6328,-1,-1,-1
338,41,910.94,458.20,52.18,198.79,0.3370,-1,-1,-1
338,44,1035.83,70.85,53.24,165.87,0.3912,-1,-1,-1
338,47,965.48,392.29,58.70,193.43,0.5280,-1,-1,-1
339,3,950.23,922.35,62.81,154.84,0.7041,-1,-1,-1
339,4,1721.53,459.89,73.88,207.31,0.6072,-1,-1,-1
339,5,1543.42,616.48,80.49,243.05,0.6257,-1,-1,-1
339,6,223.70,345.89,64.21,184.17,0.5271,-1,-1,-1
339,8,402.92,486.98,122.27,338.73,0.7395,-1,-1,-1
339,17,416.74,358.47,80.22,143.08,0.3312,-1,-1,-1
339,19,929.01,22.73,62.12,168.60,0.3567,-1,-1,-1
339,28,503.40,493.97,68.20,221.02,0.6892,-1,-1,-1
339,32,846.03,446.95,76.94,217.59,0.4260,-1,-1,-1
339,34,392.09,948.95,97.40,127.47,0.7280,-1,-1,-1
339,35,979.62,61.65,58.24,178.63,0.4545,-1,-1,-1
339,39,438.72,866.81,108.52,157.91,0.6152,-1,-1,-1
339,41,911.92,459.58,50.77,198.70,0.3271,-1,-1,-1
339,44,1036.75,70.38,51.44,166.29,0.4359,-1,-1,-1
339,47,968.20,394.90,60.01,194.38,0.5970,-1,-1,-1
340,3,950.98,923.03,62.92,154.14,0.6990,-1,-1,-1
340,4,1721.67,457.97,73.09,209.84,0.6070,-1,-1,-1
340,5,1545.13,615.52,79.77,244.33,0.6005,-1,-1,-1
340,6,222.30,343.94,64.12,182.73,0.5188,-1,-1,-1
340,8,403.84,487.83,123.45,338.37,0.6983,-1,-1,-1
340,17,418.03,357.20,81.73,148.12,0.3238,-1,-1,-1
340,19,928.98,21.09,62.76,167.80,0.3426,-1,-1,-1
340,28,500.44,496.82,71.38,216.97,0.6593,-1,-1,-1
340,32,846.80,449.90,74.99,221.26,0.4345,-1,-1,-1
340,34,395.56,950.84,96.22,127.78,0.7110,-1,-1,-1
340,35,979.10,60.82,57.38,179.29,0.4919,-1,-1,-1
340,39,439.75,872.02,113.79,151.11,0.6901,-1,-1,-1
340,41,911.43,459.19,51.84,199.65,0.3377,-1,-1,-1
340,44,1035.19,69.72,53.03,167.68,0.4181,-1,-1,-1
340,47,970.11,397.16,61.37,194.79,0.5866,-1,-1,-1
341,1,441.19,99.07,78.69,192.49,0.3040,-1,-1,-1
341,3,951.05,924.08,63.34,153.12,0.7040,-1,-1,-1
341,4,1721.60,458.79,73.14,209.07,0.6057,-1,-1,-1
341,5,1544.80,616.15,81.78,243.39,0.6545,-1,-1,-1
341,6,221.91,342.33,64.66,183.04,0.5236,-1,-1,-1
341,8,406.75,488.07,119.23,339.01,0.3959,-1,-1,-1
341,17,418.29,357.15,84.80,151.93,0.3042,-1,-1,-1
341,19,928.10,19.90,63.01,165.97,0.3549,-1,-1,-1
341,28,498.62,498.71,70.54,215.18,0.6818,-1,-1,-1
341,32,845.86,451.07,75.97,221.59,0.4579,-1,-1,-1
341,34,399.18,955.09,96.38,123.85,0.6938,-1,-1,-1
341,35,979.19,59.07,55.42,180.16,0.4669,-1,-1,-1
341,39,440.90,875.79,115.45,146.97,0.6955,-1,-1,-1
341,41,911.09,460.22,52.09,201.12,0.3405,-1,-1,-1
341,44,1036.15,68.92,51.53,170.24,0.4617,-1,-1,-1
341,47,974.57,398.23,61.09,195.33,0.5526,-1,-1,-1
342,1,440.26,99.90,79.87,192.14,0.3136,-1,-1,-1
342,3,951.17,924.15,65.77,153.06,0.6962,-1,-1,-1
342,4,1723.19,457.24,72.82,211.47,0.6239,-1,-1,-1
342,5,1545.10,617.89,82.39,239.98,0.6397,-1,-1,-1
342,6,219.73,341.11,66.20,185.23,0.5143,-1,-1,-1
342,8,400.51,483.76,88.10,252.69,0.5927,-1,-1,-1
342,17,420.40,358.88,82.95,181.85,0.3208,-1,-1,-1
342,19,927.32,18.69,62.89,164.31,0.3294,-1,-1,-1
342,28,497.34,500.93,71.78,212.85,0.6917,-1,-1,-1
342,32,844.86,452.12,68.56,220.71,0.3884,-1,-1,-1
342,34,402.35,960.92,97.57,118.45,0.7167,-1,-1,-1
342,35,978.35,57.89,56.05,180.72,0.3983,-1,-1,-1
342,39,441.62,878.79,117.75,145.01,0.6865,-1,-1,-1
342,41,909.37,461.32,54.92,201.01,0.3553,-1,-1,-1
342,44,1035.92,68.31,51.97,169.71,0.4113,-1,-1,-1
342,47,975.49,400.57,62.94,195.86,0.6036,-1,-1,-1
343,1,440.39,101.55,77.85,190.54,0.3005,-1,-1,-1
343,3,951.48,924.96,65.85,151.66,0.7072,-1,-1,-1
343,4,1722.30,457.95,72.32,209.25,0.5948,-1,-1,-1
343,5,1545.23,617.73,83.96,240.54,0.6000,-1,-1,-1
343,6,218.36,339.94,68.62,185.34,0.5047,-1,-1,-1
343,8,399.90,485.66,81.00,243.55,0.5739,-1,-1,-1
343,17,419.11,355.96,87.19,194.66,0.3027,-1,-1,-1
343,19,925.00,16.96,65.61,162.58,0.3081,-1,-1,-1
343,28,494.79,502.29,73.75,213.40,0.6728,-1,-1,-1
343,32,844.15,453.24,65.53,220.06,0.3296,-1,-1,-1
343,34,404.30,962.99,98.47,116.36,0.7205,-1,-1,-1
343,35,976.54,57.87,56.34,177.36,0.3676,-1,-1,-1
343,39,440.38,881.74,120.70,143.96,0.6738,-1,-1,-1
343,41,908.93,462.32,56.07,200.22,0.3306,-1,-1,-1
343,44,1035.15,67.39,51.87,171.28,0.3737,-1,-1,-1
343,47,979.83,401.68,61.96,193.17,0.6361,-1,-1,-1
344,1,438.28,102.05,80.70,188.90,0.3219,-1,-1,-1
344,3,951.49,924.90,67.65,151.12,0.6952,-1,-1,-1
344,4,1721.23,459.33,73.29,207.15,0.6046,-1,-1,-1
344,5,1546.12,617.39,85.19,238.31,0.5907,-1,-1,-1
344,6,220.02,339.41,65.53,186.09,0.5440,-1,-1,-1
344,8,399.48,486.66,77.22,241.30,0.6259,-1,-1,-1
344,17,420.01,354.03,86.42,203.27,0.3327,-1,-1,-1
344,19,922.80,15.00,68.60,166.77,0.3476,-1,-1,-1
344,28,496.24,503.29,70.54,211.17,0.6450,-1,-1,-1
344,32,842.46,453.28,69.55,206.37,0.3310,-1,-1,-1
344,34,407.97,964.34,95.75,113.64,0.7268,-1,-1,-1
344,35,977.58,56.24,55.85,176.50,0.3821,-1,-1,-1
344,39,446.17,883.24,116.93,145.38,0.6796,-1,-1,-1
344,41,908.16,461.96,57.91,195.42,0.3877,-1,-1,-1
344,44,1035.44,66.31,51.70,171.72,0.3339,-1,-1,-1
344,47,982.30,406.12,63.70,191.59,0.5803,-1,-1,-1
345,3,952.21,925.66,68.26,149.99,0.6993,-1,-1,-1
345,4,1720.83,458.57,73.68,206.85,0.6117,-1,-1,-1
345,5,1546.92,618.89,84.87,239.97,0.5665,-1,-1,-1
345,6,219.56,338.72,64.79,185.58,0.5140,-1,-1,-1
345,8,399.09,487.65,78.01,236.99,0.6666,-1,-1,-1
345,17,421.51,350.89,84.75,195.26,0.3753,-1,-1,-1
345,19,923.40,15.37,68.41,165.89,0.3684,-1,-1,-1
345,28,497.67,505.77,67.03,210.75,0.5651,-1,-1,-1
345,32,842.43,455.14,66.91,215.09,0.3407,-1,-1,-1
345,34,410.70,964.15,97.73,113.40,0.7055,-1,-1,-1
345,35,977.14,54.11,55.45,172.79,0.4170,-1,-1,-1
345,39,449.02,884.82,116.18,151.01,0.6598,-1,-1,-1
345,41,908.69,462.88,59.17,194.33,0.3922,-1,-1,-1
345,44,1035.23,66.25,52.33,168.89,0.3411,-1,-1,-1
345,47,984.14,407.35,64.26,193.61,0.5294,-1,-1,-1
346,3,952.37,926.38,69.43,149.52,0.7129,-1,-1,-1
346,4,1722.02,457.76,73.14,207.92,0.6135,-1,-1,-1
346,5,1555.13,620.41,77.45,236.29,0.5692,-1,-1,-1
346,6,218.93,337.73,67.17,187.07,0.5123,-1,-1,-1
346,8,396.56,487.11,80.27,234.31,0.7010,-1,-1,-1
346,17,426.03,349.65,77.16,202.22,0.3221,-1,-1,-1
346,19,923.03,13.90,68.70,170.46,0.3311,-1,-1,-1
346,28,484.98,507.73,77.82,206.59,0.5517,-1,-1,-1
346,32,840.53,452.29,68.38,202.59,0.3791,-1,-1,-1
346,34,411.73,964.75,106.45,114.12,0.7045,-1,-1,-1
346,35,975.45,54.20,57.11,174.52,0.3621,-1,-1,-1
346,39,453.73,885.18,111.44,153.98,0.6693,-1,-1,-1
346,41,903.94,464.06,65.13,197.51,0.4635,-1,-1,-1
346,47,985.08,407.98,65.90,195.05,0.4627,-1,-1,-1
347,3,951.72,927.37,71.82,148.44,0.7033,-1,-1,-1
347,4,1723.20,458.35,72.10,209.11,0.6249,-1,-1,-1
347,5,1550.41,621.43,84.22,235.16,0.5575,-1,-1,-1
347,6,218.29,336.91,67.22,187.40,0.4520,-1,-1,-1
347,8,396.16,489.07,81.09,232.36,0.7109,-1,-1,-1
347,17,428.03,348.42,73.38,207.66,0.3356,-1,-1,-1
347,28,482.29,510.79,79.05,201.22,0.5338,-1,-1,-1
347,32,841.73,454.98,67.35,201.35,0.3364,-1,-1,-1
347,34,413.66,965.35,102.61,113.77,0.6974,-1,-1,-1
347,35,975.10,54.00,57.53,174.32,0.3640,-1,-1,-1
347,39,455.60,887.19,108.36,154.88,0.6730,-1,-1,-1
347,41,907.37,465.56,64.87,196.78,0.4589,-1,-1,-1
347,47,989.30,409.38,64.48,193.33,0.5306,-1,-1,-1
347,54,468.64,583.20,71.75,233.38,0.3934,-1,-1,-1
348,3,951.63,927.38,71.72,149.01,0.7290,-1,-1,-1
348,4,1722.26,457.83,73.40,209.01,0.6152,-1,-1,-1
348,5,1553.16,621.68,83.60,232.97,0.5382,-1,-1,-1
348,6,217.49,336.25,67.27,186.14,0.4060,-1,-1,-1
348,8,394.08,489.82,81.62,232.64,0.7218,-1,-1,-1
348,17,430.01,345.64,72.58,193.06,0.3940,-1,-1,-1
348,28,485.69,512.15,74.50,194.03,0.4444,-1,-1,-1
348,34,415.70,966.97,101.75,111.89,0.7087,-1,-1,-1
348,35,975.06,52.30,55.10,172.32,0.3429,-1,-1,-1
348,39,455.15,890.61,104.35,162.38,0.6441,-1,-1,-1
348,41,907.28,466.25,64.89,197.39,0.5210,-1,-1,-1
348,47,994.68,410.12,61.58,192.83,0.5839,-1,-1,-1
348,54,470.52,570.79,79.26,248.95,0.5981,-1,-1,-1
349,3,951.53,927.77,74.97,147.81,0.7383,-1,-1,-1
349,4,1722.72,457.83,72.55,208.40,0.6027,-1,-1,-1
349,5,1552.37,622.40,86.44,237.18,0.5483,-1,-1,-1
349,6,217.63,333.96,66.90,188.25,0.4352,-1,-1,-1
349,8,393.71,489.39,79.35,233.28,0.7189,-1,-1,-1
349,17,429.59,345.25,72.70,201.53,0.4492,-1,-1,-1
349,34,417.34,969.37,101.29,110.06,0.7047,-1,-1,-1
349,35,974.27,51.62,54.92,173.59,0.4552,-1,-1,-1
349,39,458.16,892.27,99.21,164.64,0.6410,-1,-1,-1
349,41,908.39,469.85,59.62,197.16,0.4723,-1,-1,-1
349,47,996.15,411.29,63.35,193.16,0.6046,-1,-1,-1
349,54,474.49,578.15,75.87,241.87,0.6646,-1,-1,-1
350,3,950.97,928.70,76.70,146.84,0.7285,-1,-1,-1
350,4,1721.89,457.67,73.64,207.43,0.6069,-1,-1,-1
350,5,1554.15,623.58,87.44,240.27,0.5350,-1,-1,-1
350,6,215.66,333.08,67.56,187.08,0.3944,-1,-1,-1
350,8,391.62,491.54,79.61,232.39,0.6659,-1,-1,-1
350,17,429.84,342.27,72.43,204.71,0.4450,-1,-1,-1
350,34,418.18,972.36,103.68,107.56,0.6935,-1,-1,-1
350,35,974.30,49.87,54.28,176.32,0.3867,-1,-1,-1
350,39,462.66,894.14,91.26,159.26,0.6169,-1,-1,-1
350,41,908.04,468.61,64.91,201.71,0.4108,-1,-1,-1
350,47,1000.44,410.50,63.57,194.32,0.6154,-1,-1,-1
350,54,478.55,578.63,77.54,241.11,0.5707,-1,-1,-1
351,3,950.82,929.90,79.19,146.85,0.7360,-1,-1,-1
351,4,1722.45,458.12,72.62,208.73,0.5798,-1,-1,-1
351,5,1550.68,623.63,94.84,237.08,0.5597,-1,-1,-1
351,6,213.55,329.76,67.68,187.16,0.3096,-1,-1,-1
351,8,392.62,494.23,76.57,233.37,0.6819,-1,-1,-1
351,17,429.61,338.77,73.25,205.73,0.4672,-1,-1,-1
351,34,419.65,976.09,103.42,103.65,0.6974,-1,-1,-1
351,35,973.56,49.28,54.46,177.40,0.4680,-1,-1,-1
351,39,466.38,897.99,86.15,154.82,0.5864,-1,-1,-1
351,41,908.61,469.61,66.14,204.01,0.3730,-1,-1,-1
351,47,1001.79,408.40,63.64,195.22,0.5943,-1,-1,-1
351,54,480.68,524.79,89.61,291.09,0.6595,-1,-1,-1
352,3,950.57,929.89,80.14,147.57,0.7254,-1,-1,-1
352,4,1722.94,457.02,72.95,209.50,0.5956,-1,-1,-1
352,5,1550.51,626.14,94.23,238.82,0.5537,-1,-1,-1
352,6,212.51,327.64,66.37,188.65,0.3161,-1,-1,-1
352,8,391.79,495.51,76.44,234.53,0.7087,-1,-1,-1
352,17,429.42,337.70,70.88,211.51,0.3823,-1,-1,-1
352,34,421.60,980.15,108.00,99.79,0.6902,-1,-1,-1
352,35,971.93,47.76,55.02,178.71,0.4324,-1,-1,-1
352,39,468.44,899.75,83.84,150.82,0.5725,-1,-1,-1
352,41,909.84,472.43,65.37,203.09,0.4373,-1,-1,-1
352,47,1007.53,409.99,61.88,194.07,0.5954,-1,-1,-1
352,54,480.35,560.34,104.82,257.75,0.6572,-1,-1,-1
353,3,950.78,930.25,81.59,147.65,0.7474,-1,-1,-1
353,4,1721.93,458.26,73.30,209.80,0.6055,-1,-1,-1
353,5,1565.06,624.59,82.16,240.34,0.5148,-1,-1,-1
353,6,212.25,325.06,66.20,188.27,0.3042,-1,-1,-1
353,8,391.29,497.13,75.80,235.67,0.7023,-1,-1,-1
353,17,429.89,333.51,74.91,202.53,0.4528,-1,-1,-1
353,32,846.21,459.39,69.95,219.66,0.3706,-1,-1,-1
353,34,422.13,983.83,108.44,96.21,0.6866,-1,-1,-1
353,35,968.76,47.19,57.99,179.47,0.3712,-1,-1,-1
353,39,466.96,902.35,86.48,151.16,0.4821,-1,-1,-1
353,41,909.98,473.79,65.35,202.11,0.4828,-1,-1,-1
353,47,1008.72,410.99,64.87,194.31,0.6478,-1,-1,-1
353,54,480.65,574.89,112.44,241.40,0.7221,-1,-1,-1
354,3,951.30,930.74,81.27,147.17,0.7471,-1,-1,-1
354,4,1722.36,458.15,72.50,209.93,0.5892,-1,-1,-1
354,5,1566.79,626.47,83.40,245.60,0.5244,-1,-1,-1
354,6,214.09,324.01,63.39,186.67,0.3003,-1,-1,-1
354,8,389.19,498.66,79.07,235.36,0.6847,-1,-1,-1
354,17,428.15,334.67,77.05,202.75,0.4266,-1,-1,-1
354,32,845.31,461.13,68.87,221.84,0.3668,-1,-1,-1
354,34,425.50,990.11,105.15,90.05,0.6515,-1,-1,-1
354,35,965.48,47.05,61.11,178.97,0.3175,-1,-1,-1
354,39,471.11,908.12,81.35,148.87,0.5198,-1,-1,-1
354,41,908.86,477.48,68.59,200.84,0.4624,-1,-1,-1
354,47,1011.79,413.89,66.55,193.87,0.5958,-1,-1,-1
354,54,480.61,577.42,114.36,238.39,0.7360,-1,-1,-1
355,3,950.96,929.52,82.87,148.11,0.7463,-1,-1,-1
355,4,1723.12,458.19,71.10,208.61,0.6057,-1,-1,-1
355,5,1568.69,628.49,84.17,245.96,0.5549,-1,-1,-1
355,8,388.09,501.22,80.63,236.49,0.6946,-1,-1,-1
355,17,426.25,333.85,78.99,208.68,0.4531,-1,-1,-1
355,32,845.03,463.55,69.18,222.15,0.3734,-1,-1,-1
355,34,431.97,994.66,98.69,84.30,0.6167,-1,-1,-1
355,39,472.62,911.21,82.14,160.38,0.5771,-1,-1,-1
355,41,908.91,480.74,67.28,198.52,0.4030,-1,-1,-1
355,47,1014.39,417.15,66.64,191.28,0.5714,-1,-1,-1
355,54,480.40,579.98,115.09,236.67,0.7572,-1,-1,-1
356,3,951.80,928.68,81.16,147.77,0.7435,-1,-1,-1
356,4,1722.60,458.28,71.57,208.61,0.6056,-1,-1,-1
356,5,1568.92,627.43,85.61,246.52,0.5848,-1,-1,-1
356,8,386.39,503.73,79.69,236.30,0.6990,-1,-1,-1
356,17,425.19,332.51,81.04,210.72,0.4718,-1,-1,-1
356,32,846.28,464.33,68.82,219.77,0.4246,-1,-1,-1
356,34,435.65,998.39,95.25,80.65,0.6163,-1,-1,-1
356,35,962.00,50.70,63.08,173.75,0.3358,-1,-1,-1
356,39,473.08,915.47,84.72,157.94,0.5492,-1,-1,-1
356,41,910.41,482.53,65.23,202.80,0.4212,-1,-1,-1
356,47,1015.48,418.80,68.92,190.54,0.5045,-1,-1,-1
356,54,481.11,575.67,116.04,240.40,0.7305,-1,-1,-1
357,3,952.79,927.62,80.92,149.20,0.7290,-1,-1,-1
357,4,1722.76,458.26,71.50,207.80,0.5891,-1,-1,-1
357,5,1570.61,630.44,85.43,243.98,0.5882,-1,-1,-1
357,8,384.89,505.22,79.56,236.83,0.6879,-1,-1,-1
357,17,423.91,330.64,83.11,213.81,0.4446,-1,-1,-1
357,28,477.99,521.02,59.01,216.40,0.4183,-1,-1,-1
357,32,846.55,466.97,69.81,214.50,0.4768,-1,-1,-1
357,34,439.77,1003.57,93.04,75.53,0.5527,-1,-1,-1
357,39,478.83,919.85,82.04,156.93,0.5159,-1,-1,-1
357,41,910.98,485.00,64.54,198.82,0.4848,-1,-1,-1
357,47,1017.87,421.27,76.39,193.58,0.4395,-1,-1,-1
357,54,483.05,573.54,117.44,242.75,0.7089,-1,-1,-1
358,3,954.78,927.35,78.46,152.52,0.7240,-1,-1,-1
358,4,1723.24,458.03,71.39,208.15,0.5798,-1,-1,-1
358,5,1570.69,632.78,84.88,242.29,0.5366,-1,-1,-1
358,6,215.79,318.41,59.13,183.37,0.3547,-1,-1,-1
358,8,383.73,506.38,79.82,241.30,0.6981,-1,-1,-1
358,17,423.02,330.97,83.84,210.78,0.4532,-1,-1,-1
358,28,475.99,521.59,66.43,218.40,0.5420,-1,-1,-1
358,32,847.71,468.29,69.34,215.12,0.4898,-1,-1,-1
358,34,440.78,1006.82,88.93,72.38,0.5574,-1,-1,-1
358,35,964.18,55.14,58.63,167.88,0.3172,-1,-1,-1
358,39,483.40,921.16,85.73,154.78,0.5997,-1,-1,-1
358,41,912.63,486.85,64.15,199.21,0.4790,-1,-1,-1
358,47,1016.92,423.16,78.85,193.90,0.5056,-1,-1,-1
358,54,485.72,578.93,116.40,237.04,0.7537,-1,-1,-1
359,3,954.35,927.06,79.87,149.84,0.7142,-1,-1,-1
359,4,1722.31,457.08,72.48,209.28,0.5841,-1,-1,-1
359,5,1569.91,635.33,86.44,242.31,0.5838,-1,-1,-1
359,6,209.89,317.60,64.86,185.15,0.3746,-1,-1,-1
359,8,382.43,507.13,80.15,242.57,0.6913,-1,-1,-1
359,17,423.88,330.17,82.31,210.70,0.4782,-1,-1,-1
359,28,475.60,524.06,66.11,217.20,0.5349,-1,-1,-1
359,32,846.84,475.17,72.74,216.96,0.5543,-1,-1,-1
359,34,443.04,1011.20,92.77,68.65,0.5403,-1,-1,-1
359,35,964.19,56.10,55.25,168.93,0.3718,-1,-1,-1
359,39,483.06,922.35,87.15,153.47,0.5683,-1,-1,-1
359,41,914.02,487.92,64.22,198.49,0.4448,-1,-1,-1
359,44,1026.19,61.87,57.79,164.23,0.3327,-1,-1,-1
359,47,1019.69,426.01,78.35,192.60,0.5007,-1,-1,-1
359,54,487.56,579.53,112.73,235.96,0.7393,-1,-1,-1
359,56,1752.42,74.65,56.26,171.52,0.3421,-1,-1,-1
360,3,955.53,926.63,78.34,150.74,0.7148,-1,-1,-1
360,4,1722.57,457.64,72.06,207.96,0.6179,-1,-1,-1
360,5,1570.25,635.38,82.54,244.41,0.5809,-1,-1,-1
360,6,209.43,317.72,64.24,185.26,0.3818,-1,-1,-1
360,8,379.95,508.02,82.09,242.42,0.7217,-1,-1,-1
360,17,426.44,329.11,79.13,209.10,0.5085,-1,-1,-1
360,28,476.87,528.50,61.32,219.25,0.6205,-1,-1,-1
360,32,847.96,476.21,74.35,219.53,0.5623,-1,-1,-1
360,34,445.63,1012.01,89.46,67.72,0.5192,-1,-1,-1
360,35,962.73,55.16,56.53,170.04,0.3681,-1,-1,-1
360,39,489.08,923.83,85.29,153.70,0.6051,-1,-1,-1
360,41,915.87,487.64,63.50,198.98,0.4703,-1,-1,-1
360,44,1025.56,62.08,57.25,161.95,0.3438,-1,-1,-1
360,47,1024.05,425.80,77.49,197.87,0.5181,-1,-1,-1
360,54,491.18,581.14,109.79,234.98,0.6958,-1,-1,-1
360,56,1752.82,75.58,56.27,171.66,0.3371,-1,-1,-1
361,3,956.58,926.24,77.86,151.39,0.7189,-1,-1,-1
361,4,1723.00,457.84,72.07,208.74,0.6123,-1,-1,-1
361,5,1568.25,635.75,83.81,243.38,0.6139,-1,-1,-1
361,8,379.87,508.75,79.19,242.33,0.7079,-1,-1,-1
361,17,427.99,328.38,77.39,207.92,0.5147,-1,-1,-1
361,28,474.63,529.41,66.83,229.39,0.6372,-1,-1,-1
361,32,850.18,477.47,72.15,219.40,0.6197,-1,-1,-1
361,34,445.67,1014.76,93.82,64.40,0.4416,-1,-1,-1
361,35,957.66,52.72,60.12,171.89,0.4079,-1,-1,-1
361,39,493.68,924.05,85.15,155.85,0.6528,-1,-1,-1
361,41,915.87,487.34,66.38,201.08,0.4871,-1,-1,-1
361,44,1025.31,60.79,55.61,161.53,0.3843,-1,-1,-1
361,47,1027.66,428.44,75.93,196.36,0.4518,-1,-1,-1
361,54,499.91,577.30,100.77,238.35,0.6567,-1,-1,-1
361,56,1753.29,77.02,56.93,172.87,0.3684,-1,-1,-1
362,3,959.03,926.17,74.79,151.54,0.6825,-1,-1,-1
362,4,1722.62,457.98,73.06,208.73,0.5890,-1,-1,-1
362,5,1571.38,634.66,82.40,245.20,0.5545,-1,-1,-1
362,8,377.73,509.79,78.55,240.38,0.6909,-1,-1,-1
362,17,432.24,324.94,74.18,205.51,0.4856,-1,-1,-1
362,28,472.42,526.02,66.94,235.68,0.6952,-1,-1,-1
362,32,850.34,477.63,71.34,218.64,0.5485,-1,-1,-1
362,34,448.38,1017.52,83.28,61.05,0.4471,-1,-1,-1
362,35,955.51,50.04,61.56,174.27,0.4186,-1,-1,-1
362,39,494.54,926.61,93.54,153.50,0.6727,-1,-1,-1
362,41,914.92,489.55,67.00,199.92,0.3967,-1,-1,-1
362,44,1025.36,59.80,54.95,162.70,0.3819,-1,-1,-1
362,47,1029.81,429.32,75.62,195.32,0.4737,-1,-1,-1
362,54,512.56,577.16,90.50,235.51,0.6019,-1,-1,-1
362,56,1753.55,81.59,56.49,169.76,0.3805,-1,-1,-1
362,57,797.31,153.93,58.03,166.39,0.3050,-1,-1,-1
363,3,960.65,926.00,73.39,151.52,0.6450,-1,-1,-1
363,4,1722.85,458.19,72.65,208.37,0.5975,-1,-1,-1
363,5,1572.45,634.63,82.86,244.40,0.5802,-1,-1,-1
363,8,376.09,509.74,79.21,239.99,0.7079,-1,-1,-1
363,17,435.82,324.06,70.48,207.55,0.4895,-1,-1,-1
363,28,472.08,535.58,67.67,226.58,0.7130,-1,-1,-1
363,32,852.76,478.74,68.45,216.82,0.5928,-1,-1,-1
363,34,449.52,1018.02,90.49,61.19,0.5112,-1,-1,-1
363,35,956.08,48.51,59.95,173.47,0.3446,-1,-1,-1
363,39,496.06,928.50,98.99,151.59,0.6548,-1,-1,-1
363,41,915.46,491.73,66.22,198.26,0.4521,-1,-1,-1
363,44,1024.20,59.46,56.87,161.60,0.4399,-1,-1,-1
363,47,1035.17,429.52,71.32,195.68,0.5355,-1,-1,-1
363,54,517.16,576.54,91.58,233.54,0.6185,-1,-1,-1
363,56,1753.27,81.82,56.35,170.45,0.3731,-1,-1,-1
363,57,795.26,153.99,55.22,166.40,0.3131,-1,-1,-1
364,3,962.55,925.22,72.57,152.82,0.6626,-1,-1,-1
364,4,1721.59,457.97,73.66,208.27,0.5893,-1,-1,-1
364,5,1573.62,633.59,80.04,246.28,0.5533,-1,-1,-1
364,8,374.04,511.37,79.15,239.45,0.6915,-1,-1,-1
364,17,436.09,322.59,69.92,206.83,0.4867,-1,-1,-1
364,28,470.88,539.58,66.41,223.65,0.7213,-1,-1,-1
364,32,852.33,477.97,71.56,217.53,0.5557,-1,-1,-1
364,34,452.71,1018.13,87.85,61.61,0.4986,-1,-1,-1
364,35,957.33,47.54,58.30,172.91,0.3101,-1,-1,-1
364,39,500.02,932.08,101.07,148.06,0.6703,-1,-1,-1
364,41,916.97,492.22,64.64,197.77,0.4153,-1,-1,-1
364,44,1022.77,58.41,58.10,162.54,0.3824,-1,-1,-1
364,47,1040.32,429.83,69.80,194.18,0.6055,-1,-1,-1
364,54,526.16,576.12,86.33,236.18,0.6584,-1,-1,-1
364,56,1753.74,82.76,56.02,169.69,0.3103,-1,-1,-1
364,57,795.01,154.08,54.63,166.07,0.3254,-1,-1,-1
365,3,963.32,923.41,71.76,155.01,0.6770,-1,-1,-1
365,4,1722.78,456.85,72.32,209.50,0.5714,-1,-1,-1
365,5,1574.63,635.23,79.31,243.07,0.6047,-1,-1,-1
365,8,370.25,512.48,80.07,237.78,0.6929,-1,-1,-1
365,17,437.62,317.46,67.57,209.13,0.5331,-1,-1,-1
365,28,470.28,537.71,66.23,227.38,0.7148,-1,-1,-1
365,32,850.88,478.98,72.62,215.94,0.5344,-1,-1,-1
365,34,455.32,1016.37,84.90,63.27,0.4657,-1,-1,-1
365,39,503.52,933.99,103.52,146.07,0.6753,-1,-1,-1
365,41,916.52,490.04,65.90,199.91,0.4054,-1,-1,-1
365,44,1021.49,58.17,58.93,161.86,0.3882,-1,-1,-1
365,47,1044.09,430.70,68.94,193.70,0.6235,-1,-1,-1
365,54,538.50,573.39,78.76,237.88,0.6438,-1,-1,-1
365,57,794.85,154.31,55.29,165.81,0.3121,-1,-1,-1
366,1,444.00,80.69,65.87,192.52,0.3178,-1,-1,-1
366,3,965.27,922.80,71.22,155.95,0.7052,-1,-1,-1
366,4,1722.10,457.37,72.50,209.18,0.5807,-1,-1,-1
366,5,1574.70,633.28,82.68,246.60,0.5610,-1,-1,-1
366,8,366.22,512.14,81.42,237.21,0.7389,-1,-1,-1
366,17,438.86,316.13,68.61,209.16,0.5354,-1,-1,-1
366,28,469.54,539.24,64.91,231.71,0.7374,-1,-1,-1
366,32,850.56,479.75,72.45,215.35,0.5818,-1,-1,-1
366,34,456.84,1017.18,77.71,62.68,0.3917,-1,-1,-1
366,35,957.60,49.56,59.22,166.74,0.3238,-1,-1,-1
366,39,508.06,936.71,104.52,143.37,0.6743,-1,-1,-1
366,41,915.82,489.90,67.26,201.14,0.4545,-1,-1,-1
366,44,1020.87,59.27,56.00,157.09,0.4135,-1,-1,-1
366,47,1047.15,430.19,68.41,195.53,0.6345,-1,-1,-1
366,54,544.89,572.61,73.82,239.75,0.7077,-1,-1,-1
366,57,794.70,153.80,54.76,167.01,0.3457,-1,-1,-1
367,3,966.23,921.29,70.90,156.58,0.7099,-1,-1,-1
367,4,1722.00,457.71,71.83,209.51,0.5757,-1,-1,-1
367,5,1574.73,641.26,89.38,240.32,0.5776,-1,-1,-1
367,8,362.12,514.59,84.89,235.26,0.7547,-1,-1,-1
367,17,440.08,312.31,67.46,211.01,0.5607,-1,-1,-1
367,28,467.78,540.08,65.28,233.30,0.7387,-1,-1,-1
367,32,851.38,479.90,72.98,217.71,0.5989,-1,-1,-1
367,34,462.80,1021.33,71.11,58.96,0.3438,-1,-1,-1
367,35,957.00,47.76,59.17,167.57,0.3206,-1,-1,-1
367,39,506.23,941.09,107.86,139.04,0.6850,-1,-1,-1
367,41,915.58,491.03,66.65,202.43,0.4416,-1,-1,-1
367,44,1020.84,58.75,55.42,155.28,0.4291,-1,-1,-1
367,47,1050.55,430.58,67.69,194.43,0.6273,-1,-1,-1
367,54,546.61,572.10,73.94,242.94,0.6915,-1,-1,-1
367,57,795.14,153.71,54.06,167.41,0.3322,-1,-1,-1
368,3,967.78,921.27,70.96,157.22,0.6915,-1,-1,-1
368,4,1721.99,457.94,73.85,207.65,0.5792,-1,-1,-1
368,5,1574.70,644.74,90.98,234.97,0.5195,-1,-1,-1
368,8,359.29,515.16,87.19,234.92,0.7698,-1,-1,-1
368,17,439.42,312.50,69.70,208.44,0.5697,-1,-1,-1
368,28,465.53,540.60,66.98,233.19,0.7519,-1,-1,-1
368,32,851.92,480.87,69.82,217.54,0.6342,-1,-1,-1
368,39,509.86,943.25,108.64,136.78,0.6924,-1,-1,-1
368,41,914.87,492.02,68.12,202.37,0.4877,-1,-1,-1
368,44,1020.51,58.01,55.23,154.11,0.4453,-1,-1,-1
368,47,1054.64,432.16,67.40,197.61,0.6639,-1,-1,-1
368,54,547.79,571.76,77.09,241.29,0.6906,-1,-1,-1
368,57,794.55,151.93,58.22,168.81,0.3290,-1,-1,-1
369,3,968.79,921.00,71.52,158.01,0.7154,-1,-1,-1
369,4,1722.11,458.19,75.26,206.45,0.5702,-1,-1,-1
369,5,1575.57,645.43,88.35,236.31,0.5146,-1,-1,-1
369,8,356.02,516.15,90.10,239.47,0.7540,-1,-1,-1
369,17,441.07,310.50,67.37,210.01,0.5337,-1,-1,-1
369,28,464.70,540.84,66.38,232.57,0.7328,-1,-1,-1
369,32,851.97,482.41,66.81,219.49,0.5736,-1,-1,-1
369,35,959.07,47.52,55.19,167.87,0.3064,-1,-1,-1
369,39,513.15,946.20,111.24,133.85,0.6974,-1,-1,-1
369,41,913.25,493.96,69.05,204.12,0.3980,-1,-1,-1
369,44,1019.65,57.08,54.42,155.58,0.4414,-1,-1,-1
369,47,1057.15,432.70,68.98,194.50,0.6218,-1,-1,-1
369,54,547.43,572.57,80.33,241.01,0.6857,-1,-1,-1
369,57,794.95,151.92,57.67,169.23,0.3324,-1,-1,-1
370,3,968.63,919.50,73.54,158.70,0.7279,-1,-1,-1
370,4,1722.44,457.66,73.54,208.12,0.5864,-1,-1,-1
370,5,1574.85,644.38,90.45,235.56,0.4651,-1,-1,-1
370,8,352.67,519.12,90.92,242.84,0.7172,-1,-1,-1
370,17,441.86,309.38,67.86,212.97,0.5442,-1,-1,-1
370,28,462.82,541.22,67.50,232.22,0.7270,-1,-1,-1
370,32,852.50,482.05,66.27,217.24,0.4657,-1,-1,-1
370,39,515.16,951.58,115.32,128.55,0.6851,-1,-1,-1
370,41,915.75,498.21,67.46,203.19,0.3756,-1,-1,-1
370,44,1016.26,55.60,57.99,158.78,0.4013,-1,-1,-1
370,47,1060.01,435.14,67.54,198.73,0.6182,-1,-1,-1
370,54,547.13,572.66,83.99,240.83,0.6618,-1,-1,-1
370,57,793.86,152.53,60.45,167.98,0.3150,-1,-1,-1
371,3,970.17,917.45,73.90,160.80,0.7227,-1,-1,-1
371,4,1722.31,457.71,74.53,207.56,0.5575,-1,-1,-1
371,5,1575.83,637.99,93.37,240.38,0.3981,-1,-1,-1
371,8,348.63,522.45,92.98,242.30,0.6992,-1,-1,-1
371,17,441.28,310.15,70.02,210.05,0.5048,-1,-1,-1
371,28,461.35,541.64,67.58,232.10,0.7148,-1,-1,-1
371,32,851.54,483.14,68.10,224.48,0.4592,-1,-1,-1
371,39,516.49,954.89,117.06,125.15,0.6957,-1,-1,-1
371,41,914.76,503.63,69.31,203.49,0.4727,-1,-1,-1
371,44,1015.25,54.11,59.62,160.83,0.3367,-1,-1,-1
371,47,1062.51,436.00,69.69,199.36,0.6660,-1,-1,-1
371,54,547.64,572.28,95.57,241.57,0.6375,-1,-1,-1
371,56,1761.52,93.30,55.66,159.29,0.3375,-1,-1,-1
371,57,794.16,153.13,60.85,167.98,0.3026,-1,-1,-1
372,3,970.62,917.11,77.20,161.30,0.7407,-1,-1,-1
372,4,1721.29,458.83,76.67,206.77,0.5364,-1,-1,-1
372,5,1573.30,646.00,93.44,233.83,0.4460,-1,-1,-1
372,8,348.11,524.98,93.45,242.94,0.7196,-1,-1,-1
372,17,442.59,310.74,69.32,209.43,0.5504,-1,-1,-1
372,28,459.78,542.05,68.35,230.20,0.7109,-1,-1,-1
372,32,850.78,484.12,69.15,224.39,0.4068,-1,-1,-1
372,39,519.05,959.11,115.70,120.95,0.6826,-1,-1,-1
372,41,912.57,505.52,71.52,203.59,0.4712,-1,-1,-1
372,44,1015.32,53.31,58.59,163.54,0.3707,-1,-1,-1
372,47,1064.38,439.27,70.28,203.37,0.6601,-1,-1,-1
372,54,549.03,571.13,108.37,242.99,0.6558,-1,-1,-1
372,56,1762.44,96.16,57.23,156.96,0.3667,-1,-1,-1
373,3,971.99,915.61,78.01,162.30,0.7326,-1,-1,-1
373,4,1720.70,458.04,78.30,207.94,0.5366,-1,-1,-1
373,5,1573.86,645.33,91.97,232.01,0.4219,-1,-1,-1
373,8,346.92,526.87,92.63,239.66,0.6990,-1,-1,-1
373,17,443.11,309.62,68.90,210.02,0.5555,-1,-1,-1
373,28,459.13,543.39,67.05,229.20,0.7052,-1,-1,-1
373,32,850.62,485.61,67.62,222.78,0.3839,-1,-1,-1
373,39,518.95,962.52,117.28,117.51,0.6654,-1,-1,-1
373,41,914.20,505.63,70.36,205.28,0.4782,-1,-1,-1
373,44,1015.33,52.85,57.77,162.03,0.3821,-1,-1,-1
373,47,1067.04,441.26,70.93,203.18,0.6474,-1,-1,-1
373,54,550.07,571.05,110.66,243.05,0.6643,-1,-1,-1
374,3,972.45,915.50,78.40,162.82,0.7309,-1,-1,-1
374,4,1719.63,456.81,78.89,207.98,0.5487,-1,-1,-1
374,5,1572.76,645.92,93.86,232.74,0.4288,-1,-1,-1
374,8,345.43,527.54,91.08,238.06,0.7004,-1,-1,-1
374,17,443.82,308.84,69.08,208.80,0.5971,-1,-1,-1
374,28,457.03,545.34,67.78,225.63,0.7051,-1,-1,-1
374,32,851.54,488.02,67.30,218.63,0.4430,-1,-1,-1
374,39,522.01,964.45,114.14,115.52,0.6550,-1,-1,-1
374,41,913.73,506.30,69.95,205.73,0.5515,-1,-1,-1
374,44,1014.67,52.37,56.95,161.75,0.3988,-1,-1,-1
374,47,1073.31,443.00,66.63,201.78,0.6226,-1,-1,-1
374,54,555.18,569.49,107.80,244.17,0.6568,-1,-1,-1
374,57,792.43,152.61,62.39,166.74,0.3122,-1,-1,-1
375,3,972.97,914.26,78.95,164.72,0.7215,-1,-1,-1
375,4,1718.64,457.07,78.50,208.56,0.5772,-1,-1,-1
375,8,343.97,528.59,91.72,237.84,0.6904,-1,-1,-1
375,17,445.59,307.32,69.14,209.27,0.6046,-1,-1,-1
375,28,455.19,546.95,70.34,222.44,0.7348,-1,-1,-1
375,32,853.73,490.52,64.76,216.54,0.4052,-1,-1,-1
375,39,524.87,966.36,111.00,113.60,0.6392,-1,-1,-1
375,41,914.13,506.96,69.10,205.75,0.5554,-1,-1,-1
375,44,1014.50,52.04,56.73,160.34,0.4203,-1,-1,-1
375,47,1077.05,444.11,67.62,203.08,0.5908,-1,-1,-1
375,54,560.78,567.88,107.90,245.42,0.6330,-1,-1,-1
375,57,790.58,151.37,62.34,167.95,0.3380,-1,-1,-1
376,3,974.66,912.57,78.33,166.66,0.7172,-1,-1,-1
376,4,1720.35,456.83,74.76,209.70,0.6115,-1,-1,-1
376,5,1573.20,647.71,96.46,233.15,0.3192,-1,-1,-1
376,8,341.41,531.82,91.68,235.92,0.6841,-1,-1,-1
376,17,446.98,306.38,69.41,209.04,0.5913,-1,-1,-1
376,28,454.48,549.50,68.40,223.63,0.7421,-1,-1,-1
376,32,853.26,494.84,65.30,215.95,0.5095,-1,-1,-1
376,39,529.42,969.10,105.83,110.91,0.6357,-1,-1,-1
376,41,914.58,507.01,67.78,206.45,0.5756,-1,-1,-1
376,44,1014.15,52.49,56.33,162.43,0.3718,-1,-1,-1
376,47,1079.31,444.61,68.59,201.22,0.5829,-1,-1,-1
376,54,565.57,564.61,105.52,250.11,0.5847,-1,-1,-1
376,57,791.24,153.59,58.44,167.51,0.3243,-1,-1,-1
377,3,972.42,911.54,82.73,167.65,0.7056,-1,-1,-1
377,4,1720.64,456.69,74.12,208.91,0.6235,-1,-1,-1
377,8,338.71,534.00,91.73,231.66,0.6858,-1,-1,-1
377,17,447.64,303.82,69.26,210.85,0.6382,-1,-1,-1
377,28,453.66,550.98,68.34,228.04,0.7338,-1,-1,-1
377,32,852.42,495.48,66.09,214.28,0.5074,-1,-1,-1
377,39,530.35,969.28,104.06,110.62,0.6486,-1,-1,-1
377,41,914.06,508.10,67.71,205.09,0.5760,-1,-1,-1
377,44,1013.26,51.67,56.82,161.42,0.3951,-1,-1,-1
377,47,1080.55,447.21,68.69,200.76,0.5982,-1,-1,-1
377,54,568.71,564.48,104.76,249.61,0.5910,-1,-1,-1
377,57,789.29,153.21,64.07,167.07,0.3005,-1,-1,-1
378,3,974.17,910.10,82.31,169.86,0.7161,-1,-1,-1
378,4,1720.17,456.49,75.47,209.38,0.6191,-1,-1,-1
378,8,338.19,534.65,89.51,230.69,0.6966,-1,-1,-1
378,17,447.71,302.73,71.54,209.91,0.6326,-1,-1,-1
378,28,452.39,553.29,68.86,230.20,0.7249,-1,-1,-1
378,32,851.88,492.37,66.41,223.65,0.5072,-1,-1,-1
378,39,533.00,971.23,101.32,108.75,0.6425,-1,-1,-1
378,41,915.55,509.14,66.07,204.21,0.5569,-1,-1,-1
378,44,1013.59,51.89,55.32,161.83,0.3798,-1,-1,-1
378,47,1084.74,449.26,67.54,197.70,0.6364,-1,-1,-1
378,54,572.97,563.04,98.30,248.82,0.5018,-1,-1,-1
379,3,974.25,909.74,84.26,169.90,0.7198,-1,-1,-1
379,4,1719.79,457.10,76.76,208.42,0.6199,-1,-1,-1
379,8,337.95,535.87,88.12,227.76,0.6953,-1,-1,-1
379,17,447.17,300.97,72.52,208.39,0.6432,-1,-1,-1
379,28,451.00,555.27,70.14,233.39,0.7145,-1,-1,-1
379,32,850.76,492.54,68.35,226.22,0.5177,-1,-1,-1
379,39,535.51,972.72,98.20,107.25,0.6107,-1,-1,-1
379,41,915.98,508.53,66.07,204.91,0.5605,-1,-1,-1
379,44,1013.29,50.98,54.69,164.72,0.3875,-1,-1,-1
379,47,1091.72,448.46,63.71,200.16,0.6340,-1,-1,-1
379,54,579.81,562.03,90.09,248.76,0.4042,-1,-1,-1
380,3,975.12,908.82,84.30,170.44,0.7108,-1,-1,-1
380,4,1720.05,456.47,75.76,209.55,0.6110,-1,-1,-1
380,8,336.85,536.99,88.21,227.04,0.7027,-1,-1,-1
380,17,447.04,298.84,73.18,205.53,0.5920,-1,-1,-1
380,28,449.34,558.79,69.46,230.48,0.7315,-1,-1,-1
380,32,847.96,491.59,72.13,218.74,0.4433,-1,-1,-1
380,35,958.31,34.60,53.96,177.10,0.3060,-1,-1,-1
380,39,537.62,974.09,96.51,105.87,0.6082,-1,-1,-1
380,41,915.59,506.52,67.19,205.17,0.4815,-1,-1,-1
380,44,1012.84,50.05,54.37,165.38,0.4301,-1,-1,-1
380,47,1092.04,448.98,65.79,199.19,0.6028,-1,-1,-1
381,3,975.97,907.89,83.96,171.45,0.7049,-1,-1,-1
381,4,1720.19,456.33,74.33,209.50,0.6321,-1,-1,-1
381,8,336.70,537.68,85.85,235.33,0.7551,-1,-1,-1
381,17,447.33,297.54,72.42,202.97,0.6313,-1,-1,-1
381,28,449.28,561.64,68.30,234.10,0.7351,-1,-1,-1
381,32,847.70,492.60,69.90,219.60,0.3921,-1,-1,-1
381,35,958.16,33.24,54.18,176.62,0.3209,-1,-1,-1
381,39,540.69,977.44,93.90,102.63,0.6080,-1,-1,-1
381,41,917.26,506.51,66.07,204.67,0.4839,-1,-1,-1
381,44,1012.71,49.42,53.92,165.92,0.4506,-1,-1,-1
381,47,1093.29,449.10,66.84,198.27,0.6692,-1,-1,-1
381,54,600.86,562.00,73.25,239.51,0.3211,-1,-1,-1
381,57,788.52,151.75,64.87,169.45,0.3087,-1,-1,-1
382,3,976.13,907.22,84.58,171.56,0.7192,-1,-1,-1
382,4,1719.26,456.87,74.57,207.99,0.6012,-1,-1,-1
382,8,336.58,539.20,84.14,236.18,0.7806,-1,-1,-1
382,17,447.68,294.44,73.35,203.52,0.6236,-1,-1,-1
382,28,448.19,562.04,68.91,235.34,0.7429,-1,-1,-1
382,35,958.80,32.89,54.64,174.73,0.3697,-1,-1,-1
382,39,544.21,980.77,90.79,99.30,0.5993,-1,-1,-1
382,41,916.29,509.71,68.21,203.46,0.4704,-1,-1,-1
382,44,1012.88,48.03,53.24,169.55,0.4645,-1,-1,-1
382,47,1095.10,448.56,67.07,199.96,0.6673,-1,-1,-1
382,57,789.42,151.68,63.95,169.65,0.3056,-1,-1,-1
383,3,978.44,906.30,82.51,172.10,0.6955,-1,-1,-1
383,4,1719.84,456.55,73.71,209.38,0.6009,-1,-1,-1
383,8,335.32,539.90,84.46,235.47,0.7797,-1,-1,-1
383,17,447.86,291.74,74.44,204.25,0.5808,-1,-1,-1
383,28,446.57,561.06,71.67,237.06,0.7658,-1,-1,-1
383,32,850.11,497.09,68.87,213.28,0.3748,-1,-1,-1
383,35,960.47,31.93,53.35,172.36,0.3901,-1,-1,-1
383,39,546.66,989.56,88.78,90.81,0.5853,-1,-1,-1
383,41,915.42,510.74,69.18,202.84,0.4887,-1,-1,-1
383,44,1013.23,47.50,52.76,169.81,0.4486,-1,-1,-1
383,47,1097.60,448.90,67.55,198.23,0.6585,-1,-1,-1
383,56,1772.82,95.44,58.91,166.13,0.3186,-1,-1,-1
383,57,789.02,151.44,64.10,170.25,0.3289,-1,-1,-1
384,1,452.81,75.12,66.03,185.96,0.3061,-1,-1,-1
384,3,979.16,906.38,82.88,172.35,0.6985,-1,-1,-1
384,4,1720.13,456.83,71.47,208.30,0.5860,-1,-1,-1
384,8,335.58,540.49,82.25,237.68,0.7748,-1,-1,-1
384,17,448.10,289.97,74.25,206.01,0.6016,-1,-1,-1
384,28,443.88,564.34,72.96,234.66,0.7712,-1,-1,-1
384,32,850.47,497.10,69.91,211.22,0.4250,-1,-1,-1
384,35,958.70,30.53,55.00,173.32,0.3278,-1,-1,-1
384,39,550.88,993.48,87.09,86.59,0.5770,-1,-1,-1
384,41,916.19,512.90,69.15,201.80,0.5735,-1,-1,-1
384,44,1012.76,46.19,52.81,169.29,0.4222,-1,-1,-1
384,47,1099.43,454.13,71.14,197.34,0.6483,-1,-1,-1
384,56,1771.63,98.28,60.07,163.28,0.3733,-1,-1,-1
384,57,788.13,151.19,65.28,170.42,0.3409,-1,-1,-1
385,1,453.50,74.10,67.24,185.73,0.3204,-1,-1,-1
385,3,980.57,905.87,81.13,172.76,0.7093,-1,-1,-1
385,4,1718.91,457.00,72.43,208.07,0.6493,-1,-1,-1
385,8,334.26,541.30,83.84,239.38,0.7687,-1,-1,-1
385,17,445.15,289.22,77.36,207.77,0.5654,-1,-1,-1
385,28,444.12,563.91,72.44,235.82,0.7675,-1,-1,-1
385,32,850.82,499.41,70.31,208.10,0.4461,-1,-1,-1
385,35,956.94,30.63,57.21,172.14,0.3543,-1,-1,-1
385,39,553.17,997.71,86.68,82.35,0.5667,-1,-1,-1
385,41,920.58,515.14,66.47,203.69,0.5245,-1,-1,-1
385,44,1013.06,45.77,52.19,170.62,0.3893,-1,-1,-1
385,47,1101.94,454.52,72.85,200.28,0.5828,-1,-1,-1
385,56,1771.93,98.56,60.76,164.01,0.3692,-1,-1,-1
385,57,788.49,150.91,65.20,170.75,0.3644,-1,-1,-1
386,1,452.97,73.67,69.14,185.68,0.3308,-1,-1,-1
386,3,982.67,905.06,78.75,173.21,0.6760,-1,-1,-1
386,4,1719.74,457.42,72.53,207.42,0.5986,-1,-1,-1
386,8,332.42,544.35,86.26,239.05,0.7445,-1,-1,-1
386,17,443.77,288.11,80.59,208.69,0.5697,-1,-1,-1
386,28,442.33,565.15,72.27,235.35,0.7519,-1,-1,-1
386,32,850.37,500.14,69.89,208.70,0.4786,-1,-1,-1
386,35,953.63,29.58,59.71,172.12,0.3367,-1,-1,-1
386,39,557.59,1002.34,85.50,77.74,0.5119,-1,-1,-1
386,41,918.27,515.76,69.05,205.20,0.4947,-1,-1,-1
386,44,1011.77,46.06,52.66,164.61,0.3486,-1,-1,-1
386,47,1107.67,456.15,72.24,200.24,0.5342,-1,-1,-1
386,56,1771.60,98.46,64.34,164.64,0.3666,-1,-1,-1
386,57,786.51,150.97,67.18,170.63,0.3584,-1,-1,-1
387,3,984.27,904.59,77.28,173.13,0.6610,-1,-1,-1
387,4,1719.39,458.38,72.94,206.44,0.5509,-1,-1,-1
387,8,331.68,545.70,86.83,244.02,0.7474,-1,-1,-1
387,17,443.46,288.27,82.22,208.33,0.5794,-1,-1,-1
387,28,440.81,565.09,70.65,235.69,0.7455,-1,-1,-1
387,32,850.88,500.06,69.44,211.25,0.4377,-1,-1,-1
387,35,954.18,29.57,59.66,171.37,0.3240,-1,-1,-1
387,39,559.87,1005.58,85.43,74.40,0.5010,-1,-1,-1
387,41,923.24,518.64,65.15,209.57,0.4460,-1,-1,-1
387,44,1011.79,45.34,52.37,162.10,0.3189,-1,-1,-1
387,47,1108.17,458.52,79.81,199.34,0.5184,-1,-1,-1
387,56,1772.48,95.92,62.12,169.47,0.3663,-1,-1,-1
387,57,787.23,150.40,66.21,171.54,0.3467,-1,-1,-1
388,3,984.04,904.49,79.00,173.67,0.6209,-1,-1,-1
388,4,1719.53,457.23,72.04,207.20,0.5457,-1,-1,-1
388,8,328.04,550.42,89.85,247.64,0.7585,-1,-1,-1
388,17,443.14,287.72,82.73,208.62,0.5932,-1,-1,-1
388,28,439.41,567.32,70.68,234.12,0.7462,-1,-1,-1
388,32,850.38,501.94,69.74,209.90,0.4324,-1,-1,-1
388,35,955.42,29.35,57.56,171.87,0.3444,-1,-1,-1
388,39,562.24,1010.40,84.49,69.70,0.4463,-1,-1,-1
388,41,921.80,519.56,67.34,208.62,0.4742,-1,-1,-1
388,44,1011.77,45.16,52.59,158.61,0.3214,-1,-1,-1
388,47,1108.57,462.78,83.55,198.32,0.5457,-1,-1,-1
388,56,1772.12,93.52,64.13,172.91,0.3618,-1,-1,-1
388,57,789.57,150.71,63.55,170.84,0.3477,-1,-1,-1
389,3,984.10,904.79,80.50,173.48,0.6537,-1,-1,-1
389,4,1720.31,457.52,72.24,208.47,0.5557,-1,-1,-1
389,8,326.13,552.15,91.49,245.72,0.7757,-1,-1,-1
389,17,441.60,287.16,83.98,209.13,0.6115,-1,-1,-1
389,28,437.45,567.98,72.86,232.64,0.7649,-1,-1,-1
389,32,850.44,499.50,71.27,195.20,0.4290,-1,-1,-1
389,35,953.47,29.05,58.64,172.06,0.3472,-1,-1,-1
389,39,563.86,1012.92,84.00,66.98,0.4307,-1,-1,-1
389,41,921.41,524.68,70.79,203.32,0.5322,-1,-1,-1
389,44,1011.01,43.89,52.74,161.56,0.3581,-1,-1,-1
389,47,1111.21,463.77,87.30,200.78,0.4811,-1,-1,-1
389,56,1772.50,84.97,62.61,181.48,0.3485,-1,-1,-1
389,57,789.33,150.98,64.09,170.48,0.3568,-1,-1,-1
390,1,455.40,70.89,76.21,189.90,0.3298,-1,-1,-1
390,3,983.45,904.51,81.60,173.55,0.6178,-1,-1,-1
390,4,1720.12,456.62,71.57,208.98,0.5496,-1,-1,-1
390,8,324.10,553.65,90.64,245.23,0.7909,-1,-1,-1
390,17,441.83,287.11,83.24,209.14,0.6386,-1,-1,-1
390,28,436.18,569.11,73.10,231.70,0.7766,-1,-1,-1
390,32,852.04,505.07,69.39,212.67,0.5212,-1,-1,-1
390,35,955.91,28.32,55.71,173.15,0.3586,-1,-1,-1
390,39,567.11,1015.50,83.13,64.39,0.3864,-1,-1,-1
390,41,922.77,526.16,70.46,201.04,0.5944,-1,-1,-1
390,44,1011.14,43.03,53.21,163.78,0.3867,-1,-1,-1
390,47,1118.89,464.47,80.26,201.66,0.4765,-1,-1,-1
390,56,1771.80,88.93,61.04,178.28,0.3542,-1,-1,-1
390,57,790.82,151.34,62.44,169.97,0.3921,-1,-1,-1
391,1,456.30,70.79,76.44,189.05,0.3362,-1,-1,-1
391,3,981.49,904.57,83.03,173.86,0.6170,-1,-1,-1
391,4,1719.76,456.87,73.09,210.51,0.5628,-1,-1,-1
391,8,322.41,556.44,91.55,245.44,0.7920,-1,-1,-1
391,17,442.71,284.75,82.16,209.33,0.6376,-1,-1,-1
391,28,434.24,572.51,74.27,229.07,0.8021,-1,-1,-1
391,32,850.94,507.25,72.11,212.80,0.5878,-1,-1,-1
391,35,953.18,28.31,58.79,172.48,0.4097,-1,-1,-1
391,39,569.59,1016.72,84.43,62.76,0.3892,-1,-1,-1
391,41,923.08,528.04,71.59,208.31,0.6194,-1,-1,-1
391,44,1010.15,42.27,54.48,164.68,0.3629,-1,-1,-1
391,47,1121.60,465.76,78.44,202.13,0.4466,-1,-1,-1
391,56,1770.41,101.56,61.74,166.19,0.3896,-1,-1,-1
391,57,790.60,153.02,60.36,168.62,0.3695,-1,-1,-1
392,1,457.09,71.86,76.09,188.03,0.3390,-1,-1,-1
392,3,980.53,905.06,84.68,173.31,0.6712,-1,-1,-1
392,4,1721.74,456.75,71.36,209.16,0.5864,-1,-1,-1
392,8,320.46,557.06,93.33,248.10,0.8024,-1,-1,-1
392,17,444.26,282.76,79.69,210.87,0.6676,-1,-1,-1
392,28,433.48,574.06,74.87,229.86,0.8101,-1,-1,-1
392,32,851.66,509.42,70.37,226.80,0.5651,-1,-1,-1
392,35,954.41,28.13,57.57,172.41,0.3944,-1,-1,-1
392,39,570.75,1016.61,84.96,63.04,0.4022,-1,-1,-1
392,41,921.64,528.61,74.03,209.24,0.6079,-1,-1,-1
392,44,1010.24,42.03,55.20,161.60,0.3317,-1,-1,-1
392,47,1127.93,467.49,74.16,198.99,0.5130,-1,-1,-1
392,56,1771.96,107.14,60.73,162.37,0.3533,-1,-1,-1
392,57,791.35,153.19,58.70,168.13,0.3888,-1,-1,-1
393,1,458.42,71.93,75.06,186.97,0.3359,-1,-1,-1
393,3,980.33,905.93,84.58,172.30,0.6837,-1,-1,-1
393,4,1721.90,456.66,71.15,209.76,0.5857,-1,-1,-1
393,8,319.39,559.58,94.47,247.61,0.7961,-1,-1,-1
393,17,446.67,279.28,76.98,212.02,0.6627,-1,-1,-1
393,28,432.53,577.04,73.88,230.97,0.8171,-1,-1,-1
393,32,850.14,510.46,72.13,222.77,0.5591,-1,-1,-1
393,35,953.68,28.60,58.08,172.46,0.3867,-1,-1,-1
393,39,573.13,1017.23,84.91,62.55,0.4243,-1,-1,-1
393,41,924.63,529.48,72.89,210.81,0.6583,-1,-1,-1
393,44,1010.20,41.40,55.58,161.21,0.3201,-1,-1,-1
393,47,1132.95,466.37,71.45,201.64,0.5179,-1,-1,-1
393,56,1770.38,110.31,62.71,161.86,0.3667,-1,-1,-1
393,57,791.67,153.10,58.04,168.02,0.3825,-1,-1,-1
394,1,459.85,71.35,74.62,187.13,0.3021,-1,-1,-1
394,3,981.32,906.93,83.50,171.12,0.6816,-1,-1,-1
394,4,1720.22,456.19,71.76,210.87,0.5813,-1,-1,-1
394,8,319.38,560.21,93.40,248.50,0.7912,-1,-1,-1
394,17,448.64,277.29,74.91,212.16,0.6729,-1,-1,-1
394,28,432.34,579.79,71.77,230.45,0.8000,-1,-1,-1
394,32,851.26,512.30,71.70,229.11,0.5174,-1,-1,-1
394,35,954.96,29.60,57.02,171.54,0.3837,-1,-1,-1
394,39,574.23,1017.77,86.95,62.06,0.4431,-1,-1,-1
394,41,926.87,524.04,70.30,213.42,0.6623,-1,-1,-1
394,44,1008.38,40.59,57.40,163.66,0.3465,-1,-1,-1
394,47,1139.12,466.96,68.66,201.82,0.5354,-1,-1,-1
394,56,1768.32,111.99,65.76,161.67,0.3443,-1,-1,-1
394,57,791.04,151.29,61.19,169.40,0.3716,-1,-1,-1
395,3,981.84,906.90,84.18,171.15,0.6675,-1,-1,-1
395,4,1720.75,456.05,71.24,211.63,0.5836,-1,-1,-1
395,8,318.33,560.44,91.57,248.91,0.7875,-1,-1,-1
395,17,450.06,275.44,73.51,209.83,0.6578,-1,-1,-1
395,28,431.79,583.38,70.63,232.06,0.7921,-1,-1,-1
395,32,853.07,515.41,71.46,221.27,0.5652,-1,-1,-1
395,35,954.42,28.46,56.17,172.80,0.4053,-1,-1,-1
395,39,575.08,1019.63,87.34,60.33,0.4031,-1,-1,-1
395,41,927.43,525.07,72.81,212.06,0.6763,-1,-1,-1
395,44,1008.03,39.85,58.66,165.14,0.3481,-1,-1,-1
395,47,1140.53,468.79,70.68,200.81,0.4444,-1,-1,-1
395,56,1770.18,112.37,62.03,162.29,0.3435,-1,-1,-1
395,57,789.73,150.59,63.39,170.20,0.3984,-1,-1,-1
396,3,981.22,907.85,84.73,170.37,0.6858,-1,-1,-1
396,4,1720.74,457.72,71.85,209.06,0.6231,-1,-1,-1
396,8,317.07,562.08,87.64,248.71,0.7875,-1,-1,-1
396,17,450.91,273.90,71.90,205.95,0.6756,-1,-1,-1
396,28,430.73,585.46,71.03,231.06,0.7759,-1,-1,-1
396,32,854.95,518.21,70.34,225.18,0.6071,-1,-1,-1
396,35,953.26,28.81,57.54,171.85,0.4373,-1,-1,-1
396,41,928.68,526.21,71.78,211.99,0.6937,-1,-1,-1
396,44,1008.55,39.68,58.20,163.88,0.3833,-1,-1,-1
396,47,1146.52,468.59,69.02,199.51,0.4862,-1,-1,-1
396,56,1770.00,111.70,60.97,163.16,0.3205,-1,-1,-1
396,57,788.99,150.27,64.10,171.25,0.4024,-1,-1,-1
397,3,981.04,908.34,85.05,170.24,0.7024,-1,-1,-1
397,4,1720.40,457.80,72.72,209.13,0.6300,-1,-1,-1
397,8,315.96,562.01,86.00,249.40,0.7928,-1,-1,-1
397,17,452.14,271.85,70.58,201.88,0.6856,-1,-1,-1
397,28,430.21,587.63,69.69,231.49,0.7714,-1,-1,-1
397,32,852.94,518.91,74.37,207.63,0.6179,-1,-1,-1
397,35,952.90,28.85,56.97,170.39,0.4220,-1,-1,-1
397,41,929.03,527.96,72.50,209.06,0.6870,-1,-1,-1
397,44,1007.58,39.49,59.77,165.76,0.3290,-1,-1,-1
397,47,1148.04,471.78,70.78,197.30,0.4763,-1,-1,-1
397,56,1769.54,113.88,60.35,160.83,0.3341,-1,-1,-1
397,57,788.99,150.19,63.82,171.08,0.4060,-1,-1,-1
398,1,462.13,70.87,76.94,185.85,0.3606,-1,-1,-1
398,3,982.41,908.23,82.32,170.33,0.7211,-1,-1,-1
398,4,1720.16,458.81,72.74,208.20,0.5917,-1,-1,-1
398,8,313.80,562.86,85.33,248.50,0.7894,-1,-1,-1
398,17,451.28,270.27,72.75,200.39,0.6637,-1,-1,-1
398,28,430.05,589.05,66.02,236.42,0.7513,-1,-1,-1
398,32,856.68,520.04,71.00,223.82,0.6073,-1,-1,-1
398,35,953.87,29.31,55.97,169.41,0.4318,-1,-1,-1
398,41,931.99,530.92,68.28,206.07,0.6516,-1,-1,-1
398,44,1006.25,41.38,59.52,160.01,0.3554,-1,-1,-1
398,47,1151.37,469.31,74.15,200.12,0.5305,-1,-1,-1
398,57,788.87,150.32,63.76,170.57,0.4150,-1,-1,-1
399,1,463.60,70.86,76.34,186.69,0.3727,-1,-1,-1
399,3,983.54,908.68,81.41,171.28,0.7315,-1,-1,-1
399,4,1720.65,458.58,72.16,208.14,0.5771,-1,-1,-1
399,8,312.66,563.24,84.96,246.47,0.7838,-1,-1,-1
399,17,452.68,266.97,72.99,202.72,0.6450,-1,-1,-1
399,28,429.22,591.05,66.66,236.91,0.7535,-1,-1,-1
399,32,856.23,520.09,72.60,222.57,0.6090,-1,-1,-1
399,35,952.93,29.21,55.52,167.84,0.4411,-1,-1,-1
399,41,933.16,531.64,69.47,206.05,0.6661,-1,-1,-1
399,44,1007.81,40.92,57.24,158.21,0.3582,-1,-1,-1
399,47,1154.84,466.94,75.18,205.80,0.5764,-1,-1,-1
399,57,789.06,150.09,63.09,169.98,0.4055,-1,-1,-1
400,1,465.79,70.88,74.03,188.04,0.4268,-1,-1,-1
400,3,984.41,909.50,80.59,170.06,0.7250,-1,-1,-1
400,4,1720.50,457.62,72.12,208.37,0.5438,-1,-1,-1
400,8,312.25,565.12,84.11,242.60,0.7861,-1,-1,-1
400,17,452.11,266.55,73.88,203.38,0.6447,-1,-1,-1
400,28,428.63,592.46,65.80,237.17,0.7665,-1,-1,-1
400,32,857.17,521.24,72.38,224.18,0.6062,-1,-1,-1
400,35,951.52,27.32,56.66,168.68,0.4441,-1,-1,-1
400,41,930.64,533.45,72.10,206.30,0.6488,-1,-1,-1
400,44,1006.94,40.47,58.64,158.49,0.3676,-1,-1,-1
400,47,1157.84,470.48,73.19,205.85,0.5756,-1,-1,-1
400,57,788.30,149.94,64.83,170.66,0.4447,-1,-1,-1
401,1,465.80,70.83,74.47,187.82,0.4782,-1,-1,-1
401,3,983.87,911.09,78.71,168.42,0.7077,-1,-1,-1
401,4,1721.32,456.37,70.27,210.30,0.5082,-1,-1,-1
401,8,310.02,566.70,85.72,238.60,0.7851,-1,-1,-1
401,17,451.18,266.17,75.70,203.11,0.6434,-1,-1,-1
401,28,428.01,593.56,66.81,237.25,0.7536,-1,-1,-1
401,32,856.98,520.82,73.39,228.03,0.6109,-1,-1,-1
401,35,951.04,24.79,57.18,169.72,0.4791,-1,-1,-1
401,41,935.31,535.22,68.97,206.44,0.6576,-1,-1,-1
401,44,1006.55,39.43,58.82,159.96,0.4231,-1,-1,-1
401,47,1163.60,471.49,71.84,207.33,0.6034,-1,-1,-1
401,57,788.72,150.56,64.03,169.79,0.4218,-1,-1,-1
402,1,466.47,70.74,73.57,188.91,0.4641,-1,-1,-1
402,3,985.27,912.60,76.69,167.27,0.7041,-1,-1,-1
402,4,1721.10,455.55,71.56,211.29,0.5201,-1,-1,-1
402,8,308.30,568.68,87.35,240.87,0.7817,-1,-1,-1
402,17,451.99,265.40,75.75,204.58,0.6371,-1,-1,-1
402,28,427.90,594.72,65.60,236.37,0.7497,-1,-1,-1
402,32,856.14,522.15,74.82,227.90,0.6066,-1,-1,-1
402,35,949.98,22.12,58.23,170.50,0.4369,-1,-1,-1
402,41,934.56,536.40,71.31,209.20,0.6376,-1,-1,-1
402,44,1005.71,38.73,58.19,159.67,0.4427,-1,-1,-1
402,47,1165.30,475.04,76.63,200.46,0.5442,-1,-1,-1
402,57,788.98,150.62,64.26,169.75,0.4298,-1,-1,-1
403,1,465.99,70.98,72.98,189.28,0.4485,-1,-1,-1
403,3,984.95,913.90,75.61,165.34,0.7163,-1,-1,-1
403,4,1721.53,459.47,71.64,208.25,0.5066,-1,-1,-1
403,8,307.65,571.52,85.18,245.04,0.7805,-1,-1,-1
403,17,452.39,265.22,76.00,204.90,0.6442,-1,-1,-1
403,28,426.66,596.06,65.07,235.94,0.7419,-1,-1,-1
403,32,856.83,522.74,75.51,227.20,0.6417,-1,-1,-1
403,35,950.30,22.09,57.04,164.37,0.4126,-1,-1,-1
403,41,933.24,538.10,72.93,206.96,0.6353,-1,-1,-1
403,44,1005.06,38.62,58.83,158.78,0.4415,-1,-1,-1
403,47,1169.63,479.40,75.68,198.32,0.3766,-1,-1,-1
403,57,790.69,150.68,63.14,169.89,0.4414,-1,-1,-1
404,1,466.83,70.96,71.58,188.16,0.4291,-1,-1,-1
404,3,985.47,916.00,74.13,163.39,0.6960,-1,-1,-1
404,4,1721.25,460.08,70.91,207.09,0.4495,-1,-1,-1
404,8,307.12,574.50,84.33,246.73,0.7799,-1,-1,-1
404,17,453.38,264.12,74.66,206.97,0.6609,-1,-1,-1
404,28,425.30,596.70,66.48,235.05,0.7299,-1,-1,-1
404,32,857.04,522.82,75.76,226.65,0.6508,-1,-1,-1
404,35,950.61,20.90,55.05,163.51,0.3865,-1,-1,-1
404,41,932.79,540.35,72.44,212.50,0.6124,-1,-1,-1
404,44,1003.22,37.60,60.02,157.76,0.4410,-1,-1,-1
404,47,1171.41,483.04,78.71,199.76,0.4743,-1,-1,-1
404,57,791.36,150.44,62.18,169.74,0.4136,-1,-1,-1
405,1,466.79,70.76,71.44,187.61,0.4070,-1,-1,-1
405,3,985.16,918.37,73.61,160.87,0.6974,-1,-1,-1
405,4,1721.75,456.58,73.23,209.05,0.4624,-1,-1,-1
405,8,306.23,575.74,82.80,249.38,0.7705,-1,-1,-1
405,17,452.95,263.86,75.54,206.14,0.6716,-1,-1,-1
405,28,422.24,598.29,68.50,233.97,0.7478,-1,-1,-1
405,32,858.60,523.83,78.38,227.24,0.6715,-1,-1,-1
405,35,950.59,20.34,53.42,160.18,0.3819,-1,-1,-1
405,41,935.71,541.34,70.31,214.11,0.6426,-1,-1,-1
405,44,1002.46,37.07,59.76,156.04,0.4042,-1,-1,-1
405,47,1172.46,484.02,80.96,201.20,0.5436,-1,-1,-1
405,57,790.35,149.84,63.32,170.28,0.4119,-1,-1,-1
406,1,466.65,70.40,71.41,186.94,0.3902,-1,-1,-1
406,3,983.68,918.94,75.76,160.26,0.7103,-1,-1,-1
406,4,1721.98,456.98,74.09,209.29,0.4902,-1,-1,-1
406,8,305.74,577.76,82.23,249.91,0.7537,-1,-1,-1
406,17,452.28,263.12,78.04,204.03,0.6600,-1,-1,-1
406,28,420.01,600.17,68.99,231.78,0.7348,-1,-1,-1
406,32,859.67,526.15,78.40,226.98,0.6864,-1,-1,-1
406,35,951.61,19.21,52.49,160.14,0.3907,-1,-1,-1
406,41,933.33,543.67,73.61,215.43,0.6619,-1,-1,-1
406,44,1002.32,36.45,58.25,155.76,0.3740,-1,-1,-1
406,47,1177.75,486.26,79.81,203.74,0.4522,-1,-1,-1
406,57,791.43,151.07,58.19,169.78,0.4450,-1,-1,-1
406,59,1611.79,604.50,73.71,252.03,0.4270,-1,-1,-1
407,1,467.49,69.75,71.24,185.78,0.3871,-1,-1,-1
407,3,982.73,920.63,75.56,158.20,0.6982,-1,-1,-1
407,4,1721.76,458.89,74.77,207.29,0.4474,-1,-1,-1
407,8,305.18,580.09,81.47,248.37,0.7591,-1,-1,-1
407,17,453.67,263.01,76.46,203.73,0.6781,-1,-1,-1
407,28,418.15,600.14,66.81,231.48,0.7573,-1,-1,-1
407,32,857.42,526.58,79.73,236.25,0.6439,-1,-1,-1
407,35,949.65,18.12,54.34,160.63,0.3676,-1,-1,-1
407,41,933.36,545.98,72.24,217.08,0.6857,-1,-1,-1
407,44,1002.26,35.51,58.53,156.22,0.4425,-1,-1,-1
407,47,1181.73,486.68,77.84,202.65,0.3602,-1,-1,-1
407,57,789.72,149.76,62.66,170.55,0.4514,-1,-1,-1
407,60,1649.24,47.53,63.71,169.96,0.3456,-1,-1,-1
408,1,467.58,69.60,70.59,185.34,0.3258,-1,-1,-1
408,3,981.82,922.91,75.97,154.80,0.7118,-1,-1,-1
408,4,1721.41,455.58,72.33,211.66,0.4586,-1,-1,-1
408,8,303.33,583.39,81.69,250.26,0.7556,-1,-1,-1
408,17,454.08,261.21,76.39,205.37,0.6794,-1,-1,-1
408,28,417.04,604.11,70.35,230.51,0.7636,-1,-1,-1
408,32,859.40,527.25,78.16,239.17,0.6630,-1,-1,-1
408,35,949.65,19.32,54.40,160.50,0.3600,-1,-1,-1
408,41,930.99,547.37,74.52,214.34,0.6938,-1,-1,-1
408,44,1003.11,35.87,57.10,155.62,0.4351,-1,-1,-1
408,47,1187.60,486.59,73.96,204.91,0.4295,-1,-1,-1
408,54,700.38,559.36,59.88,231.51,0.3162,-1,-1,-1
408,57,789.37,149.85,62.64,170.43,0.4598,-1,-1,-1
408,60,1650.39,45.54,65.55,172.61,0.3178,-1,-1,-1
409,1,466.96,69.45,70.93,183.33,0.3417,-1,-1,-1
409,3,981.31,924.24,76.66,153.66,0.6884,-1,-1,-1
409,4,1721.66,452.97,71.89,213.52,0.5255,-1,-1,-1
409,8,301.83,585.46,81.35,250.21,0.7670,-1,-1,-1
409,17,456.70,259.98,74.08,202.93,0.6623,-1,-1,-1
409,28,415.43,608.72,70.30,231.39,0.7629,-1,-1,-1
409,32,860.11,530.60,78.81,240.65,0.6329,-1,-1,-1
409,35,951.46,18.94,52.14,161.07,0.3863,-1,-1,-1
409,41,933.02,548.81,72.87,212.30,0.6873,-1,-1,-1
409,44,1003.43,35.58,57.03,156.32,0.4256,-1,-1,-1
409,47,1197.70,486.94,68.29,204.11,0.4706,-1,-1,-1
409,57,789.51,149.83,63.58,170.36,0.4267,-1,-1,-1
409,60,1650.88,49.36,66.87,169.23,0.3010,-1,-1,-1
410,1,465.61,66.95,71.92,187.43,0.3194,-1,-1,-1
410,3,981.13,925.22,76.29,152.58,0.6907,-1,-1,-1
410,4,1722.23,449.74,71.44,217.23,0.5467,-1,-1,-1
410,8,297.63,586.25,85.05,251.58,0.7946,-1,-1,-1
410,17,458.14,259.23,72.79,199.40,0.6669,-1,-1,-1
410,28,414.09,609.98,69.32,234.69,0.7295,-1,-1,-1
410,32,860.36,533.01,75.69,243.27,0.6349,-1,-1,-1
410,35,949.21,19.05,54.72,161.70,0.4014,-1,-1,-1
410,41,934.39,550.76,70.97,211.99,0.7037,-1,-1,-1
410,44,1003.33,35.58,57.01,156.43,0.4374,-1,-1,-1
410,47,1207.10,487.96,61.20,202.53,0.4730,-1,-1,-1
410,54,702.63,557.89,89.62,236.52,0.3419,-1,-1,-1
410,57,789.87,149.98,63.56,170.05,0.4289,-1,-1,-1
410,59,1576.88,619.33,105.44,236.05,0.3302,-1,-1,-1
410,60,1650.45,47.17,70.74,175.91,0.3173,-1,-1,-1
411,3,979.23,925.56,78.94,151.88,0.6897,-1,-1,-1
411,4,1721.88,449.01,72.07,219.30,0.5378,-1,-1,-1
411,8,297.06,587.53,83.04,249.39,0.7970,-1,-1,-1
411,17,457.86,257.09,72.45,196.64,0.6789,-1,-1,-1
411,28,412.07,612.77,69.18,234.04,0.7072,-1,-1,-1
411,32,862.80,535.75,72.44,243.50,0.6581,-1,-1,-1
411,35,949.90,18.42,52.91,161.65,0.3557,-1,-1,-1
411,41,934.24,551.19,70.50,210.60,0.6878,-1,-1,-1
411,44,1002.88,34.80,55.96,156.23,0.4041,-1,-1,-1
411,47,1209.21,486.71,64.19,205.36,0.4247,-1,-1,-1
411,54,703.02,559.20,91.81,236.41,0.3323,-1,-1,-1
411,57,788.41,149.97,64.61,169.96,0.4352,-1,-1,-1
411,59,1577.51,619.28,104.22,236.00,0.3726,-1,-1,-1
411,60,1651.44,47.44,71.86,178.33,0.3086,-1,-1,-1
412,3,978.39,925.51,81.45,152.67,0.7055,-1,-1,-1
412,4,1722.01,448.19,72.13,219.72,0.5735,-1,-1,-1
412,8,295.54,587.92,82.13,248.85,0.7994,-1,-1,-1
412,17,456.48,253.92,73.62,197.70,0.6564,-1,-1,-1
412,28,406.37,614.41,72.31,236.25,0.7285,-1,-1,-1
412,32,862.65,538.17,73.44,235.57,0.6556,-1,-1,-1
412,35,951.11,18.51,53.86,164.68,0.3702,-1,-1,-1
412,41,936.80,552.96,68.09,209.44,0.6724,-1,-1,-1
412,44,1003.08,34.62,55.30,157.93,0.4116,-1,-1,-1
412,47,1211.53,486.23,64.98,205.87,0.5118,-1,-1,-1
412,54,704.60,559.18,95.48,238.26,0.3812,-1,-1,-1
412,57,789.85,151.20,60.25,168.96,0.4166,-1,-1,-1
412,59,1576.75,617.95,103.52,237.02,0.3916,-1,-1,-1
413,3,977.27,926.88,83.11,150.62,0.6957,-1,-1,-1
413,4,1722.78,451.24,71.91,217.16,0.5497,-1,-1,-1
413,8,292.30,589.69,84.54,246.87,0.7896,-1,-1,-1
413,17,455.81,251.28,73.93,199.04,0.6540,-1,-1,-1
413,28,406.46,616.40,71.27,235.25,0.7392,-1,-1,-1
413,32,864.28,539.82,71.44,239.56,0.6431,-1,-1,-1
413,35,949.09,18.38,56.06,166.59,0.3725,-1,-1,-1
413,41,938.59,552.96,67.57,209.44,0.6488,-1,-1,-1
413,44,1002.96,34.72,54.76,156.95,0.4341,-1,-1,-1
413,47,1216.43,495.35,62.94,197.87,0.5866,-1,-1,-1
413,54,704.94,558.89,95.22,239.10,0.4023,-1,-1,-1
413,57,788.37,150.94,61.88,169.69,0.4321,-1,-1,-1
413,59,1577.61,615.20,103.41,238.87,0.4386,-1,-1,-1
414,3,976.78,927.17,84.58,150.30,0.7037,-1,-1,-1
414,4,1721.68,458.26,71.95,210.71,0.4778,-1,-1,-1
414,8,291.58,589.91,84.41,247.15,0.7823,-1,-1,-1
414,17,453.10,249.07,75.99,201.48,0.6633,-1,-1,-1
414,28,406.19,618.38,70.78,236.41,0.7250,-1,-1,-1
414,32,865.53,540.65,69.85,243.14,0.6488,-1,-1,-1
414,35,949.35,16.65,53.69,166.20,0.3830,-1,-1,-1
414,41,930.64,555.92,77.34,205.43,0.6707,-1,-1,-1
414,44,1002.88,34.76,55.02,156.17,0.4128,-1,-1,-1
414,47,1221.20,486.09,66.74,205.93,0.5264,-1,-1,-1
414,54,706.18,559.39,93.65,239.64,0.4074,-1,-1,-1
414,57,787.89,149.96,65.32,169.77,0.4170,-1,-1,-1
414,59,1576.21,613.16,110.07,244.04,0.5776,-1,-1,-1
414,60,1655.51,57.16,74.93,177.61,0.3450,-1,-1,-1
415,3,977.08,928.57,86.85,148.91,0.7251,-1,-1,-1
415,4,1722.47,451.87,72.56,215.56,0.4948,-1,-1,-1
415,8,290.38,591.95,84.60,245.14,0.7817,-1,-1,-1
415,17,450.60,249.32,79.23,199.13,0.6199,-1,-1,-1
415,28,403.74,619.84,70.91,238.25,0.7211,-1,-1,-1
415,32,866.28,542.17,69.63,244.01,0.6314,-1,-1,-1
415,35,950.84,14.22,51.64,167.73,0.3413,-1,-1,-1
415,41,932.64,557.23,77.78,205.40,0.6422,-1,-1,-1
415,44,1002.94,34.35,55.19,156.20,0.4049,-1,-1,-1
415,47,1221.28,494.45,71.93,201.62,0.5827,-1,-1,-1
415,54,706.79,559.64,94.08,240.25,0.3913,-1,-1,-1
415,57,787.43,150.09,66.51,169.54,0.3853,-1,-1,-1
415,59,1573.78,614.65,111.30,241.87,0.5367,-1,-1,-1
415,60,1658.58,62.98,73.08,173.98,0.3689,-1,-1,-1
416,1,459.51,65.54,74.30,194.35,0.3087,-1,-1,-1
416,3,976.00,928.69,88.34,148.78,0.7302,-1,-1,-1
416,4,1721.29,452.21,74.32,215.25,0.4787,-1,-1,-1
416,8,290.75,592.87,83.67,242.28,0.7908,-1,-1,-1
416,17,448.65,249.21,80.79,198.92,0.6016,-1,-1,-1
416,28,401.35,620.95,72.55,238.20,0.7398,-1,-1,-1
416,32,866.46,542.89,69.10,242.80,0.6043,-1,-1,-1
416,41,934.03,558.80,76.45,206.72,0.6439,-1,-1,-1
416,44,1003.11,33.64,55.12,157.52,0.4394,-1,-1,-1
416,47,1226.52,488.60,78.41,207.31,0.4224,-1,-1,-1
416,54,708.11,559.67,93.44,239.95,0.3876,-1,-1,-1
416,57,788.70,150.64,61.49,170.20,0.3917,-1,-1,-1
416,59,1575.41,613.54,109.01,243.43,0.5609,-1,-1,-1
416,60,1659.15,64.62,71.38,176.63,0.4680,-1,-1,-1
417,1,461.22,64.70,73.70,195.23,0.3057,-1,-1,-1
417,3,976.13,929.94,88.77,147.38,0.7106,-1,-1,-1
417,4,1721.10,455.11,72.42,213.05,0.4830,-1,-1,-1
417,8,289.48,595.96,85.39,240.16,0.7694,-1,-1,-1
417,17,446.42,250.33,82.57,197.74,0.5986,-1,-1,-1
417,28,398.45,623.66,73.80,234.27,0.7413,-1,-1,-1
417,32,866.73,543.32,67.00,228.44,0.5610,-1,-1,-1
417,35,949.86,12.55,52.31,169.48,0.3030,-1,-1,-1
417,41,934.32,561.03,77.44,204.07,0.6164,-1,-1,-1
417,44,1003.05,33.55,55.07,157.61,0.4517,-1,-1,-1
417,47,1229.18,490.97,85.36,208.33,0.5265,-1,-1,-1
417,54,713.82,558.52,86.83,239.29,0.3783,-1,-1,-1
417,57,786.01,149.95,67.22,170.25,0.3539,-1,-1,-1
417,59,1573.72,610.21,108.23,246.53,0.5628,-1,-1,-1
417,60,1659.55,66.54,73.00,174.45,0.3274,-1,-1,-1
418,3,974.94,930.47,91.06,147.29,0.7073,-1,-1,-1
418,4,1720.40,453.81,73.51,214.53,0.4698,-1,-1,-1
418,8,288.65,597.34,85.72,241.96,0.7826,-1,-1,-1
418,17,445.31,249.83,83.62,198.63,0.5502,-1,-1,-1
418,28,395.50,623.28,73.98,235.54,0.7812,-1,-1,-1
418,32,866.82,545.08,68.29,217.56,0.5154,-1,-1,-1
418,35,948.48,11.71,53.48,169.48,0.3290,-1,-1,-1
418,41,936.85,562.45,75.67,205.29,0.6017,-1,-1,-1
418,44,1003.92,32.97,54.39,156.56,0.4392,-1,-1,-1
418,47,1229.02,490.85,92.70,211.61,0.5423,-1,-1,-1
418,54,718.54,557.98,80.80,239.51,0.3825,-1,-1,-1
418,57,787.46,149.47,65.87,170.58,0.3391,-1,-1,-1
418,59,1574.80,614.55,104.39,242.06,0.5859,-1,-1,-1
418,60,1660.96,67.49,72.89,174.01,0.4229,-1,-1,-1
419,3,973.98,931.23,93.19,146.36,0.7163,-1,-1,-1
419,4,1720.88,447.96,73.16,219.73,0.5311,-1,-1,-1
419,8,287.90,599.49,86.55,245.90,0.7873,-1,-1,-1
419,17,446.00,249.48,83.19,199.30,0.5472,-1,-1,-1
419,28,393.84,623.08,73.38,236.36,0.7939,-1,-1,-1
419,32,867.58,546.32,68.40,213.94,0.5417,-1,-1,-1
419,35,948.62,8.93,55.07,173.62,0.3672,-1,-1,-1
419,41,944.03,564.62,69.04,213.27,0.5495,-1,-1,-1
419,44,1004.46,31.99,54.44,157.18,0.4793,-1,-1,-1
419,47,1229.86,493.21,92.72,211.63,0.4799,-1,-1,-1
419,54,724.21,558.27,72.90,238.23,0.4197,-1,-1,-1
419,57,789.03,149.51,64.88,170.45,0.3509,-1,-1,-1
419,59,1574.33,615.29,106.34,241.08,0.5882,-1,-1,-1
419,60,1662.54,65.45,71.60,178.16,0.3889,-1,-1,-1
420,3,974.24,931.14,94.94,146.82,0.7011,-1,-1,-1
420,4,1722.18,449.37,73.55,216.50,0.4995,-1,-1,-1
420,8,287.49,601.16,86.44,249.56,0.7783,-1,-1,-1
420,17,447.51,249.03,81.87,198.68,0.5264,-1,-1,-1
420,28,392.21,624.29,74.89,235.65,0.7864,-1,-1,-1
420,32,867.87,545.50,69.67,218.09,0.5598,-1,-1,-1
420,35,949.44,9.30,52.73,171.25,0.3839,-1,-1,-1
420,41,944.25,567.71,70.45,211.33,0.5351,-1,-1,-1
420,44,1005.18,30.66,53.97,158.20,0.4897,-1,-1,-1
420,47,1231.07,491.19,89.82,216.65,0.4175,-1,-1,-1
420,54,726.18,558.78,72.22,239.94,0.4172,-1,-1,-1
420,57,789.21,148.98,65.37,170.51,0.3417,-1,-1,-1
420,59,1575.35,615.01,102.16,240.58,0.5895,-1,-1,-1
421,3,974.42,931.94,93.60,146.30,0.7084,-1,-1,-1
421,4,1721.87,456.30,74.57,213.10,0.4898,-1,-1,-1
421,8,286.04,602.89,88.42,254.20,0.7641,-1,-1,-1
421,17,445.27,246.81,84.16,199.69,0.5861,-1,-1,-1
421,28,390.89,624.71,74.99,235.43,0.7877,-1,-1,-1
421,32,867.34,546.97,71.66,219.74,0.5210,-1,-1,-1
421,35,949.73,8.64,54.38,171.01,0.3887,-1,-1,-1
421,41,945.70,571.84,70.72,212.41,0.4550,-1,-1,-1
421,44,1005.70,28.92,53.89,158.58,0.5091,-1,-1,-1
421,47,1232.74,498.76,93.59,211.72,0.3865,-1,-1,-1
421,54,729.05,558.89,69.37,238.42,0.4814,-1,-1,-1
421,57,792.82,149.78,57.81,171.47,0.3677,-1,-1,-1
421,59,1574.58,624.66,100.18,231.62,0.5499,-1,-1,-1
422,3,975.16,931.22,92.95,146.87,0.7212,-1,-1,-1
422,4,1722.27,460.56,73.98,204.61,0.5266,-1,-1,-1
422,8,284.58,604.78,92.74,258.40,0.7471,-1,-1,-1
422,17,447.61,244.97,79.32,201.55,0.6087,-1,-1,-1
422,28,390.56,627.24,75.64,232.39,0.7819,-1,-1,-1
422,32,869.09,549.80,71.53,225.23,0.4389,-1,-1,-1
422,35,948.56,8.69,53.78,164.69,0.3745,-1,-1,-1
422,41,947.82,574.86,67.48,209.23,0.5548,-1,-1,-1
422,44,1005.91,27.81,53.81,156.15,0.4739,-1,-1,-1
422,47,1240.05,501.77,88.73,207.65,0.3879,-1,-1,-1
422,54,731.02,561.16,68.71,229.95,0.5288,-1,-1,-1
422,57,792.37,149.16,58.13,171.56,0.3522,-1,-1,-1
422,59,1573.94,625.50,99.75,230.23,0.4869,-1,-1,-1
423,3,976.17,930.80,92.97,146.92,0.6957,-1,-1,-1
423,4,1721.03,459.13,73.48,207.05,0.5461,-1,-1,-1
423,8,284.98,607.44,93.04,257.80,0.7405,-1,-1,-1
423,17,447.76,242.75,78.11,201.65,0.5945,-1,-1,-1
423,28,389.15,630.01,76.15,233.08,0.7809,-1,-1,-1
423,32,863.08,542.16,79.76,163.00,0.3618,-1,-1,-1
423,35,947.60,7.55,55.07,162.91,0.3813,-1,-1,-1
423,41,947.38,576.33,68.85,209.15,0.5583,-1,-1,-1
423,44,1006.73,25.74,53.07,155.60,0.4420,-1,-1,-1
423,54,735.57,560.72,67.24,228.21,0.6172,-1,-1,-1
423,57,792.26,148.99,58.34,172.15,0.3344,-1,-1,-1
423,59,1575.16,624.99,97.83,230.31,0.4371,-1,-1,-1
423,61,1760.68,102.62,68.17,197.89,0.3409,-1,-1,-1
424,3,976.75,931.68,91.99,146.09,0.7095,-1,-1,-1
424,4,1720.83,461.37,73.68,205.79,0.5564,-1,-1,-1
424,8,284.62,609.62,91.47,256.78,0.7515,-1,-1,-1
424,17,447.76,242.74,76.40,201.78,0.5979,-1,-1,-1
424,28,385.53,632.22,82.55,236.53,0.7808,-1,-1,-1
424,32,869.40,555.20,70.54,213.48,0.3885,-1,-1,-1
424,35,945.49,6.45,56.70,164.44,0.4186,-1,-1,-1
424,41,947.64,577.85,71.01,209.08,0.5919,-1,-1,-1
424,44,1007.24,23.79,52.67,156.85,0.4639,-1,-1,-1
424,54,736.64,560.16,72.94,231.26,0.6622,-1,-1,-1
424,56,1761.48,128.65,54.41,171.42,0.3067,-1,-1,-1
424,57,793.14,149.51,57.03,171.28,0.3704,-1,-1,-1
424,59,1579.49,635.66,90.13,220.19,0.4274,-1,-1,-1
424,60,1668.24,72.81,62.59,171.83,0.3062,-1,-1,-1
425,3,978.61,931.69,91.45,146.39,0.6977,-1,-1,-1
425,4,1720.44,460.15,74.14,207.44,0.5452,-1,-1,-1
425,8,283.73,611.45,93.50,258.78,0.7282,-1,-1,-1
425,17,447.60,239.24,75.94,202.44,0.6364,-1,-1,-1
425,28,384.64,633.58,82.14,238.31,0.7597,-1,-1,-1
425,32,864.09,545.01,80.53,163.03,0.3484,-1,-1,-1
425,35,942.79,5.47,59.73,164.19,0.3895,-1,-1,-1
425,41,947.08,575.66,75.38,208.04,0.5791,-1,-1,-1
425,44,1007.46,22.86,52.55,157.57,0.4302,-1,-1,-1
425,54,738.78,559.49,76.91,236.98,0.6256,-1,-1,-1
425,56,1761.59,129.17,52.61,172.43,0.3286,-1,-1,-1
425,57,793.80,150.02,56.20,170.16,0.3776,-1,-1,-1
425,59,1577.32,635.52,90.36,220.66,0.4296,-1,-1,-1
426,3,979.94,931.73,91.68,146.88,0.7123,-1,-1,-1
426,4,1720.96,459.78,75.73,207.70,0.5640,-1,-1,-1
426,8,283.89,613.73,91.88,258.72,0.7228,-1,-1,-1
426,17,447.42,237.41,74.88,198.39,0.6275,-1,-1,-1
426,28,384.24,635.51,81.23,239.07,0.7308,-1,-1,-1
426,32,869.86,558.96,73.13,214.68,0.4870,-1,-1,-1
426,35,942.44,4.62,60.19,165.42,0.4245,-1,-1,-1
426,41,947.79,576.86,75.84,208.04,0.6233,-1,-1,-1
426,44,1008.02,22.01,52.73,158.51,0.4395,-1,-1,-1
426,47,1270.42,504.68,70.41,203.23,0.3308,-1,-1,-1
426,54,740.47,560.10,78.51,239.17,0.6277,-1,-1,-1
426,56,1764.85,128.96,47.72,174.95,0.3350,-1,-1,-1
426,57,791.20,149.48,57.71,171.47,0.3389,-1,-1,-1
426,59,1577.64,636.90,89.71,218.93,0.3644,-1,-1,-1
427,3,981.38,930.46,91.01,148.34,0.7068,-1,-1,-1
427,4,1719.21,462.10,75.29,205.87,0.5428,-1,-1,-1
427,8,281.94,614.92,94.20,259.75,0.7049,-1,-1,-1
427,17,447.79,236.96,74.50,194.95,0.6153,-1,-1,-1
427,28,382.75,638.16,88.41,240.97,0.6814,-1,-1,-1
427,32,869.67,557.81,74.47,222.75,0.5300,-1,-1,-1
427,35,942.33,4.26,60.07,165.77,0.4089,-1,-1,-1
427,41,949.52,577.96,76.02,209.20,0.6072,-1,-1,-1
427,44,1007.88,21.85,52.98,158.56,0.4394,-1,-1,-1
427,47,1285.58,502.12,60.63,195.24,0.3013,-1,-1,-1
427,54,742.43,560.49,78.20,242.52,0.5615,-1,-1,-1
427,56,1764.09,128.83,49.48,176.45,0.3795,-1,-1,-1
427,57,792.85,149.90,58.09,171.09,0.3955,-1,-1,-1
427,59,1576.52,631.42,88.55,223.38,0.3217,-1,-1,-1
428,3,982.26,929.88,91.65,148.90,0.7260,-1,-1,-1
428,4,1716.96,462.57,77.68,204.82,0.5276,-1,-1,-1
428,8,281.24,617.97,94.65,258.74,0.7028,-1,-1,-1
428,17,447.90,234.70,73.93,193.11,0.6398,-1,-1,-1
428,28,382.28,642.07,74.04,237.29,0.7223,-1,-1,-1
428,32,870.84,560.87,76.42,230.37,0.6021,-1,-1,-1
428,35,943.20,3.51,59.18,166.73,0.3715,-1,-1,-1
428,41,952.13,578.30,74.94,210.67,0.6474,-1,-1,-1
428,44,1007.98,21.66,53.12,158.67,0.4334,-1,-1,-1
428,47,1289.45,502.59,62.19,210.90,0.4029,-1,-1,-1
428,54,744.63,561.71,82.64,243.11,0.6025,-1,-1,-1
428,56,1763.49,129.27,50.05,177.16,0.3978,-1,-1,-1
428,57,792.28,149.12,61.03,171.04,0.4034,-1,-1,-1
428,59,1577.10,632.52,88.19,223.42,0.3745,-1,-1,-1
429,3,983.52,930.28,90.71,148.44,0.7326,-1,-1,-1
429,4,1719.50,460.93,77.22,207.63,0.5472,-1,-1,-1
429,8,280.03,617.74,94.88,256.01,0.7235,-1,-1,-1
429,17,446.65,234.31,75.43,192.23,0.5980,-1,-1,-1
429,28,381.52,644.67,73.06,237.85,0.7134,-1,-1,-1
429,32,871.34,563.01,76.46,225.26,0.6414,-1,-1,-1
429,35,942.45,3.33,59.32,167.40,0.3722,-1,-1,-1
429,41,955.31,579.30,72.37,209.92,0.6490,-1,-1,-1
429,44,1007.72,20.72,53.44,162.63,0.4514,-1,-1,-1
429,47,1287.42,505.63,66.77,209.07,0.4008,-1,-1,-1
429,54,747.70,562.59,85.25,247.63,0.6674,-1,-1,-1
429,56,1762.95,136.61,47.01,169.07,0.3190,-1,-1,-1
429,57,793.30,148.74,57.49,172.16,0.3994,-1,-1,-1
429,59,1576.43,635.66,88.05,221.33,0.4372,-1,-1,-1
430,3,988.03,929.40,86.97,149.17,0.7069,-1,-1,-1
430,4,1720.57,464.62,76.43,203.05,0.5227,-1,-1,-1
430,8,279.22,620.21,93.04,255.42,0.7245,-1,-1,-1
430,17,445.99,232.20,75.93,193.53,0.5618,-1,-1,-1
430,28,379.38,647.06,72.37,242.00,0.7089,-1,-1,-1
430,32,872.35,564.22,75.76,225.75,0.5906,-1,-1,-1
430,35,942.89,3.14,58.96,167.67,0.3145,-1,-1,-1
430,41,956.47,580.77,74.10,207.49,0.6313,-1,-1,-1
430,44,1008.03,21.17,53.45,160.87,0.4025,-1,-1,-1
430,47,1288.57,519.23,70.95,194.62,0.3803,-1,-1,-1
430,54,749.79,563.29,87.06,245.04,0.6760,-1,-1,-1
430,57,794.41,147.98,56.29,173.01,0.3815,-1,-1,-1
430,59,1575.74,634.21,88.71,222.24,0.4742,-1,-1,-1
431,3,989.39,928.64,85.88,149.88,0.6966,-1,-1,-1
431,4,1722.79,461.86,71.85,207.73,0.5390,-1,-1,-1
431,8,279.96,621.32,91.91,253.77,0.7544,-1,-1,-1
431,17,445.21,230.48,75.47,194.52,0.5686,-1,-1,-1
431,28,377.17,648.70,73.36,240.13,0.7412,-1,-1,-1
431,32,872.20,566.49,77.66,225.60,0.6159,-1,-1,-1
431,35,943.27,3.42,58.46,167.52,0.3737,-1,-1,-1
431,41,959.61,581.86,71.35,206.66,0.6161,-1,-1,-1
431,44,1008.51,20.83,53.41,158.95,0.3972,-1,-1,-1
431,54,752.12,563.37,86.80,244.61,0.6971,-1,-1,-1
431,57,788.61,149.17,65.05,171.33,0.3767,-1,-1,-1
431,59,1575.94,633.00,88.40,222.57,0.4192,-1,-1,-1
432,3,991.79,927.08,83.47,151.43,0.7005,-1,-1,-1
432,4,1721.64,462.06,72.44,206.20,0.5633,-1,-1,-1
432,8,278.85,623.02,92.09,250.80,0.7417,-1,-1,-1
432,17,444.70,228.39,75.79,196.65,0.5824,-1,-1,-1
432,28,377.02,649.98,74.14,238.80,0.7335,-1,-1,-1
432,32,873.77,569.20,74.74,224.73,0.6112,-1,-1,-1
432,35,943.51,3.80,59.25,168.62,0.3586,-1,-1,-1
432,41,959.99,583.07,72.49,207.24,0.6278,-1,-1,-1
432,44,1008.11,21.54,53.56,158.78,0.4156,-1,-1,-1
432,54,753.66,564.39,86.74,246.26,0.7276,-1,-1,-1
432,57,792.74,147.96,57.94,172.71,0.4035,-1,-1,-1
432,59,1574.36,627.45,89.93,228.50,0.4543,-1,-1,-1
433,3,993.00,927.77,83.57,150.53,0.6878,-1,-1,-1
433,4,1722.22,463.20,74.97,204.62,0.5233,-1,-1,-1
433,8,279.18,622.34,89.09,249.06,0.7521,-1,-1,-1
433,17,444.41,227.41,76.37,197.50,0.6028,-1,-1,-1
433,28,375.86,651.75,74.06,238.00,0.7008,-1,-1,-1
433,32,875.84,569.95,74.95,221.55,0.6070,-1,-1,-1
433,35,942.71,3.46,59.93,170.23,0.4321,-1,-1,-1
433,41,963.05,583.88,70.74,210.24,0.5930,-1,-1,-1
433,44,1007.65,20.93,54.34,159.68,0.4048,-1,-1,-1
433,54,755.07,564.89,86.15,249.14,0.7083,-1,-1,-1
433,57,793.79,147.73,57.30,173.24,0.3869,-1,-1,-1
433,59,1574.38,626.19,87.85,228.88,0.3977,-1,-1,-1
434,3,995.17,927.99,83.24,149.97,0.7309,-1,-1,-1
434,4,1724.03,464.58,72.34,202.88,0.4753,-1,-1,-1
434,8,278.75,623.75,89.17,248.24,0.7393,-1,-1,-1
434,17,445.26,226.72,75.34,198.35,0.5982,-1,-1,-1
434,28,373.11,652.50,77.00,237.25,0.7262,-1,-1,-1
434,32,879.20,571.03,73.78,222.10,0.6036,-1,-1,-1
434,35,942.84,3.46,58.40,169.93,0.4260,-1,-1,-1
434,41,963.08,586.33,72.25,211.69,0.6030,-1,-1,-1
434,44,1007.55,21.01,54.76,158.75,0.4223,-1,-1,-1
434,54,756.60,566.44,84.68,249.14,0.7278,-1,-1,-1
434,57,793.38,148.68,57.61,171.76,0.4268,-1,-1,-1
434,59,1574.17,630.50,87.96,224.67,0.3822,-1,-1,-1
435,3,997.39,926.47,82.46,151.48,0.7075,-1,-1,-1
435,4,1723.98,464.91,72.54,203.68,0.4899,-1,-1,-1
435,8,278.12,624.55,89.03,248.59,0.7551,-1,-1,-1
435,17,444.92,225.94,75.48,199.22,0.6000,-1,-1,-1
435,28,370.66,652.66,77.49,238.81,0.7219,-1,-1,-1
435,32,879.06,571.79,76.23,219.71,0.6100,-1,-1,-1
435,35,942.78,4.40,57.72,167.88,0.4244,-1,-1,-1
435,41,965.45,587.48,69.85,217.53,0.6068,-1,-1,-1
435,44,1006.69,20.36,56.05,159.05,0.3905,-1,-1,-1
435,47,1312.25,520.74,85.02,185.59,0.3747,-1,-1,-1
435,54,758.68,566.34,81.81,249.66,0.7065,-1,-1,-1
435,57,794.12,147.92,56.04,171.98,0.3999,-1,-1,-1
435,59,1573.81,629.89,86.81,224.40,0.3790,-1,-1,-1
436,3,998.87,926.34,83.76,151.29,0.6919,-1,-1,-1
436,4,1724.57,466.13,71.90,201.51,0.4649,-1,-1,-1
436,8,276.80,625.54,89.29,252.24,0.7628,-1,-1,-1
436,17,444.84,225.30,75.35,200.28,0.6233,-1,-1,-1
436,28,368.67,653.55,76.70,237.49,0.7304,-1,-1,-1
436,32,879.79,572.89,75.20,209.81,0.6305,-1,-1,-1
436,35,943.71,3.08,56.66,169.18,0.4333,-1,-1,-1
436,41,967.81,588.09,69.53,223.72,0.6192,-1,-1,-1
436,44,1006.34,19.54,56.35,157.55,0.3971,-1,-1,-1
436,47,1315.66,521.74,85.61,181.95,0.4842,-1,-1,-1
436,54,759.71,566.58,80.48,250.62,0.6871,-1,-1,-1
436,57,792.67,148.87,57.82,171.15,0.4053,-1,-1,-1
436,59,1574.41,635.92,82.26,217.36,0.3288,-1,-1,-1
437,3,1000.77,924.92,84.00,152.83,0.7146,-1,-1,-1
437,4,1723.47,465.67,73.45,200.56,0.5043,-1,-1,-1
437,8,275.29,627.82,89.90,257.30,0.7761,-1,-1,-1
437,17,446.45,223.81,73.12,199.87,0.6124,-1,-1,-1
437,28,368.17,654.77,76.30,235.85,0.7367,-1,-1,-1
437,32,881.21,574.45,74.58,216.82,0.6408,-1,-1,-1
437,35,942.81,3.40,56.46,166.50,0.4462,-1,-1,-1
437,41,967.48,589.89,69.11,224.25,0.6098,-1,-1,-1
437,44,1005.97,18.38,56.69,157.67,0.4088,-1,-1,-1
437,47,1320.57,527.00,79.55,178.07,0.4393,-1,-1,-1
437,54,760.43,566.71,80.59,251.20,0.6858,-1,-1,-1
437,57,793.78,148.68,56.40,171.12,0.3991,-1,-1,-1
437,59,1574.63,638.51,80.13,214.00,0.3290,-1,-1,-1
438,3,1004.12,925.68,83.23,152.33,0.7077,-1,-1,-1
438,4,1723.06,463.90,71.10,204.34,0.5336,-1,-1,-1
438,8,273.59,630.75,89.67,261.34,0.7685,-1,-1,-1
438,17,446.98,224.84,72.79,198.23,0.6166,-1,-1,-1
438,28,367.59,656.36,74.21,235.94,0.7399,-1,-1,-1
438,32,881.26,575.10,75.51,224.50,0.6690,-1,-1,-1
438,35,942.67,2.54,55.92,165.49,0.4117,-1,-1,-1
438,41,966.87,592.01,72.08,225.58,0.5805,-1,-1,-1
438,44,1005.90,16.69,56.26,157.73,0.3381,-1,-1,-1
438,47,1323.38,531.01,81.08,175.28,0.3242,-1,-1,-1
438,54,762.70,567.31,78.15,251.81,0.6782,-1,-1,-1
438,57,792.64,148.60,58.13,170.66,0.4233,-1,-1,-1
438,59,1573.27,635.19,75.02,216.57,0.3578,-1,-1,-1
439,3,1005.94,925.67,84.45,152.68,0.6939,-1,-1,-1
439,4,1722.70,461.41,71.14,205.39,0.5584,-1,-1,-1
439,8,275.35,631.56,85.00,262.74,0.7552,-1,-1,-1
439,17,448.32,224.39,71.71,199.76,0.6159,-1,-1,-1
439,28,365.54,656.91,75.64,236.27,0.7633,-1,-1,-1
439,32,882.34,575.73,76.68,226.52,0.6672,-1,-1,-1
439,35,942.53,0.87,54.71,165.00,0.4093,-1,-1,-1
439,41,966.66,595.33,72.51,224.90,0.5638,-1,-1,-1
439,44,1006.38,15.19,56.11,156.87,0.3242,-1,-1,-1
439,54,764.53,568.74,77.15,250.56,0.6472,-1,-1,-1
439,57,792.96,147.53,57.98,172.25,0.4343,-1,-1,-1
439,59,1572.38,637.00,72.46,216.33,0.3074,-1,-1,-1
440,3,1007.34,925.39,85.59,152.87,0.6977,-1,-1,-1
440,4,1723.51,460.94,70.64,205.51,0.6069,-1,-1,-1
440,8,271.64,634.03,89.59,261.92,0.7623,-1,-1,-1
440,17,447.21,223.11,73.13,199.31,0.6126,-1,-1,-1
440,28,367.54,657.00,72.19,242.08,0.7499,-1,-1,-1
440,32,883.05,576.29,77.24,225.57,0.6686,-1,-1,-1
440,35,941.50,0.56,55.04,161.07,0.4345,-1,-1,-1
440,41,966.57,596.81,74.60,224.22,0.5857,-1,-1,-1
440,44,1006.02,13.61,56.26,156.05,0.3649,-1,-1,-1
440,54,767.15,568.75,75.53,249.78,0.6695,-1,-1,-1
440,57,794.33,147.17,56.23,172.39,0.4462,-1,-1,-1
441,3,1009.97,924.24,84.92,154.53,0.7323,-1,-1,-1
441,4,1723.51,459.62,70.55,206.68,0.5940,-1,-1,-1
441,8,269.75,636.63,90.75,258.96,0.7676,-1,-1,-1
441,17,447.12,220.27,72.42,200.02,0.6137,-1,-1,-1
441,28,365.81,659.73,72.50,246.84,0.7757,-1,-1,-1
441,32,886.54,576.33,72.46,217.23,0.6601,-1,-1,-1
441,35,941.63,0.21,54.93,158.93,0.4090,-1,-1,-1
441,41,964.43,598.92,77.23,221.61,0.5210,-1,-1,-1
441,44,1005.20,13.38,56.41,152.88,0.3686,-1,-1,-1
441,47,1344.61,530.61,69.03,195.43,0.3900,-1,-1,-1
441,54,771.30,570.09,69.61,250.51,0.6546,-1,-1,-1
441,57,792.96,147.59,57.13,171.64,0.4629,-1,-1,-1
442,3,1011.59,924.33,85.57,154.10,0.7428,-1,-1,-1
442,4,1724.81,459.34,68.97,207.86,0.5850,-1,-1,-1
442,8,266.48,638.95,90.69,260.40,0.7721,-1,-1,-1
442,17,447.05,218.35,72.23,197.17,0.5457,-1,-1,-1
442,28,362.77,662.83,74.57,245.31,0.7716,-1,-1,-1
442,32,886.72,577.85,73.95,216.95,0.6408,-1,-1,-1
442,35,940.82,0.17,55.97,156.23,0.4217,-1,-1,-1
442,41,966.47,599.51,75.62,220.81,0.5365,-1,-1,-1
442,44,1004.77,12.34,56.30,153.20,0.3806,-1,-1,-1
442,47,1362.65,526.45,58.06,198.70,0.3803,-1,-1,-1
442,54,774.59,570.76,67.46,251.22,0.6389,-1,-1,-1
442,57,793.72,147.71,55.61,171.26,0.4312,-1,-1,-1
443,3,1012.97,924.51,86.36,154.57,0.7341,-1,-1,-1
443,4,1724.94,459.48,68.87,207.57,0.5819,-1,-1,-1
443,8,262.27,641.00,91.75,260.68,0.7558,-1,-1,-1
443,17,447.74,217.14,72.19,194.01,0.5328,-1,-1,-1
443,28,359.32,665.87,76.41,245.40,0.7664,-1,-1,-1
443,32,884.47,581.26,77.41,229.32,0.6015,-1,-1,-1
443,35,937.72,-0.16,57.20,156.45,0.4316,-1,-1,-1
443,41,967.03,601.42,74.31,220.63,0.4746,-1,-1,-1
443,44,1004.61,11.98,56.73,153.78,0.3922,-1,-1,-1
443,47,1361.99,527.23,64.67,206.22,0.4456,-1,-1,-1
443,54,776.32,570.55,68.46,249.77,0.6223,-1,-1,-1
443,57,793.93,147.65,55.35,172.06,0.4223,-1,-1,-1
444,3,1015.57,925.07,84.94,154.24,0.7497,-1,-1,-1
444,4,1725.36,458.96,68.73,208.34,0.5789,-1,-1,-1
444,8,258.89,643.58,93.67,257.79,0.7694,-1,-1,-1
444,17,445.95,215.30,73.65,191.07,0.5113,-1,-1,-1
444,28,358.67,668.57,75.82,246.90,0.7726,-1,-1,-1
444,32,885.89,583.17,75.21,230.63,0.6189,-1,-1,-1
444,35,938.30,-0.46,56.10,157.50,0.4113,-1,-1,-1
444,41,966.44,602.54,76.06,219.77,0.4646,-1,-1,-1
444,44,1004.67,12.08,56.65,152.60,0.3934,-1,-1,-1
444,54,779.04,570.87,67.48,252.51,0.6434,-1,-1,-1
444,57,792.24,147.25,56.14,171.78,0.4180,-1,-1,-1
445,3,1016.16,923.64,85.09,155.81,0.7428,-1,-1,-1
445,4,1724.36,458.05,69.30,208.27,0.5722,-1,-1,-1
445,8,256.21,643.70,93.88,256.93,0.7530,-1,-1,-1
445,17,444.77,213.94,73.75,190.96,0.5381,-1,-1,-1
445,28,358.56,672.60,74.57,242.60,0.7517,-1,-1,-1
445,32,884.92,584.55,76.05,229.34,0.6494,-1,-1,-1
445,35,940.16,-0.31,55.55,156.62,0.4239,-1,-1,-1
445,41,966.36,602.23,76.89,221.37,0.5779,-1,-1,-1
445,44,1005.87,11.00,55.70,156.87,0.3944,-1,-1,-1
445,54,779.67,571.40,70.81,251.70,0.6492,-1,-1,-1
445,57,793.41,147.98,55.00,172.50,0.4047,-1,-1,-1
446,3,1019.32,923.48,82.81,154.89,0.7476,-1,-1,-1
446,4,1724.81,457.76,68.55,209.12,0.5625,-1,-1,-1
446,8,252.85,645.31,96.01,255.70,0.7521,-1,-1,-1
446,17,444.30,212.23,73.39,192.24,0.5339,-1,-1,-1
446,28,356.72,674.90,74.28,245.10,0.7414,-1,-1,-1
446,32,884.27,586.72,77.30,236.25,0.6291,-1,-1,-1
446,35,941.95,-0.02,53.07,154.53,0.4124,-1,-1,-1
446,41,964.30,603.15,78.55,218.81,0.5981,-1,-1,-1
446,44,1004.42,11.55,56.68,155.21,0.3787,-1,-1,-1
446,54,782.28,572.03,72.21,249.56,0.6336,-1,-1,-1
446,57,793.75,147.74,54.06,172.63,0.3864,-1,-1,-1
447,3,1020.10,921.69,82.51,157.76,0.7505,-1,-1,-1
447,4,1721.58,458.34,71.72,209.55,0.5630,-1,-1,-1
447,8,251.96,647.23,97.02,254.56,0.7631,-1,-1,-1
447,17,444.31,210.95,72.83,193.98,0.5187,-1,-1,-1
447,28,355.12,676.51,74.82,244.38,0.7556,-1,-1,-1
447,32,884.24,588.96,77.04,235.91,0.6179,-1,-1,-1
447,35,942.15,-0.18,51.69,153.98,0.3907,-1,-1,-1
447,41,967.48,607.60,76.65,210.33,0.5587,-1,-1,-1
447,44,1004.78,11.50,55.82,154.61,0.3493,-1,-1,-1
447,54,784.75,572.25,72.82,248.58,0.6370,-1,-1,-1
447,57,792.75,148.84,58.75,171.94,0.3549,-1,-1,-1
448,3,1022.33,921.20,80.49,157.82,0.7503,-1,-1,-1
448,4,1719.96,458.06,73.47,209.73,0.5693,-1,-1,-1
448,8,250.92,647.53,96.30,253.48,0.7705,-1,-1,-1
448,17,442.57,210.30,73.43,193.66,0.5451,-1,-1,-1
448,28,353.84,678.35,73.95,243.17,0.7588,-1,-1,-1
448,32,882.35,591.10,80.04,242.80,0.6488,-1,-1,-1
448,35,940.64,-0.26,52.24,154.08,0.4614,-1,-1,-1
448,41,967.59,608.17,76.26,211.94,0.6534,-1,-1,-1
448,44,1004.62,11.74,55.60,154.61,0.4226,-1,-1,-1
448,54,786.09,571.93,76.42,248.48,0.6541,-1,-1,-1
448,57,794.10,148.95,56.60,171.40,0.3680,-1,-1,-1
449,3,1023.03,922.13,80.66,156.98,0.7504,-1,-1,-1
449,4,1723.19,457.14,74.38,209.68,0.5464,-1,-1,-1
449,8,251.65,647.82,95.09,252.78,0.7615,-1,-1,-1
449,17,442.85,209.97,72.47,193.40,0.5244,-1,-1,-1
449,28,350.24,678.72,76.07,242.70,0.7628,-1,-1,-1
449,32,881.82,593.68,81.77,245.95,0.6602,-1,-1,-1
449,35,938.44,-0.34,52.76,154.46,0.4383,-1,-1,-1
449,41,966.06,609.99,79.21,210.89,0.6530,-1,-1,-1
449,44,1005.00,11.92,55.14,153.84,0.3978,-1,-1,-1
449,54,786.80,572.85,77.17,247.62,0.6558,-1,-1,-1
449,57,793.30,149.04,57.86,171.42,0.3745,-1,-1,-1
450,3,1024.47,920.46,79.15,158.01,0.7475,-1,-1,-1
450,4,1723.25,457.37,73.45,209.84,0.5642,-1,-1,-1
450,8,249.30,649.94,96.36,248.90,0.7589,-1,-1,-1
450,17,442.78,209.51,71.63,194.46,0.5356,-1,-1,-1
450,28,347.79,678.50,78.22,243.05,0.7611,-1,-1,-1
450,32,881.60,594.01,82.98,245.74,0.6523,-1,-1,-1
450,35,938.70,-0.20,52.25,153.67,0.4797,-1,-1,-1
450,41,969.19,611.28,76.12,211.60,0.6559,-1,-1,-1
450,44,1004.96,11.77,55.48,153.14,0.3955,-1,-1,-1
450,54,787.49,573.67,77.83,246.52,0.6376,-1,-1,-1
450,57,794.16,148.79,56.48,171.62,0.3726,-1,-1,-1
451,3,1026.03,922.21,78.03,157.70,0.7443,-1,-1,-1
451,4,1718.79,458.18,74.76,208.76,0.5200,-1,-1,-1
451,8,250.27,651.96,92.23,246.23,0.7249,-1,-1,-1
451,17,440.51,209.30,73.54,194.02,0.5080,-1,-1,-1
451,28,346.14,680.14,77.41,243.99,0.7556,-1,-1,-1
451,32,881.45,597.16,82.35,243.29,0.6083,-1,-1,-1
451,35,938.23,-0.27,52.85,154.14,0.4593,-1,-1,-1
451,41,971.88,612.57,74.72,216.84,0.6078,-1,-1,-1
451,44,1004.93,12.12,54.97,153.28,0.3779,-1,-1,-1
451,54,789.35,575.44,75.63,243.95,0.6338,-1,-1,-1
451,57,796.13,148.95,51.04,170.56,0.3661,-1,-1,-1
452,3,1027.09,922.09,77.22,157.92,0.7641,-1,-1,-1
452,4,1718.69,458.54,75.04,208.57,0.5366,-1,-1,-1
452,8,250.01,653.65,91.33,250.59,0.7526,-1,-1,-1
452,17,440.11,208.33,74.19,195.21,0.4627,-1,-1,-1
452,28,342.93,680.09,79.95,241.64,0.7864,-1,-1,-1
452,32,885.05,597.96,79.36,244.02,0.6396,-1,-1,-1
452,35,938.13,-0.51,52.59,156.70,0.4924,-1,-1,-1
452,41,972.61,614.23,76.54,220.73,0.6032,-1,-1,-1
452,44,1004.57,12.27,55.03,152.56,0.3804,-1,-1,-1
452,47,1412.83,542.03,71.54,155.53,0.3926,-1,-1,-1
452,54,792.11,575.59,75.09,245.16,0.6454,-1,-1,-1
452,57,796.50,148.33,50.77,170.10,0.3509,-1,-1,-1
452,59,1558.63,620.97,65.52,229.90,0.4190,-1,-1,-1
453,3,1027.55,921.49,76.95,158.50,0.7541,-1,-1,-1
453,4,1718.06,458.96,75.73,208.38,0.5333,-1,-1,-1
453,8,249.50,656.45,90.35,253.26,0.7494,-1,-1,-1
453,17,440.83,208.48,71.84,195.73,0.4321,-1,-1,-1
453,28,341.48,680.34,80.59,241.29,0.7834,-1,-1,-1
453,32,889.37,599.50,75.76,241.50,0.6337,-1,-1,-1
453,35,937.68,-0.21,52.55,156.18,0.5074,-1,-1,-1
453,41,972.71,617.23,77.10,221.19,0.6081,-1,-1,-1
453,44,1004.85,11.85,54.89,152.67,0.4046,-1,-1,-1
453,47,1423.56,544.35,69.31,154.87,0.3840,-1,-1,-1
453,54,794.72,577.41,75.97,245.01,0.6391,-1,-1,-1
453,57,795.32,147.95,50.93,172.17,0.3075,-1,-1,-1
453,59,1545.65,617.13,80.83,233.50,0.4655,-1,-1,-1
454,3,1026.92,921.01,77.74,158.98,0.7551,-1,-1,-1
454,4,1715.99,457.72,77.54,208.51,0.5619,-1,-1,-1
454,8,247.95,657.33,91.88,256.20,0.7521,-1,-1,-1
454,17,444.99,208.09,66.93,196.97,0.4457,-1,-1,-1
454,28,339.90,681.38,82.86,240.62,0.7977,-1,-1,-1
454,32,883.43,600.30,82.71,240.54,0.6420,-1,-1,-1
454,35,937.03,-0.06,53.03,155.81,0.5304,-1,-1,-1
454,41,977.35,618.87,73.06,220.18,0.6460,-1,-1,-1
454,44,1005.62,11.19,53.80,153.56,0.4115,-1,-1,-1
454,47,1426.00,544.15,68.71,157.00,0.3628,-1,-1,-1
454,54,796.31,578.15,73.56,243.89,0.6215,-1,-1,-1
454,57,795.05,148.05,54.25,171.47,0.3312,-1,-1,-1
454,59,1558.54,621.92,64.82,230.12,0.4472,-1,-1,-1
454,66,1661.11,359.79,66.51,189.80,0.4121,-1,-1,-1
455,3,1028.19,922.05,77.29,157.98,0.7531,-1,-1,-1
455,4,1715.28,457.87,78.59,209.93,0.5582,-1,-1,-1
455,8,246.77,658.28,93.69,259.55,0.7570,-1,-1,-1
455,17,441.58,204.28,71.33,197.92,0.4561,-1,-1,-1
455,28,339.89,683.09,79.79,242.65,0.7864,-1,-1,-1
455,32,885.80,600.94,80.68,235.71,0.6326,-1,-1,-1
455,35,937.63,0.14,51.59,155.30,0.5342,-1,-1,-1
455,41,977.03,621.90,76.60,216.10,0.6437,-1,-1,-1
455,44,1005.85,10.89,53.72,152.90,0.4315,-1,-1,-1
455,54,796.94,579.68,75.35,242.56,0.6463,-1,-1,-1
455,57,793.49,147.99,56.08,171.23,0.3228,-1,-1,-1
455,59,1541.06,615.12,83.29,235.41,0.4996,-1,-1,-1
455,66,1661.46,359.38,65.26,190.77,0.3727,-1,-1,-1
456,3,1028.50,921.95,77.95,158.06,0.7452,-1,-1,-1
456,4,1716.21,457.98,77.36,209.76,0.5719,-1,-1,-1
456,8,245.88,660.66,93.29,262.02,0.7581,-1,-1,-1
456,17,443.69,203.76,67.33,198.25,0.5166,-1,-1,-1
456,28,337.50,684.54,80.70,247.21,0.7767,-1,-1,-1
456,32,885.02,601.61,84.20,235.91,0.6558,-1,-1,-1
456,35,937.92,0.08,51.24,154.32,0.5434,-1,-1,-1
456,41,979.10,623.95,76.24,219.98,0.6812,-1,-1,-1
456,44,1006.23,9.57,53.28,153.29,0.4679,-1,-1,-1
456,54,798.25,581.16,74.25,241.20,0.6530,-1,-1,-1
456,57,793.99,146.05,55.86,172.71,0.3080,-1,-1,-1
456,59,1550.95,614.84,73.65,236.60,0.4734,-1,-1,-1
456,66,1658.96,359.46,66.00,191.97,0.3940,-1,-1,-1
457,3,1028.31,922.15,78.31,157.86,0.7308,-1,-1,-1
457,4,1715.12,458.08,78.70,209.24,0.6011,-1,-1,-1
457,8,244.17,662.76,94.97,262.03,0.7618,-1,-1,-1
457,17,444.81,201.38,65.88,198.31,0.5368,-1,-1,-1
457,28,336.05,688.53,79.07,249.26,0.7939,-1,-1,-1
457,32,886.81,602.56,83.80,237.34,0.6547,-1,-1,-1
457,35,937.80,0.12,51.18,152.76,0.5348,-1,-1,-1
457,41,980.23,624.90,75.06,221.98,0.6708,-1,-1,-1
457,44,1006.15,9.43,53.54,150.56,0.4529,-1,-1,-1
457,54,800.19,581.44,71.78,241.53,0.6695,-1,-1,-1
457,57,791.90,145.35,58.28,174.59,0.3198,-1,-1,-1
457,59,1550.75,614.55,73.34,238.50,0.4567,-1,-1,-1
457,66,1658.85,359.45,65.16,189.38,0.4073,-1,-1,-1
458,3,1028.12,921.59,79.72,158.40,0.7405,-1,-1,-1
458,4,1715.00,458.23,79.12,210.13,0.5699,-1,-1,-1
458,8,242.95,665.74,96.60,262.13,0.7638,-1,-1,-1
458,17,446.10,199.54,64.28,195.30,0.5320,-1,-1,-1
458,28,335.22,691.86,78.90,247.62,0.7933,-1,-1,-1
458,32,894.50,603.91,77.67,239.02,0.6846,-1,-1,-1
458,35,935.82,0.09,52.93,151.70,0.4902,-1,-1,-1
458,41,980.21,625.26,77.99,222.40,0.6747,-1,-1,-1
458,44,1005.89,8.65,54.25,148.40,0.4160,-1,-1,-1
458,54,801.92,583.65,74.49,240.74,0.6582,-1,-1,-1
458,57,796.55,145.54,53.53,174.06,0.3027,-1,-1,-1
458,59,1551.06,613.83,72.69,238.46,0.4585,-1,-1,-1
458,66,1657.41,358.62,63.65,189.79,0.4438,-1,-1,-1
459,3,1027.55,921.21,80.66,158.64,0.7315,-1,-1,-1
459,4,1717.63,458.36,76.26,209.45,0.5412,-1,-1,-1
459,8,242.53,668.10,96.13,265.47,0.7720,-1,-1,-1
459,17,445.74,196.77,64.76,193.43,0.4996,-1,-1,-1
459,28,334.53,695.66,76.95,245.86,0.8080,-1,-1,-1
459,32,896.29,605.58,77.09,238.24,0.6817,-1,-1,-1
459,35,935.75,0.40,52.85,148.30,0.4681,-1,-1,-1
459,41,980.85,627.61,79.66,221.50,0.6880,-1,-1,-1
459,44,1007.81,7.73,52.07,146.00,0.3968,-1,-1,-1
459,54,803.90,583.98,76.26,240.67,0.6425,-1,-1,-1
459,59,1551.46,614.26,70.86,238.37,0.4912,-1,-1,-1
459,66,1655.31,357.08,63.93,189.56,0.3804,-1,-1,-1
459,67,1836.39,382.55,74.61,200.80,0.3717,-1,-1,-1
460,3,1027.74,921.43,80.89,158.56,0.7355,-1,-1,-1
460,4,1717.92,456.97,75.82,211.37,0.5458,-1,-1,-1
460,8,242.32,668.19,96.36,267.57,0.7749,-1,-1,-1
460,17,444.83,195.20,66.44,190.38,0.5142,-1,-1,-1
460,28,334.53,698.92,77.34,242.16,0.8115,-1,-1,-1
460,32,897.95,607.14,78.16,240.42,0.7079,-1,-1,-1
460,35,933.91,0.25,55.39,147.22,0.5076,-1,-1,-1
460,41,982.37,628.14,78.44,220.72,0.6729,-1,-1,-1
460,44,1008.37,5.92,50.95,146.60,0.4399,-1,-1,-1
460,54,805.79,583.86,78.49,240.90,0.6629,-1,-1,-1
460,57,795.84,145.97,54.20,173.61,0.3153,-1,-1,-1
460,59,1552.36,615.97,68.17,237.30,0.4469,-1,-1,-1
460,67,1831.23,379.57,78.56,208.36,0.3338,-1,-1,-1
461,3,1027.61,921.83,81.48,158.18,0.7366,-1,-1,-1
461,4,1719.83,457.58,74.23,210.17,0.5478,-1,-1,-1
461,8,241.76,669.94,98.30,266.15,0.7847,-1,-1,-1
461,17,444.79,193.36,65.91,190.02,0.5136,-1,-1,-1
461,28,334.70,702.39,77.09,244.90,0.8072,-1,-1,-1
461,32,898.64,609.96,79.00,240.20,0.7095,-1,-1,-1
461,35,933.92,0.95,55.48,145.27,0.4427,-1,-1,-1
461,41,983.03,629.28,78.75,220.89,0.6591,-1,-1,-1
461,44,1007.71,5.13,52.07,148.13,0.4043,-1,-1,-1
461,54,807.82,582.89,79.43,240.53,0.6709,-1,-1,-1
461,57,796.81,145.38,53.67,173.74,0.3449,-1,-1,-1
461,59,1551.35,613.03,68.40,238.87,0.4319,-1,-1,-1
461,67,1826.42,378.46,77.14,202.84,0.3262,-1,-1,-1
462,3,1027.49,921.62,80.95,158.28,0.7499,-1,-1,-1
462,4,1720.61,455.30,73.92,213.50,0.5329,-1,-1,-1
462,8,242.56,671.58,93.62,264.21,0.7664,-1,-1,-1
462,17,443.73,192.83,66.88,189.41,0.5091,-1,-1,-1
462,28,332.58,703.73,79.28,248.34,0.8081,-1,-1,-1
462,32,899.28,611.51,79.30,239.42,0.7144,-1,-1,-1
462,35,933.06,2.79,56.94,142.63,0.3588,-1,-1,-1
462,41,983.96,630.63,79.67,219.05,0.6689,-1,-1,-1
462,44,1007.72,4.52,52.39,149.21,0.4002,-1,-1,-1
462,54,809.48,583.37,81.81,242.42,0.6683,-1,-1,-1
462,57,798.27,145.46,51.88,173.91,0.3497,-1,-1,-1
462,59,1554.33,619.32,64.83,233.83,0.3267,-1,-1,-1
462,67,1825.53,377.83,87.25,207.99,0.3079,-1,-1,-1
463,3,1027.28,921.32,81.12,158.68,0.7404,-1,-1,-1
463,4,1719.81,456.69,74.50,211.41,0.5611,-1,-1,-1
463,8,242.45,673.59,92.66,264.52,0.7680,-1,-1,-1
463,17,443.94,194.14,67.81,188.26,0.4820,-1,-1,-1
463,28,332.14,703.98,79.31,249.71,0.8071,-1,-1,-1
463,32,901.03,613.67,78.75,235.59,0.7069,-1,-1,-1
463,35,934.33,3.33,55.23,141.62,0.4157,-1,-1,-1
463,41,986.70,630.90,77.99,215.23,0.6908,-1,-1,-1
463,44,1006.62,4.02,54.17,150.26,0.4363,-1,-1,-1
463,54,810.76,583.39,84.98,243.16,0.6875,-1,-1,-1
463,57,796.81,144.56,53.70,174.40,0.3640,-1,-1,-1
463,59,1553.43,614.46,65.29,237.10,0.3092,-1,-1,-1
463,67,1820.32,375.61,76.03,203.08,0.3667,-1,-1,-1
464,3,1026.79,920.98,81.47,159.01,0.7490,-1,-1,-1
464,4,1719.13,455.71,75.05,212.23,0.5241,-1,-1,-1
464,8,240.98,675.40,96.31,264.16,0.7499,-1,-1,-1
464,17,444.06,191.79,70.69,190.51,0.4861,-1,-1,-1
464,28,334.64,705.48,75.76,250.75,0.8035,-1,-1,-1
464,32,902.72,616.17,77.62,233.77,0.6808,-1,-1,-1
464,35,934.56,2.41,54.96,142.91,0.3834,-1,-1,-1
464,41,985.95,632.15,77.90,217.10,0.6621,-1,-1,-1
464,44,1006.60,3.04,54.51,151.82,0.4629,-1,-1,-1
464,54,811.73,584.66,88.94,244.72,0.6957,-1,-1,-1
464,57,796.39,144.78,54.52,173.68,0.3764,-1,-1,-1
464,67,1819.73,374.74,73.57,203.65,0.3436,-1,-1,-1
465,3,1026.22,922.08,81.31,157.95,0.7433,-1,-1,-1
465,4,1720.47,456.19,73.78,212.27,0.5304,-1,-1,-1
465,8,240.13,677.51,95.89,260.33,0.7565,-1,-1,-1
465,17,442.89,191.49,72.66,191.51,0.5135,-1,-1,-1
465,28,335.47,706.48,72.34,250.54,0.7918,-1,-1,-1
465,32,903.44,618.25,78.79,230.97,0.6828,-1,-1,-1
465,35,934.35,2.37,55.55,142.69,0.4027,-1,-1,-1
465,41,988.31,635.07,76.72,215.45,0.6512,-1,-1,-1
465,44,1006.50,3.72,54.91,150.56,0.4292,-1,-1,-1
465,54,812.16,585.33,91.14,243.45,0.6833,-1,-1,-1
465,57,798.53,144.93,52.41,174.33,0.3963,-1,-1,-1
465,67,1815.29,372.54,76.48,202.63,0.3462,-1,-1,-1
466,3,1026.24,922.41,81.50,157.60,0.7229,-1,-1,-1
466,4,1721.64,455.94,71.90,211.37,0.5424,-1,-1,-1
466,8,240.13,679.46,87.85,256.02,0.7712,-1,-1,-1
466,17,443.46,191.12,72.22,190.65,0.5274,-1,-1,-1
466,28,334.45,706.45,72.85,249.34,0.7797,-1,-1,-1
466,32,904.04,620.83,79.29,232.19,0.6909,-1,-1,-1
466,35,936.83,2.01,53.01,142.55,0.4289,-1,-1,-1
466,41,990.00,637.60,75.63,218.48,0.6284,-1,-1,-1
466,44,1006.20,2.99,55.41,150.72,0.4539,-1,-1,-1
466,54,811.46,584.42,93.70,243.24,0.7231,-1,-1,-1
466,57,799.91,144.67,51.06,175.24,0.3828,-1,-1,-1
466,67,1813.21,372.02,78.98,205.25,0.4129,-1,-1,-1
467,3,1025.93,922.25,82.13,155.93,0.7231,-1,-1,-1
467,4,1721.19,454.40,72.77,214.07,0.5506,-1,-1,-1
467,8,238.51,680.56,89.04,250.66,0.7724,-1,-1,-1
467,17,444.76,191.29,72.64,189.85,0.5821,-1,-1,-1
467,28,334.81,706.66,71.57,249.57,0.7881,-1,-1,-1
467,32,904.63,621.50,79.15,237.10,0.7206,-1,-1,-1
467,35,937.70,2.64,52.02,142.56,0.4138,-1,-1,-1
467,41,990.94,637.75,75.80,220.09,0.5965,-1,-1,-1
467,44,1006.40,3.50,56.00,150.03,0.4457,-1,-1,-1
467,54,810.09,584.50,95.41,245.18,0.7365,-1,-1,-1
467,57,800.47,144.15,50.20,175.05,0.3323,-1,-1,-1
467,67,1812.28,369.81,77.32,208.53,0.3929,-1,-1,-1
468,3,1026.70,922.60,81.17,155.51,0.7190,-1,-1,-1
468,4,1720.74,455.88,72.88,211.91,0.5401,-1,-1,-1
468,8,236.70,681.20,89.57,251.88,0.7833,-1,-1,-1
468,17,447.79,190.97,69.89,189.14,0.5442,-1,-1,-1
468,28,334.06,708.34,71.77,245.94,0.7652,-1,-1,-1
468,32,906.30,622.16,78.89,233.06,0.6935,-1,-1,-1
468,35,937.68,3.72,52.67,141.29,0.4510,-1,-1,-1
468,41,990.70,640.71,76.51,218.94,0.5696,-1,-1,-1
468,44,1005.72,3.73,56.41,149.48,0.4186,-1,-1,-1
468,54,809.76,584.70,98.05,247.23,0.7380,-1,-1,-1
468,57,798.40,143.38,53.34,176.55,0.3718,-1,-1,-1
468,67,1807.99,368.34,79.36,210.59,0.4678,-1,-1,-1
469,3,1027.66,922.86,79.06,155.52,0.7274,-1,-1,-1
469,4,1721.27,454.12,72.38,212.58,0.5334,-1,-1,-1
469,8,233.98,683.64,92.32,252.68,0.7810,-1,-1,-1
469,17,449.24,189.38,68.88,188.78,0.5632,-1,-1,-1
469,28,332.91,710.74,73.22,246.86,0.7773,-1,-1,-1
469,32,907.96,623.18,78.38,230.39,0.6873,-1,-1,-1
469,35,936.71,3.64,54.55,140.87,0.4312,-1,-1,-1
469,41,988.44,642.37,79.65,210.92,0.5483,-1,-1,-1
469,44,1005.14,3.01,57.54,150.37,0.3834,-1,-1,-1
469,54,809.38,584.86,100.05,249.61,0.7291,-1,-1,-1
469,57,800.49,142.59,51.17,177.46,0.3490,-1,-1,-1
469,67,1805.26,366.46,79.87,211.70,0.4945,-1,-1,-1
470,3,1026.00,922.29,80.39,156.35,0.7227,-1,-1,-1
470,4,1721.55,455.50,72.37,211.47,0.5313,-1,-1,-1
470,8,233.28,686.21,91.99,255.61,0.7880,-1,-1,-1
470,17,447.89,188.32,70.94,189.84,0.5753,-1,-1,-1
470,28,331.21,712.22,73.59,245.33,0.7980,-1,-1,-1
470,32,910.41,624.38,77.03,227.60,0.6455,-1,-1,-1
470,35,936.43,2.86,54.41,141.70,0.3941,-1,-1,-1
470,41,990.16,644.98,76.72,216.17,0.4780,-1,-1,-1
470,44,1004.94,1.74,57.23,151.33,0.3837,-1,-1,-1
470,54,808.52,585.01,101.28,253.02,0.7264,-1,-1,-1
470,57,799.17,142.48,52.31,177.56,0.3897,-1,-1,-1
470,67,1804.67,364.68,79.30,209.70,0.4626,-1,-1,-1
471,3,1025.44,923.88,79.86,156.12,0.7270,-1,-1,-1
471,4,1720.94,455.39,72.99,213.09,0.5358,-1,-1,-1
471,8,231.18,688.07,94.57,260.64,0.7880,-1,-1,-1
471,17,450.43,185.29,68.39,193.56,0.5806,-1,-1,-1
471,28,328.09,714.48,75.91,244.62,0.8039,-1,-1,-1
471,32,911.62,624.57,78.17,221.62,0.5925,-1,-1,-1
471,35,937.52,3.13,53.25,140.66,0.4083,-1,-1,-1
471,41,988.65,647.03,79.40,221.67,0.4893,-1,-1,-1
471,44,1004.56,1.70,55.75,150.71,0.4057,-1,-1,-1
471,54,808.49,585.69,103.33,255.87,0.7080,-1,-1,-1
471,57,799.65,142.72,52.09,177.89,0.3671,-1,-1,-1
471,67,1801.99,365.22,81.05,208.39,0.5083,-1,-1,-1
472,3,1025.63,924.36,78.85,155.65,0.7048,-1,-1,-1
472,4,1719.93,455.45,74.24,213.51,0.5552,-1,-1,-1
472,8,229.89,690.35,94.38,264.95,0.7862,-1,-1,-1
472,17,451.73,183.98,66.99,195.04,0.5972,-1,-1,-1
472,28,327.31,716.64,76.68,246.09,0.8161,-1,-1,-1
472,32,913.47,625.89,76.52,221.46,0.6331,-1,-1,-1
472,35,936.16,3.07,54.55,140.34,0.3713,-1,-1,-1
472,41,989.15,647.61,79.24,224.26,0.5038,-1,-1,-1
472,44,1003.97,0.36,55.28,151.84,0.4108,-1,-1,-1
472,54,808.80,586.68,101.43,257.50,0.7265,-1,-1,-1
472,57,799.72,141.95,53.36,178.32,0.3950,-1,-1,-1
472,67,1801.89,364.92,79.53,206.48,0.4961,-1,-1,-1
473,3,1023.90,925.56,80.55,154.47,0.7218,-1,-1,-1
473,4,1718.97,454.54,75.61,215.98,0.5504,-1,-1,-1
473,8,227.97,693.62,95.31,265.10,0.7658,-1,-1,-1
473,17,451.33,181.15,68.55,191.44,0.5699,-1,-1,-1
473,28,324.92,721.03,78.09,247.97,0.8011,-1,-1,-1
473,32,913.96,627.41,77.75,227.53,0.6853,-1,-1,-1
473,35,936.63,3.36,53.97,139.76,0.3645,-1,-1,-1
473,41,990.00,648.60,78.19,224.02,0.5341,-1,-1,-1
473,44,1003.56,-0.13,56.83,152.56,0.3401,-1,-1,-1
473,54,808.36,587.10,99.52,257.68,0.7554,-1,-1,-1
473,57,801.62,144.71,50.42,175.62,0.3745,-1,-1,-1
473,67,1798.43,363.86,82.72,207.41,0.4847,-1,-1,-1
474,3,1024.87,924.87,79.06,154.63,0.7101,-1,-1,-1
474,4,1716.95,455.06,77.31,215.22,0.5394,-1,-1,-1
474,8,226.29,694.66,96.05,268.66,0.7614,-1,-1,-1
474,17,453.46,178.82,66.85,190.05,0.5178,-1,-1,-1
474,28,323.51,723.73,78.64,251.09,0.7888,-1,-1,-1
474,32,913.66,627.73,80.00,227.05,0.6435,-1,-1,-1
474,35,936.89,3.10,53.95,140.09,0.3690,-1,-1,-1
474,41,990.99,650.05,77.22,226.36,0.5522,-1,-1,-1
474,44,1002.64,-0.24,57.23,152.47,0.3790,-1,-1,-1
474,54,808.15,587.77,98.44,257.08,0.7583,-1,-1,-1
474,57,800.60,143.41,51.14,177.09,0.3933,-1,-1,-1
474,67,1793.84,363.24,85.86,206.68,0.4758,-1,-1,-1
475,3,1025.12,925.36,77.54,154.34,0.7102,-1,-1,-1
475,4,1715.14,455.58,81.61,214.60,0.5224,-1,-1,-1
475,8,224.80,697.23,95.47,270.47,0.7572,-1,-1,-1
475,17,453.97,180.42,64.69,185.63,0.5143,-1,-1,-1
475,28,322.14,726.63,78.93,251.65,0.7798,-1,-1,-1
475,32,916.16,630.01,77.23,233.46,0.6728,-1,-1,-1
475,35,936.68,2.89,53.51,141.25,0.3577,-1,-1,-1
475,41,992.20,652.44,77.29,224.78,0.5989,-1,-1,-1
475,44,1002.32,-0.09,55.58,150.80,0.3842,-1,-1,-1
475,54,808.24,588.65,96.18,255.90,0.7552,-1,-1,-1
475,57,802.06,143.63,49.98,177.00,0.3920,-1,-1,-1
475,67,1792.26,363.60,85.83,206.79,0.4794,-1,-1,-1
476,3,1024.11,926.48,78.61,153.28,0.7220,-1,-1,-1
476,4,1712.46,456.17,84.08,213.83,0.5002,-1,-1,-1
476,8,223.95,700.33,95.40,268.83,0.7452,-1,-1,-1
476,17,453.52,179.87,65.38,184.57,0.5310,-1,-1,-1
476,28,321.52,728.19,78.23,249.96,0.7717,-1,-1,-1
476,32,915.77,631.20,78.75,231.35,0.6063,-1,-1,-1
476,35,936.89,3.05,53.34,141.52,0.3196,-1,-1,-1
476,41,996.06,654.38,73.14,222.59,0.5625,-1,-1,-1
476,44,1001.60,0.17,55.63,147.89,0.3124,-1,-1,-1
476,54,807.96,589.07,93.17,255.91,0.7433,-1,-1,-1
476,57,802.52,142.72,49.56,177.07,0.4353,-1,-1,-1
476,67,1786.76,362.79,88.09,208.09,0.4436,-1,-1,-1
477,3,1023.72,926.91,78.62,153.08,0.7134,-1,-1,-1
477,4,1712.92,457.14,83.95,212.19,0.5117,-1,-1,-1
477,8,222.73,701.85,94.78,266.43,0.7464,-1,-1,-1
477,17,450.62,175.35,69.08,188.93,0.5390,-1,-1,-1
477,28,320.15,730.50,77.73,251.99,0.7649,-1,-1,-1
477,32,915.66,633.72,80.74,230.32,0.6560,-1,-1,-1
477,41,997.40,656.04,71.29,221.66,0.5799,-1,-1,-1
477,54,808.29,589.93,90.67,254.69,0.7754,-1,-1,-1
477,57,801.70,145.25,50.69,175.05,0.4654,-1,-1,-1
477,67,1788.01,361.84,85.67,207.33,0.5028,-1,-1,-1
478,3,1023.12,928.54,78.29,151.50,0.7250,-1,-1,-1
478,4,1709.47,456.96,87.45,211.79,0.4691,-1,-1,-1
478,8,220.24,703.27,95.98,265.61,0.7399,-1,-1,-1
478,17,453.51,177.76,66.36,185.03,0.5337,-1,-1,-1
478,28,320.36,733.00,77.49,252.92,0.7588,-1,-1,-1
478,32,913.06,635.43,83.02,229.19,0.6716,-1,-1,-1
478,35,937.76,4.44,51.71,139.47,0.3251,-1,-1,-1
478,41,998.60,656.24,71.17,220.32,0.5608,-1,-1,-1
478,44,1001.72,0.82,53.49,146.38,0.3086,-1,-1,-1
478,54,807.53,590.39,88.05,254.74,0.7850,-1,-1,-1
478,57,802.10,145.77,50.56,174.61,0.4706,-1,-1,-1
478,67,1791.45,359.96,80.17,206.32,0.4616,-1,-1,-1
479,3,1021.93,929.66,77.86,150.36,0.7201,-1,-1,-1
479,4,1711.20,457.46,86.28,210.77,0.4751,-1,-1,-1
479,8,220.31,703.88,97.04,264.46,0.7297,-1,-1,-1
479,17,451.85,177.08,68.17,186.07,0.5664,-1,-1,-1
479,28,317.43,734.72,80.29,254.88,0.7567,-1,-1,-1
479,32,914.63,639.39,80.49,232.27,0.7045,-1,-1,-1
479,35,937.31,4.50,50.59,138.97,0.3321,-1,-1,-1
479,41,996.91,656.70,73.08,222.49,0.6310,-1,-1,-1
479,54,806.70,591.18,85.37,253.88,0.7853,-1,-1,-1
479,57,804.06,146.00,48.70,175.22,0.4559,-1,-1,-1
479,67,1787.00,360.39,82.92,206.22,0.5372,-1,-1,-1
480,3,1020.17,932.25,78.62,147.80,0.7373,-1,-1,-1
480,4,1694.83,456.65,103.89,210.29,0.3894,-1,-1,-1
480,8,219.73,704.05,93.72,263.01,0.7457,-1,-1,-1
480,17,445.52,172.89,75.69,191.98,0.5282,-1,-1,-1
480,28,312.34,736.45,83.21,253.14,0.7507,-1,-1,-1
480,32,912.13,641.54,83.92,239.37,0.6705,-1,-1,-1
480,35,935.78,2.87,51.46,139.13,0.3022,-1,-1,-1
480,41,998.96,657.86,70.34,220.25,0.6107,-1,-1,-1
480,54,805.48,592.12,85.29,253.69,0.7778,-1,-1,-1
480,57,805.51,146.33,46.79,175.24,0.4216,-1,-1,-1
480,67,1787.95,359.56,76.47,206.76,0.5205,-1,-1,-1
481,3,1019.50,930.92,78.80,149.02,0.7378,-1,-1,-1
481,4,1705.57,458.03,93.95,210.20,0.3968,-1,-1,-1
481,8,219.50,704.36,92.08,262.90,0.7620,-1,-1,-1
481,17,445.72,171.31,75.63,193.32,0.5355,-1,-1,-1
481,28,304.98,737.25,88.48,254.99,0.7766,-1,-1,-1
481,32,909.22,644.21,86.08,236.48,0.6783,-1,-1,-1
481,35,933.60,1.68,52.94,138.39,0.3846,-1,-1,-1
481,41,992.82,660.29,75.99,220.82,0.5940,-1,-1,-1
481,44,1000.45,0.31,53.39,143.67,0.3819,-1,-1,-1
481,54,805.18,593.48,83.52,253.18,0.7921,-1,-1,-1
481,57,804.23,144.04,48.15,176.46,0.4375,-1,-1,-1
481,67,1788.77,358.01,73.04,204.73,0.5712,-1,-1,-1
481,69,1729.81,169.73,62.41,170.46,0.4177,-1,-1,-1
482,3,1019.46,932.79,78.76,147.25,0.7317,-1,-1,-1
482,4,1707.71,458.83,90.11,210.01,0.4349,-1,-1,-1
482,8,219.72,706.26,90.72,261.00,0.7569,-1,-1,-1
482,17,450.41,175.63,71.11,186.92,0.5108,-1,-1,-1
482,28,306.17,738.21,86.06,255.95,0.7730,-1,-1,-1
482,32,907.22,646.36,88.70,247.32,0.6961,-1,-1,-1
482,35,933.27,1.70,52.70,135.55,0.3256,-1,-1,-1
482,41,995.76,662.83,73.59,221.90,0.6293,-1,-1,-1
482,44,999.51,0.49,52.56,142.92,0.3562,-1,-1,-1
482,54,804.07,594.27,83.40,253.18,0.7817,-1,-1,-1
482,57,805.39,144.13,47.39,177.26,0.4879,-1,-1,-1
482,67,1786.82,356.46,72.13,206.06,0.5454,-1,-1,-1
482,69,1729.10,171.82,63.86,170.06,0.4144,-1,-1,-1
483,3,1019.03,932.98,79.11,147.01,0.7343,-1,-1,-1
483,4,1695.55,458.01,103.59,209.88,0.3727,-1,-1,-1
483,8,218.94,707.27,91.53,259.06,0.7561,-1,-1,-1
483,17,453.89,173.52,67.55,188.42,0.5147,-1,-1,-1
483,28,302.95,739.25,86.38,255.64,0.7748,-1,-1,-1
483,32,908.88,648.70,86.51,246.57,0.7112,-1,-1,-1
483,35,933.43,1.63,52.00,134.37,0.3299,-1,-1,-1
483,41,998.73,664.53,71.70,221.96,0.6222,-1,-1,-1
483,44,999.22,-0.14,53.15,144.66,0.3861,-1,-1,-1
483,54,801.76,595.34,84.32,252.06,0.7749,-1,-1,-1
483,57,805.57,143.34,47.31,176.74,0.4696,-1,-1,-1
483,67,1784.73,355.56,73.18,206.71,0.5068,-1,-1,-1
483,69,1729.20,170.11,62.01,171.79,0.4130,-1,-1,-1
484,3,1018.21,933.42,80.42,146.57,0.7213,-1,-1,-1
484,4,1693.88,458.45,105.05,210.51,0.3805,-1,-1,-1
484,8,218.72,709.06,90.50,256.83,0.7552,-1,-1,-1
484,17,456.89,173.05,62.94,188.92,0.5111,-1,-1,-1
484,28,302.68,740.61,85.13,254.13,0.7662,-1,-1,-1
484,32,909.86,649.11,85.68,250.18,0.7010,-1,-1,-1
484,35,932.90,2.61,52.28,130.93,0.3271,-1,-1,-1
484,41,998.94,667.82,72.20,223.80,0.6054,-1,-1,-1
484,44,999.93,-0.22,52.43,145.00,0.4208,-1,-1,-1
484,54,800.52,596.46,86.49,250.87,0.7707,-1,-1,-1
484,57,807.67,144.93,45.34,175.13,0.4644,-1,-1,-1
484,67,1786.86,353.68,66.54,205.25,0.5096,-1,-1,-1
484,69,1729.65,169.43,64.28,173.16,0.4068,-1,-1,-1
485,3,1018.09,933.83,81.06,146.17,0.7111,-1,-1,-1
485,4,1677.28,457.50,121.82,209.25,0.3768,-1,-1,-1
485,8,218.22,711.01,90.74,256.49,0.7633,-1,-1,-1
485,17,456.58,170.78,63.38,190.70,0.5327,-1,-1,-1
485,28,300.72,741.98,85.58,252.21,0.7638,-1,-1,-1
485,32,911.65,649.84,82.73,247.04,0.7242,-1,-1,-1
485,35,931.31,2.65,52.95,128.54,0.3158,-1,-1,-1
485,41,999.08,668.91,73.17,226.50,0.6336,-1,-1,-1
485,44,999.74,-0.04,51.91,143.76,0.4207,-1,-1,-1
485,54,799.33,597.11,87.82,250.48,0.7827,-1,-1,-1
485,57,808.32,145.07,44.73,175.71,0.4739,-1,-1,-1
485,67,1783.81,352.75,68.50,199.40,0.4367,-1,-1,-1
485,69,1729.12,169.93,65.96,175.19,0.3890,-1,-1,-1
486,3,1016.93,934.23,82.12,145.76,0.7146,-1,-1,-1
486,8,216.88,712.87,90.93,259.60,0.7754,-1,-1,-1
486,17,459.30,163.13,60.77,198.05,0.5539,-1,-1,-1
486,28,300.24,742.30,84.87,251.41,0.7720,-1,-1,-1
486,32,910.67,650.85,83.61,244.74,0.7326,-1,-1,-1
486,35,932.29,2.50,51.42,128.30,0.3429,-1,-1,-1
486,41,1001.25,671.07,70.92,222.01,0.6575,-1,-1,-1
486,44,999.57,-0.08,51.07,143.61,0.4079,-1,-1,-1
486,54,798.96,597.44,89.21,251.40,0.7896,-1,-1,-1
486,57,808.38,145.60,45.67,174.98,0.4851,-1,-1,-1
486,67,1782.29,351.27,67.54,200.46,0.4608,-1,-1,-1
486,69,1728.86,176.86,66.59,171.01,0.3640,-1,-1,-1
487,3,1017.83,935.03,81.89,144.98,0.7065,-1,-1,-1
487,4,1685.65,456.59,108.35,210.25,0.3799,-1,-1,-1
487,8,217.32,713.66,91.32,264.17,0.7687,-1,-1,-1
487,17,459.57,163.10,59.25,196.19,0.5255,-1,-1,-1
487,28,302.29,744.30,81.65,250.04,0.7635,-1,-1,-1
487,32,911.04,651.62,84.18,240.88,0.7373,-1,-1,-1
487,41,1005.11,673.39,68.01,223.61,0.6629,-1,-1,-1
487,44,999.83,-0.04,50.62,142.59,0.3561,-1,-1,-1
487,54,798.06,598.24,92.92,251.14,0.7922,-1,-1,-1
487,57,807.80,145.86,47.30,175.71,0.4553,-1,-1,-1
487,66,1633.00,326.15,56.83,188.58,0.4477,-1,-1,-1
487,67,1780.56,351.55,67.71,199.44,0.3965,-1,-1,-1
487,69,1730.56,176.08,64.13,175.35,0.3087,-1,-1,-1
488,3,1017.98,936.23,81.99,143.79,0.7177,-1,-1,-1
488,4,1680.23,456.53,112.80,210.63,0.3566,-1,-1,-1
488,8,216.89,716.17,91.74,271.38,0.7677,-1,-1,-1
488,17,462.63,160.23,55.15,195.37,0.4916,-1,-1,-1
488,28,299.96,748.50,82.20,246.46,0.7647,-1,-1,-1
488,32,911.60,652.92,85.66,240.29,0.7080,-1,-1,-1
488,35,931.84,2.30,51.97,128.63,0.3150,-1,-1,-1
488,41,1006.75,675.65,68.36,224.13,0.6984,-1,-1,-1
488,44,1000.36,-0.00,50.29,141.89,0.3833,-1,-1,-1
488,54,797.15,600.02,93.94,249.45,0.7808,-1,-1,-1
488,57,808.00,146.39,47.93,175.47,0.4592,-1,-1,-1
488,66,1631.81,329.18,56.89,186.09,0.3779,-1,-1,-1
488,69,1730.40,176.14,65.02,176.32,0.3469,-1,-1,-1
489,3,1017.33,936.46,83.13,143.53,0.7168,-1,-1,-1
489,4,1691.11,455.27,101.58,212.31,0.3647,-1,-1,-1
489,8,216.45,718.27,91.13,272.62,0.7680,-1,-1,-1
489,17,463.15,159.88,53.65,191.33,0.4765,-1,-1,-1
489,28,299.95,750.30,81.82,250.80,0.7602,-1,-1,-1
489,32,911.97,653.96,87.05,238.18,0.6962,-1,-1,-1
489,35,931.30,2.40,51.89,127.92,0.3419,-1,-1,-1
489,41,1008.32,677.04,68.89,225.59,0.6842,-1,-1,-1
489,44,1001.43,2.00,48.78,139.51,0.3569,-1,-1,-1
489,54,797.52,600.75,93.08,252.25,0.7882,-1,-1,-1
489,57,809.30,144.82,47.03,175.07,0.4408,-1,-1,-1
489,59,1541.60,608.33,84.04,223.73,0.3156,-1,-1,-1
489,66,1633.99,334.18,53.26,181.19,0.3791,-1,-1,-1
489,69,1731.68,177.91,64.57,174.64,0.3647,-1,-1,-1
490,3,1015.01,936.96,85.77,143.03,0.7001,-1,-1,-1
490,4,1698.78,454.93,93.06,213.14,0.3655,-1,-1,-1
490,8,214.81,721.01,93.65,275.93,0.7644,-1,-1,-1
490,17,464.55,160.22,52.92,185.44,0.4473,-1,-1,-1
490,28,300.12,751.87,79.83,252.53,0.7510,-1,-1,-1
490,32,914.98,655.36,84.82,232.49,0.6985,-1,-1,-1
490,35,930.82,2.48,52.05,127.20,0.3172,-1,-1,-1
490,41,1010.03,677.89,69.25,227.01,0.7211,-1,-1,-1
490,54,797.21,601.11,94.34,256.15,0.7889,-1,-1,-1
490,57,810.99,144.54,45.96,175.77,0.3721,-1,-1,-1
490,66,1632.30,328.37,54.21,187.67,0.4464,-1,-1,-1
490,69,1732.04,180.10,63.21,170.73,0.4097,-1,-1,-1
491,3,1017.08,937.74,83.94,142.27,0.6963,-1,-1,-1
491,4,1707.48,456.30,85.06,214.83,0.4166,-1,-1,-1
491,8,214.07,723.25,93.51,278.03,0.7584,-1,-1,-1
491,17,461.23,157.96,58.12,185.99,0.4015,-1,-1,-1
491,28,297.66,754.37,82.38,260.08,0.7473,-1,-1,-1
491,32,920.70,661.04,79.80,239.85,0.7051,-1,-1,-1
491,41,1011.13,679.45,70.29,225.97,0.6903,-1,-1,-1
491,44,1001.97,5.95,48.12,132.70,0.3247,-1,-1,-1
491,54,797.76,602.18,94.86,259.15,0.7817,-1,-1,-1
491,57,808.61,146.05,50.96,173.87,0.3816,-1,-1,-1
491,66,1630.50,333.15,55.66,183.83,0.3466,-1,-1,-1
491,69,1733.11,181.48,62.09,169.76,0.3437,-1,-1,-1
492,3,1017.21,937.98,83.82,142.01,0.7054,-1,-1,-1
492,4,1703.27,457.47,89.93,210.40,0.4302,-1,-1,-1
492,8,212.75,724.99,96.47,279.81,0.7728,-1,-1,-1
492,17,465.30,158.20,54.12,185.95,0.3156,-1,-1,-1
492,28,298.06,756.68,80.37,257.94,0.7413,-1,-1,-1
492,32,920.63,661.58,80.12,240.32,0.7232,-1,-1,-1
492,41,1012.07,682.19,72.49,223.93,0.6823,-1,-1,-1
492,54,798.79,603.59,94.82,258.23,0.7873,-1,-1,-1
492,57,808.68,146.14,51.73,172.40,0.3530,-1,-1,-1
492,59,1541.04,604.23,85.74,224.23,0.3270,-1,-1,-1
492,66,1629.23,327.71,55.89,187.65,0.4028,-1,-1,-1
492,69,1733.79,181.96,61.38,167.81,0.4380,-1,-1,-1
493,3,1017.00,938.08,84.44,141.90,0.6854,-1,-1,-1
493,4,1710.97,457.76,84.24,211.85,0.4885,-1,-1,-1
493,8,212.30,728.35,95.24,277.21,0.7796,-1,-1,-1
493,28,299.27,759.74,80.95,254.90,0.7378,-1,-1,-1
493,32,920.34,663.59,81.38,242.57,0.7048,-1,-1,-1
493,41,1014.51,681.95,73.10,226.63,0.6377,-1,-1,-1
493,54,800.50,604.69,94.08,257.79,0.7695,-1,-1,-1
493,57,807.06,145.61,54.39,172.86,0.3331,-1,-1,-1
493,66,1627.63,323.92,58.02,190.16,0.3514,-1,-1,-1
493,69,1734.22,184.55,61.29,166.88,0.4836,-1,-1,-1
493,73,412.05,162.35,58.57,183.50,0.3411,-1,-1,-1
493,74,1813.13,169.03,72.61,183.91,0.3696,-1,-1,-1
494,3,1017.18,938.54,84.35,141.46,0.6786,-1,-1,-1
494,4,1717.80,453.41,77.04,217.09,0.5248,-1,-1,-1
494,8,212.94,730.23,94.81,277.82,0.7789,-1,-1,-1
494,28,299.40,763.43,78.97,254.88,0.7431,-1,-1,-1
494,32,921.61,666.10,81.42,239.84,0.6702,-1,-1,-1
494,41,1015.33,684.21,75.78,220.72,0.6315,-1,-1,-1
494,54,801.32,605.94,94.11,255.96,0.7559,-1,-1,-1
494,57,805.85,145.54,56.62,171.96,0.3064,-1,-1,-1
494,66,1626.76,322.65,58.40,191.36,0.4003,-1,-1,-1
494,69,1735.25,184.56,62.97,167.26,0.4623,-1,-1,-1
494,74,1813.97,170.35,75.93,183.29,0.3288,-1,-1,-1
495,3,1018.05,937.62,84.26,142.32,0.6716,-1,-1,-1
495,4,1722.09,451.07,74.07,217.44,0.6062,-1,-1,-1
495,8,212.23,732.34,93.69,275.54,0.7755,-1,-1,-1
495,28,299.07,767.33,78.51,259.42,0.7373,-1,-1,-1
495,32,921.48,668.12,81.67,244.72,0.6574,-1,-1,-1
495,41,1018.26,685.27,75.21,221.19,0.5860,-1,-1,-1
495,54,804.55,606.08,90.14,253.73,0.7531,-1,-1,-1
495,57,806.60,145.20,56.07,172.16,0.3362,-1,-1,-1
495,59,1538.82,613.22,90.19,216.45,0.3157,-1,-1,-1
495,66,1626.06,323.49,58.78,190.50,0.4031,-1,-1,-1
495,69,1734.34,186.48,64.22,172.05,0.4902,-1,-1,-1
495,73,412.57,165.10,53.25,179.67,0.3026,-1,-1,-1
495,74,1815.20,173.22,77.86,182.36,0.3458,-1,-1,-1
496,3,1019.75,939.20,82.82,140.84,0.6837,-1,-1,-1
496,4,1724.66,451.95,72.47,217.22,0.5835,-1,-1,-1
496,8,211.46,735.82,94.32,272.49,0.7730,-1,-1,-1
496,28,296.83,768.65,80.86,259.31,0.7487,-1,-1,-1
496,32,922.22,670.93,82.27,237.19,0.6908,-1,-1,-1
496,41,1018.47,686.74,74.93,220.87,0.5960,-1,-1,-1
496,54,809.50,605.85,84.76,249.47,0.7424,-1,-1,-1
496,57,805.30,144.58,56.74,171.97,0.3311,-1,-1,-1
496,59,1538.98,610.49,87.20,219.37,0.4063,-1,-1,-1
496,66,1624.65,321.98,58.14,189.13,0.4361,-1,-1,-1
496,69,1733.96,187.67,65.39,172.73,0.4689,-1,-1,-1
496,73,412.82,164.64,52.08,181.30,0.3168,-1,-1,-1
496,75,1632.41,583.76,102.24,228.76,0.5686,-1,-1,-1
497,3,1021.22,938.98,81.12,141.00,0.6770,-1,-1,-1
497,4,1726.11,452.84,69.99,216.93,0.5623,-1,-1,-1
497,8,213.40,736.55,90.68,269.02,0.7467,-1,-1,-1
497,28,294.00,770.15,83.24,259.07,0.7608,-1,-1,-1
497,32,923.25,673.85,81.43,237.12,0.6549,-1,-1,-1
497,35,1003.06,5.26,47.04,126.57,0.3032,-1,-1,-1
497,41,1020.71,687.53,72.93,221.32,0.5569,-1,-1,-1
497,54,814.70,606.23,80.09,247.85,0.7183,-1,-1,-1
497,57,805.76,145.16,55.67,172.61,0.3698,-1,-1,-1
497,59,1539.17,609.84,87.14,220.44,0.4276,-1,-1,-1
497,66,1623.96,322.12,59.61,188.62,0.3749,-1,-1,-1
497,69,1734.05,188.06,66.01,172.21,0.4947,-1,-1,-1
497,73,412.05,164.62,52.42,181.37,0.3576,-1,-1,-1
497,74,1818.37,175.34,81.15,184.24,0.3813,-1,-1,-1
498,3,1020.82,938.04,81.75,141.90,0.6607,-1,-1,-1
498,4,1727.79,453.67,69.67,215.37,0.5071,-1,-1,-1
498,8,213.07,738.29,90.45,266.18,0.7404,-1,-1,-1
498,28,294.75,771.86,82.23,257.26,0.7498,-1,-1,-1
498,32,924.96,675.66,80.74,239.56,0.6442,-1,-1,-1
498,41,1019.31,689.34,78.39,221.06,0.5138,-1,-1,-1
498,54,816.11,606.36,79.68,246.85,0.7068,-1,-1,-1
498,57,803.87,145.56,56.63,172.59,0.3527,-1,-1,-1
498,59,1539.77,609.30,87.05,221.52,0.4624,-1,-1,-1
498,66,1623.89,321.63,57.88,189.83,0.3614,-1,-1,-1
498,69,1732.91,188.40,67.16,172.39,0.4551,-1,-1,-1
498,73,410.33,165.04,52.91,182.03,0.4127,-1,-1,-1
498,74,1819.71,176.21,79.98,187.16,0.3468,-1,-1,-1
498,75,1641.31,593.09,95.15,221.63,0.4393,-1,-1,-1
499,3,1023.21,937.42,79.27,142.54,0.6734,-1,-1,-1
499,8,212.25,740.82,90.95,265.19,0.7518,-1,-1,-1
499,17,469.00,163.28,59.25,175.20,0.3283,-1,-1,-1
499,28,293.89,772.75,82.61,256.37,0.7415,-1,-1,-1
499,32,925.24,677.84,81.28,238.18,0.6100,-1,-1,-1
499,41,1023.85,694.19,72.57,218.44,0.5118,-1,-1,-1
499,54,820.17,607.59,76.14,246.17,0.6843,-1,-1,-1
499,57,801.85,143.15,56.18,174.29,0.3382,-1,-1,-1
499,59,1539.17,610.08,87.45,220.12,0.4859,-1,-1,-1
499,69,1732.02,188.23,68.58,169.77,0.4908,-1,-1,-1
499,73,408.34,165.35,56.98,182.17,0.4461,-1,-1,-1
499,74,1820.38,177.53,81.09,186.66,0.3902,-1,-1,-1
499,75,1645.41,589.97,87.18,223.34,0.3688,-1,-1,-1
500,3,1025.74,935.75,77.74,144.17,0.6739,-1,-1,-1
500,4,1728.11,450.62,67.39,217.83,0.4890,-1,-1,-1
500,8,208.94,741.91,93.89,267.15,0.7708,-1,-1,-1
500,17,465.46,165.12,61.64,171.52,0.3288,-1,-1,-1
500,28,293.69,773.47,81.40,255.29,0.7341,-1,-1,-1
500,32,924.51,679.58,84.95,248.32,0.6179,-1,-1,-1
500,41,1023.95,697.32,71.65,211.62,0.4816,-1,-1,-1
500,54,821.27,607.74,75.88,244.79,0.6900,-1,-1,-1
500,57,802.53,142.23,55.19,176.19,0.3541,-1,-1,-1
500,59,1537.85,610.71,89.78,218.31,0.4119,-1,-1,-1
500,66,1623.13,313.69,59.96,176.52,0.3244,-1,-1,-1
500,69,1731.91,189.09,69.42,168.90,0.4943,-1,-1,-1
500,73,407.17,166.11,57.90,180.12,0.4764,-1,-1,-1
500,74,1821.66,178.92,80.94,188.29,0.3859,-1,-1,-1
500,75,1656.10,594.94,77.15,219.25,0.4569,-1,-1,-1
501,3,1028.62,935.17,75.95,144.80,0.6430,-1,-1,-1
501,4,1727.62,448.75,66.96,219.12,0.4571,-1,-1,-1
501,8,208.49,743.03,93.79,262.60,0.7792,-1,-1,-1
501,17,465.15,162.15,63.32,174.84,0.3625,-1,-1,-1
501,28,293.61,774.40,79.97,255.17,0.7211,-1,-1,-1
501,32,928.51,679.59,81.87,252.40,0.6010,-1,-1,-1
501,41,1023.72,698.92,73.24,211.88,0.5122,-1,-1,-1
501,54,822.40,608.73,74.97,245.24,0.7019,-1,-1,-1
501,57,802.07,144.03,54.20,173.84,0.3577,-1,-1,-1
501,59,1538.67,611.01,87.25,214.38,0.3803,-1,-1,-1
501,66,1622.80,312.78,59.07,180.46,0.3601,-1,-1,-1
501,69,1731.61,189.04,70.14,169.89,0.4952,-1,-1,-1
501,73,407.45,168.10,57.94,178.84,0.5126,-1,-1,-1
501,74,1823.29,180.02,80.35,191.46,0.3558,-1,-1,-1
501,75,1659.46,592.41,73.10,220.81,0.5213,-1,-1,-1
502,3,1029.34,934.68,76.68,145.30,0.6755,-1,-1,-1
502,4,1729.28,449.62,64.34,219.54,0.4435,-1,-1,-1
502,8,208.26,744.79,93.81,262.46,0.7750,-1,-1,-1
502,17,467.82,160.42,62.70,175.42,0.3311,-1,-1,-1
502,28,292.55,774.94,80.92,253.88,0.7335,-1,-1,-1
502,32,927.34,681.68,84.01,255.93,0.6323,-1,-1,-1
502,41,1025.27,701.19,73.64,207.92,0.5834,-1,-1,-1
502,54,822.37,609.07,74.93,246.72,0.7029,-1,-1,-1
502,57,800.22,144.44,54.20,174.51,0.3095,-1,-1,-1
502,59,1538.93,609.83,86.17,215.29,0.3938,-1,-1,-1
502,69,1731.83,189.79,70.01,167.39,0.4920,-1,-1,-1
502,73,406.60,169.45,58.26,177.10,0.4807,-1,-1,-1
502,74,1826.42,180.45,77.89,194.31,0.3009,-1,-1,-1
502,75,1662.59,596.29,70.07,219.94,0.4945,-1,-1,-1
503,3,1030.68,933.97,76.53,146.00,0.6440,-1,-1,-1
503,4,1729.89,445.78,63.36,222.79,0.4011,-1,-1,-1
503,8,208.64,746.48,92.68,264.15,0.7602,-1,-1,-1
503,17,470.77,159.62,59.76,173.71,0.3060,-1,-1,-1
503,28,288.68,776.06,81.03,254.62,0.7499,-1,-1,-1
503,32,928.58,682.69,84.66,253.01,0.6171,-1,-1,-1
503,41,1026.09,703.70,73.15,202.01,0.5890,-1,-1,-1
503,54,821.88,609.20,75.44,246.89,0.7178,-1,-1,-1
503,57,800.09,145.44,51.95,174.28,0.3190,-1,-1,-1
503,59,1536.21,615.40,91.46,214.66,0.4749,-1,-1,-1
503,66,1621.41,308.07,59.05,180.99,0.3395,-1,-1,-1
503,69,1732.92,190.39,69.08,168.43,0.4680,-1,-1,-1
503,73,404.57,170.42,61.81,175.64,0.4874,-1,-1,-1
503,75,1667.72,601.11,65.43,213.07,0.4720,-1,-1,-1
504,3,1032.96,933.15,74.93,146.82,0.6370,-1,-1,-1
504,4,1729.41,447.01,63.82,223.70,0.3421,-1,-1,-1
504,8,210.47,747.84,90.33,270.28,0.7555,-1,-1,-1
504,17,472.06,156.85,60.78,173.34,0.3164,-1,-1,-1
504,28,285.90,777.18,81.51,253.12,0.7737,-1,-1,-1
504,32,926.97,683.75,87.86,251.09,0.5846,-1,-1,-1
504,41,1029.48,705.48,69.12,214.37,0.5911,-1,-1,-1
504,54,822.07,609.61,74.66,247.91,0.6933,-1,-1,-1
504,59,1534.46,611.93,92.54,214.76,0.3547,-1,-1,-1
504,69,1733.96,191.14,67.62,170.07,0.4795,-1,-1,-1
504,73,403.56,170.50,65.02,174.16,0.4746,-1,-1,-1
505,3,1033.26,933.97,75.00,146.07,0.6742,-1,-1,-1
505,4,1728.96,453.80,63.50,216.73,0.3937,-1,-1,-1
505,8,209.61,749.96,88.83,274.72,0.7350,-1,-1,-1
505,17,469.45,151.82,62.73,177.01,0.4163,-1,-1,-1
505,28,281.92,778.87,86.38,253.32,0.7733,-1,-1,-1
505,32,928.07,684.16,86.50,251.29,0.5519,-1,-1,-1
505,41,1030.45,706.46,69.13,218.04,0.6076,-1,-1,-1
505,54,822.37,610.01,74.45,249.42,0.6721,-1,-1,-1
505,66,1620.31,305.75,60.35,184.73,0.3241,-1,-1,-1
505,69,1738.18,190.42,63.44,170.89,0.4984,-1,-1,-1
505,73,402.22,170.52,66.81,174.56,0.4761,-1,-1,-1
506,3,1035.08,932.68,74.61,147.27,0.6659,-1,-1,-1
506,4,1728.74,458.87,63.44,210.56,0.4974,-1,-1,-1
506,8,209.48,751.56,87.17,279.36,0.7276,-1,-1,-1
506,17,470.73,147.30,61.59,181.29,0.3821,-1,-1,-1
506,28,279.07,780.50,88.93,255.68,0.7600,-1,-1,-1
506,32,918.55,686.23,97.59,247.11,0.6135,-1,-1,-1
506,41,1030.72,707.34,70.61,220.99,0.6352,-1,-1,-1
506,54,822.07,610.10,75.69,250.91,0.6804,-1,-1,-1
506,57,800.04,147.51,47.64,175.82,0.3009,-1,-1,-1
506,66,1620.10,305.31,59.37,185.92,0.4619,-1,-1,-1
506,69,1739.12,194.28,63.17,167.23,0.4963,-1,-1,-1
506,73,401.18,170.85,67.27,176.10,0.4546,-1,-1,-1
507,3,1036.42,934.12,75.40,145.95,0.6484,-1,-1,-1
507,4,1727.90,458.52,63.74,210.89,0.3473,-1,-1,-1
507,8,208.77,753.51,86.86,279.32,0.7259,-1,-1,-1
507,17,469.08,152.11,60.54,174.20,0.3048,-1,-1,-1
507,28,278.38,782.28,89.79,261.31,0.7621,-1,-1,-1
507,32,929.75,687.04,88.26,245.10,0.6068,-1,-1,-1
507,41,1030.06,708.62,71.52,223.54,0.6138,-1,-1,-1
507,54,823.64,611.44,73.14,249.28,0.6978,-1,-1,-1
507,66,1619.15,303.28,60.44,188.17,0.4310,-1,-1,-1
507,69,1739.59,194.20,62.17,165.79,0.4656,-1,-1,-1
507,73,399.81,168.08,67.65,180.67,0.3870,-1,-1,-1
508,3,1037.31,933.50,75.96,146.48,0.6498,-1,-1,-1
508,4,1727.29,460.08,62.50,207.41,0.3734,-1,-1,-1
508,8,207.85,755.59,88.07,278.69,0.7433,-1,-1,-1
508,28,277.18,784.27,91.84,264.73,0.7674,-1,-1,-1
508,32,923.55,688.50,94.99,247.77,0.6077,-1,-1,-1
508,41,1030.11,710.06,72.37,224.03,0.6244,-1,-1,-1
508,54,825.24,611.51,71.95,249.02,0.7010,-1,-1,-1
508,66,1618.91,304.16,61.22,187.04,0.4923,-1,-1,-1
508,69,1741.47,195.57,60.20,164.81,0.5251,-1,-1,-1
509,3,1038.91,933.18,75.68,146.81,0.6430,-1,-1,-1
509,4,1727.12,459.02,64.54,206.76,0.3610,-1,-1,-1
509,8,206.51,758.51,86.32,274.04,0.7324,-1,-1,-1
509,28,279.71,788.33,86.34,259.90,0.7675,-1,-1,-1
509,32,930.78,690.48,90.54,249.19,0.6222,-1,-1,-1
509,41,1030.96,710.27,75.22,229.52,0.6297,-1,-1,-1
509,54,825.87,611.54,71.75,249.80,0.7011,-1,-1,-1
509,66,1619.26,300.94,57.65,188.13,0.4196,-1,-1,-1
509,69,1743.40,198.08,58.42,163.80,0.4765,-1,-1,-1
510,3,1039.85,934.54,76.71,145.54,0.6357,-1,-1,-1
510,4,1727.07,458.96,62.85,201.80,0.3781,-1,-1,-1
510,8,206.41,761.93,81.03,275.48,0.7396,-1,-1,-1
510,28,280.02,791.82,85.92,255.78,0.7570,-1,-1,-1
510,32,928.41,692.07,94.16,249.93,0.6190,-1,-1,-1
510,41,1028.51,711.42,81.23,228.06,0.5970,-1,-1,-1
510,54,826.39,611.61,70.87,250.01,0.7008,-1,-1,-1
510,66,1618.74,301.11,57.49,189.32,0.4572,-1,-1,-1
510,69,1745.18,200.49,57.55,163.21,0.5356,-1,-1,-1
510,74,1840.21,186.91,66.42,200.77,0.3138,-1,-1,-1
511,3,1041.64,931.80,75.15,148.06,0.6254,-1,-1,-1
511,4,1724.34,459.45,65.20,202.11,0.3958,-1,-1,-1
511,8,203.82,763.33,88.30,276.98,0.7620,-1,-1,-1
511,28,281.09,797.39,82.16,254.13,0.7814,-1,-1,-1
511,32,934.44,695.80,90.66,258.08,0.6373,-1,-1,-1
511,41,1030.48,713.06,79.05,217.30,0.5887,-1,-1,-1
511,54,826.70,611.98,71.25,249.67,0.6953,-1,-1,-1
511,66,1617.46,298.70,56.54,191.48,0.3592,-1,-1,-1
511,69,1748.40,202.41,55.29,162.72,0.5120,-1,-1,-1
512,3,1041.74,931.54,75.42,148.37,0.6339,-1,-1,-1
512,4,1724.48,457.59,64.38,204.71,0.3423,-1,-1,-1
512,8,202.34,766.16,92.02,275.59,0.7601,-1,-1,-1
512,28,280.75,798.78,81.34,259.87,0.7713,-1,-1,-1
512,32,935.09,698.02,91.26,262.24,0.6313,-1,-1,-1
512,41,1032.21,715.26,76.85,213.58,0.5690,-1,-1,-1
512,54,827.07,612.10,70.58,249.24,0.6951,-1,-1,-1
512,66,1616.11,299.99,56.69,189.93,0.3396,-1,-1,-1
512,69,1751.02,203.50,53.06,163.29,0.5362,-1,-1,-1
513,3,1041.39,933.02,76.58,146.35,0.6104,-1,-1,-1
513,4,1724.11,457.97,63.06,202.58,0.3492,-1,-1,-1
513,8,201.17,767.07,92.15,275.30,0.7579,-1,-1,-1
513,28,280.41,800.53,79.86,264.12,0.7787,-1,-1,-1
513,32,937.77,701.41,86.40,260.17,0.6130,-1,-1,-1
513,41,1035.72,718.20,74.36,225.00,0.5640,-1,-1,-1
513,54,827.38,611.60,69.72,250.52,0.6788,-1,-1,-1
513,66,1615.52,300.60,55.76,189.52,0.3852,-1,-1,-1
513,69,1751.79,203.64,53.01,166.29,0.5084,-1,-1,-1
514,3,1042.42,932.05,75.08,146.99,0.6358,-1,-1,-1
514,4,1724.34,461.17,62.26,198.49,0.3391,-1,-1,-1
514,8,198.14,769.86,93.03,274.55,0.7547,-1,-1,-1
514,28,278.72,800.64,78.88,264.01,0.7985,-1,-1,-1
514,32,944.36,704.38,80.68,260.19,0.6249,-1,-1,-1
514,41,1036.08,718.68,74.29,226.33,0.5792,-1,-1,-1
514,54,826.97,611.53,70.29,250.53,0.6593,-1,-1,-1
514,66,1615.71,301.44,53.75,189.30,0.3330,-1,-1,-1
514,69,1754.05,204.10,52.84,168.42,0.4579,-1,-1,-1
515,3,1043.02,932.40,75.18,146.65,0.6430,-1,-1,-1
515,4,1724.39,459.74,60.87,198.81,0.3411,-1,-1,-1
515,8,196.59,770.85,95.10,272.25,0.7596,-1,-1,-1
515,28,275.62,801.49,81.47,263.63,0.8022,-1,-1,-1
515,32,936.29,706.07,90.59,255.79,0.5985,-1,-1,-1
515,41,1034.43,719.98,76.89,231.07,0.6185,-1,-1,-1
515,54,827.70,611.81,69.23,250.14,0.6520,-1,-1,-1
515,66,1612.96,301.19,53.94,186.81,0.3138,-1,-1,-1
515,69,1755.24,205.59,53.20,167.89,0.4315,-1,-1,-1
516,3,1044.12,932.47,74.24,146.85,0.6138,-1,-1,-1
516,4,1721.75,459.44,64.51,203.60,0.4058,-1,-1,-1
516,8,193.37,772.53,96.92,269.77,0.7640,-1,-1,-1
516,28,273.43,801.83,81.75,262.38,0.8162,-1,-1,-1
516,32,938.38,709.00,90.05,252.10,0.6534,-1,-1,-1
516,41,1036.81,721.90,74.17,240.82,0.6366,-1,-1,-1
516,54,828.41,612.28,67.93,249.69,0.6386,-1,-1,-1
516,69,1755.92,204.92,53.46,165.27,0.4431,-1,-1,-1
517,3,1044.54,931.59,73.93,147.40,0.6182,-1,-1,-1
517,4,1723.94,457.08,63.38,207.01,0.3171,-1,-1,-1
517,8,192.91,775.17,93.44,264.22,0.7601,-1,-1,-1
517,28,273.28,803.33,81.41,262.12,0.8189,-1,-1,-1
517,32,938.10,711.36,91.29,253.63,0.6464,-1,-1,-1
517,41,1038.28,723.90,71.58,238.68,0.6406,-1,-1,-1
517,54,827.03,611.46,69.65,250.87,0.6503,-1,-1,-1
517,69,1758.58,203.91,53.40,158.02,0.4178,-1,-1,-1
518,3,1044.69,929.56,72.74,149.15,0.6511,-1,-1,-1
518,4,1723.17,456.50,63.26,206.21,0.3669,-1,-1,-1
518,8,191.47,776.50,91.44,263.06,0.7941,-1,-1,-1
518,28,271.32,803.49,82.79,260.91,0.8227,-1,-1,-1
518,32,941.89,712.84,89.63,258.68,0.6357,-1,-1,-1
518,41,1039.97,726.20,70.38,230.70,0.6215,-1,-1,-1
518,54,827.68,610.82,68.19,251.26,0.6402,-1,-1,-1
518,69,1760.64,204.82,52.75,154.61,0.3893,-1,-1,-1
519,3,1044.50,928.87,72.67,149.76,0.6273,-1,-1,-1
519,4,1722.66,459.84,67.08,206.50,0.3307,-1,-1,-1
519,8,190.05,778.36,92.06,261.74,0.7918,-1,-1,-1
519,17,463.78,137.05,62.28,178.02,0.3590,-1,-1,-1
519,28,270.30,805.16,83.10,259.80,0.8198,-1,-1,-1
519,32,943.62,713.80,87.65,259.50,0.6382,-1,-1,-1
519,41,1037.58,730.86,72.42,223.63,0.5534,-1,-1,-1
519,54,827.77,610.52,67.45,251.08,0.6213,-1,-1,-1
519,69,1759.31,205.45,56.99,166.17,0.3802,-1,-1,-1
519,75,1728.02,629.23,82.18,218.23,0.3604,-1,-1,-1
520,3,1044.52,926.17,72.81,152.77,0.6480,-1,-1,-1
520,4,1720.32,459.40,68.26,209.99,0.3664,-1,-1,-1
520,8,189.24,779.83,92.26,262.01,0.7899,-1,-1,-1
520,17,466.62,136.66,58.94,174.09,0.3060,-1,-1,-1
520,28,268.61,807.95,84.66,258.38,0.8218,-1,-1,-1
520,32,943.94,714.58,86.44,259.52,0.6930,-1,-1,-1
520,41,1038.25,733.08,76.27,206.04,0.5967,-1,-1,-1
520,54,827.54,607.67,68.34,252.14,0.5873,-1,-1,-1
520,69,1759.66,205.63,59.60,168.32,0.3054,-1,-1,-1
520,75,1732.42,629.92,81.07,222.67,0.4445,-1,-1,-1
521,3,1044.51,927.71,72.96,151.90,0.6579,-1,-1,-1
521,4,1717.13,460.50,70.74,209.94,0.3709,-1,-1,-1
521,8,188.62,780.31,94.92,268.91,0.7921,-1,-1,-1
521,17,466.96,145.44,56.69,161.01,0.3297,-1,-1,-1
521,28,267.09,810.60,84.82,257.75,0.8145,-1,-1,-1
521,32,948.57,717.80,83.97,256.99,0.6593,-1,-1,-1
521,41,1039.84,735.52,75.73,201.00,0.6020,-1,-1,-1
521,54,828.59,607.79,66.78,253.46,0.6096,-1,-1,-1
521,75,1732.72,633.07,88.90,215.02,0.5703,-1,-1,-1
522,3,1044.29,929.29,72.61,150.63,0.6443,-1,-1,-1
522,4,1716.24,462.03,71.81,208.13,0.3264,-1,-1,-1
522,8,188.58,781.84,95.97,272.35,0.7776,-1,-1,-1
522,17,468.17,144.10,54.68,160.68,0.3569,-1,-1,-1
522,28,268.13,813.46,83.54,255.84,0.7975,-1,-1,-1
522,32,947.59,718.93,85.62,255.53,0.6860,-1,-1,-1
522,41,1040.87,739.40,76.32,203.04,0.6264,-1,-1,-1
522,54,828.21,606.79,66.61,254.40,0.6275,-1,-1,-1
522,69,1763.60,207.44,59.99,171.04,0.3366,-1,-1,-1
522,75,1737.13,635.59,90.78,213.92,0.5518,-1,-1,-1
523,3,1044.27,929.57,72.23,149.77,0.6097,-1,-1,-1
523,4,1718.36,460.82,68.68,206.71,0.3887,-1,-1,-1
523,8,187.94,783.47,96.91,275.18,0.7730,-1,-1,-1
523,17,467.88,133.06,56.35,172.65,0.3459,-1,-1,-1
523,28,266.01,816.97,85.23,255.41,0.8008,-1,-1,-1
523,32,950.05,719.52,85.58,255.84,0.6348,-1,-1,-1
523,41,1044.83,740.28,72.61,207.88,0.6186,-1,-1,-1
523,54,828.51,607.60,66.39,254.05,0.6331,-1,-1,-1
523,69,1765.09,209.35,59.97,167.46,0.3793,-1,-1,-1
523,75,1743.30,637.21,89.07,214.78,0.4905,-1,-1,-1
523,76,1711.87,312.91,76.45,180.84,0.3928,-1,-1,-1
524,3,1044.35,930.40,71.47,148.90,0.5854,-1,-1,-1
524,4,1720.75,461.70,67.21,205.84,0.3747,-1,-1,-1
524,8,189.42,785.09,91.28,276.20,0.7695,-1,-1,-1
524,28,261.83,819.74,88.20,257.10,0.8096,-1,-1,-1
524,32,953.21,719.74,83.03,249.39,0.5986,-1,-1,-1
524,41,1044.90,743.43,74.16,220.45,0.6171,-1,-1,-1
524,54,827.14,608.31,66.25,253.04,0.6293,-1,-1,-1
524,69,1766.35,211.49,60.00,168.53,0.3879,-1,-1,-1
524,75,1742.11,641.23,93.21,215.86,0.3415,-1,-1,-1
524,76,1711.57,309.39,73.09,192.36,0.4373,-1,-1,-1
525,3,1043.95,931.87,72.73,148.10,0.5427,-1,-1,-1
525,4,1716.32,461.23,71.70,205.75,0.4637,-1,-1,-1
525,8,188.39,785.96,94.70,281.82,0.7709,-1,-1,-1
525,28,263.82,822.44,85.97,256.79,0.8099,-1,-1,-1
525,32,958.53,719.93,79.65,237.26,0.5090,-1,-1,-1
525,41,1045.56,743.45,75.71,227.81,0.6219,-1,-1,-1
525,54,827.05,607.85,66.50,253.10,0.6574,-1,-1,-1
525,69,1767.29,212.50,60.26,169.42,0.4600,-1,-1,-1
525,75,1753.87,643.90,84.03,219.87,0.3493,-1,-1,-1
525,76,1709.84,307.12,73.11,191.54,0.4013,-1,-1,-1
526,3,1043.86,929.43,71.89,150.44,0.6023,-1,-1,-1
526,4,1714.27,460.23,74.53,206.18,0.4473,-1,-1,-1
526,8,188.95,788.27,92.22,281.04,0.7713,-1,-1,-1
526,28,260.32,824.93,88.94,254.20,0.8046,-1,-1,-1
526,32,960.19,718.97,74.62,246.56,0.4986,-1,-1,-1
526,41,1049.88,741.90,74.62,215.26,0.5207,-1,-1,-1
526,54,826.57,606.32,66.98,255.14,0.6682,-1,-1,-1
526,69,1767.63,212.11,62.04,178.78,0.4266,-1,-1,-1
526,76,1706.76,305.71,74.03,189.03,0.3918,-1,-1,-1
527,3,1043.25,926.85,71.84,153.04,0.6514,-1,-1,-1
527,4,1714.87,460.41,74.74,206.11,0.4670,-1,-1,-1
527,8,188.93,788.73,92.66,283.52,0.7835,-1,-1,-1
527,17,465.80,125.84,57.49,180.25,0.3051,-1,-1,-1
527,28,259.32,827.10,89.28,251.38,0.7870,-1,-1,-1
527,32,959.00,723.41,77.40,244.13,0.4369,-1,-1,-1
527,41,1051.89,743.00,75.83,201.69,0.5259,-1,-1,-1
527,54,826.28,605.69,67.03,252.18,0.6683,-1,-1,-1
527,57,778.21,140.56,56.18,179.70,0.3446,-1,-1,-1
527,69,1766.42,213.74,65.49,176.69,0.4473,-1,-1,-1
527,73,385.95,198.10,62.73,183.27,0.3045,-1,-1,-1
527,76,1702.98,305.51,76.80,187.53,0.4033,-1,-1,-1
528,3,1043.31,923.38,69.91,156.52,0.6972,-1,-1,-1
528,4,1714.81,460.05,77.03,206.74,0.5026,-1,-1,-1
528,8,189.57,790.55,89.25,282.45,0.7785,-1,-1,-1
528,17,467.44,125.90,56.06,181.42,0.3322,-1,-1,-1
528,28,257.36,828.12,90.42,250.10,0.7952,-1,-1,-1
528,32,958.54,719.25,82.76,170.99,0.4186,-1,-1,-1
528,41,1053.80,744.80,75.76,197.57,0.5262,-1,-1,-1
528,54,826.06,605.44,67.22,252.38,0.6930,-1,-1,-1
528,57,777.96,140.56,55.91,179.65,0.3183,-1,-1,-1
528,69,1767.82,214.40,66.44,168.85,0.5170,-1,-1,-1
528,73,387.48,203.25,61.27,181.11,0.3122,-1,-1,-1
528,76,1700.29,305.72,77.14,186.47,0.4192,-1,-1,-1
529,3,1041.36,925.09,71.32,154.99,0.7092,-1,-1,-1
529,4,1714.89,460.45,77.52,206.76,0.5140,-1,-1,-1
529,8,191.07,791.75,87.51,281.23,0.7745,-1,-1,-1
529,17,466.46,125.45,57.72,182.27,0.3412,-1,-1,-1
529,28,257.21,829.05,89.05,247.93,0.7871,-1,-1,-1
529,32,965.28,733.83,75.05,248.03,0.4726,-1,-1,-1
529,41,1056.24,746.16,75.06,202.24,0.5672,-1,-1,-1
529,54,825.38,605.65,67.51,251.89,0.7110,-1,-1,-1
529,57,773.72,142.11,61.94,178.82,0.3111,-1,-1,-1
529,69,1766.92,213.36,67.40,174.33,0.5196,-1,-1,-1
529,73,388.12,202.95,60.07,186.72,0.3334,-1,-1,-1
529,76,1696.80,305.63,79.33,186.68,0.3183,-1,-1,-1
530,3,1039.91,927.52,72.54,152.63,0.6414,-1,-1,-1
530,4,1714.85,459.39,77.15,208.53,0.5293,-1,-1,-1
530,8,191.33,792.82,87.29,280.95,0.7636,-1,-1,-1
530,28,256.32,831.46,90.21,245.75,0.7870,-1,-1,-1
530,32,964.80,732.29,78.08,253.52,0.6293,-1,-1,-1
530,41,1055.96,747.79,76.93,199.45,0.5645,-1,-1,-1
530,54,823.50,604.86,67.14,251.86,0.7131,-1,-1,-1
530,69,1765.54,213.80,70.08,174.53,0.5133,-1,-1,-1
530,73,387.51,201.56,60.61,189.19,0.3474,-1,-1,-1
530,76,1695.31,306.97,78.71,182.62,0.3626,-1,-1,-1
531,3,1039.18,930.12,72.32,150.01,0.6540,-1,-1,-1
531,4,1715.23,460.51,76.76,207.07,0.5398,-1,-1,-1
531,8,191.60,794.83,87.04,279.09,0.7520,-1,-1,-1
531,17,468.12,124.43,57.32,177.50,0.3108,-1,-1,-1
531,28,256.78,832.66,89.18,245.22,0.7846,-1,-1,-1
531,32,965.51,732.67,78.57,253.97,0.6373,-1,-1,-1
531,41,1058.55,749.70,75.05,206.68,0.5978,-1,-1,-1
531,54,820.95,603.98,68.56,253.08,0.7080,-1,-1,-1
531,69,1764.11,214.27,71.76,173.65,0.5195,-1,-1,-1
531,73,375.53,197.02,72.37,194.50,0.4181,-1,-1,-1
531,76,1695.47,305.79,76.82,183.09,0.3709,-1,-1,-1
532,3,1039.49,936.92,71.64,143.46,0.6097,-1,-1,-1
532,4,1714.41,459.89,75.36,211.29,0.6019,-1,-1,-1
532,8,191.65,796.64,87.15,275.79,0.7764,-1,-1,-1
532,17,468.64,122.49,57.22,180.46,0.3337,-1,-1,-1
532,28,256.85,833.54,89.37,244.71,0.7900,-1,-1,-1
532,32,966.52,736.08,83.47,254.54,0.6746,-1,-1,-1
532,41,1058.44,750.79,76.40,210.73,0.6405,-1,-1,-1
532,54,817.78,603.02,70.15,251.46,0.7100,-1,-1,-1
532,69,1764.17,215.45,73.47,174.64,0.5169,-1,-1,-1
532,73,376.37,194.53,72.00,195.72,0.4123,-1,-1,-1
532,76,1697.38,305.21,74.49,185.09,0.3394,-1,-1,-1
533,3,1038.92,945.33,72.02,135.25,0.5311,-1,-1,-1
533,4,1714.52,458.41,74.88,211.44,0.6047,-1,-1,-1
533,8,190.19,797.98,90.51,273.82,0.7659,-1,-1,-1
533,28,256.64,835.04,89.27,243.85,0.7914,-1,-1,-1
533,32,968.28,738.81,86.67,249.10,0.6904,-1,-1,-1
533,41,1060.39,753.46,76.95,210.98,0.6017,-1,-1,-1
533,54,813.06,602.65,69.98,254.35,0.7123,-1,-1,-1
533,69,1765.20,218.47,73.08,172.66,0.4869,-1,-1,-1
533,73,376.51,195.83,71.42,195.80,0.3683,-1,-1,-1
533,76,1698.59,304.94,71.23,184.59,0.3685,-1,-1,-1
534,3,1037.73,948.85,72.89,131.37,0.4487,-1,-1,-1
534,4,1713.16,458.78,76.65,210.70,0.5897,-1,-1,-1
534,8,189.68,799.40,92.36,270.27,0.7753,-1,-1,-1
534,17,467.27,122.84,56.97,175.25,0.3685,-1,-1,-1
534,28,256.78,836.30,90.03,241.79,0.7832,-1,-1,-1
534,32,966.93,740.42,89.24,248.39,0.6802,-1,-1,-1
534,41,1064.08,755.34,73.34,214.67,0.5564,-1,-1,-1
534,54,809.21,601.28,70.96,256.89,0.7301,-1,-1,-1
534,69,1765.80,219.92,74.29,170.85,0.5257,-1,-1,-1
534,73,382.01,197.92,67.59,193.09,0.3672,-1,-1,-1
534,76,1696.51,303.42,71.52,184.82,0.4176,-1,-1,-1
535,4,1714.07,457.14,75.01,212.87,0.6181,-1,-1,-1
535,8,189.35,799.55,94.74,271.76,0.7962,-1,-1,-1
535,28,256.89,837.35,90.31,240.23,0.7886,-1,-1,-1
535,32,968.14,742.81,88.49,246.98,0.6600,-1,-1,-1
535,41,1061.06,758.80,77.55,225.45,0.4517,-1,-1,-1
535,54,804.33,599.80,73.41,254.69,0.7457,-1,-1,-1
535,69,1765.87,222.16,73.28,169.12,0.4707,-1,-1,-1
535,73,387.22,200.95,63.75,189.30,0.4047,-1,-1,-1
535,76,1694.59,300.17,72.98,187.16,0.3246,-1,-1,-1
535,78,139.37,311.58,93.10,188.34,0.3315,-1,-1,-1
536,4,1714.55,458.78,75.12,210.52,0.6240,-1,-1,-1
536,8,190.03,800.45,94.11,275.28,0.8006,-1,-1,-1
536,28,257.50,838.69,88.42,239.36,0.7893,-1,-1,-1
536,32,972.78,742.86,86.48,251.60,0.6402,-1,-1,-1
536,41,1061.74,761.05,78.20,222.24,0.4689,-1,-1,-1
536,54,802.25,599.78,73.28,253.47,0.7303,-1,-1,-1
536,69,1765.54,222.92,73.53,167.99,0.5123,-1,-1,-1
536,73,389.78,199.37,62.03,191.02,0.3947,-1,-1,-1
536,76,1694.21,299.96,72.07,187.46,0.3126,-1,-1,-1
536,78,140.80,309.94,91.65,189.22,0.4303,-1,-1,-1
537,4,1715.94,460.34,73.99,209.90,0.6190,-1,-1,-1
537,8,191.65,801.42,92.68,278.41,0.7859,-1,-1,-1
537,28,257.68,841.09,86.85,237.55,0.7763,-1,-1,-1
537,32,972.27,745.63,90.29,248.38,0.6563,-1,-1,-1
537,41,1064.93,762.98,75.43,227.14,0.5260,-1,-1,-1
537,54,797.66,599.98,76.87,255.29,0.7275,-1,-1,-1
537,69,1767.79,223.45,72.73,167.72,0.5021,-1,-1,-1
537,73,389.44,199.92,62.50,190.01,0.4265,-1,-1,-1
537,78,142.29,309.48,90.78,189.64,0.4451,-1,-1,-1
538,3,1031.38,943.81,78.76,135.83,0.3113,-1,-1,-1
538,4,1717.09,460.83,72.33,208.87,0.6260,-1,-1,-1
538,8,192.91,802.95,91.89,277.08,0.7956,-1,-1,-1
538,28,256.21,844.24,87.78,235.41,0.7828,-1,-1,-1
538,32,974.68,747.42,90.45,245.60,0.6992,-1,-1,-1
538,41,1061.77,764.82,78.65,226.03,0.5723,-1,-1,-1
538,54,797.05,600.40,77.79,254.35,0.7364,-1,-1,-1
538,69,1771.58,223.57,67.33,167.36,0.5214,-1,-1,-1
538,73,390.24,196.08,61.22,194.40,0.3631,-1,-1,-1
538,76,1690.38,296.45,68.36,190.43,0.3832,-1,-1,-1
538,78,144.43,309.46,90.39,188.83,0.3819,-1,-1,-1
539,3,1029.27,940.46,80.79,139.24,0.5017,-1,-1,-1
539,4,1716.09,460.33,73.63,208.98,0.6110,-1,-1,-1
539,8,193.35,804.85,91.79,275.19,0.7849,-1,-1,-1
539,28,254.26,846.72,88.61,233.02,0.7832,-1,-1,-1
539,32,975.62,748.56,89.43,244.18,0.7038,-1,-1,-1
539,41,1060.09,767.55,81.88,228.12,0.6103,-1,-1,-1
539,54,794.85,599.98,77.77,254.99,0.7297,-1,-1,-1
539,69,1774.93,224.64,64.39,166.42,0.4939,-1,-1,-1
539,73,390.14,191.22,60.77,200.08,0.4188,-1,-1,-1
539,76,1688.63,294.15,71.04,194.45,0.3629,-1,-1,-1
540,3,1028.99,943.98,81.16,136.36,0.3973,-1,-1,-1
540,4,1716.12,459.28,73.48,210.03,0.6306,-1,-1,-1
540,8,192.99,806.14,92.03,273.09,0.7673,-1,-1,-1
540,28,254.04,848.90,86.98,229.21,0.7687,-1,-1,-1
540,32,977.75,748.66,89.28,242.54,0.6747,-1,-1,-1
540,41,1061.63,768.75,81.86,221.34,0.5425,-1,-1,-1
540,54,792.40,599.77,79.37,254.09,0.7463,-1,-1,-1
540,69,1775.33,225.01,63.48,166.50,0.4513,-1,-1,-1
540,73,390.91,186.57,59.22,204.95,0.4426,-1,-1,-1
540,76,1684.15,291.02,72.00,196.66,0.4194,-1,-1,-1
541,3,1027.49,939.45,82.23,140.25,0.5407,-1,-1,-1
541,4,1716.39,458.61,73.25,209.91,0.6419,-1,-1,-1
541,8,196.68,809.36,89.63,270.32,0.7778,-1,-1,-1
541,28,254.80,850.47,86.53,228.26,0.7679,-1,-1,-1
541,32,982.11,750.74,85.02,238.29,0.6864,-1,-1,-1
541,41,1053.58,769.82,89.25,222.92,0.6330,-1,-1,-1
541,54,792.22,599.88,78.65,251.76,0.7225,-1,-1,-1
541,69,1776.50,225.64,63.14,166.40,0.4489,-1,-1,-1
541,73,390.00,186.94,60.14,206.98,0.4699,-1,-1,-1
541,76,1678.15,288.08,76.55,198.59,0.4105,-1,-1,-1
542,3,1030.69,948.34,78.87,132.76,0.3615,-1,-1,-1
542,4,1715.80,457.88,73.77,210.89,0.5987,-1,-1,-1
542,8,200.93,810.69,86.36,269.32,0.7558,-1,-1,-1
542,28,256.63,852.79,83.77,226.71,0.7467,-1,-1,-1
542,32,985.89,750.89,80.44,239.35,0.6710,-1,-1,-1
542,41,1069.34,771.38,75.43,223.93,0.5663,-1,-1,-1
542,54,790.53,599.14,78.28,251.86,0.7133,-1,-1,-1
542,69,1777.66,227.22,62.55,165.12,0.4328,-1,-1,-1
542,73,390.73,190.11,57.96,205.06,0.3993,-1,-1,-1
542,76,1675.80,284.72,79.76,202.05,0.4372,-1,-1,-1
542,79,775.31,91.68,74.23,230.19,0.3015,-1,-1,-1
543,3,1030.15,945.51,78.59,134.27,0.4410,-1,-1,-1
543,4,1714.71,456.64,75.38,211.95,0.5700,-1,-1,-1
543,8,203.41,811.75,85.41,268.27,0.7123,-1,-1,-1
543,28,256.52,857.60,82.08,222.28,0.7138,-1,-1,-1
543,32,988.76,752.79,81.38,231.66,0.6378,-1,-1,-1
543,41,1070.79,772.31,75.06,228.33,0.5952,-1,-1,-1
543,54,787.95,599.23,80.72,251.55,0.7078,-1,-1,-1
543,69,1779.78,227.49,61.31,165.90,0.4203,-1,-1,-1
543,73,390.19,206.01,56.87,191.52,0.3014,-1,-1,-1
543,76,1671.84,283.74,83.03,202.76,0.4395,-1,-1,-1
543,79,777.86,90.24,72.63,230.96,0.3146,-1,-1,-1
544,3,1027.50,944.05,81.44,135.75,0.4529,-1,-1,-1
544,4,1714.08,456.96,75.94,212.17,0.5613,-1,-1,-1
544,8,206.41,813.04,83.87,266.98,0.7182,-1,-1,-1
544,28,256.13,862.65,82.52,216.25,0.6975,-1,-1,-1
544,32,987.11,755.19,86.34,225.95,0.6525,-1,-1,-1
544,41,1071.14,772.43,76.98,227.19,0.5996,-1,-1,-1
544,54,783.93,598.94,83.09,252.39,0.7253,-1,-1,-1
544,69,1780.47,227.95,61.01,166.29,0.4221,-1,-1,-1
544,73,390.76,202.32,56.63,194.55,0.3189,-1,-1,-1
544,76,1669.31,283.51,85.50,202.70,0.4206,-1,-1,-1
544,79,778.93,87.39,71.94,233.08,0.3597,-1,-1,-1
545,3,1017.93,942.45,90.11,137.41,0.5467,-1,-1,-1
545,4,1713.32,458.28,76.18,208.95,0.6110,-1,-1,-1
545,8,208.52,814.72,82.40,265.31,0.6979,-1,-1,-1
545,28,253.34,866.13,84.14,212.83,0.7242,-1,-1,-1
545,32,991.44,756.96,82.82,224.99,0.6544,-1,-1,-1
545,41,1069.73,775.73,79.74,225.34,0.5953,-1,-1,-1
545,54,775.47,598.42,90.64,253.53,0.7366,-1,-1,-1
545,69,1784.37,227.82,58.56,169.96,0.4186,-1,-1,-1
545,73,390.61,211.42,56.94,188.77,0.3664,-1,-1,-1
545,76,1665.40,283.84,88.49,201.14,0.3903,-1,-1,-1
545,79,777.50,86.54,72.78,234.32,0.3535,-1,-1,-1
546,3,1021.27,942.71,85.94,137.29,0.5616,-1,-1,-1
546,4,1711.09,457.54,78.86,211.07,0.6235,-1,-1,-1
546,8,209.77,815.69,82.66,264.32,0.6789,-1,-1,-1
546,28,251.88,868.81,83.68,210.86,0.7189,-1,-1,-1
546,32,992.50,759.62,84.62,225.84,0.6308,-1,-1,-1
546,41,1072.90,776.89,78.52,227.83,0.6105,-1,-1,-1
546,54,770.74,598.41,93.60,253.09,0.7461,-1,-1,-1
546,69,1787.11,229.60,56.81,170.50,0.3926,-1,-1,-1
546,76,1666.47,284.08,87.05,201.18,0.3895,-1,-1,-1
546,79,779.22,85.19,71.33,234.79,0.4345,-1,-1,-1
547,3,1027.64,944.65,79.89,135.49,0.5316,-1,-1,-1
547,4,1711.80,456.97,83.49,211.31,0.5931,-1,-1,-1
547,8,211.12,817.33,82.95,262.70,0.6817,-1,-1,-1
547,28,251.91,872.55,84.04,207.48,0.6903,-1,-1,-1
547,32,994.94,761.56,85.97,219.50,0.6359,-1,-1,-1
547,41,1074.46,779.33,78.38,230.30,0.6291,-1,-1,-1
547,54,770.98,597.96,93.14,255.33,0.7606,-1,-1,-1
547,69,1788.42,231.87,58.45,171.68,0.3926,-1,-1,-1
547,76,1660.27,284.95,91.93,198.05,0.3396,-1,-1,-1
547,79,778.62,85.09,72.50,235.16,0.4518,-1,-1,-1
548,3,1026.79,938.68,80.04,140.91,0.5496,-1,-1,-1
548,4,1716.48,458.71,73.90,210.76,0.5889,-1,-1,-1
548,8,212.66,818.45,81.40,261.56,0.6492,-1,-1,-1
548,28,252.10,875.33,80.74,204.68,0.6880,-1,-1,-1
548,32,993.87,765.86,87.34,216.60,0.6601,-1,-1,-1
548,41,1066.93,781.89,88.35,237.72,0.6418,-1,-1,-1
548,54,769.52,598.15,93.84,256.02,0.7464,-1,-1,-1
548,69,1788.97,235.25,60.90,173.51,0.4257,-1,-1,-1
548,73,383.89,218.42,62.19,187.87,0.3728,-1,-1,-1
548,76,1660.35,285.22,92.34,196.64,0.3621,-1,-1,-1
548,79,779.29,83.89,72.00,237.95,0.4329,-1,-1,-1
549,3,1024.53,934.69,82.52,145.00,0.5255,-1,-1,-1
549,4,1721.43,459.13,68.48,208.73,0.6303,-1,-1,-1
549,8,213.59,819.95,82.00,260.10,0.5254,-1,-1,-1
549,28,249.35,873.26,80.91,206.52,0.6310,-1,-1,-1
549,32,996.88,768.48,83.24,211.74,0.5853,-1,-1,-1
549,41,1068.39,783.61,87.26,243.36,0.6424,-1,-1,-1
549,54,769.59,599.25,92.99,254.23,0.7489,-1,-1,-1
549,69,1790.28,236.78,61.92,174.49,0.3904,-1,-1,-1
549,73,386.68,225.35,56.85,182.93,0.4234,-1,-1,-1
549,76,1659.35,284.87,94.60,198.25,0.3838,-1,-1,-1
549,78,183.79,300.57,67.66,199.14,0.3118,-1,-1,-1
549,79,779.70,84.57,71.04,236.35,0.4423,-1,-1,-1
550,3,1023.77,934.72,82.57,145.32,0.5165,-1,-1,-1
550,4,1718.62,458.54,71.38,209.86,0.6136,-1,-1,-1
550,8,214.89,821.95,82.94,258.15,0.4105,-1,-1,-1
550,28,247.02,873.67,81.30,206.22,0.5719,-1,-1,-1
550,32,998.91,772.30,80.18,198.87,0.5129,-1,-1,-1
550,41,1067.92,786.90,89.55,244.79,0.5970,-1,-1,-1
550,54,767.36,600.01,94.44,252.82,0.7336,-1,-1,-1
550,69,1794.05,235.98,58.83,175.35,0.4180,-1,-1,-1
550,73,383.43,228.86,60.88,178.76,0.3816,-1,-1,-1
550,76,1658.98,283.83,93.76,197.41,0.4008,-1,-1,-1
550,79,782.34,84.94,70.08,236.37,0.4442,-1,-1,-1
551,3,1018.70,936.52,87.02,143.64,0.5714,-1,-1,-1
551,4,1721.09,459.22,68.71,209.14,0.6051,-1,-1,-1
551,8,217.08,823.50,85.79,256.57,0.3532,-1,-1,-1
551,28,239.29,874.11,89.37,205.80,0.5717,-1,-1,-1
551,32,1002.62,772.49,79.26,188.38,0.4897,-1,-1,-1
551,41,1076.20,789.83,85.47,241.90,0.5687,-1,-1,-1
551,54,767.02,598.59,92.56,255.13,0.7298,-1,-1,-1
551,69,1795.77,235.86,58.27,176.03,0.4386,-1,-1,-1
551,73,381.16,225.87,62.65,181.81,0.4702,-1,-1,-1
551,76,1660.82,282.34,91.82,202.17,0.4090,-1,-1,-1
551,79,781.94,84.79,70.68,236.74,0.4781,-1,-1,-1
552,3,1012.17,934.43,91.99,145.46,0.5273,-1,-1,-1
552,4,1724.57,458.28,64.89,208.62,0.6063,-1,-1,-1
552,28,233.69,874.79,94.17,205.16,0.6560,-1,-1,-1
552,32,1007.42,774.90,76.72,176.77,0.4705,-1,-1,-1
552,41,1073.14,792.98,91.51,240.79,0.5720,-1,-1,-1
552,54,766.70,597.88,91.98,254.15,0.7422,-1,-1,-1
552,69,1796.98,236.71,57.86,176.61,0.3945,-1,-1,-1
552,73,380.01,225.51,64.44,182.11,0.4160,-1,-1,-1
552,76,1662.38,281.42,87.53,209.38,0.3969,-1,-1,-1
552,79,784.52,83.63,70.39,237.78,0.4574,-1,-1,-1
553,3,995.87,928.32,108.95,151.09,0.5366,-1,-1,-1
553,4,1722.27,458.80,67.06,208.09,0.5771,-1,-1,-1
553,28,234.43,875.59,91.72,204.38,0.6732,-1,-1,-1
553,32,1010.43,777.58,73.49,166.09,0.5100,-1,-1,-1
553,41,1072.80,795.12,95.76,243.38,0.5788,-1,-1,-1
553,54,766.44,595.76,91.77,254.41,0.7522,-1,-1,-1
553,69,1799.05,236.85,57.98,176.03,0.3759,-1,-1,-1
553,73,380.13,222.86,64.83,184.05,0.4124,-1,-1,-1
553,76,1662.06,279.43,88.47,218.60,0.3758,-1,-1,-1
553,79,786.23,84.67,71.27,235.02,0.4190,-1,-1,-1
554,4,1722.56,459.05,66.84,207.78,0.5987,-1,-1,-1
554,8,231.87,832.46,95.20,247.61,0.6379,-1,-1,-1
554,32,1009.60,782.31,71.07,165.80,0.3103,-1,-1,-1
554,41,1082.24,796.99,90.58,242.45,0.5159,-1,-1,-1
554,54,766.72,595.63,88.02,251.53,0.7513,-1,-1,-1
554,69,1803.19,236.36,56.05,176.03,0.3030,-1,-1,-1
554,73,377.39,219.54,66.80,186.74,0.5281,-1,-1,-1
554,76,1663.48,275.80,84.23,208.93,0.4115,-1,-1,-1
554,79,788.50,85.29,71.61,233.63,0.4264,-1,-1,-1
555,3,1005.37,928.38,100.44,151.76,0.3205,-1,-1,-1
555,4,1722.94,457.19,66.21,209.36,0.6002,-1,-1,-1
555,8,232.87,834.32,96.63,245.69,0.7015,-1,-1,-1
555,32,1013.21,783.31,70.74,157.93,0.3526,-1,-1,-1
555,41,1087.73,798.66,85.34,238.78,0.6161,-1,-1,-1
555,54,764.91,595.97,88.72,251.08,0.7347,-1,-1,-1
555,73,376.88,217.97,65.96,188.89,0.5317,-1,-1,-1
555,76,1667.98,274.98,79.51,198.39,0.4649,-1,-1,-1
555,79,787.26,84.58,74.52,234.51,0.4006,-1,-1,-1
556,3,1018.09,795.34,87.51,273.95,0.4637,-1,-1,-1
556,4,1723.39,455.86,65.03,208.05,0.6183,-1,-1,-1
556,28,237.19,877.24,91.94,202.44,0.6127,-1,-1,-1
556,32,1016.90,787.96,68.60,178.78,0.3026,-1,-1,-1
556,41,1095.81,799.02,81.39,238.78,0.5742,-1,-1,-1
556,54,762.96,593.72,87.54,250.22,0.7564,-1,-1,-1
556,69,1806.93,236.63,61.21,175.17,0.3260,-1,-1,-1
556,73,377.57,220.23,65.82,189.62,0.5020,-1,-1,-1
556,76,1667.20,273.52,76.41,194.47,0.4877,-1,-1,-1
556,79,787.74,85.68,74.91,232.83,0.4126,-1,-1,-1
557,3,1012.64,786.08,90.06,291.45,0.4508,-1,-1,-1
557,4,1724.51,457.85,67.40,206.91,0.6176,-1,-1,-1
557,8,238.99,837.17,94.92,242.81,0.7370,-1,-1,-1
557,41,1101.38,800.34,78.43,235.83,0.5542,-1,-1,-1
557,54,760.59,593.63,86.96,247.06,0.7164,-1,-1,-1
557,69,1806.06,237.07,62.18,173.99,0.3462,-1,-1,-1
557,73,375.51,222.57,67.93,186.74,0.5119,-1,-1,-1
557,76,1668.69,273.68,78.41,194.36,0.5158,-1,-1,-1
557,79,789.77,84.89,72.18,233.23,0.4476,-1,-1,-1
558,3,1012.68,784.29,90.02,295.46,0.5365,-1,-1,-1
558,4,1720.92,455.94,67.22,209.85,0.6837,-1,-1,-1
558,8,239.39,837.94,98.98,242.04,0.7198,-1,-1,-1
558,41,1101.97,800.18,80.46,234.19,0.6042,-1,-1,-1
558,54,757.20,594.05,87.14,244.07,0.7110,-1,-1,-1
558,69,1811.32,237.05,61.93,174.97,0.3605,-1,-1,-1
558,73,375.71,223.15,67.45,187.71,0.5432,-1,-1,-1
558,76,1669.23,271.47,75.62,193.68,0.5497,-1,-1,-1
558,79,791.66,84.11,70.73,234.94,0.4343,-1,-1,-1
559,4,1725.24,458.14,65.28,205.60,0.6571,-1,-1,-1
559,28,239.58,889.20,95.92,190.86,0.7280,-1,-1,-1
559,32,1019.01,786.12,74.62,197.18,0.4995,-1,-1,-1
559,41,1101.43,801.44,84.74,233.59,0.6073,-1,-1,-1
559,54,754.76,593.40,82.48,242.71,0.6849,-1,-1,-1
559,69,1814.48,237.01,60.56,174.65,0.3663,-1,-1,-1
559,73,375.13,225.51,67.68,187.09,0.5575,-1,-1,-1
559,76,1669.70,271.90,74.84,193.93,0.5369,-1,-1,-1
559,79,792.10,83.00,69.32,236.83,0.3930,-1,-1,-1
560,4,1725.90,458.85,64.78,202.58,0.6608,-1,-1,-1
560,17,461.63,92.25,57.22,180.09,0.3283,-1,-1,-1
560,28,240.41,890.95,93.53,189.04,0.7414,-1,-1,-1
560,32,1018.72,786.43,79.90,198.35,0.5256,-1,-1,-1
560,41,1102.64,801.79,84.72,232.59,0.5580,-1,-1,-1
560,54,752.34,590.82,79.56,244.52,0.6907,-1,-1,-1
560,69,1817.45,237.30,58.48,175.79,0.3580,-1,-1,-1
560,73,373.76,225.80,67.03,189.09,0.5483,-1,-1,-1
560,76,1668.02,271.12,74.99,192.86,0.5489,-1,-1,-1
560,79,793.96,91.76,66.79,227.02,0.4054,-1,-1,-1
561,4,1724.24,458.23,63.57,203.29,0.6692,-1,-1,-1
561,17,462.20,92.48,57.30,175.76,0.3464,-1,-1,-1
561,28,243.03,894.90,91.33,185.07,0.6753,-1,-1,-1
561,32,1018.52,787.74,78.87,199.03,0.4825,-1,-1,-1
561,41,1104.63,802.98,82.60,232.32,0.5989,-1,-1,-1
561,54,749.57,590.91,74.10,242.14,0.6935,-1,-1,-1
561,69,1818.51,237.83,60.94,176.98,0.3349,-1,-1,-1
561,73,373.76,228.03,66.96,187.99,0.5734,-1,-1,-1
561,76,1666.61,271.27,75.66,192.83,0.5645,-1,-1,-1
561,79,795.03,83.08,65.73,235.73,0.4368,-1,-1,-1
562,4,1722.95,456.99,63.84,206.34,0.6457,-1,-1,-1
562,28,244.31,898.42,91.94,181.08,0.6624,-1,-1,-1
562,32,1017.54,791.02,81.37,197.46,0.6256,-1,-1,-1
562,41,1105.26,805.59,86.17,234.77,0.6013,-1,-1,-1
562,54,747.12,593.12,71.44,236.12,0.6951,-1,-1,-1
562,69,1820.32,238.25,62.14,179.69,0.3344,-1,-1,-1
562,73,373.39,231.03,67.83,186.41,0.5962,-1,-1,-1
562,76,1663.73,270.71,77.38,192.14,0.5678,-1,-1,-1
562,79,793.98,79.56,67.36,238.58,0.4268,-1,-1,-1
563,4,1720.73,456.31,72.56,207.56,0.6369,-1,-1,-1
563,8,267.15,841.36,84.19,230.46,0.5087,-1,-1,-1
563,28,245.24,902.41,82.21,177.55,0.6872,-1,-1,-1
563,32,1017.78,795.15,84.19,220.59,0.5460,-1,-1,-1
563,41,1106.10,809.62,88.62,236.68,0.5833,-1,-1,-1
563,54,740.80,591.05,75.37,241.26,0.7025,-1,-1,-1
563,69,1819.73,241.72,63.04,177.70,0.3141,-1,-1,-1
563,73,375.25,234.38,66.57,184.90,0.5621,-1,-1,-1
563,76,1663.14,270.31,76.03,189.41,0.5080,-1,-1,-1
563,79,795.32,78.86,66.42,239.68,0.3973,-1,-1,-1
563,80,988.98,936.07,106.54,142.72,0.5186,-1,-1,-1
564,4,1720.35,453.84,69.07,208.78,0.6453,-1,-1,-1
564,8,268.61,842.84,86.71,230.00,0.5922,-1,-1,-1
564,28,246.41,905.53,79.81,174.44,0.7046,-1,-1,-1
564,32,1020.83,798.11,81.11,249.68,0.5988,-1,-1,-1
564,41,1106.14,812.23,86.88,241.94,0.5644,-1,-1,-1
564,54,735.31,589.73,78.67,242.84,0.6927,-1,-1,-1
564,69,1821.91,242.77,66.34,178.92,0.3454,-1,-1,-1
564,73,375.37,234.50,65.95,189.31,0.6124,-1,-1,-1
564,76,1663.48,269.63,74.61,188.98,0.5103,-1,-1,-1
564,79,796.19,77.20,67.39,241.87,0.4449,-1,-1,-1
564,80,986.12,935.93,110.02,142.83,0.5763,-1,-1,-1
565,4,1719.00,456.65,75.37,207.62,0.6392,-1,-1,-1
565,8,269.03,844.17,92.04,231.44,0.5831,-1,-1,-1
565,28,248.31,906.50,79.55,173.11,0.7142,-1,-1,-1
565,32,1019.79,798.69,86.71,266.36,0.6418,-1,-1,-1
565,41,1106.07,814.26,89.60,243.03,0.6164,-1,-1,-1
565,54,733.40,589.32,79.39,242.61,0.6093,-1,-1,-1
565,69,1823.24,245.10,67.25,176.67,0.3829,-1,-1,-1
565,73,375.57,235.76,64.28,191.19,0.6523,-1,-1,-1
565,76,1664.76,268.89,72.92,189.91,0.4917,-1,-1,-1
565,79,796.78,75.88,68.07,243.87,0.4429,-1,-1,-1
565,80,984.84,936.69,107.36,141.64,0.4411,-1,-1,-1
566,4,1717.82,456.23,76.11,208.35,0.6360,-1,-1,-1
566,8,270.17,846.51,98.86,232.11,0.6397,-1,-1,-1
566,28,248.74,908.71,79.65,171.27,0.7455,-1,-1,-1
566,32,1021.55,800.91,86.10,267.42,0.5950,-1,-1,-1
566,41,1101.13,817.31,95.44,243.93,0.6227,-1,-1,-1
566,54,733.91,590.70,76.52,240.67,0.6121,-1,-1,-1
566,69,1824.57,246.54,68.08,172.52,0.4076,-1,-1,-1
566,73,375.61,235.16,63.82,191.77,0.6637,-1,-1,-1
566,76,1667.43,269.55,68.59,183.19,0.5110,-1,-1,-1
566,79,797.22,76.09,68.33,243.13,0.4451,-1,-1,-1
566,80,984.85,933.01,103.92,145.97,0.5274,-1,-1,-1
566,81,1580.13,603.38,93.55,225.87,0.3021,-1,-1,-1
567,4,1716.54,457.05,79.59,209.92,0.6465,-1,-1,-1
567,8,270.13,848.11,104.58,231.73,0.6445,-1,-1,-1
567,17,473.87,89.94,49.09,168.06,0.3045,-1,-1,-1
567,28,249.05,910.94,79.15,169.05,0.7539,-1,-1,-1
567,32,1026.26,804.28,82.69,260.62,0.4888,-1,-1,-1
567,41,1113.10,819.71,84.70,240.96,0.4849,-1,-1,-1
567,54,730.39,590.83,78.38,242.53,0.5701,-1,-1,-1
567,69,1825.26,249.15,67.74,170.81,0.4121,-1,-1,-1
567,73,374.95,236.33,63.69,191.53,0.6654,-1,-1,-1
567,76,1668.61,270.19,65.03,181.28,0.5396,-1,-1,-1
567,79,796.03,76.83,70.48,242.30,0.4451,-1,-1,-1
567,80,985.31,931.54,100.90,146.94,0.6048,-1,-1,-1
567,81,1573.46,588.86,102.88,235.99,0.5721,-1,-1,-1
568,4,1716.65,456.59,77.53,210.42,0.6969,-1,-1,-1
568,8,271.48,849.26,106.93,230.25,0.6578,-1,-1,-1
568,28,248.74,912.82,81.01,167.17,0.7605,-1,-1,-1
568,32,1026.98,808.45,84.06,260.58,0.4821,-1,-1,-1
568,41,1113.31,822.02,84.85,240.16,0.4964,-1,-1,-1
568,54,730.53,589.14,76.56,244.50,0.6222,-1,-1,-1
568,69,1825.13,252.00,67.41,171.15,0.3848,-1,-1,-1
568,73,375.48,237.73,63.74,190.39,0.6410,-1,-1,-1
568,76,1669.40,270.63,62.08,181.91,0.5740,-1,-1,-1
568,79,794.81,75.83,73.11,243.54,0.4728,-1,-1,-1
568,80,985.07,933.11,100.33,144.61,0.3813,-1,-1,-1
568,81,1565.32,587.52,111.90,237.60,0.4070,-1,-1,-1
569,4,1715.49,457.46,78.74,209.74,0.6940,-1,-1,-1
569,8,277.59,851.28,106.68,228.46,0.6480,-1,-1,-1
569,28,248.85,914.21,81.17,165.77,0.7551,-1,-1,-1
569,32,1032.52,810.01,82.59,263.69,0.5725,-1,-1,-1
569,41,1115.44,825.25,83.16,239.74,0.4759,-1,-1,-1
569,54,726.14,588.00,79.91,246.03,0.6258,-1,-1,-1
569,69,1826.49,253.26,67.16,172.63,0.3845,-1,-1,-1
569,73,374.99,236.70,65.93,192.75,0.6379,-1,-1,-1
569,76,1667.80,267.23,61.91,184.30,0.5480,-1,-1,-1
569,79,795.98,74.73,72.66,244.80,0.4439,-1,-1,-1
569,81,1569.69,594.83,109.96,231.95,0.4378,-1,-1,-1
570,4,1714.78,457.00,79.05,209.33,0.6844,-1,-1,-1
570,8,280.43,852.64,108.36,227.36,0.6638,-1,-1,-1
570,28,248.81,915.64,80.73,164.34,0.7441,-1,-1,-1
570,32,1034.21,811.79,81.74,264.68,0.6021,-1,-1,-1
570,41,1119.27,826.45,83.77,241.71,0.5843,-1,-1,-1
570,54,724.48,586.53,80.79,249.31,0.6125,-1,-1,-1
570,69,1826.70,254.32,68.81,173.82,0.3344,-1,-1,-1
570,73,375.39,237.06,66.01,192.70,0.6358,-1,-1,-1
570,76,1666.74,265.90,62.07,182.25,0.5401,-1,-1,-1
570,79,795.16,72.89,74.35,247.17,0.4929,-1,-1,-1
570,80,990.65,932.54,86.94,145.76,0.3424,-1,-1,-1
570,81,1569.75,593.35,107.83,232.29,0.5582,-1,-1,-1
571,4,1714.83,455.59,80.78,209.35,0.6717,-1,-1,-1
571,8,283.02,855.46,106.30,224.60,0.6722,-1,-1,-1
571,28,247.30,918.85,81.49,161.18,0.7474,-1,-1,-1
571,32,1040.33,813.66,77.65,263.30,0.6701,-1,-1,-1
571,41,1128.48,828.59,75.25,242.64,0.6648,-1,-1,-1
571,54,719.18,587.53,85.73,247.20,0.5534,-1,-1,-1
571,73,374.98,236.22,66.83,191.93,0.6209,-1,-1,-1
571,76,1663.97,262.92,62.15,179.98,0.5543,-1,-1,-1
571,79,794.15,71.33,77.34,247.98,0.4731,-1,-1,-1
571,80,994.47,931.17,80.47,146.90,0.4015,-1,-1,-1
571,81,1560.69,587.70,116.87,237.14,0.5832,-1,-1,-1
572,4,1715.00,457.71,80.32,208.23,0.6374,-1,-1,-1
572,8,294.16,857.20,98.40,222.81,0.6897,-1,-1,-1
572,28,249.23,918.76,81.92,160.97,0.7483,-1,-1,-1
572,32,1042.23,816.67,78.60,258.73,0.6376,-1,-1,-1
572,41,1123.33,829.52,80.26,241.52,0.6076,-1,-1,-1
572,54,714.72,587.07,89.01,249.59,0.5184,-1,-1,-1
572,73,377.31,238.54,64.45,188.07,0.6146,-1,-1,-1
572,76,1663.27,260.29,64.12,180.42,0.5117,-1,-1,-1
572,79,792.59,71.72,79.40,247.22,0.4481,-1,-1,-1
572,80,992.08,929.51,82.52,149.36,0.5685,-1,-1,-1
572,81,1566.29,590.04,111.95,236.08,0.5158,-1,-1,-1
573,4,1714.97,457.09,81.75,210.26,0.6219,-1,-1,-1
573,8,292.73,859.21,94.71,220.21,0.6915,-1,-1,-1
573,28,247.04,925.21,83.20,154.90,0.7363,-1,-1,-1
573,32,1044.58,818.67,80.17,254.33,0.6229,-1,-1,-1
573,41,1124.60,831.62,78.93,245.01,0.6400,-1,-1,-1
573,54,712.91,587.17,88.19,249.65,0.6437,-1,-1,-1
573,73,377.39,240.27,64.06,184.58,0.6205,-1,-1,-1
573,76,1660.17,258.51,64.40,183.13,0.5208,-1,-1,-1
573,79,792.77,70.40,80.68,248.86,0.4695,-1,-1,-1
573,80,993.52,929.68,80.84,149.29,0.6000,-1,-1,-1
573,81,1562.82,587.52,116.39,237.78,0.4875,-1,-1,-1
574,4,1716.04,457.67,80.34,208.06,0.6431,-1,-1,-1
574,8,296.13,860.85,97.20,219.13,0.6989,-1,-1,-1
574,28,247.91,928.13,82.72,151.88,0.7363,-1,-1,-1
574,32,1046.31,819.22,81.43,251.85,0.6010,-1,-1,-1
574,41,1124.57,832.05,80.91,244.99,0.6193,-1,-1,-1
574,54,709.28,585.40,89.79,249.46,0.6973,-1,-1,-1
574,73,377.95,241.14,63.33,184.29,0.6426,-1,-1,-1
574,76,1659.97,257.01,66.89,184.53,0.5341,-1,-1,-1
574,79,791.43,69.43,82.13,251.06,0.4652,-1,-1,-1
574,80,996.32,928.89,77.25,149.64,0.5999,-1,-1,-1
574,81,1565.85,596.24,115.82,231.45,0.4327,-1,-1,-1
575,4,1715.76,456.39,80.35,208.64,0.6429,-1,-1,-1
575,8,297.53,863.09,94.89,216.93,0.6978,-1,-1,-1
575,28,249.37,925.26,80.59,154.60,0.7336,-1,-1,-1
575,32,1046.43,820.24,83.41,252.97,0.6197,-1,-1,-1
575,41,1121.19,834.21,89.21,243.90,0.6435,-1,-1,-1
575,54,708.62,584.19,89.49,249.31,0.6843,-1,-1,-1
575,73,377.84,240.57,64.29,187.27,0.6440,-1,-1,-1
575,76,1658.45,255.53,68.07,186.26,0.5483,-1,-1,-1
575,79,800.25,70.00,74.08,249.22,0.4358,-1,-1,-1
575,80,999.98,928.42,73.15,149.50,0.5778,-1,-1,-1
575,81,1564.90,600.06,113.36,227.19,0.5416,-1,-1,-1
576,4,1716.21,456.74,81.14,209.85,0.6140,-1,-1,-1
576,8,297.29,865.85,93.76,214.05,0.6980,-1,-1,-1
576,28,248.96,929.83,81.81,150.24,0.7420,-1,-1,-1
576,32,1047.53,820.81,81.86,252.34,0.5831,-1,-1,-1
576,41,1124.03,834.94,89.63,242.04,0.5982,-1,-1,-1
576,54,707.06,582.88,89.70,251.25,0.7060,-1,-1,-1
576,73,377.69,244.31,64.55,187.52,0.6619,-1,-1,-1
576,76,1656.87,253.96,69.84,186.01,0.5614,-1,-1,-1
576,79,804.31,69.90,70.09,248.66,0.4039,-1,-1,-1
576,80,1005.44,927.85,65.31,149.50,0.4794,-1,-1,-1
576,81,1567.25,598.29,109.29,226.71,0.6103,-1,-1,-1
577,4,1716.60,457.74,80.79,208.62,0.5882,-1,-1,-1
577,8,297.60,870.36,97.90,209.41,0.6995,-1,-1,-1
577,28,248.60,935.50,83.29,144.59,0.7434,-1,-1,-1
577,32,1049.52,822.69,80.63,249.02,0.5020,-1,-1,-1
577,41,1120.61,837.65,96.94,239.21,0.5135,-1,-1,-1
577,54,704.90,580.59,89.43,248.98,0.7006,-1,-1,-1
577,73,378.62,247.64,63.54,187.51,0.6275,-1,-1,-1
577,76,1655.02,251.74,71.73,187.62,0.5228,-1,-1,-1
577,79,805.41,70.28,69.84,247.68,0.4474,-1,-1,-1
577,80,1004.86,927.06,67.23,150.17,0.5721,-1,-1,-1
577,81,1563.76,600.19,113.39,226.56,0.5665,-1,-1,-1
578,4,1716.63,458.61,80.53,209.36,0.5581,-1,-1,-1
578,8,297.49,872.07,96.03,207.18,0.6970,-1,-1,-1
578,28,248.95,940.73,82.48,139.34,0.7393,-1,-1,-1
578,32,1053.21,823.64,78.21,246.03,0.4857,-1,-1,-1
578,41,1126.31,839.68,81.16,237.98,0.4756,-1,-1,-1
578,54,703.47,576.65,88.43,246.30,0.6782,-1,-1,-1
578,73,377.76,249.72,63.78,188.42,0.6461,-1,-1,-1
578,76,1654.40,250.40,73.04,189.38,0.5595,-1,-1,-1
578,79,808.11,70.31,67.63,246.97,0.4349,-1,-1,-1
578,80,1005.29,926.58,69.86,150.76,0.5381,-1,-1,-1
578,81,1562.32,601.35,112.82,226.18,0.5782,-1,-1,-1
579,4,1716.96,459.10,80.18,209.07,0.5644,-1,-1,-1
579,8,297.45,873.76,95.88,204.89,0.6984,-1,-1,-1
579,28,248.68,944.16,82.10,135.86,0.7282,-1,-1,-1
579,32,1052.95,826.32,82.45,248.00,0.5004,-1,-1,-1
579,41,1127.83,839.45,91.13,237.75,0.5757,-1,-1,-1
579,54,703.19,574.50,83.19,233.14,0.5914,-1,-1,-1
579,69,1841.94,255.79,62.67,173.74,0.3462,-1,-1,-1
579,73,377.80,250.52,63.64,187.96,0.6680,-1,-1,-1
579,76,1649.97,248.70,78.22,192.52,0.5498,-1,-1,-1
579,79,808.54,69.37,66.82,248.13,0.4630,-1,-1,-1
579,80,1007.06,925.48,72.09,151.21,0.5378,-1,-1,-1
579,81,1563.13,601.75,112.98,225.46,0.6080,-1,-1,-1
580,4,1717.07,459.13,79.62,211.36,0.5837,-1,-1,-1
580,8,295.08,874.55,96.41,205.38,0.7240,-1,-1,-1
580,28,246.82,945.89,83.13,133.52,0.7223,-1,-1,-1
580,32,1055.06,828.41,80.55,246.59,0.4892,-1,-1,-1
580,41,1129.11,841.45,82.81,238.05,0.5567,-1,-1,-1
580,54,704.39,576.23,78.20,247.79,0.5800,-1,-1,-1
580,69,1844.49,256.05,65.12,175.65,0.3618,-1,-1,-1
580,73,377.59,252.71,63.26,187.14,0.6869,-1,-1,-1
580,76,1648.65,248.43,79.08,190.99,0.5544,-1,-1,-1
580,79,806.92,67.59,68.09,250.47,0.4912,-1,-1,-1
580,80,1005.62,925.79,77.34,150.79,0.5673,-1,-1,-1
580,81,1561.30,601.83,115.61,225.78,0.6067,-1,-1,-1
581,4,1718.04,457.83,77.19,210.74,0.5736,-1,-1,-1
581,8,293.99,875.88,99.79,204.03,0.7253,-1,-1,-1
581,28,248.43,947.62,81.61,132.06,0.7270,-1,-1,-1
581,32,1058.31,831.21,80.98,242.13,0.5539,-1,-1,-1
581,41,1131.03,841.38,96.16,238.38,0.5231,-1,-1,-1
581,54,703.95,573.97,74.15,249.76,0.6005,-1,-1,-1
581,69,1848.26,255.62,61.59,179.74,0.3802,-1,-1,-1
581,73,376.92,254.93,63.89,184.87,0.6495,-1,-1,-1
581,76,1647.64,246.82,78.67,191.37,0.4980,-1,-1,-1
581,79,807.24,68.16,67.28,249.32,0.4389,-1,-1,-1
581,80,1005.79,925.41,78.76,151.12,0.5918,-1,-1,-1
581,81,1562.25,600.94,114.65,226.14,0.5769,-1,-1,-1
582,4,1719.88,457.74,76.92,207.97,0.5341,-1,-1,-1
582,8,296.14,877.58,100.58,202.42,0.7379,-1,-1,-1
582,28,247.45,948.29,81.93,131.36,0.7120,-1,-1,-1
582,32,1060.57,834.68,79.87,235.51,0.5553,-1,-1,-1
582,41,1129.23,844.93,98.35,235.30,0.5298,-1,-1,-1
582,54,703.23,570.47,73.25,241.49,0.4723,-1,-1,-1
582,73,375.99,255.65,64.53,186.32,0.6423,-1,-1,-1
582,76,1646.66,246.95,79.08,191.70,0.4704,-1,-1,-1
582,79,807.75,67.18,66.81,250.24,0.4480,-1,-1,-1
582,80,1004.10,925.74,84.58,152.28,0.6061,-1,-1,-1
582,81,1563.54,602.93,113.46,223.85,0.5270,-1,-1,-1
583,4,1719.96,457.63,76.16,208.59,0.5856,-1,-1,-1
583,8,297.89,879.65,97.68,200.36,0.7511,-1,-1,-1
583,28,246.36,948.74,82.32,131.14,0.7092,-1,-1,-1
583,32,1064.11,838.78,78.40,237.99,0.6572,-1,-1,-1
583,41,1141.61,845.59,88.74,234.43,0.6567,-1,-1,-1
583,54,702.36,569.34,69.09,232.00,0.4294,-1,-1,-1
583,69,1851.23,257.37,63.93,182.41,0.3633,-1,-1,-1
583,73,374.56,256.73,66.16,188.78,0.6740,-1,-1,-1
583,76,1645.93,246.80,80.42,190.48,0.4970,-1,-1,-1
583,79,807.79,65.63,66.82,251.80,0.4599,-1,-1,-1
583,80,1004.77,926.45,79.86,152.05,0.5775,-1,-1,-1
583,81,1559.26,606.03,111.88,224.03,0.4248,-1,-1,-1
584,4,1718.34,453.96,79.10,212.68,0.6190,-1,-1,-1
584,8,299.49,881.29,95.99,198.70,0.7554,-1,-1,-1
584,28,245.70,949.73,81.41,130.23,0.7006,-1,-1,-1
584,32,1060.77,842.02,82.82,237.95,0.6875,-1,-1,-1
584,41,1139.40,848.14,90.79,231.94,0.6698,-1,-1,-1
584,73,372.67,257.34,66.76,190.12,0.6971,-1,-1,-1
584,76,1645.53,247.23,80.26,188.87,0.5110,-1,-1,-1
584,79,810.15,66.45,64.51,250.66,0.4438,-1,-1,-1
584,80,1003.77,926.43,64.15,152.21,0.5636,-1,-1,-1
584,81,1561.52,602.28,112.13,224.87,0.5075,-1,-1,-1
585,4,1720.04,456.37,75.90,208.15,0.6333,-1,-1,-1
585,8,299.51,883.33,95.39,196.68,0.7540,-1,-1,-1
585,28,245.77,950.97,81.33,128.72,0.7089,-1,-1,-1
585,32,1061.45,843.84,79.33,235.68,0.7317,-1,-1,-1
585,41,1140.56,851.73,89.95,228.36,0.7215,-1,-1,-1
585,73,372.19,257.78,66.44,189.15,0.7124,-1,-1,-1
585,76,1644.18,247.34,82.87,188.00,0.5324,-1,-1,-1
585,79,808.67,68.00,65.78,249.46,0.4733,-1,-1,-1
585,80,1003.10,927.37,64.28,150.63,0.5902,-1,-1,-1
585,81,1559.43,606.10,112.11,224.11,0.4350,-1,-1,-1
586,4,1719.64,456.76,74.20,206.18,0.6225,-1,-1,-1
586,8,300.97,886.27,94.29,193.76,0.7593,-1,-1,-1
586,28,243.83,952.60,83.18,127.20,0.7043,-1,-1,-1
586,32,1062.25,845.96,80.52,232.20,0.7110,-1,-1,-1
586,41,1145.51,854.74,88.31,225.33,0.6962,-1,-1,-1
586,73,372.24,257.96,65.33,189.71,0.7201,-1,-1,-1
586,76,1646.21,247.74,80.64,186.83,0.5342,-1,-1,-1
586,79,808.96,68.75,64.89,249.38,0.4838,-1,-1,-1
586,80,1004.45,928.26,60.47,149.96,0.6021,-1,-1,-1
586,81,1563.74,603.04,113.70,224.19,0.5349,-1,-1,-1
587,4,1721.75,455.09,73.18,209.84,0.6415,-1,-1,-1
587,8,302.39,888.55,94.27,191.28,0.7585,-1,-1,-1
587,28,246.64,954.97,81.30,125.04,0.7237,-1,-1,-1
587,32,1065.69,847.51,78.63,230.06,0.7136,-1,-1,-1
587,41,1149.14,858.28,88.64,221.81,0.6702,-1,-1,-1
587,69,1854.38,257.31,64.55,185.79,0.3113,-1,-1,-1
587,73,371.23,258.41,65.59,189.39,0.7014,-1,-1,-1
587,76,1646.19,247.31,80.59,185.95,0.5090,-1,-1,-1
587,79,808.01,70.34,65.21,248.61,0.4747,-1,-1,-1
587,80,1002.77,929.34,62.76,148.90,0.6302,-1,-1,-1
587,81,1560.83,602.94,112.11,227.39,0.5407,-1,-1,-1
588,4,1721.77,453.00,67.54,213.65,0.6288,-1,-1,-1
588,8,302.57,891.17,93.87,188.84,0.7550,-1,-1,-1
588,28,246.62,957.66,81.76,122.36,0.7205,-1,-1,-1
588,32,1067.39,849.79,77.29,225.21,0.7057,-1,-1,-1
588,41,1149.51,857.83,92.91,222.09,0.6636,-1,-1,-1
588,69,1857.10,256.73,62.09,186.00,0.3226,-1,-1,-1
588,73,371.31,258.54,65.60,189.54,0.7077,-1,-1,-1
588,76,1648.31,245.44,78.25,186.87,0.5003,-1,-1,-1
588,79,808.38,70.14,64.60,248.58,0.4545,-1,-1,-1
588,80,1001.47,930.31,63.47,149.52,0.6199,-1,-1,-1
588,81,1563.08,602.41,112.83,224.95,0.5312,-1,-1,-1
589,4,1723.81,455.79,70.22,208.32,0.6440,-1,-1,-1
589,8,302.36,894.93,93.97,185.11,0.7671,-1,-1,-1
589,28,246.81,961.07,82.44,118.97,0.7215,-1,-1,-1
589,32,1066.94,850.67,78.77,226.89,0.7151,-1,-1,-1
589,41,1154.55,857.92,90.97,222.04,0.6852,-1,-1,-1
589,73,370.46,259.89,65.47,187.12,0.7047,-1,-1,-1
589,76,1651.05,242.58,76.10,182.95,0.5038,-1,-1,-1
589,79,809.20,75.31,63.32,242.11,0.4088,-1,-1,-1
589,80,1002.40,930.76,61.35,149.25,0.6252,-1,-1,-1
589,81,1559.51,603.60,112.41,226.59,0.5507,-1,-1,-1
589,83,284.77,117.10,58.53,177.20,0.3529,-1,-1,-1
590,4,1722.67,455.93,72.49,208.92,0.6049,-1,-1,-1
590,8,305.12,895.71,92.29,183.69,0.7619,-1,-1,-1
590,28,246.25,963.25,82.14,116.75,0.6995,-1,-1,-1
590,32,1067.55,852.19,81.21,226.12,0.7315,-1,-1,-1
590,41,1157.10,861.76,89.68,218.33,0.6949,-1,-1,-1
590,73,370.02,261.54,65.10,185.84,0.7151,-1,-1,-1
590,76,1654.30,240.59,73.26,183.60,0.5250,-1,-1,-1
590,79,808.90,73.24,62.48,244.68,0.3703,-1,-1,-1
590,80,1001.47,931.10,61.65,148.91,0.6393,-1,-1,-1
590,81,1559.49,603.84,112.21,226.15,0.5484,-1,-1,-1
590,83,284.90,118.98,59.08,176.43,0.3602,-1,-1,-1
591,4,1723.17,457.72,71.71,206.64,0.6264,-1,-1,-1
591,8,306.27,897.95,91.66,179.85,0.7609,-1,-1,-1
591,28,246.00,966.65,82.30,113.39,0.7019,-1,-1,-1
591,32,1068.76,853.03,82.59,225.57,0.7239,-1,-1,-1
591,41,1158.61,863.00,90.37,217.00,0.6917,-1,-1,-1
591,73,368.75,262.72,66.39,184.93,0.7221,-1,-1,-1
591,76,1655.56,239.64,72.86,182.96,0.5817,-1,-1,-1
591,79,808.24,76.58,60.67,240.80,0.3322,-1,-1,-1
591,80,1001.21,932.20,59.51,147.86,0.6284,-1,-1,-1
591,81,1560.35,603.60,112.20,225.78,0.5713,-1,-1,-1
591,83,284.12,120.65,58.89,175.41,0.3587,-1,-1,-1
592,4,1722.38,457.40,71.57,206.70,0.6259,-1,-1,-1
592,8,308.01,901.99,90.35,176.55,0.7388,-1,-1,-1
592,28,248.40,968.96,82.26,111.04,0.7215,-1,-1,-1
592,32,1069.89,854.39,81.13,222.59,0.7155,-1,-1,-1
592,41,1156.78,865.93,93.78,214.12,0.6865,-1,-1,-1
592,73,368.23,264.50,65.89,181.90,0.7180,-1,-1,-1
592,76,1656.48,237.73,73.75,186.40,0.6352,-1,-1,-1
592,79,808.83,82.25,58.84,234.53,0.3071,-1,-1,-1
592,80,1000.40,932.95,59.82,147.09,0.5837,-1,-1,-1
592,81,1560.51,603.04,112.32,226.75,0.5076,-1,-1,-1
592,83,284.88,118.74,57.48,176.40,0.3560,-1,-1,-1
593,4,1720.51,454.80,69.94,212.92,0.6502,-1,-1,-1
593,8,308.07,908.07,91.59,171.97,0.7730,-1,-1,-1
593,28,249.49,971.48,82.26,108.53,0.7288,-1,-1,-1
593,32,1071.68,855.38,80.17,221.25,0.7243,-1,-1,-1
593,41,1161.72,868.41,90.02,211.62,0.6765,-1,-1,-1
593,73,367.63,265.25,66.26,184.11,0.7253,-1,-1,-1
593,76,1655.97,235.39,73.14,185.65,0.6654,-1,-1,-1
593,79,809.61,83.67,58.36,233.41,0.3156,-1,-1,-1
593,80,1000.75,933.38,59.29,146.21,0.5827,-1,-1,-1
593,81,1560.89,603.29,111.08,226.41,0.4754,-1,-1,-1
593,83,283.85,118.07,58.64,177.65,0.3423,-1,-1,-1
594,4,1720.50,454.90,69.95,213.03,0.6489,-1,-1,-1
594,8,309.25,910.27,93.62,169.72,0.7760,-1,-1,-1
594,28,250.03,975.26,85.75,104.78,0.7216,-1,-1,-1
594,32,1072.93,856.66,79.18,222.22,0.7192,-1,-1,-1
594,41,1163.02,870.45,89.47,209.57,0.6684,-1,-1,-1
594,73,367.39,266.92,65.25,186.38,0.7210,-1,-1,-1
594,76,1657.38,232.91,71.35,186.85,0.6364,-1,-1,-1
594,80,1001.13,935.09,58.27,144.97,0.5754,-1,-1,-1
594,81,1561.75,605.58,109.74,223.74,0.4859,-1,-1,-1
594,83,283.48,117.06,58.81,179.24,0.3422,-1,-1,-1
595,4,1720.88,453.55,70.70,213.53,0.6800,-1,-1,-1
595,8,310.21,911.53,95.37,168.44,0.7621,-1,-1,-1
595,28,250.42,978.64,82.77,101.38,0.7020,-1,-1,-1
595,32,1074.06,858.82,80.44,221.18,0.7198,-1,-1,-1
595,41,1165.32,871.97,88.21,208.02,0.6596,-1,-1,-1
595,73,366.19,269.71,66.02,188.73,0.7234,-1,-1,-1
595,76,1658.09,230.94,70.75,188.63,0.6288,-1,-1,-1
595,80,1000.53,935.51,57.43,144.49,0.5941,-1,-1,-1
595,81,1562.46,605.29,109.35,223.83,0.4463,-1,-1,-1
595,83,282.93,114.98,59.38,180.53,0.3433,-1,-1,-1
596,4,1718.58,453.12,73.38,214.88,0.7022,-1,-1,-1
596,8,312.12,912.51,94.82,167.45,0.7697,-1,-1,-1
596,28,251.25,981.21,83.41,98.78,0.7023,-1,-1,-1
596,32,1074.12,861.06,81.85,218.98,0.7212,-1,-1,-1
596,41,1170.08,873.83,83.52,206.18,0.6875,-1,-1,-1
596,73,365.37,269.87,66.10,192.04,0.7262,-1,-1,-1
596,76,1657.52,229.63,70.76,187.74,0.6109,-1,-1,-1
596,80,999.79,934.94,58.18,143.07,0.5734,-1,-1,-1
596,81,1562.45,606.23,109.22,223.80,0.4583,-1,-1,-1
596,83,283.05,117.21,59.46,178.51,0.3264,-1,-1,-1
597,4,1717.39,454.42,74.82,213.14,0.6879,-1,-1,-1
597,8,314.18,912.86,94.32,167.09,0.7388,-1,-1,-1
597,28,251.35,982.30,84.02,97.65,0.6962,-1,-1,-1
597,32,1076.32,863.48,78.00,216.57,0.6756,-1,-1,-1
597,41,1171.96,875.65,82.84,204.35,0.6502,-1,-1,-1
597,73,364.37,271.85,66.66,191.29,0.7106,-1,-1,-1
597,76,1658.50,227.54,70.17,188.85,0.5946,-1,-1,-1
597,80,999.22,935.77,59.17,141.83,0.6178,-1,-1,-1
597,81,1560.74,608.74,111.01,221.60,0.4112,-1,-1,-1
598,4,1715.45,453.88,76.80,213.23,0.7063,-1,-1,-1
598,8,313.78,913.43,98.49,165.57,0.7353,-1,-1,-1
598,28,252.00,983.96,83.85,96.01,0.6775,-1,-1,-1
598,32,1077.30,865.01,79.75,215.00,0.6630,-1,-1,-1
598,41,1168.45,877.66,88.24,202.35,0.6632,-1,-1,-1
598,73,363.98,272.54,66.70,190.63,0.7066,-1,-1,-1
598,76,1657.05,226.83,69.83,189.37,0.5924,-1,-1,-1
598,80,999.52,936.49,62.00,141.15,0.6252,-1,-1,-1
598,81,1559.66,611.28,111.92,219.26,0.3856,-1,-1,-1
599,4,1713.85,453.87,79.37,212.91,0.7033,-1,-1,-1
599,8,313.34,915.86,101.56,162.79,0.7266,-1,-1,-1
599,28,253.54,984.95,79.61,94.99,0.6594,-1,-1,-1
599,32,1078.38,867.36,82.10,212.69,0.6205,-1,-1,-1
599,41,1171.31,880.75,86.47,199.30,0.6588,-1,-1,-1
599,73,364.86,272.75,65.84,191.77,0.6718,-1,-1,-1
599,76,1653.70,227.67,70.84,188.35,0.5514,-1,-1,-1
599,80,998.51,936.81,60.76,140.85,0.6463,-1,-1,-1
599,81,1559.93,608.81,112.14,221.55,0.3645,-1,-1,-1
599,83,281.16,114.94,60.74,181.56,0.3118,-1,-1,-1
600,4,1714.18,453.95,79.17,211.45,0.7204,-1,-1,-1
600,8,314.29,917.96,104.72,159.82,0.7042,-1,-1,-1
600,28,253.21,985.95,83.42,93.99,0.6492,-1,-1,-1
600,32,1079.98,869.46,81.84,210.57,0.6533,-1,-1,-1
600,41,1177.77,884.54,80.39,195.54,0.6591,-1,-1,-1
600,73,365.28,274.92,65.59,192.05,0.6770,-1,-1,-1
600,76,1651.27,226.97,71.60,185.22,0.5438,-1,-1,-1
600,80,998.59,938.67,60.50,139.21,0.6405,-1,-1,-1
600,81,1560.67,607.18,112.41,221.44,0.3520,-1,-1,-1
600,84,429.74,74.02,53.98,160.72,0.3711,-1,-1,-1
601,4,1714.19,454.09,80.25,213.18,0.7011,-1,-1,-1
601,8,314.54,919.64,103.65,158.53,0.7213,-1,-1,-1
601,28,253.34,986.13,84.67,93.78,0.6266,-1,-1,-1
601,32,1080.95,872.18,85.44,207.89,0.6061,-1,-1,-1
601,41,1175.02,886.57,83.87,193.42,0.6562,-1,-1,-1
601,73,364.19,274.57,65.30,197.09,0.7022,-1,-1,-1
601,76,1647.54,226.89,73.14,186.37,0.5772,-1,-1,-1
601,80,998.63,939.87,58.50,137.93,0.6215,-1,-1,-1
601,81,1562.33,602.14,110.39,224.91,0.3931,-1,-1,-1
602,4,1711.81,455.46,82.78,211.88,0.6952,-1,-1,-1
602,8,316.05,921.36,104.53,156.06,0.7219,-1,-1,-1
602,28,253.47,988.49,85.02,91.54,0.6103,-1,-1,-1
602,32,1079.22,875.31,88.24,204.74,0.6726,-1,-1,-1
602,41,1174.67,888.50,85.31,191.49,0.6500,-1,-1,-1
602,73,365.38,274.20,63.74,196.78,0.6822,-1,-1,-1
602,76,1647.68,227.49,72.03,183.37,0.5906,-1,-1,-1
602,80,996.00,940.38,60.30,137.54,0.6517,-1,-1,-1
602,81,1562.52,598.99,115.14,226.67,0.5921,-1,-1,-1
603,4,1710.90,455.37,84.20,214.22,0.7157,-1,-1,-1
603,8,316.58,924.61,104.25,153.73,0.7366,-1,-1,-1
603,28,254.11,991.22,84.65,88.82,0.6238,-1,-1,-1
603,32,1080.61,878.10,87.75,201.94,0.6608,-1,-1,-1
603,41,1176.02,890.89,83.21,189.13,0.6053,-1,-1,-1
603,73,363.72,276.46,66.12,195.00,0.6959,-1,-1,-1
603,76,1647.30,228.30,69.56,182.84,0.6226,-1,-1,-1
603,80,995.97,940.90,59.27,136.99,0.6630,-1,-1,-1
603,81,1563.24,600.05,112.27,227.03,0.4905,-1,-1,-1
604,4,1709.33,454.56,85.66,211.68,0.7136,-1,-1,-1
604,8,317.87,927.23,104.24,151.15,0.7546,-1,-1,-1
604,28,254.64,992.78,84.89,87.20,0.6278,-1,-1,-1
604,32,1079.93,880.95,91.57,199.10,0.6016,-1,-1,-1
604,41,1178.78,893.18,79.70,186.83,0.5316,-1,-1,-1
604,73,365.23,276.64,64.40,196.23,0.6817,-1,-1,-1
604,76,1649.55,227.78,65.48,182.02,0.6065,-1,-1,-1
604,80,996.66,942.44,59.34,135.98,0.6400,-1,-1,-1
604,81,1563.35,598.91,112.46,228.10,0.4367,-1,-1,-1
605,4,1710.91,454.15,84.64,213.54,0.7034,-1,-1,-1
605,8,320.26,930.11,100.74,148.50,0.7467,-1,-1,-1
605,28,254.49,994.66,85.61,85.34,0.6276,-1,-1,-1
605,32,1085.25,883.15,89.08,196.86,0.5590,-1,-1,-1
605,41,1182.93,896.08,73.07,183.97,0.5165,-1,-1,-1
605,73,363.26,276.55,67.07,195.71,0.6850,-1,-1,-1
605,76,1648.27,228.31,66.20,178.90,0.5559,-1,-1,-1
605,80,996.67,943.59,59.13,135.31,0.6215,-1,-1,-1
605,81,1564.09,602.33,108.51,225.20,0.3548,-1,-1,-1
606,4,1711.78,454.91,84.44,212.92,0.6995,-1,-1,-1
606,8,322.23,933.32,98.20,146.49,0.7544,-1,-1,-1
606,28,253.92,997.65,85.24,82.41,0.6131,-1,-1,-1
606,32,1090.30,886.01,84.76,194.04,0.5630,-1,-1,-1
606,41,1180.78,898.15,76.37,181.84,0.5180,-1,-1,-1
606,73,362.93,277.19,67.00,195.04,0.6936,-1,-1,-1
606,76,1646.91,228.32,66.45,177.78,0.5481,-1,-1,-1
606,80,996.10,944.76,58.58,134.85,0.5921,-1,-1,-1
606,81,1561.09,607.41,110.21,222.83,0.5032,-1,-1,-1
607,4,1709.97,455.25,86.65,212.35,0.7110,-1,-1,-1
607,8,323.05,935.93,96.27,144.08,0.7346,-1,-1,-1
607,28,253.87,1000.36,83.54,79.67,0.6116,-1,-1,-1
607,32,1095.29,887.13,83.34,192.81,0.5637,-1,-1,-1
607,41,1181.71,897.62,76.32,182.15,0.4728,-1,-1,-1
607,73,363.70,278.09,66.20,193.89,0.6977,-1,-1,-1
607,76,1646.42,227.37,65.55,177.75,0.5490,-1,-1,-1
607,80,995.43,945.32,58.99,134.29,0.5981,-1,-1,-1
607,81,1563.29,610.08,108.65,220.03,0.4502,-1,-1,-1
607,84,433.59,72.14,51.47,172.54,0.4022,-1,-1,-1
608,4,1710.16,454.46,86.48,213.35,0.7104,-1,-1,-1
608,8,322.80,940.76,97.38,139.30,0.7450,-1,-1,-1
608,28,253.12,1002.33,84.74,77.67,0.6198,-1,-1,-1
608,32,1099.33,889.22,80.45,190.77,0.5828,-1,-1,-1
608,41,1183.86,898.88,73.47,181.05,0.5008,-1,-1,-1
608,73,362.19,277.68,66.72,193.30,0.6765,-1,-1,-1
608,76,1645.95,226.33,63.44,181.06,0.5323,-1,-1,-1
608,80,995.20,945.59,59.59,134.36,0.5932,-1,-1,-1
608,81,1562.52,610.68,108.70,218.71,0.4518,-1,-1,-1
608,84,434.65,71.70,51.12,174.29,0.3620,-1,-1,-1
609,4,1711.91,454.41,84.11,212.27,0.7437,-1,-1,-1
609,8,320.46,942.76,98.96,134.11,0.7329,-1,-1,-1
609,28,253.48,1005.35,83.88,74.45,0.6136,-1,-1,-1
609,32,1100.79,889.77,80.59,190.15,0.5874,-1,-1,-1
609,41,1182.59,899.91,81.45,180.03,0.5192,-1,-1,-1
609,54,597.81,555.83,80.06,227.25,0.4175,-1,-1,-1
609,73,362.63,277.17,66.12,193.96,0.6863,-1,-1,-1
609,76,1642.10,223.20,67.11,186.87,0.5488,-1,-1,-1
609,80,993.65,946.56,60.99,133.45,0.6184,-1,-1,-1
609,81,1562.67,607.75,107.78,222.03,0.4511,-1,-1,-1
609,84,435.33,70.65,51.21,176.05,0.3798,-1,-1,-1
610,4,1711.83,454.30,84.35,212.08,0.7385,-1,-1,-1
610,8,321.03,945.45,97.13,131.39,0.7271,-1,-1,-1
610,28,253.52,1008.53,80.36,70.77,0.5558,-1,-1,-1
610,32,1101.46,889.91,80.68,189.98,0.5699,-1,-1,-1
610,41,1182.94,900.17,80.11,179.72,0.5107,-1,-1,-1
610,54,591.19,552.40,86.65,228.58,0.5021,-1,-1,-1
610,73,361.72,278.30,66.52,193.68,0.6985,-1,-1,-1
610,76,1640.18,221.28,67.44,183.61,0.5342,-1,-1,-1
610,80,992.28,946.21,61.43,133.74,0.6249,-1,-1,-1
610,81,1564.85,597.79,111.23,227.50,0.3986,-1,-1,-1
610,84,435.24,72.37,51.93,174.18,0.3623,-1,-1,-1
611,4,1710.88,454.70,85.37,213.25,0.7413,-1,-1,-1
611,8,319.39,948.28,96.36,131.58,0.7309,-1,-1,-1
611,28,254.20,1011.85,75.79,67.31,0.5009,-1,-1,-1
611,32,1102.53,890.79,82.92,189.15,0.5772,-1,-1,-1
611,41,1182.79,901.94,81.80,178.06,0.5082,-1,-1,-1
611,54,584.92,548.78,92.90,233.36,0.5641,-1,-1,-1
611,73,360.65,280.40,67.86,192.66,0.7044,-1,-1,-1
611,76,1639.66,218.33,66.47,184.13,0.5444,-1,-1,-1
611,80,991.26,945.99,62.02,133.97,0.6316,-1,-1,-1
611,81,1565.39,594.67,111.96,229.98,0.5357,-1,-1,-1
611,84,436.15,74.91,52.12,171.75,0.3357,-1,-1,-1
612,4,1709.56,453.66,86.81,213.18,0.7546,-1,-1,-1
612,8,319.28,948.88,96.85,131.08,0.7591,-1,-1,-1
612,28,253.12,1014.89,76.76,64.97,0.4784,-1,-1,-1
612,32,1106.20,892.22,79.28,187.77,0.5752,-1,-1,-1
612,41,1180.48,904.13,83.98,175.92,0.5084,-1,-1,-1
612,54,579.60,548.33,98.47,234.62,0.6291,-1,-1,-1
612,73,359.53,283.00,68.00,191.98,0.6711,-1,-1,-1
612,76,1637.63,215.90,67.42,185.85,0.5590,-1,-1,-1
612,80,990.68,945.97,62.50,134.00,0.6089,-1,-1,-1
612,81,1566.04,601.88,109.28,224.98,0.4843,-1,-1,-1
613,4,1711.63,453.32,84.05,213.53,0.7485,-1,-1,-1
613,8,319.67,951.69,95.46,128.33,0.7308,-1,-1,-1
613,28,253.52,1017.28,75.79,62.65,0.3958,-1,-1,-1
613,32,1106.35,893.37,80.10,186.60,0.5130,-1,-1,-1
613,41,1183.53,906.97,83.40,173.19,0.3373,-1,-1,-1
613,54,579.64,548.26,99.29,235.06,0.6573,-1,-1,-1
613,73,360.01,286.34,66.29,193.23,0.6755,-1,-1,-1
613,76,1636.39,213.18,67.66,188.83,0.5707,-1,-1,-1
613,80,989.32,947.11,63.35,132.92,0.6229,-1,-1,-1
613,81,1563.55,606.78,108.24,222.67,0.5302,-1,-1,-1
613,86,804.54,136.07,60.03,182.70,0.3793,-1,-1,-1
614,4,1712.23,453.01,83.21,213.36,0.7401,-1,-1,-1
614,8,319.67,952.62,96.06,127.34,0.7285,-1,-1,-1
614,28,254.19,1020.19,74.71,59.84,0.3787,-1,-1,-1
614,32,1107.09,896.68,83.18,183.42,0.5917,-1,-1,-1
614,41,1186.48,910.60,80.43,169.54,0.4911,-1,-1,-1
614,54,576.82,548.73,101.01,235.71,0.6425,-1,-1,-1
614,73,358.60,285.69,67.20,197.37,0.6760,-1,-1,-1
614,76,1634.18,211.86,68.76,185.21,0.5783,-1,-1,-1
614,80,987.67,946.03,64.43,133.90,0.6455,-1,-1,-1
614,81,1562.61,609.17,108.84,221.04,0.4837,-1,-1,-1
614,86,806.93,138.46,57.81,179.78,0.3852,-1,-1,-1
615,4,1712.41,452.34,82.86,215.26,0.7523,-1,-1,-1
615,8,319.88,955.76,94.41,124.27,0.7240,-1,-1,-1
615,28,251.23,1023.97,71.77,56.16,0.3566,-1,-1,-1
615,32,1106.78,898.47,81.87,181.54,0.5791,-1,-1,-1
615,41,1190.33,914.05,79.43,166.11,0.4074,-1,-1,-1
615,54,576.99,548.33,99.11,235.31,0.6242,-1,-1,-1
615,73,357.20,286.54,67.75,197.92,0.6715,-1,-1,-1
615,76,1631.86,210.23,69.66,184.67,0.5851,-1,-1,-1
615,80,987.18,945.91,63.83,134.07,0.6482,-1,-1,-1
615,81,1562.16,606.90,109.49,222.68,0.4943,-1,-1,-1
615,86,806.17,142.06,58.14,177.43,0.3918,-1,-1,-1
616,4,1713.35,452.22,82.10,216.14,0.7283,-1,-1,-1
616,8,320.23,958.67,93.74,121.35,0.7305,-1,-1,-1
616,28,256.32,1023.19,68.66,56.49,0.3792,-1,-1,-1
616,32,1108.93,901.35,83.88,178.71,0.6109,-1,-1,-1
616,41,1196.47,915.67,76.94,163.99,0.4825,-1,-1,-1
616,54,577.77,546.94,94.91,232.25,0.5553,-1,-1,-1
616,73,355.72,286.94,69.60,197.37,0.6788,-1,-1,-1
616,76,1630.57,209.95,70.54,183.46,0.5464,-1,-1,-1
616,80,984.93,947.15,64.22,132.89,0.6759,-1,-1,-1
616,81,1561.34,605.59,110.95,224.09,0.5183,-1,-1,-1
616,86,805.72,143.46,58.69,176.42,0.3823,-1,-1,-1
617,4,1713.33,452.81,82.35,214.59,0.7016,-1,-1,-1
617,8,320.90,960.61,94.25,119.38,0.7207,-1,-1,-1
617,28,253.73,1025.84,67.48,54.16,0.3571,-1,-1,-1
617,32,1109.72,903.01,81.07,176.99,0.6093,-1,-1,-1
617,41,1193.80,918.33,79.32,161.69,0.3872,-1,-1,-1
617,54,578.73,544.99,73.27,232.20,0.4815,-1,-1,-1
617,73,355.15,290.60,67.78,195.81,0.6578,-1,-1,-1
617,76,1629.32,209.30,71.49,185.68,0.5322,-1,-1,-1
617,80,982.38,945.56,65.68,134.37,0.6921,-1,-1,-1
617,81,1560.58,601.14,112.67,227.99,0.5696,-1,-1,-1
617,86,806.45,144.65,58.18,176.04,0.3678,-1,-1,-1
618,4,1714.66,453.51,80.23,211.92,0.6877,-1,-1,-1
618,8,320.18,963.30,95.28,116.72,0.7008,-1,-1,-1
618,28,254.72,1027.00,64.33,52.87,0.3316,-1,-1,-1
618,32,1111.74,907.16,78.39,172.95,0.6354,-1,-1,-1
618,41,1192.77,920.36,80.40,159.63,0.4316,-1,-1,-1
618,54,574.81,541.19,71.53,234.97,0.5771,-1,-1,-1
618,73,354.43,291.77,67.64,195.68,0.6652,-1,-1,-1
618,76,1627.21,209.02,73.31,185.88,0.4847,-1,-1,-1
618,80,981.13,944.92,65.70,135.05,0.6970,-1,-1,-1
618,81,1562.33,603.18,109.78,226.12,0.4437,-1,-1,-1
618,86,807.98,144.82,58.17,174.23,0.3667,-1,-1,-1
619,4,1715.13,452.70,79.73,213.75,0.6914,-1,-1,-1
619,8,320.54,965.94,95.63,114.07,0.6985,-1,-1,-1
619,28,255.45,1028.26,59.29,51.63,0.3199,-1,-1,-1
619,32,1111.99,911.15,79.26,168.93,0.6638,-1,-1,-1
619,41,1193.25,921.91,83.25,157.66,0.5313,-1,-1,-1
619,54,572.36,540.95,70.49,237.19,0.6155,-1,-1,-1
619,73,353.01,294.69,67.41,195.50,0.6107,-1,-1,-1
619,76,1624.40,208.47,76.03,189.53,0.4461,-1,-1,-1
619,80,977.96,943.56,66.02,136.39,0.7038,-1,-1,-1
619,81,1560.31,609.22,111.06,221.38,0.3764,-1,-1,-1
619,86,807.29,146.13,57.02,172.63,0.3628,-1,-1,-1
620,4,1715.29,453.23,79.79,212.23,0.6930,-1,-1,-1
620,8,321.31,968.76,96.36,110.63,0.6981,-1,-1,-1
620,28,258.33,1027.83,53.21,51.29,0.3049,-1,-1,-1
620,32,1113.03,914.14,77.24,165.88,0.6599,-1,-1,-1
620,41,1191.69,922.24,85.70,157.52,0.5657,-1,-1,-1
620,54,570.91,539.40,73.05,237.59,0.6446,-1,-1,-1
620,73,353.66,294.57,65.68,197.24,0.5678,-1,-1,-1
620,76,1622.79,208.55,78.02,187.82,0.4151,-1,-1,-1
620,80,975.28,943.44,66.44,136.56,0.6942,-1,-1,-1
620,81,1563.78,606.12,107.31,223.58,0.4077,-1,-1,-1
620,86,807.03,145.76,59.75,172.11,0.3253,-1,-1,-1
621,4,1715.41,452.10,79.47,213.25,0.7087,-1,-1,-1
621,8,320.65,971.92,98.12,107.37,0.6485,-1,-1,-1
621,28,258.88,1030.17,53.26,49.63,0.3093,-1,-1,-1
621,32,1113.15,915.97,75.29,163.98,0.6784,-1,-1,-1
621,41,1191.99,923.80,85.88,155.56,0.4730,-1,-1,-1
621,54,569.53,538.24,69.14,237.81,0.6574,-1,-1,-1
621,73,351.80,293.82,67.04,197.82,0.6341,-1,-1,-1
621,76,1621.45,209.56,78.09,184.23,0.4498,-1,-1,-1
621,80,973.43,943.07,66.16,136.92,0.6660,-1,-1,-1
621,81,1562.48,607.70,108.91,221.67,0.4365,-1,-1,-1
621,86,807.11,144.89,59.59,173.05,0.3379,-1,-1,-1
622,4,1717.00,452.20,77.61,212.46,0.6980,-1,-1,-1
622,8,321.20,975.18,97.29,104.56,0.6337,-1,-1,-1
622,28,258.62,1036.89,54.86,43.65,0.3254,-1,-1,-1
622,32,1113.99,917.40,73.20,162.24,0.6791,-1,-1,-1
622,41,1193.72,924.65,84.46,154.10,0.3608,-1,-1,-1
622,54,566.29,537.29,62.36,238.34,0.7019,-1,-1,-1
622,73,351.05,294.22,66.89,197.62,0.5806,-1,-1,-1
622,76,1621.70,209.95,78.00,182.62,0.4801,-1,-1,-1
622,80,971.17,942.96,64.52,137.04,0.6662,-1,-1,-1
622,81,1562.60,610.44,108.70,218.75,0.3883,-1,-1,-1
622,86,806.93,144.34,59.63,174.54,0.3440,-1,-1,-1
623,4,1717.93,452.49,77.02,212.62,0.6939,-1,-1,-1
623,8,321.98,979.21,95.43,100.83,0.6842,-1,-1,-1
623,28,260.41,1040.19,49.87,39.70,0.3110,-1,-1,-1
623,32,1114.55,918.59,76.27,160.72,0.6548,-1,-1,-1
623,41,1193.96,925.95,89.23,152.48,0.3894,-1,-1,-1
623,54,562.29,538.33,61.05,242.73,0.6771,-1,-1,-1
623,73,347.73,293.30,67.65,197.68,0.5884,-1,-1,-1
623,76,1621.73,210.26,76.44,181.73,0.4723,-1,-1,-1
623,80,969.17,943.68,64.01,136.35,0.6765,-1,-1,-1
623,81,1561.63,612.78,109.06,216.92,0.3156,-1,-1,-1
623,86,806.58,146.01,57.96,173.59,0.3245,-1,-1,-1
624,4,1718.03,452.06,77.04,213.14,0.6892,-1,-1,-1
624,8,323.59,982.08,93.48,97.92,0.6980,-1,-1,-1
624,32,1114.42,920.07,76.40,159.87,0.6740,-1,-1,-1
624,41,1195.29,927.38,88.84,150.56,0.4417,-1,-1,-1
624,54,559.61,537.41,62.31,242.37,0.6921,-1,-1,-1
624,73,345.43,294.13,69.55,196.62,0.5790,-1,-1,-1
624,76,1622.52,208.56,75.70,182.29,0.4562,-1,-1,-1
624,80,963.97,942.19,65.67,137.76,0.6754,-1,-1,-1
624,81,1561.76,609.89,109.78,219.32,0.4428,-1,-1,-1
624,86,806.68,144.19,59.22,175.23,0.3645,-1,-1,-1
625,4,1718.22,452.32,77.81,214.61,0.6920,-1,-1,-1
625,8,323.62,984.91,92.98,95.09,0.6978,-1,-1,-1
625,32,1115.35,921.93,76.46,158.06,0.6688,-1,-1,-1
625,41,1196.74,931.48,87.01,146.71,0.5403,-1,-1,-1
625,54,553.98,537.83,64.17,242.02,0.7066,-1,-1,-1
625,73,345.73,293.94,68.14,196.61,0.5624,-1,-1,-1
625,76,1623.04,208.04,73.64,184.79,0.4257,-1,-1,-1
625,80,962.08,938.70,64.90,141.17,0.6796,-1,-1,-1
625,81,1562.42,607.70,108.57,221.49,0.3749,-1,-1,-1
625,86,807.22,143.50,58.67,175.43,0.3864,-1,-1,-1
626,4,1718.51,451.86,77.45,213.93,0.6844,-1,-1,-1
626,8,323.55,987.92,93.75,92.09,0.6839,-1,-1,-1
626,32,1114.71,921.35,78.88,158.54,0.6549,-1,-1,-1
626,41,1196.10,932.27,88.06,146.22,0.4689,-1,-1,-1
626,54,545.87,538.62,69.44,240.39,0.6984,-1,-1,-1
626,73,343.56,294.50,68.81,196.64,0.6193,-1,-1,-1
626,76,1623.42,205.39,73.72,181.41,0.4392,-1,-1,-1
626,80,958.25,938.20,65.93,141.80,0.6712,-1,-1,-1
626,81,1562.48,605.83,108.34,223.58,0.4684,-1,-1,-1
626,86,805.79,142.73,60.04,176.72,0.3896,-1,-1,-1
627,4,1718.40,453.25,77.97,213.37,0.6830,-1,-1,-1
627,8,325.17,990.90,93.43,89.11,0.6584,-1,-1,-1
627,32,1115.78,923.02,77.70,156.98,0.6881,-1,-1,-1
627,41,1192.85,933.64,92.94,144.92,0.6068,-1,-1,-1
627,54,524.48,539.36,92.64,241.70,0.6550,-1,-1,-1
627,73,343.12,295.44,69.15,195.71,0.6243,-1,-1,-1
627,76,1626.70,205.96,69.07,181.90,0.4335,-1,-1,-1
627,80,958.52,937.27,63.33,142.72,0.6850,-1,-1,-1
627,81,1562.04,604.56,107.77,224.72,0.3567,-1,-1,-1
627,86,806.34,142.39,59.32,176.14,0.3769,-1,-1,-1
628,4,1718.56,451.53,77.37,215.01,0.6622,-1,-1,-1
628,8,325.07,991.85,94.25,88.06,0.6306,-1,-1,-1
628,32,1114.81,924.07,81.00,155.90,0.6674,-1,-1,-1
628,41,1195.79,934.67,90.60,144.49,0.5783,-1,-1,-1
628,54,510.39,538.72,106.42,240.92,0.7209,-1,-1,-1
628,73,342.70,295.42,68.93,195.85,0.6481,-1,-1,-1
628,76,1626.75,201.78,68.65,188.00,0.3918,-1,-1,-1
628,80,956.29,935.96,61.78,144.01,0.6829,-1,-1,-1
628,81,1563.81,603.68,106.28,225.39,0.3656,-1,-1,-1
628,86,806.93,142.56,59.08,175.16,0.3744,-1,-1,-1
629,4,1718.71,451.57,76.95,215.84,0.6915,-1,-1,-1
629,8,324.34,994.71,95.07,85.30,0.6709,-1,-1,-1
629,32,1114.83,924.41,82.36,155.55,0.7077,-1,-1,-1
629,41,1193.91,936.25,96.08,143.54,0.6306,-1,-1,-1
629,54,503.11,538.02,114.02,240.08,0.7403,-1,-1,-1
629,73,342.82,296.53,68.25,195.42,0.6598,-1,-1,-1
629,76,1626.14,202.50,70.52,187.31,0.4383,-1,-1,-1
629,80,954.04,934.62,61.71,145.36,0.6797,-1,-1,-1
629,81,1564.35,600.84,106.20,228.33,0.4915,-1,-1,-1
629,86,806.62,142.72,57.88,175.68,0.3708,-1,-1,-1
630,4,1717.44,450.62,79.24,215.63,0.6909,-1,-1,-1
630,8,323.93,997.82,96.35,82.20,0.6851,-1,-1,-1
630,32,1114.76,926.18,84.72,153.83,0.7037,-1,-1,-1
630,41,1194.96,940.47,95.84,138.93,0.5787,-1,-1,-1
630,54,499.45,537.88,115.99,238.52,0.7699,-1,-1,-1
630,73,341.10,296.69,69.19,197.44,0.6680,-1,-1,-1
630,76,1626.33,200.90,69.09,186.51,0.5130,-1,-1,-1
630,80,952.93,933.28,59.55,146.70,0.6851,-1,-1,-1
630,81,1563.91,604.48,106.53,224.60,0.4068,-1,-1,-1
630,86,808.84,143.08,55.45,174.67,0.4156,-1,-1,-1
630,87,1444.33,1004.84,74.02,74.58,0.3653,-1,-1,-1
631,4,1717.50,451.14,79.29,216.61,0.6824,-1,-1,-1
631,8,324.45,998.38,96.14,81.54,0.6657,-1,-1,-1
631,32,1115.14,927.72,87.20,152.28,0.6890,-1,-1,-1
631,41,1197.42,942.84,92.17,135.07,0.5444,-1,-1,-1
631,54,499.36,539.75,116.18,236.41,0.7585,-1,-1,-1
631,73,340.48,298.05,69.61,201.00,0.6776,-1,-1,-1
631,76,1626.81,199.42,68.78,183.11,0.5342,-1,-1,-1
631,80,950.55,931.87,59.58,147.73,0.6882,-1,-1,-1
631,81,1563.11,603.34,107.58,224.77,0.4557,-1,-1,-1
631,86,808.35,142.59,56.20,173.36,0.3789,-1,-1,-1
631,87,1440.07,1001.10,76.52,77.29,0.3644,-1,-1,-1
632,4,1716.92,451.65,80.37,216.10,0.7068,-1,-1,-1
632,8,323.48,1001.23,97.73,78.78,0.6480,-1,-1,-1
632,32,1114.72,930.76,94.16,148.81,0.7011,-1,-1,-1
632,41,1198.19,944.42,89.95,132.72,0.5045,-1,-1,-1
632,54,493.64,540.30,122.49,237.23,0.7763,-1,-1,-1
632,73,339.71,298.13,69.43,204.19,0.6924,-1,-1,-1
632,76,1627.27,196.30,67.88,181.45,0.5561,-1,-1,-1
632,80,948.67,930.51,59.69,149.46,0.7068,-1,-1,-1
632,81,1563.26,607.50,106.97,221.52,0.3840,-1,-1,-1
632,86,806.58,143.97,57.85,173.15,0.4196,-1,-1,-1
632,87,1437.84,994.55,75.61,83.71,0.3551,-1,-1,-1
632,88,1512.17,978.75,94.01,98.52,0.3802,-1,-1,-1
633,4,1717.63,451.09,79.63,215.94,0.7138,-1,-1,-1
633,8,325.35,1001.60,95.49,77.82,0.6305,-1,-1,-1
633,32,1115.20,934.19,97.73,144.99,0.6814,-1,-1,-1
633,41,1202.06,948.13,85.01,128.45,0.3317,-1,-1,-1
633,54,493.42,540.15,120.13,236.88,0.7859,-1,-1,-1
633,73,339.71,299.13,68.44,204.65,0.6830,-1,-1,-1
633,76,1628.02,194.15,65.48,182.27,0.5705,-1,-1,-1
633,80,947.15,929.53,59.45,150.47,0.6646,-1,-1,-1
633,81,1565.32,602.48,107.33,224.04,0.4578,-1,-1,-1
633,86,805.35,144.70,58.96,173.41,0.3763,-1,-1,-1
633,87,1436.82,988.84,74.52,90.63,0.3079,-1,-1,-1
633,88,1507.37,975.26,97.02,102.63,0.4563,-1,-1,-1
634,4,1716.74,450.03,80.63,215.81,0.7251,-1,-1,-1
634,8,324.86,1004.38,96.37,74.68,0.6334,-1,-1,-1
634,32,1114.13,938.46,99.77,140.80,0.7035,-1,-1,-1
634,41,1204.81,951.29,80.30,125.79,0.3172,-1,-1,-1
634,54,493.47,540.09,120.87,236.86,0.7747,-1,-1,-1
634,73,339.30,300.04,68.47,205.24,0.7084,-1,-1,-1
634,76,1628.06,192.41,65.21,183.10,0.5690,-1,-1,-1
634,80,945.77,928.53,58.92,151.34,0.6847,-1,-1,-1
634,81,1562.78,601.15,107.84,227.76,0.4654,-1,-1,-1
634,86,807.03,145.06,57.39,173.28,0.3945,-1,-1,-1
634,88,1502.40,971.55,98.16,107.14,0.3798,-1,-1,-1
635,4,1716.48,450.66,80.75,215.09,0.7383,-1,-1,-1
635,8,325.29,1007.45,95.47,71.48,0.6347,-1,-1,-1
635,32,1113.52,940.40,101.82,139.34,0.6976,-1,-1,-1
635,41,1202.33,954.87,81.76,123.24,0.3282,-1,-1,-1
635,54,492.89,538.30,121.00,239.00,0.7707,-1,-1,-1
635,73,339.59,302.64,67.00,205.15,0.7042,-1,-1,-1
635,76,1626.47,192.08,65.65,182.68,0.5667,-1,-1,-1
635,80,940.79,928.53,62.41,151.50,0.6760,-1,-1,-1
635,81,1562.61,604.47,107.51,225.44,0.3780,-1,-1,-1
635,86,806.60,144.99,57.97,173.23,0.4194,-1,-1,-1
635,88,1501.05,967.72,95.23,111.19,0.4739,-1,-1,-1
636,4,1716.20,451.10,81.42,215.65,0.7290,-1,-1,-1
636,8,326.90,1010.70,92.16,68.61,0.6313,-1,-1,-1
636,32,1113.38,943.37,102.66,136.65,0.6901,-1,-1,-1
636,41,1200.92,956.94,81.63,121.71,0.4321,-1,-1,-1
636,54,495.17,538.84,114.69,237.63,0.7661,-1,-1,-1
636,73,338.64,306.30,68.43,204.09,0.7116,-1,-1,-1
636,76,1625.97,190.67,65.14,183.56,0.5490,-1,-1,-1
636,80,940.75,928.91,59.61,150.67,0.6556,-1,-1,-1
636,81,1562.04,605.39,108.68,224.36,0.3690,-1,-1,-1
636,86,807.07,145.58,57.03,173.91,0.3972,-1,-1,-1
636,87,1426.55,979.09,79.18,100.98,0.4352,-1,-1,-1
636,88,1497.38,963.34,97.32,116.50,0.5062,-1,-1,-1
637,4,1716.50,450.66,81.08,216.55,0.7388,-1,-1,-1
637,8,328.13,1014.58,90.15,65.45,0.6050,-1,-1,-1
637,32,1113.42,947.02,105.76,133.03,0.6875,-1,-1,-1
637,41,1202.24,957.16,79.00,120.96,0.4513,-1,-1,-1
637,54,496.96,538.83,112.61,236.61,0.7363,-1,-1,-1
637,73,339.30,307.77,67.87,203.85,0.7041,-1,-1,-1
637,76,1625.15,189.67,64.78,184.57,0.5964,-1,-1,-1
637,80,937.51,928.94,61.63,149.70,0.6504,-1,-1,-1
637,86,806.81,145.19,57.63,175.12,0.4151,-1,-1,-1
637,87,1425.21,978.27,78.54,102.16,0.3235,-1,-1,-1
637,88,1495.21,958.28,94.36,121.63,0.5615,-1,-1,-1
638,4,1716.89,451.02,79.77,215.39,0.7219,-1,-1,-1
638,8,328.91,1019.79,87.46,60.36,0.5720,-1,-1,-1
638,32,1114.18,949.63,108.46,130.39,0.6373,-1,-1,-1
638,41,1201.42,959.97,75.69,119.38,0.3870,-1,-1,-1
638,54,497.66,539.40,101.96,236.26,0.7298,-1,-1,-1
638,73,338.91,308.87,68.16,205.69,0.7076,-1,-1,-1
638,76,1625.07,190.98,63.58,182.58,0.5921,-1,-1,-1
638,80,937.00,929.21,60.23,150.16,0.6523,-1,-1,-1
638,86,806.71,145.09,58.00,174.82,0.4124,-1,-1,-1
638,87,1421.72,978.25,76.33,102.02,0.5281,-1,-1,-1
638,88,1495.40,956.17,93.95,122.41,0.5610,-1,-1,-1
638,89,207.49,255.05,62.82,172.86,0.3483,-1,-1,-1
639,4,1717.12,451.95,79.63,215.99,0.7482,-1,-1,-1
639,8,331.03,1024.37,82.20,55.74,0.5293,-1,-1,-1
639,32,1115.65,951.48,114.44,128.48,0.5289,-1,-1,-1
639,41,1200.94,961.54,73.77,118.32,0.3356,-1,-1,-1
639,54,499.76,540.05,94.18,235.63,0.7104,-1,-1,-1
639,73,338.86,309.78,67.66,205.85,0.7235,-1,-1,-1
639,76,1624.84,191.12,63.14,182.16,0.6117,-1,-1,-1
639,80,934.16,928.51,60.50,151.13,0.6442,-1,-1,-1
639,86,806.18,143.82,58.27,176.51,0.4026,-1,-1,-1
639,87,1417.43,978.69,77.87,101.56,0.5718,-1,-1,-1
639,88,1492.68,952.30,95.27,126.47,0.4897,-1,-1,-1
639,89,208.50,250.33,62.23,174.84,0.3377,-1,-1,-1
640,4,1716.33,451.97,80.51,214.95,0.7387,-1,-1,-1
640,8,334.09,1028.00,71.14,52.05,0.4230,-1,-1,-1
640,32,1117.26,954.11,106.68,125.90,0.5276,-1,-1,-1
640,41,1197.92,962.85,75.76,117.06,0.3440,-1,-1,-1
640,54,500.36,539.84,86.34,236.23,0.7167,-1,-1,-1
640,73,338.59,310.20,68.78,206.66,0.7186,-1,-1,-1
640,76,1625.56,191.36,61.03,182.05,0.6058,-1,-1,-1
640,80,931.72,928.26,61.69,151.74,0.6264,-1,-1,-1
640,81,1564.51,606.79,107.86,220.51,0.3089,-1,-1,-1
640,86,806.56,144.55,58.27,176.06,0.4128,-1,-1,-1
640,87,1414.23,977.29,78.23,102.81,0.5615,-1,-1,-1
640,88,1490.80,950.55,96.04,128.58,0.4889,-1,-1,-1
640,89,209.20,247.84,60.95,177.50,0.3809,-1,-1,-1
641,4,1716.21,452.19,81.08,214.07,0.7382,-1,-1,-1
641,32,1119.51,956.22,96.51,123.76,0.6080,-1,-1,-1
641,41,1196.79,962.08,76.25,117.21,0.4454,-1,-1,-1
641,54,499.79,539.41,81.35,236.25,0.7127,-1,-1,-1
641,73,337.99,311.24,68.74,204.64,0.7135,-1,-1,-1
641,76,1624.66,189.04,61.40,182.26,0.5622,-1,-1,-1
641,80,930.21,927.85,62.10,152.01,0.6152,-1,-1,-1
641,81,1564.95,604.10,108.00,222.86,0.3216,-1,-1,-1
641,86,806.28,143.91,58.76,176.40,0.4100,-1,-1,-1
641,87,1412.37,975.04,77.67,104.99,0.5784,-1,-1,-1
641,88,1485.10,948.50,99.70,130.09,0.5462,-1,-1,-1
641,89,209.99,249.13,61.55,175.68,0.3862,-1,-1,-1
642,4,1716.26,452.67,80.31,214.44,0.7300,-1,-1,-1
642,32,1122.76,957.51,87.22,122.44,0.6299,-1,-1,-1
642,41,1193.21,964.14,79.62,115.84,0.5288,-1,-1,-1
642,54,495.81,538.85,76.16,237.93,0.7324,-1,-1,-1
642,73,338.13,311.21,69.17,204.60,0.7165,-1,-1,-1
642,76,1625.44,190.32,58.93,179.85,0.5612,-1,-1,-1
642,80,926.78,927.70,62.55,152.31,0.6155,-1,-1,-1
642,86,805.85,144.90,59.32,175.39,0.4089,-1,-1,-1
642,87,1410.65,972.33,75.82,107.66,0.6045,-1,-1,-1
642,88,1485.15,946.41,95.03,132.29,0.5385,-1,-1,-1
642,89,212.18,242.48,57.56,181.30,0.3441,-1,-1,-1
643,4,1715.37,454.14,81.07,213.09,0.7251,-1,-1,-1
643,32,1124.09,958.55,83.64,121.37,0.5932,-1,-1,-1
643,41,1193.98,966.35,78.09,113.37,0.3814,-1,-1,-1
643,54,491.14,539.02,69.91,236.23,0.7056,-1,-1,-1
643,73,338.01,312.42,69.27,203.31,0.6936,-1,-1,-1
643,76,1624.24,189.98,58.73,182.95,0.5620,-1,-1,-1
643,80,925.63,927.46,61.94,151.53,0.6341,-1,-1,-1
643,86,805.90,145.47,59.11,175.01,0.4262,-1,-1,-1
643,87,1406.89,969.63,78.72,110.36,0.6178,-1,-1,-1
643,88,1482.34,944.46,93.92,133.56,0.6203,-1,-1,-1
644,4,1715.27,452.37,81.32,214.03,0.7205,-1,-1,-1
644,32,1122.89,959.75,86.03,120.19,0.5943,-1,-1,-1
644,41,1198.27,966.41,73.61,113.38,0.3696,-1,-1,-1
644,54,484.30,539.45,66.21,237.57,0.7518,-1,-1,-1
644,73,337.03,313.27,70.46,202.10,0.7099,-1,-1,-1
644,76,1623.90,188.66,57.69,180.07,0.6119,-1,-1,-1
644,80,923.65,928.40,61.42,151.18,0.6793,-1,-1,-1
644,86,805.94,145.72,58.85,175.81,0.4294,-1,-1,-1
644,87,1403.05,965.86,80.14,114.07,0.6079,-1,-1,-1
644,88,1479.60,944.18,94.56,134.31,0.5816,-1,-1,-1
645,4,1715.92,452.85,81.01,213.93,0.7230,-1,-1,-1
645,32,1121.72,960.70,91.42,119.21,0.4916,-1,-1,-1
645,54,475.95,539.98,70.11,238.54,0.7677,-1,-1,-1
645,73,337.27,314.76,70.20,199.91,0.6926,-1,-1,-1
645,76,1623.26,188.13,57.23,178.77,0.6221,-1,-1,-1
645,80,921.54,928.84,62.37,150.43,0.6908,-1,-1,-1
645,86,805.80,145.54,58.96,175.49,0.4716,-1,-1,-1
645,87,1400.25,963.20,79.37,116.80,0.6031,-1,-1,-1
645,88,1474.21,943.67,96.84,135.33,0.5270,-1,-1,-1
646,4,1715.33,454.19,81.87,213.19,0.7332,-1,-1,-1
646,32,1124.69,962.28,78.78,117.70,0.5777,-1,-1,-1
646,41,1195.97,969.47,75.39,110.52,0.4400,-1,-1,-1
646,54,469.16,538.69,75.70,239.45,0.7733,-1,-1,-1
646,73,336.54,317.44,70.44,197.87,0.7012,-1,-1,-1
646,76,1622.39,186.13,58.27,178.34,0.6405,-1,-1,-1
646,80,919.38,928.40,62.82,150.69,0.6762,-1,-1,-1
646,81,1562.23,605.51,107.47,224.57,0.3781,-1,-1,-1
646,86,806.48,145.69,58.33,174.43,0.4740,-1,-1,-1
646,87,1394.21,958.96,83.53,120.97,0.6706,-1,-1,-1
646,88,1468.89,941.89,98.25,137.09,0.4553,-1,-1,-1
647,4,1715.50,453.02,82.15,214.17,0.7303,-1,-1,-1
647,32,1125.87,963.48,73.92,116.48,0.5149,-1,-1,-1
647,41,1198.12,972.13,73.17,108.00,0.3717,-1,-1,-1
647,54,466.54,538.30,76.30,239.55,0.7619,-1,-1,-1
647,73,335.91,320.34,69.60,196.84,0.7116,-1,-1,-1
647,76,1622.07,183.94,58.82,181.52,0.6476,-1,-1,-1
647,80,913.89,928.65,66.14,149.93,0.6718,-1,-1,-1
647,81,1561.77,612.23,108.71,218.94,0.3850,-1,-1,-1
647,86,806.60,145.72,58.09,173.92,0.4334,-1,-1,-1
647,87,1388.83,954.68,88.55,124.91,0.7062,-1,-1,-1
647,88,1468.44,939.90,93.27,140.06,0.5781,-1,-1,-1
648,4,1716.38,452.98,80.75,212.75,0.7303,-1,-1,-1
648,32,1125.08,965.78,76.98,114.26,0.5526,-1,-1,-1
648,41,1198.35,976.05,72.23,104.16,0.4528,-1,-1,-1
648,54,461.83,537.75,79.14,239.59,0.7501,-1,-1,-1
648,73,336.18,320.37,68.38,198.19,0.7189,-1,-1,-1
648,76,1620.36,182.25,59.92,176.68,0.6568,-1,-1,-1
648,80,910.62,929.48,69.29,149.16,0.6892,-1,-1,-1
648,81,1563.39,607.10,106.25,222.16,0.3638,-1,-1,-1
648,86,806.52,145.66,57.92,173.80,0.4481,-1,-1,-1
648,87,1386.71,951.73,88.90,127.52,0.7039,-1,-1,-1
648,88,1467.24,937.56,91.35,141.19,0.6301,-1,-1,-1
649,4,1716.79,453.73,82.82,213.34,0.7301,-1,-1,-1
649,32,1124.38,968.15,80.45,111.90,0.5292,-1,-1,-1
649,41,1195.92,977.94,73.79,102.08,0.4534,-1,-1,-1
649,54,459.56,538.77,79.76,237.64,0.7668,-1,-1,-1
649,73,335.04,321.26,68.21,200.52,0.7242,-1,-1,-1
649,76,1619.06,181.32,61.00,178.40,0.6596,-1,-1,-1
649,80,906.45,929.67,70.64,149.01,0.7045,-1,-1,-1
649,86,806.44,145.31,58.35,174.07,0.4677,-1,-1,-1
649,87,1383.14,950.79,88.72,127.89,0.6951,-1,-1,-1
649,88,1461.52,933.04,94.99,144.45,0.6275,-1,-1,-1
650,4,1717.49,453.30,79.84,212.84,0.7360,-1,-1,-1
650,32,1125.65,971.10,73.65,108.48,0.4848,-1,-1,-1
650,41,1193.36,981.94,76.07,98.27,0.4104,-1,-1,-1
650,54,455.34,536.84,82.30,238.98,0.7776,-1,-1,-1
650,73,335.02,322.56,66.80,204.55,0.7116,-1,-1,-1
650,76,1618.25,180.01,62.17,179.40,0.6246,-1,-1,-1
650,80,904.19,931.78,70.94,146.87,0.7192,-1,-1,-1
650,81,1562.68,605.51,110.29,222.66,0.3274,-1,-1,-1
650,86,806.30,144.37,58.16,176.01,0.4635,-1,-1,-1
650,87,1378.45,947.42,87.42,131.04,0.7018,-1,-1,-1
650,88,1455.68,929.27,96.50,148.73,0.6492,-1,-1,-1
651,4,1717.46,453.78,80.24,212.43,0.7264,-1,-1,-1
651,32,1124.86,972.71,78.98,107.23,0.5219,-1,-1,-1
651,41,1193.23,983.16,75.22,96.78,0.4305,-1,-1,-1
651,54,454.35,537.18,82.47,238.55,0.7805,-1,-1,-1
651,73,333.87,323.07,67.40,205.35,0.7223,-1,-1,-1
651,76,1616.78,177.39,64.13,178.22,0.6217,-1,-1,-1
651,80,902.32,931.30,71.31,147.74,0.7266,-1,-1,-1
651,81,1561.21,602.86,112.16,224.99,0.3177,-1,-1,-1
651,86,805.37,143.54,59.31,177.23,0.4502,-1,-1,-1
651,87,1371.14,946.01,90.36,132.81,0.6957,-1,-1,-1
651,88,1456.62,927.22,93.37,152.27,0.6643,-1,-1,-1
652,4,1717.40,453.77,79.02,212.42,0.7173,-1,-1,-1
652,32,1125.82,975.91,66.34,104.18,0.4877,-1,-1,-1
652,41,1185.66,987.56,80.92,92.63,0.4592,-1,-1,-1
652,54,452.59,536.63,83.85,238.58,0.7729,-1,-1,-1
652,73,333.44,325.57,66.62,205.44,0.7090,-1,-1,-1
652,76,1616.39,174.79,64.11,178.76,0.6511,-1,-1,-1
652,80,900.43,930.80,70.83,147.16,0.6997,-1,-1,-1
652,81,1560.86,601.94,108.69,227.38,0.3307,-1,-1,-1
652,86,807.61,144.01,57.64,175.96,0.4759,-1,-1,-1
652,87,1368.14,943.91,91.85,134.86,0.6664,-1,-1,-1
652,88,1455.30,923.48,91.45,155.03,0.6128,-1,-1,-1
653,4,1718.46,452.92,78.97,213.25,0.7317,-1,-1,-1
653,32,1123.89,980.26,73.05,99.61,0.5602,-1,-1,-1
653,41,1190.92,989.06,76.32,89.92,0.5712,-1,-1,-1
653,54,450.85,536.55,85.86,238.20,0.7782,-1,-1,-1
653,73,333.73,327.17,65.24,205.48,0.7244,-1,-1,-1
653,76,1615.74,174.77,65.56,175.35,0.6823,-1,-1,-1
653,80,899.04,931.72,68.55,145.93,0.6971,-1,-1,-1
653,81,1561.09,597.93,111.30,229.82,0.3990,-1,-1,-1
653,86,806.24,145.08,58.32,175.14,0.5208,-1,-1,-1
653,87,1365.10,941.85,92.36,136.40,0.7055,-1,-1,-1
653,88,1450.91,917.19,92.07,162.00,0.6486,-1,-1,-1
654,4,1718.93,452.66,78.85,212.85,0.7317,-1,-1,-1
654,32,1123.49,983.13,68.76,96.32,0.5161,-1,-1,-1
654,41,1196.55,991.45,70.94,86.73,0.5469,-1,-1,-1
654,54,452.83,536.29,84.33,238.56,0.7814,-1,-1,-1
654,73,334.19,328.80,63.51,206.20,0.7104,-1,-1,-1
654,76,1614.96,173.88,66.89,177.19,0.6422,-1,-1,-1
654,80,899.00,932.47,64.59,145.30,0.6881,-1,-1,-1
654,81,1561.04,598.02,111.28,229.68,0.4420,-1,-1,-1
654,86,806.62,145.28,58.08,173.62,0.5027,-1,-1,-1
654,87,1361.13,940.23,91.82,136.72,0.6926,-1,-1,-1
654,88,1449.31,914.62,91.33,164.89,0.6315,-1,-1,-1
655,4,1718.36,452.55,79.07,213.43,0.7275,-1,-1,-1
655,32,1122.54,986.19,78.07,93.22,0.5834,-1,-1,-1
655,41,1200.60,993.76,68.77,84.24,0.5786,-1,-1,-1
655,54,453.26,536.22,82.38,238.62,0.7839,-1,-1,-1
655,73,333.15,330.40,63.70,204.79,0.6950,-1,-1,-1
655,76,1614.45,168.34,68.25,182.29,0.5925,-1,-1,-1
655,80,895.08,932.20,65.79,145.32,0.6860,-1,-1,-1
655,81,1562.77,598.99,110.16,229.71,0.4131,-1,-1,-1
655,86,806.36,144.55,58.45,175.15,0.4861,-1,-1,-1
655,87,1359.98,938.51,91.54,138.97,0.6733,-1,-1,-1
655,88,1445.44,915.30,92.02,164.86,0.6456,-1,-1,-1
656,4,1718.79,452.10,78.38,214.22,0.7412,-1,-1,-1
656,32,1122.61,988.26,72.16,90.15,0.5594,-1,-1,-1
656,41,1200.47,995.15,70.44,83.21,0.5801,-1,-1,-1
656,54,455.15,534.73,79.92,239.78,0.7883,-1,-1,-1
656,73,331.63,331.60,65.11,206.19,0.6913,-1,-1,-1
656,76,1613.69,166.69,69.41,181.62,0.5935,-1,-1,-1
656,80,891.47,932.43,66.94,144.94,0.7030,-1,-1,-1
656,81,1560.99,595.44,110.14,232.05,0.3192,-1,-1,-1
656,86,807.59,144.81,56.96,175.13,0.4740,-1,-1,-1
656,87,1359.13,935.98,91.08,141.48,0.6801,-1,-1,-1
656,88,1440.14,911.19,95.16,168.57,0.6140,-1,-1,-1
657,4,1718.50,452.11,79.37,213.93,0.7390,-1,-1,-1
657,32,1121.87,989.84,66.89,88.34,0.5343,-1,-1,-1
657,41,1196.92,996.49,74.79,82.06,0.5639,-1,-1,-1
657,54,455.50,535.14,78.69,239.67,0.7761,-1,-1,-1
657,73,329.93,332.93,65.35,205.86,0.6782,-1,-1,-1
657,76,1612.31,168.61,71.63,177.85,0.6010,-1,-1,-1
657,80,887.65,931.88,68.40,146.03,0.6986,-1,-1,-1
657,81,1562.79,593.29,109.97,233.88,0.3865,-1,-1,-1
657,86,804.85,145.43,59.90,175.67,0.4421,-1,-1,-1
657,87,1359.57,932.98,89.78,144.93,0.6724,-1,-1,-1
657,88,1434.29,907.68,97.75,171.33,0.6416,-1,-1,-1
658,4,1719.13,451.96,77.82,215.01,0.7170,-1,-1,-1
658,32,1118.52,990.05,71.62,87.99,0.5450,-1,-1,-1
658,41,1194.95,998.03,78.85,80.84,0.5981,-1,-1,-1
658,54,453.63,533.73,78.79,240.92,0.7580,-1,-1,-1
658,73,328.30,333.49,65.49,205.58,0.6806,-1,-1,-1
658,76,1611.12,167.97,73.31,176.35,0.6000,-1,-1,-1
658,80,885.28,932.52,69.15,145.88,0.7057,-1,-1,-1
658,81,1561.22,595.69,110.98,232.38,0.3068,-1,-1,-1
658,86,806.13,144.13,59.13,175.22,0.4295,-1,-1,-1
658,87,1355.21,929.14,90.73,148.02,0.6753,-1,-1,-1
658,88,1432.13,906.03,96.08,172.72,0.6657,-1,-1,-1
659,4,1718.06,452.26,80.00,214.63,0.7407,-1,-1,-1
659,32,1117.47,991.48,78.15,87.10,0.6018,-1,-1,-1
659,41,1195.00,999.38,81.38,80.53,0.6216,-1,-1,-1
659,54,452.20,530.85,79.46,242.19,0.7662,-1,-1,-1
659,73,324.54,332.28,68.93,206.56,0.7247,-1,-1,-1
659,76,1611.32,167.53,74.45,176.33,0.6063,-1,-1,-1
659,80,882.80,932.68,68.16,145.13,0.7052,-1,-1,-1
659,86,806.35,143.80,58.74,176.93,0.4357,-1,-1,-1
659,87,1352.59,926.65,91.10,150.87,0.6724,-1,-1,-1
659,88,1429.56,905.41,95.93,172.70,0.6156,-1,-1,-1
660,4,1718.05,451.77,78.92,214.52,0.7284,-1,-1,-1
660,32,1115.24,993.44,78.34,85.18,0.6366,-1,-1,-1
660,41,1193.70,1002.03,84.22,78.01,0.6211,-1,-1,-1
660,54,449.66,530.23,76.96,239.97,0.7578,-1,-1,-1
660,73,322.58,332.98,69.52,205.55,0.7227,-1,-1,-1
660,76,1613.02,166.85,73.54,178.52,0.6507,-1,-1,-1
660,80,880.78,932.04,67.28,145.41,0.6979,-1,-1,-1
660,86,805.50,144.67,59.25,175.93,0.4485,-1,-1,-1
660,87,1350.46,923.22,91.62,153.04,0.6757,-1,-1,-1
660,88,1427.15,902.94,99.08,175.01,0.6234,-1,-1,-1
660,92,431.82,127.43,43.24,152.89,0.3233,-1,-1,-1
661,4,1718.19,451.89,79.79,213.15,0.7523,-1,-1,-1
661,32,1112.41,993.70,74.21,85.04,0.6002,-1,-1,-1
661,41,1191.86,1005.17,87.18,74.91,0.5828,-1,-1,-1
661,54,447.91,530.72,69.16,239.21,0.7661,-1,-1,-1
661,73,321.57,333.46,69.36,204.29,0.6934,-1,-1,-1
661,76,1614.28,166.85,74.13,175.22,0.6521,-1,-1,-1
661,80,879.16,931.07,65.36,147.73,0.6725,-1,-1,-1
661,81,1558.55,602.75,115.14,224.45,0.3095,-1,-1,-1
661,86,806.67,144.35,58.45,175.28,0.4402,-1,-1,-1
661,87,1348.81,920.69,89.52,155.39,0.6761,-1,-1,-1
661,88,1425.74,901.18,99.22,176.40,0.6334,-1,-1,-1
661,92,431.57,130.27,42.87,150.03,0.3156,-1,-1,-1
661,93,473.35,119.35,55.73,166.90,0.3066,-1,-1,-1
662,4,1717.83,451.73,80.04,213.70,0.7496,-1,-1,-1
662,32,1111.46,996.13,74.75,82.68,0.6017,-1,-1,-1
662,41,1193.01,1005.37,86.52,74.02,0.5338,-1,-1,-1
662,54,442.78,530.32,70.18,240.13,0.7829,-1,-1,-1
662,73,320.79,333.54,69.18,204.48,0.7003,-1,-1,-1
662,76,1613.79,166.05,75.20,175.70,0.6385,-1,-1,-1
662,80,876.26,929.75,64.85,149.45,0.6628,-1,-1,-1
662,81,1561.03,595.89,114.09,231.45,0.3870,-1,-1,-1
662,86,806.17,143.03,58.58,175.52,0.4633,-1,-1,-1
662,87,1346.08,915.49,86.41,160.74,0.6172,-1,-1,-1
662,88,1423.75,898.62,100.56,179.51,0.4917,-1,-1,-1
662,92,430.60,133.86,43.57,146.55,0.3287,-1,-1,-1
662,93,473.54,119.14,56.63,169.45,0.3232,-1,-1,-1
663,4,1717.81,452.56,81.96,212.69,0.7378,-1,-1,-1
663,32,1110.55,997.70,67.80,80.97,0.5347,-1,-1,-1
663,41,1193.13,1007.77,84.97,71.32,0.5121,-1,-1,-1
663,54,438.52,529.12,68.73,239.37,0.8058,-1,-1,-1
663,73,320.96,333.98,68.29,203.93,0.7132,-1,-1,-1
663,76,1616.26,164.91,73.37,175.06,0.6155,-1,-1,-1
663,80,874.90,929.37,63.07,149.40,0.6636,-1,-1,-1
663,81,1562.90,600.42,112.52,226.71,0.3767,-1,-1,-1
663,86,807.06,143.26,57.76,175.04,0.4401,-1,-1,-1
663,87,1342.32,910.75,86.73,167.12,0.6734,-1,-1,-1
663,88,1422.69,896.06,97.42,183.83,0.6285,-1,-1,-1
663,92,429.87,132.68,44.63,147.03,0.3315,-1,-1,-1
664,4,1717.74,452.73,82.41,213.56,0.7254,-1,-1,-1
664,32,1108.94,1000.54,65.03,78.48,0.5253,-1,-1,-1
664,41,1193.88,1009.71,83.31,69.86,0.4594,-1,-1,-1
664,54,434.20,527.95,67.51,241.21,0.7959,-1,-1,-1
664,73,320.47,335.06,67.90,202.79,0.7020,-1,-1,-1
664,76,1616.95,163.99,73.44,179.20,0.6267,-1,-1,-1
664,80,872.04,929.52,64.38,148.38,0.6802,-1,-1,-1
664,81,1558.82,615.34,112.09,214.79,0.3219,-1,-1,-1
664,86,805.44,143.08,58.72,175.34,0.4366,-1,-1,-1
664,87,1340.83,907.38,85.41,171.29,0.6328,-1,-1,-1
664,88,1421.86,892.67,94.12,187.28,0.6077,-1,-1,-1
664,92,431.20,130.38,43.89,149.18,0.3103,-1,-1,-1
665,4,1718.16,452.34,81.96,213.24,0.7290,-1,-1,-1
665,32,1105.82,1001.94,77.17,77.73,0.5656,-1,-1,-1
665,41,1195.64,1012.67,72.21,67.38,0.4700,-1,-1,-1
665,54,431.38,526.46,62.82,244.12,0.7425,-1,-1,-1
665,73,317.36,334.65,69.97,203.15,0.6934,-1,-1,-1
665,76,1618.37,162.44,72.29,183.69,0.5980,-1,-1,-1
665,80,868.83,930.71,65.58,148.31,0.6750,-1,-1,-1
665,81,1561.43,599.88,111.70,225.35,0.3470,-1,-1,-1
665,86,807.24,143.27,57.24,175.12,0.4679,-1,-1,-1
665,87,1338.57,904.15,82.38,174.20,0.6503,-1,-1,-1
665,88,1417.31,885.31,98.02,194.45,0.6329,-1,-1,-1
665,92,432.29,129.12,42.32,150.62,0.3363,-1,-1,-1
665,93,474.44,121.28,56.83,168.11,0.3017,-1,-1,-1
666,4,1717.88,452.07,81.59,214.29,0.7040,-1,-1,-1
666,32,1104.18,1004.77,79.02,74.47,0.5721,-1,-1,-1
666,41,1194.82,1014.77,70.63,65.24,0.4935,-1,-1,-1
666,54,428.38,526.77,63.04,247.41,0.7487,-1,-1,-1
666,73,312.90,335.61,73.69,203.91,0.6715,-1,-1,-1
666,76,1619.05,160.94,72.26,183.32,0.6056,-1,-1,-1
666,80,867.15,930.14,65.91,148.15,0.6918,-1,-1,-1
666,81,1559.84,600.15,114.96,227.14,0.3518,-1,-1,-1
666,86,807.64,143.07,56.51,173.53,0.4453,-1,-1,-1
666,87,1334.12,902.95,82.16,175.29,0.6550,-1,-1,-1
666,88,1413.30,882.37,101.97,197.63,0.6425,-1,-1,-1
666,92,431.55,130.45,44.07,149.75,0.3171,-1,-1,-1
667,4,1716.87,452.83,82.90,214.19,0.6935,-1,-1,-1
667,32,1103.50,1007.18,70.39,71.22,0.5470,-1,-1,-1
667,41,1196.06,1017.34,66.60,62.70,0.5361,-1,-1,-1
667,54,425.89,526.36,63.13,248.16,0.7496,-1,-1,-1
667,73,307.71,338.45,79.62,203.50,0.7026,-1,-1,-1
667,76,1620.29,159.48,71.75,184.16,0.6138,-1,-1,-1
667,80,864.43,929.90,66.31,148.42,0.6827,-1,-1,-1
667,81,1559.69,598.74,113.81,227.65,0.4151,-1,-1,-1
667,86,806.92,144.53,57.31,173.37,0.4430,-1,-1,-1
667,87,1331.76,899.91,81.57,179.13,0.6587,-1,-1,-1
667,88,1408.42,880.26,99.13,199.78,0.6890,-1,-1,-1
667,92,431.44,131.79,44.50,149.15,0.3314,-1,-1,-1
667,93,477.62,125.83,54.04,163.44,0.3187,-1,-1,-1
668,4,1717.04,452.66,83.80,214.07,0.7211,-1,-1,-1
668,32,1103.78,1009.89,70.08,67.74,0.5578,-1,-1,-1
668,41,1195.74,1020.17,62.91,59.53,0.5497,-1,-1,-1
668,54,422.81,526.97,64.24,245.29,0.7644,-1,-1,-1
668,73,310.12,341.63,76.48,204.27,0.6964,-1,-1,-1
668,76,1622.09,156.66,72.13,182.88,0.5986,-1,-1,-1
668,80,862.37,929.55,66.52,148.60,0.6845,-1,-1,-1
668,81,1559.81,601.42,114.45,226.31,0.3892,-1,-1,-1
668,86,808.27,142.99,55.75,173.74,0.4506,-1,-1,-1
668,87,1330.57,899.12,82.28,179.78,0.6543,-1,-1,-1
668,88,1406.56,876.57,98.79,203.40,0.6789,-1,-1,-1
668,93,479.13,123.13,51.81,165.49,0.3394,-1,-1,-1
669,4,1717.99,451.75,82.68,215.87,0.6933,-1,-1,-1
669,32,1104.93,1013.03,59.73,63.77,0.4828,-1,-1,-1
669,41,1195.85,1025.21,60.66,54.74,0.4726,-1,-1,-1
669,54,416.89,527.36,69.73,246.31,0.7522,-1,-1,-1
669,73,311.51,345.60,75.21,204.00,0.7221,-1,-1,-1
669,76,1622.63,153.45,72.43,184.43,0.6097,-1,-1,-1
669,80,859.38,930.24,67.45,148.36,0.6619,-1,-1,-1
669,81,1560.21,601.63,114.52,225.89,0.3866,-1,-1,-1
669,86,807.27,144.62,57.02,173.19,0.4312,-1,-1,-1
669,87,1329.58,898.26,80.53,180.43,0.6974,-1,-1,-1
669,88,1404.61,874.70,98.57,205.34,0.7231,-1,-1,-1
669,89,225.51,234.03,59.53,172.71,0.3009,-1,-1,-1
669,93,479.20,124.45,53.85,163.84,0.3486,-1,-1,-1
670,4,1716.73,452.18,84.55,214.77,0.7124,-1,-1,-1
670,32,1104.89,1016.37,63.17,60.46,0.4970,-1,-1,-1
670,41,1196.57,1028.44,57.65,50.64,0.4299,-1,-1,-1
670,54,409.47,527.84,75.99,245.17,0.7737,-1,-1,-1
670,73,311.93,346.64,73.37,205.72,0.7318,-1,-1,-1
670,76,1624.17,153.16,71.74,183.93,0.6216,-1,-1,-1
670,80,857.56,929.53,67.95,149.25,0.6727,-1,-1,-1
670,81,1562.51,599.06,111.00,227.03,0.3967,-1,-1,-1
670,86,805.82,144.87,58.34,174.19,0.4424,-1,-1,-1
670,87,1326.89,896.64,80.28,182.27,0.7182,-1,-1,-1
670,88,1401.56,870.88,102.52,209.09,0.6867,-1,-1,-1
670,93,479.27,116.83,54.32,171.01,0.3427,-1,-1,-1
671,4,1716.58,452.73,85.28,214.31,0.7190,-1,-1,-1
671,32,1103.84,1020.35,52.91,57.19,0.5074,-1,-1,-1
671,41,1197.53,1032.09,51.75,47.57,0.3961,-1,-1,-1
671,54,405.35,527.56,78.65,245.48,0.7845,-1,-1,-1
671,73,311.51,347.73,73.38,208.66,0.7610,-1,-1,-1
671,76,1625.47,152.16,70.41,182.01,0.6196,-1,-1,-1
671,80,855.64,930.12,68.25,148.50,0.6829,-1,-1,-1
671,81,1561.86,601.54,113.54,226.22,0.3991,-1,-1,-1
671,86,806.75,144.52,57.28,174.11,0.4940,-1,-1,-1
671,87,1325.07,895.69,78.20,183.34,0.7098,-1,-1,-1
671,88,1400.82,866.19,101.15,213.51,0.6961,-1,-1,-1
671,93,478.35,117.25,56.25,171.26,0.3797,-1,-1,-1
672,4,1716.71,451.69,84.62,214.81,0.7043,-1,-1,-1
672,32,1106.49,1025.04,47.75,53.85,0.4840,-1,-1,-1
672,41,1197.41,1034.40,48.83,45.34,0.3785,-1,-1,-1
672,54,402.83,528.87,80.66,243.77,0.7852,-1,-1,-1
672,73,311.96,348.66,72.12,207.65,0.7650,-1,-1,-1
672,76,1627.11,156.21,68.43,175.11,0.5869,-1,-1,-1
672,80,854.74,929.04,67.21,149.24,0.6780,-1,-1,-1
672,81,1560.33,599.50,113.84,227.82,0.3597,-1,-1,-1
672,86,806.17,143.68,57.67,175.89,0.4740,-1,-1,-1
672,87,1318.91,894.78,82.39,184.97,0.7342,-1,-1,-1
672,88,1401.21,861.68,100.07,218.27,0.7248,-1,-1,-1
672,92,429.89,135.39,45.10,151.89,0.3579,-1,-1,-1
672,93,480.18,124.11,52.89,165.78,0.3251,-1,-1,-1
673,4,1716.34,452.77,86.16,214.77,0.7263,-1,-1,-1
673,32,1108.13,1029.56,45.14,50.18,0.4312,-1,-1,-1
673,41,1197.21,1035.81,43.79,43.85,0.3754,-1,-1,-1
673,54,400.78,530.73,82.41,242.97,0.7854,-1,-1,-1
673,73,312.08,351.02,71.43,207.86,0.7739,-1,-1,-1
673,76,1627.47,156.43,67.81,175.37,0.5832,-1,-1,-1
673,80,853.99,929.74,66.16,149.51,0.6824,-1,-1,-1
673,81,1559.94,600.28,112.64,226.83,0.3473,-1,-1,-1
673,86,807.64,144.05,56.27,175.71,0.4709,-1,-1,-1
673,87,1316.48,892.07,82.21,187.91,0.7128,-1,-1,-1
673,88,1402.73,861.33,94.61,218.74,0.6946,-1,-1,-1
673,89,228.22,233.70,59.83,173.46,0.3537,-1,-1,-1
673,92,428.53,134.79,45.39,153.33,0.3556,-1,-1,-1
673,93,480.60,127.59,52.82,164.21,0.3663,-1,-1,-1
674,4,1715.64,452.54,87.94,215.09,0.7273,-1,-1,-1
674,32,1109.33,1031.47,42.51,48.41,0.4072,-1,-1,-1
674,41,1196.80,1036.94,42.78,42.87,0.3223,-1,-1,-1
674,54,397.83,530.56,84.60,243.57,0.7803,-1,-1,-1
674,73,311.25,351.61,72.37,209.05,0.7631,-1,-1,-1
674,76,1627.84,156.51,67.40,173.49,0.5288,-1,-1,-1
674,80,851.41,929.09,65.45,150.64,0.6870,-1,-1,-1
674,81,1564.73,599.15,103.41,227.63,0.4027,-1,-1,-1
674,86,807.12,144.51,56.89,174.95,0.4512,-1,-1,-1
674,87,1312.65,888.82,82.57,191.10,0.7254,-1,-1,-1
674,88,1400.22,859.41,92.56,220.68,0.5811,-1,-1,-1
674,92,429.07,134.50,45.53,155.08,0.3378,-1,-1,-1
674,93,479.66,128.89,52.60,166.28,0.4238,-1,-1,-1
675,4,1715.64,452.43,87.78,213.59,0.7090,-1,-1,-1
675,32,1109.08,1035.74,42.05,44.40,0.3529,-1,-1,-1
675,41,1195.91,1041.29,43.86,38.90,0.3335,-1,-1,-1
675,54,393.92,528.72,88.48,245.52,0.7813,-1,-1,-1
675,73,312.14,352.95,71.80,210.21,0.7549,-1,-1,-1
675,76,1627.57,156.30,67.04,174.24,0.5501,-1,-1,-1
675,80,851.45,930.49,62.87,149.57,0.6795,-1,-1,-1
675,81,1559.68,613.13,112.67,217.06,0.4202,-1,-1,-1
675,86,806.30,144.46,57.87,175.43,0.4828,-1,-1,-1
675,87,1305.45,886.04,85.48,193.40,0.7486,-1,-1,-1
675,88,1392.93,862.56,107.78,217.87,0.5475,-1,-1,-1
675,89,230.39,231.18,63.33,177.18,0.3063,-1,-1,-1
675,92,429.83,134.64,45.42,158.06,0.3505,-1,-1,-1
675,93,479.33,127.07,53.74,171.32,0.4515,-1,-1,-1
676,4,1716.64,453.26,86.40,212.69,0.7211,-1,-1,-1
676,41,1195.96,1043.12,44.76,36.82,0.3285,-1,-1,-1
676,54,390.11,530.84,91.99,244.13,0.7890,-1,-1,-1
676,73,312.19,355.25,70.78,208.98,0.7454,-1,-1,-1
676,76,1627.77,155.18,66.09,180.21,0.5766,-1,-1,-1
676,80,849.65,930.69,61.68,149.32,0.6680,-1,-1,-1
676,86,807.44,144.83,56.73,174.76,0.4152,-1,-1,-1
676,87,1302.19,883.04,84.37,196.94,0.7682,-1,-1,-1
676,88,1380.86,862.15,107.00,217.97,0.6204,-1,-1,-1
676,92,427.67,139.92,48.59,153.96,0.3070,-1,-1,-1
676,93,480.40,128.75,55.15,171.84,0.4887,-1,-1,-1
677,4,1716.06,453.19,87.22,213.28,0.7148,-1,-1,-1
677,41,1195.85,1045.15,47.26,34.80,0.3253,-1,-1,-1
677,54,383.54,530.91,97.46,244.33,0.7920,-1,-1,-1
677,73,311.58,355.17,72.26,209.24,0.7472,-1,-1,-1
677,76,1626.50,156.34,66.10,175.18,0.5576,-1,-1,-1
677,80,848.13,930.40,62.34,149.43,0.6738,-1,-1,-1
677,86,806.17,145.42,57.36,173.10,0.4296,-1,-1,-1
677,87,1299.78,879.04,84.82,199.61,0.7790,-1,-1,-1
677,88,1373.31,859.66,106.30,220.33,0.6729,-1,-1,-1
677,89,232.80,229.35,65.29,176.91,0.3568,-1,-1,-1
677,92,425.97,141.63,48.45,153.91,0.3170,-1,-1,-1
677,93,479.11,129.57,56.23,173.96,0.4868,-1,-1,-1
678,4,1716.24,453.31,87.17,213.56,0.6948,-1,-1,-1
678,41,1194.52,1047.72,50.13,32.30,0.3035,-1,-1,-1
678,54,378.05,531.56,103.17,243.53,0.7888,-1,-1,-1
678,73,311.77,356.52,71.67,209.02,0.7368,-1,-1,-1
678,76,1624.93,156.61,67.18,173.51,0.5408,-1,-1,-1
678,80,846.66,929.15,63.04,150.38,0.6766,-1,-1,-1
678,81,1560.99,606.74,109.34,220.14,0.3389,-1,-1,-1
678,86,806.66,144.81,57.05,173.25,0.4273,-1,-1,-1
678,87,1292.19,876.50,87.12,203.47,0.7790,-1,-1,-1
678,88,1370.16,859.84,107.55,220.27,0.6416,-1,-1,-1
678,89,235.32,232.92,58.68,172.43,0.3678,-1,-1,-1
678,93,480.02,130.56,56.47,173.63,0.4902,-1,-1,-1
679,4,1715.87,452.32,86.08,212.84,0.6949,-1,-1,-1
679,54,372.12,531.35,107.90,243.92,0.7831,-1,-1,-1
679,73,312.45,355.66,69.25,209.80,0.7150,-1,-1,-1
679,76,1624.86,156.79,66.72,173.51,0.5724,-1,-1,-1
679,80,844.59,926.99,65.72,152.92,0.6985,-1,-1,-1
679,81,1561.92,599.88,110.98,226.91,0.4556,-1,-1,-1
679,86,806.03,145.19,57.31,173.22,0.4356,-1,-1,-1
679,87,1287.41,873.83,89.87,206.17,0.7927,-1,-1,-1
679,88,1371.14,858.21,103.81,221.81,0.6362,-1,-1,-1
679,89,236.76,233.97,57.07,168.72,0.3750,-1,-1,-1
679,93,480.89,131.66,55.08,173.58,0.5017,-1,-1,-1
680,4,1715.97,453.22,87.77,213.57,0.7331,-1,-1,-1
680,54,367.59,530.40,110.80,244.92,0.7844,-1,-1,-1
680,73,310.78,356.52,71.80,207.94,0.7215,-1,-1,-1
680,76,1624.51,155.21,66.59,172.78,0.5879,-1,-1,-1
680,80,844.21,927.39,63.91,152.63,0.7242,-1,-1,-1
680,81,1558.99,617.51,111.00,213.38,0.3470,-1,-1,-1
680,86,805.98,145.32,56.27,173.56,0.4524,-1,-1,-1
680,87,1285.20,870.93,88.66,209.06,0.7654,-1,-1,-1
680,88,1368.23,857.34,100.79,222.70,0.6468,-1,-1,-1
680,89,238.49,233.13,55.21,167.48,0.3295,-1,-1,-1
680,93,479.26,132.92,57.84,173.28,0.4883,-1,-1,-1
681,4,1717.07,453.33,86.40,213.30,0.7224,-1,-1,-1
681,54,359.27,530.54,118.38,244.86,0.8077,-1,-1,-1
681,73,311.78,356.68,70.81,207.05,0.7005,-1,-1,-1
681,76,1623.50,156.83,66.02,171.81,0.6195,-1,-1,-1
681,80,841.66,925.66,68.31,153.72,0.7212,-1,-1,-1
681,81,1559.18,623.40,111.09,206.29,0.3384,-1,-1,-1
681,86,808.60,145.11,53.76,172.20,0.4534,-1,-1,-1
681,87,1279.58,868.24,89.99,211.08,0.7400,-1,-1,-1
681,88,1369.70,854.13,95.28,225.82,0.6770,-1,-1,-1
681,89,239.30,233.58,55.45,165.14,0.4019,-1,-1,-1
681,93,479.09,132.37,57.26,174.32,0.4727,-1,-1,-1
682,4,1716.37,453.35,86.53,213.66,0.7355,-1,-1,-1
682,54,357.94,530.52,119.71,244.07,0.8013,-1,-1,-1
682,73,310.14,357.84,72.48,206.95,0.7170,-1,-1,-1
682,76,1623.44,155.42,66.40,174.02,0.5938,-1,-1,-1
682,80,838.66,924.11,71.10,155.30,0.7308,-1,-1,-1
682,81,1562.92,606.06,106.63,219.67,0.3477,-1,-1,-1
682,86,807.08,144.75,54.52,173.26,0.4272,-1,-1,-1
682,87,1277.22,865.37,90.45,214.19,0.7592,-1,-1,-1
682,88,1371.43,850.35,90.40,229.59,0.7172,-1,-1,-1
682,89,238.41,231.97,60.57,169.20,0.3068,-1,-1,-1
682,93,479.24,131.83,57.91,174.53,0.4571,-1,-1,-1
683,4,1716.89,453.95,86.40,213.06,0.7298,-1,-1,-1
683,54,353.64,530.30,122.67,245.01,0.7994,-1,-1,-1
683,73,310.61,356.97,70.76,207.34,0.7244,-1,-1,-1
683,76,1621.68,155.38,65.62,176.68,0.5766,-1,-1,-1
683,80,836.28,924.11,73.27,155.38,0.7291,-1,-1,-1
683,81,1562.70,603.58,110.08,223.72,0.3800,-1,-1,-1
683,86,808.96,145.07,53.02,171.78,0.4261,-1,-1,-1
683,87,1271.68,863.85,93.94,215.64,0.7655,-1,-1,-1
683,88,1367.12,844.72,91.23,235.17,0.7205,-1,-1,-1
683,93,480.60,131.04,56.00,175.75,0.4440,-1,-1,-1
684,4,1716.03,453.26,85.85,214.12,0.7209,-1,-1,-1
684,54,353.17,527.65,120.49,247.47,0.7922,-1,-1,-1
684,73,310.13,357.57,70.15,206.90,0.7257,-1,-1,-1
684,76,1620.55,155.41,64.62,178.01,0.5948,-1,-1,-1
684,80,833.98,923.34,75.14,156.18,0.7272,-1,-1,-1
684,81,1559.53,616.50,109.91,214.15,0.3496,-1,-1,-1
684,86,806.72,145.18,54.50,173.25,0.4356,-1,-1,-1
684,87,1267.06,861.80,95.69,215.94,0.7917,-1,-1,-1
684,88,1359.88,840.03,94.25,239.91,0.7310,-1,-1,-1
684,92,426.19,142.65,46.63,153.15,0.3497,-1,-1,-1
684,93,481.47,134.92,56.21,171.70,0.4283,-1,-1,-1
685,4,1715.70,452.55,85.16,214.40,0.7324,-1,-1,-1
685,54,352.27,527.57,119.58,248.67,0.7987,-1,-1,-1
685,73,310.08,359.56,69.70,206.57,0.7167,-1,-1,-1
685,76,1620.33,154.02,63.58,181.81,0.5787,-1,-1,-1
685,80,829.54,923.60,79.36,155.88,0.7384,-1,-1,-1
685,81,1562.94,603.35,107.62,223.68,0.4147,-1,-1,-1
685,86,807.78,145.16,53.16,172.32,0.3856,-1,-1,-1
685,87,1266.72,860.09,92.39,217.05,0.7939,-1,-1,-1
685,88,1358.70,837.94,91.88,242.07,0.7493,-1,-1,-1
685,93,479.79,135.52,58.21,171.07,0.4336,-1,-1,-1
686,4,1715.50,451.59,86.22,215.04,0.7438,-1,-1,-1
686,54,352.43,528.80,116.00,247.79,0.8011,-1,-1,-1
686,73,309.45,363.15,68.22,206.67,0.7139,-1,-1,-1
686,76,1618.87,151.74,64.85,181.93,0.5283,-1,-1,-1
686,80,828.57,922.28,80.59,156.35,0.7461,-1,-1,-1
686,81,1559.96,614.28,110.24,216.46,0.3936,-1,-1,-1
686,86,807.34,145.08,52.83,171.82,0.3857,-1,-1,-1
686,87,1264.44,857.79,93.92,220.39,0.7990,-1,-1,-1
686,88,1356.70,832.54,91.51,246.55,0.7472,-1,-1,-1
686,92,424.40,143.54,49.11,155.45,0.3442,-1,-1,-1
686,93,480.05,136.30,56.99,170.11,0.4760,-1,-1,-1
687,4,1715.77,451.91,86.45,214.08,0.7526,-1,-1,-1
687,54,353.16,529.32,108.94,248.29,0.7981,-1,-1,-1
687,73,310.19,366.48,66.56,206.93,0.7049,-1,-1,-1
687,76,1617.65,149.92,63.88,182.23,0.5444,-1,-1,-1
687,80,827.52,922.87,80.97,156.15,0.7348,-1,-1,-1
687,81,1560.57,601.77,110.91,225.10,0.4131,-1,-1,-1
687,86,808.32,144.70,51.42,171.10,0.3749,-1,-1,-1
687,87,1262.49,856.31,90.88,223.66,0.7732,-1,-1,-1
687,88,1352.80,830.18,91.58,249.33,0.7659,-1,-1,-1
687,92,425.47,147.79,47.72,151.43,0.3644,-1,-1,-1
687,93,479.27,134.62,59.01,170.98,0.5020,-1,-1,-1
688,4,1715.41,453.01,88.06,214.24,0.7613,-1,-1,-1
688,54,353.97,528.80,105.00,249.27,0.8145,-1,-1,-1
688,73,310.47,367.17,65.92,209.97,0.7051,-1,-1,-1
688,76,1614.44,147.12,64.82,176.43,0.5621,-1,-1,-1
688,80,824.60,923.31,83.52,155.57,0.7342,-1,-1,-1
688,81,1559.94,612.29,110.68,217.79,0.4337,-1,-1,-1
688,86,807.28,143.63,52.16,171.71,0.3820,-1,-1,-1
688,87,1261.97,853.56,87.93,226.43,0.7831,-1,-1,-1
688,88,1348.23,830.55,91.61,249.49,0.7935,-1,-1,-1
688,93,480.95,134.96,57.21,171.04,0.4925,-1,-1,-1
689,4,1715.23,451.81,85.99,215.11,0.7512,-1,-1,-1
689,54,356.65,529.66,101.24,248.48,0.8145,-1,-1,-1
689,73,310.74,369.40,63.88,206.51,0.7069,-1,-1,-1
689,76,1614.30,144.84,65.05,177.54,0.5711,-1,-1,-1
689,80,822.65,924.06,84.67,154.92,0.7300,-1,-1,-1
689,81,1559.31,598.90,113.02,227.90,0.4646,-1,-1,-1
689,86,807.52,143.23,51.02,171.88,0.3373,-1,-1,-1
689,87,1259.93,851.04,86.28,228.95,0.7727,-1,-1,-1
689,88,1344.89,827.50,94.45,252.49,0.7899,-1,-1,-1
689,92,426.49,146.19,47.38,155.82,0.3176,-1,-1,-1
689,93,481.60,133.41,57.01,172.63,0.5103,-1,-1,-1
690,4,1715.83,451.02,87.23,217.00,0.7244,-1,-1,-1
690,54,359.39,529.22,96.06,250.22,0.8185,-1,-1,-1
690,73,310.38,372.57,62.85,207.59,0.6979,-1,-1,-1
690,76,1612.58,143.46,65.70,178.35,0.5982,-1,-1,-1
690,80,822.20,925.70,85.98,152.63,0.7444,-1,-1,-1
690,81,1561.61,597.13,112.51,229.72,0.4766,-1,-1,-1
690,86,805.70,141.01,50.39,171.40,0.3105,-1,-1,-1
690,87,1258.46,848.15,86.74,231.84,0.7242,-1,-1,-1
690,88,1340.68,824.26,92.77,255.73,0.7714,-1,-1,-1
690,92,426.54,148.96,47.42,155.09,0.3623,-1,-1,-1
690,93,480.80,133.35,57.80,173.87,0.4950,-1,-1,-1
691,4,1715.93,452.01,87.45,216.71,0.7420,-1,-1,-1
691,54,365.31,531.52,88.63,249.05,0.8250,-1,-1,-1
691,73,309.59,375.15,63.60,207.81,0.7126,-1,-1,-1
691,76,1610.54,141.59,65.25,178.94,0.6327,-1,-1,-1
691,80,823.14,926.15,84.45,151.68,0.7387,-1,-1,-1
691,81,1564.59,598.06,110.12,229.84,0.5051,-1,-1,-1
691,86,804.08,140.55,51.46,171.07,0.3558,-1,-1,-1
691,87,1257.32,845.23,85.25,233.45,0.7877,-1,-1,-1
691,88,1334.93,823.79,97.58,256.25,0.7801,-1,-1,-1
691,92,426.40,147.92,47.52,158.27,0.4161,-1,-1,-1
691,93,479.13,134.08,59.78,176.60,0.4978,-1,-1,-1
692,4,1716.28,452.73,87.22,214.94,0.7369,-1,-1,-1
692,54,369.68,533.90,84.11,248.99,0.8118,-1,-1,-1
692,73,308.59,374.49,64.01,211.43,0.7241,-1,-1,-1
692,76,1609.00,140.55,66.11,179.37,0.6498,-1,-1,-1
692,80,823.12,928.24,83.63,148.52,0.7438,-1,-1,-1
692,81,1561.99,600.99,112.95,226.98,0.4449,-1,-1,-1
692,86,805.43,141.52,51.08,173.14,0.3666,-1,-1,-1
692,87,1256.60,841.72,83.00,236.10,0.7951,-1,-1,-1
692,88,1332.26,823.20,96.01,256.84,0.7622,-1,-1,-1
692,92,427.34,150.97,46.76,157.36,0.4647,-1,-1,-1
692,93,480.89,135.49,58.28,179.44,0.5238,-1,-1,-1
693,4,1716.20,451.26,86.35,216.40,0.7277,-1,-1,-1
693,54,374.00,534.51,78.72,250.57,0.8114,-1,-1,-1
693,73,307.28,374.05,64.12,214.65,0.7137,-1,-1,-1
693,76,1608.31,138.47,65.72,178.74,0.6570,-1,-1,-1
693,80,823.74,928.18,82.96,148.69,0.7417,-1,-1,-1
693,81,1562.15,601.38,112.50,226.21,0.4973,-1,-1,-1
693,86,805.01,141.53,50.88,173.11,0.3682,-1,-1,-1
693,87,1254.15,838.31,82.00,241.49,0.8200,-1,-1,-1
693,88,1329.96,820.91,93.80,259.09,0.7654,-1,-1,-1
693,92,427.57,154.84,46.55,155.06,0.4492,-1,-1,-1
693,93,481.29,138.41,56.98,178.84,0.4973,-1,-1,-1
694,4,1715.78,451.62,87.28,217.17,0.7421,-1,-1,-1
694,54,377.88,534.96,75.19,249.46,0.8163,-1,-1,-1
694,73,305.77,374.55,65.20,215.69,0.7027,-1,-1,-1
694,76,1606.50,135.83,66.28,179.22,0.6391,-1,-1,-1
694,80,823.03,928.64,85.07,148.21,0.7643,-1,-1,-1
694,81,1562.51,600.63,111.63,226.91,0.5112,-1,-1,-1
694,86,805.20,140.73,49.86,173.52,0.3447,-1,-1,-1
694,87,1252.57,834.72,80.88,244.12,0.8165,-1,-1,-1
694,88,1327.81,819.32,94.03,260.69,0.7709,-1,-1,-1
694,92,427.30,154.94,47.12,155.70,0.4794,-1,-1,-1
694,93,480.97,140.45,57.14,178.06,0.5077,-1,-1,-1
695,4,1717.09,452.38,86.16,215.40,0.7251,-1,-1,-1
695,54,380.09,535.12,72.37,249.95,0.8113,-1,-1,-1
695,73,305.42,374.39,65.35,215.32,0.6675,-1,-1,-1
695,76,1606.59,135.50,65.51,178.81,0.6304,-1,-1,-1
695,80,822.83,930.69,85.57,146.80,0.7504,-1,-1,-1
695,81,1562.12,599.90,111.44,227.84,0.4220,-1,-1,-1
695,86,805.11,138.06,48.68,175.15,0.3659,-1,-1,-1
695,87,1249.71,831.25,81.03,246.82,0.7898,-1,-1,-1
695,88,1327.84,817.97,92.65,261.90,0.7504,-1,-1,-1
695,92,428.36,155.46,45.96,154.74,0.4003,-1,-1,-1
695,93,480.12,142.90,59.37,176.71,0.5263,-1,-1,-1
696,4,1717.13,452.13,86.40,214.74,0.7147,-1,-1,-1
696,54,381.74,535.33,69.49,250.91,0.8033,-1,-1,-1
696,73,302.86,374.80,67.99,214.62,0.6337,-1,-1,-1
696,76,1605.30,134.83,65.76,179.88,0.6064,-1,-1,-1
696,80,823.71,931.54,84.76,146.61,0.7367,-1,-1,-1
696,81,1561.23,601.12,113.02,225.97,0.4144,-1,-1,-1
696,86,804.98,137.50,48.18,175.02,0.3305,-1,-1,-1
696,87,1244.62,829.96,81.82,247.85,0.7860,-1,-1,-1
696,88,1325.87,815.50,92.48,264.49,0.7583,-1,-1,-1
696,92,427.43,157.67,47.16,151.77,0.4011,-1,-1,-1
696,93,481.39,147.44,57.96,172.56,0.5447,-1,-1,-1
697,4,1716.35,452.56,87.33,214.78,0.7074,-1,-1,-1
697,54,382.48,536.57,68.63,249.99,0.7923,-1,-1,-1
697,73,299.56,375.56,71.04,214.69,0.6343,-1,-1,-1
697,76,1602.15,135.19,68.14,178.34,0.5444,-1,-1,-1
697,80,825.13,932.80,83.68,145.50,0.7476,-1,-1,-1
697,81,1561.57,601.47,111.85,224.94,0.4155,-1,-1,-1
697,86,804.03,138.65,47.55,176.69,0.3469,-1,-1,-1
697,87,1241.94,828.64,82.24,249.59,0.7672,-1,-1,-1
697,88,1321.70,812.30,95.00,267.68,0.7816,-1,-1,-1
697,92,428.23,157.47,47.24,152.45,0.4385,-1,-1,-1
697,93,480.20,149.38,58.84,171.91,0.5391,-1,-1,-1
698,4,1717.53,452.50,85.74,214.57,0.7374,-1,-1,-1
698,54,383.62,537.35,67.84,248.71,0.7954,-1,-1,-1
698,73,299.05,376.04,71.66,214.15,0.6222,-1,-1,-1
698,76,1602.77,134.83,67.41,178.18,0.5208,-1,-1,-1
698,80,826.76,931.63,82.40,146.90,0.7645,-1,-1,-1
698,81,1559.39,608.90,113.78,219.91,0.4405,-1,-1,-1
698,86,805.48,137.20,45.88,176.47,0.3734,-1,-1,-1
698,87,1238.22,827.73,82.72,250.22,0.7711,-1,-1,-1
698,88,1318.27,809.51,95.97,270.48,0.7908,-1,-1,-1
698,92,427.27,155.25,48.13,154.66,0.4166,-1,-1,-1
698,93,479.95,150.50,57.96,170.88,0.5219,-1,-1,-1
699,4,1718.02,452.29,84.46,215.29,0.7189,-1,-1,-1
699,54,384.22,537.63,65.39,248.05,0.7808,-1,-1,-1
699,73,298.23,376.03,72.34,213.00,0.6507,-1,-1,-1
699,76,1600.09,134.05,69.37,180.95,0.4055,-1,-1,-1
699,80,827.18,932.42,82.88,146.12,0.7654,-1,-1,-1
699,81,1565.15,600.58,110.14,225.23,0.4248,-1,-1,-1
699,86,804.84,137.68,45.80,177.89,0.3272,-1,-1,-1
699,87,1232.80,825.19,86.48,252.39,0.7675,-1,-1,-1
699,88,1317.30,804.99,91.35,273.42,0.8006,-1,-1,-1
699,92,425.40,153.76,50.42,156.55,0.4547,-1,-1,-1
699,93,479.24,150.90,59.93,170.64,0.5515,-1,-1,-1
700,4,1717.84,452.63,84.69,213.82,0.7241,-1,-1,-1
700,54,384.76,539.00,64.84,247.28,0.7896,-1,-1,-1
700,73,296.85,375.95,72.52,212.89,0.6561,-1,-1,-1
700,76,1598.30,133.81,71.26,180.88,0.3639,-1,-1,-1
700,80,829.28,932.68,82.05,146.06,0.7653,-1,-1,-1
700,81,1560.69,612.13,111.31,216.37,0.4456,-1,-1,-1
700,86,803.17,134.94,47.56,179.79,0.3102,-1,-1,-1
700,87,1230.67,823.26,87.26,252.26,0.7664,-1,-1,-1
700,88,1314.76,802.05,90.75,274.19,0.7929,-1,-1,-1
700,92,427.58,153.45,48.55,156.78,0.3919,-1,-1,-1
700,93,479.42,149.93,59.67,171.85,0.5276,-1,-1,-1
701,4,1717.13,452.40,86.36,215.74,0.7201,-1,-1,-1
701,54,385.06,539.15,63.27,246.04,0.7572,-1,-1,-1
701,73,295.83,377.25,74.16,210.63,0.6502,-1,-1,-1
701,76,1597.40,134.87,72.45,180.41,0.3543,-1,-1,-1
701,80,829.96,932.00,85.02,146.32,0.7713,-1,-1,-1
701,81,1561.97,601.69,112.66,224.27,0.3879,-1,-1,-1
701,86,802.81,136.36,47.95,177.31,0.3475,-1,-1,-1
701,87,1227.15,819.85,89.98,256.37,0.8027,-1,-1,-1
701,88,1313.15,798.18,92.92,273.26,0.7867,-1,-1,-1
701,92,428.74,153.50,46.48,156.89,0.3804,-1,-1,-1
701,93,479.93,150.38,59.31,171.14,0.5432,-1,-1,-1
702,4,1717.14,451.37,86.63,215.85,0.7400,-1,-1,-1
702,54,385.85,539.81,60.83,245.05,0.7413,-1,-1,-1
702,73,295.92,376.22,73.91,212.14,0.6842,-1,-1,-1
702,76,1598.33,135.03,70.66,180.08,0.3884,-1,-1,-1
702,80,832.85,933.31,82.76,145.34,0.7708,-1,-1,-1
702,81,1559.15,623.31,113.73,206.52,0.3463,-1,-1,-1
702,86,798.92,137.52,52.23,176.58,0.3630,-1,-1,-1
702,87,1221.12,817.33,94.60,257.46,0.7636,-1,-1,-1
702,88,1310.58,792.67,93.46,262.41,0.7728,-1,-1,-1
702,92,430.15,151.79,46.78,159.35,0.3213,-1,-1,-1
702,93,480.69,149.15,57.89,171.59,0.5419,-1,-1,-1
703,4,1717.25,451.69,86.33,216.80,0.7375,-1,-1,-1
703,54,386.99,540.36,59.07,244.69,0.7364,-1,-1,-1
703,73,295.30,377.02,74.57,213.59,0.6906,-1,-1,-1
703,76,1601.22,131.09,67.65,185.27,0.4393,-1,-1,-1
703,80,834.66,933.76,82.94,144.52,0.7771,-1,-1,-1
703,81,1561.24,604.66,111.60,221.07,0.3812,-1,-1,-1
703,86,799.44,138.03,51.55,175.65,0.3603,-1,-1,-1
703,87,1221.25,815.97,90.51,257.86,0.7740,-1,-1,-1
703,88,1309.23,788.88,93.34,260.75,0.7814,-1,-1,-1
703,92,427.49,156.11,47.99,153.20,0.3397,-1,-1,-1
703,93,479.59,148.83,59.11,170.20,0.5236,-1,-1,-1
704,4,1716.74,451.34,87.59,214.66,0.7353,-1,-1,-1
704,54,387.43,540.59,59.47,246.21,0.7336,-1,-1,-1
704,73,294.40,378.93,75.12,214.75,0.6917,-1,-1,-1
704,76,1599.36,133.36,68.44,182.71,0.5400,-1,-1,-1
704,80,836.42,933.84,84.20,144.45,0.7791,-1,-1,-1
704,81,1560.88,602.38,114.19,224.61,0.3544,-1,-1,-1
704,86,798.95,138.09,52.64,173.69,0.3667,-1,-1,-1
704,87,1220.45,814.53,88.41,259.43,0.7760,-1,-1,-1
704,88,1309.88,786.20,90.93,263.61,0.7790,-1,-1,-1
704,89,259.18,207.32,51.28,186.52,0.3148,-1,-1,-1
704,92,427.15,157.55,48.17,155.50,0.3923,-1,-1,-1
704,93,478.84,149.30,59.89,169.17,0.5277,-1,-1,-1
705,4,1717.71,452.44,86.08,212.91,0.7272,-1,-1,-1
705,54,388.85,540.30,58.96,246.95,0.7420,-1,-1,-1
705,73,296.04,379.22,75.00,219.77,0.7036,-1,-1,-1
705,76,1602.04,131.76,66.91,184.43,0.5509,-1,-1,-1
705,80,838.87,933.98,83.59,144.52,0.7729,-1,-1,-1
705,81,1562.56,595.48,113.64,228.46,0.6044,-1,-1,-1
705,86,797.41,137.87,53.56,173.89,0.3708,-1,-1,-1
705,87,1219.48,812.36,86.40,262.45,0.7862,-1,-1,-1
705,88,1311.44,784.82,87.41,265.60,0.7674,-1,-1,-1
705,92,428.42,156.99,50.81,156.99,0.3681,-1,-1,-1
705,93,478.23,149.92,61.77,170.26,0.5471,-1,-1,-1
706,4,1717.23,452.36,86.40,214.03,0.7148,-1,-1,-1
706,54,389.08,540.72,59.74,245.30,0.7465,-1,-1,-1
706,73,293.59,383.69,78.03,219.58,0.7103,-1,-1,-1
706,76,1602.82,130.32,65.49,184.77,0.5995,-1,-1,-1
706,80,840.12,933.33,83.56,145.70,0.7781,-1,-1,-1
706,81,1563.40,595.19,113.78,229.45,0.5003,-1,-1,-1
706,86,796.76,138.95,53.59,173.19,0.3664,-1,-1,-1
706,87,1216.13,808.35,87.49,267.34,0.7793,-1,-1,-1
706,88,1309.29,783.41,85.61,266.28,0.7689,-1,-1,-1
706,92,426.77,159.52,50.14,157.81,0.3896,-1,-1,-1
706,93,478.90,151.78,59.47,167.98,0.5286,-1,-1,-1
707,4,1718.07,452.99,85.45,213.28,0.7274,-1,-1,-1
707,54,389.06,541.26,59.55,245.59,0.7639,-1,-1,-1
707,73,294.52,388.63,75.59,215.37,0.7157,-1,-1,-1
707,76,1602.80,129.02,65.20,181.39,0.6222,-1,-1,-1
707,80,842.13,934.16,84.39,145.83,0.7790,-1,-1,-1
707,81,1564.97,597.56,112.29,228.43,0.4610,-1,-1,-1
707,86,795.62,138.56,53.58,173.44,0.4007,-1,-1,-1
707,87,1214.35,805.99,85.88,262.37,0.7619,-1,-1,-1
707,88,1306.29,782.65,85.99,266.40,0.7673,-1,-1,-1
707,89,259.33,205.57,53.80,187.33,0.3240,-1,-1,-1
707,92,425.40,157.53,51.23,162.84,0.4239,-1,-1,-1
707,93,479.64,151.85,57.42,168.58,0.5197,-1,-1,-1
708,4,1717.42,452.67,85.96,213.91,0.7247,-1,-1,-1
708,54,390.55,541.69,57.91,246.34,0.7499,-1,-1,-1
708,73,295.08,390.63,73.89,214.52,0.7164,-1,-1,-1
708,76,1602.52,128.51,64.88,175.77,0.6106,-1,-1,-1
708,80,842.95,934.19,85.40,145.81,0.7765,-1,-1,-1
708,81,1564.57,595.77,112.03,228.55,0.5035,-1,-1,-1
708,86,795.06,139.31,54.15,173.23,0.3951,-1,-1,-1
708,87,1212.00,802.57,85.99,263.21,0.7518,-1,-1,-1
708,88,1302.59,781.07,87.76,265.43,0.7723,-1,-1,-1
708,89,260.36,203.48,50.18,182.84,0.3311,-1,-1,-1
708,92,425.27,156.11,50.77,166.27,0.4018,-1,-1,-1
708,93,479.35,153.42,57.22,167.70,0.4922,-1,-1,-1
709,4,1717.77,451.47,85.95,214.30,0.7200,-1,-1,-1
709,54,391.28,542.27,58.92,244.62,0.7568,-1,-1,-1
709,73,295.14,392.63,72.66,214.05,0.7235,-1,-1,-1
709,76,1602.45,126.73,65.23,173.19,0.6345,-1,-1,-1
709,80,843.94,934.30,86.10,145.70,0.7834,-1,-1,-1
709,81,1563.77,595.54,111.96,230.45,0.4493,-1,-1,-1
709,86,795.40,139.37,53.42,173.51,0.4195,-1,-1,-1
709,87,1208.93,799.45,84.27,260.22,0.7684,-1,-1,-1
709,88,1296.25,781.68,93.16,262.81,0.7592,-1,-1,-1
709,89,260.36,202.78,49.93,183.39,0.3037,-1,-1,-1
709,92,425.44,153.46,52.39,169.70,0.4151,-1,-1,-1
709,93,479.22,155.39,59.33,167.24,0.4914,-1,-1,-1
710,4,1718.53,452.09,85.65,213.90,0.7335,-1,-1,-1
710,54,391.02,542.58,61.29,242.64,0.7451,-1,-1,-1
710,73,295.85,393.98,71.66,215.30,0.7364,-1,-1,-1
710,76,1602.70,125.61,64.36,173.83,0.6537,-1,-1,-1
710,80,845.03,935.57,85.24,144.45,0.7713,-1,-1,-1
710,81,1565.59,593.17,111.57,231.41,0.5048,-1,-1,-1
710,86,793.96,139.40,52.47,172.49,0.3814,-1,-1,-1
710,87,1206.89,795.42,82.61,260.27,0.7844,-1,-1,-1
710,88,1287.26,781.28,99.04,264.05,0.7588,-1,-1,-1
710,89,260.71,206.44,52.07,181.99,0.3295,-1,-1,-1
710,92,425.09,155.13,49.60,169.20,0.3800,-1,-1,-1
710,93,479.35,158.93,58.33,167.18,0.5072,-1,-1,-1
711,4,1718.23,452.57,86.09,213.68,0.7146,-1,-1,-1
711,54,390.65,543.72,64.77,241.47,0.7452,-1,-1,-1
711,73,295.80,394.11,70.82,219.75,0.7366,-1,-1,-1
711,76,1602.48,122.83,64.46,174.10,0.6326,-1,-1,-1
711,80,845.71,934.23,85.26,145.74,0.7833,-1,-1,-1
711,81,1564.78,600.53,109.12,226.48,0.3703,-1,-1,-1
711,86,793.99,140.36,49.29,172.83,0.3783,-1,-1,-1
711,87,1203.04,793.68,84.44,258.92,0.7882,-1,-1,-1
711,88,1276.07,780.96,106.45,265.78,0.7515,-1,-1,-1
711,93,478.64,158.05,58.92,170.06,0.5225,-1,-1,-1
712,4,1717.44,451.44,87.36,216.68,0.7093,-1,-1,-1
712,54,391.25,544.12,66.28,240.96,0.7235,-1,-1,-1
712,73,297.03,395.49,71.03,219.58,0.7124,-1,-1,-1
712,76,1603.14,122.39,63.67,174.79,0.6185,-1,-1,-1
712,80,847.43,934.35,84.70,145.65,0.7796,-1,-1,-1
712,81,1565.13,599.21,109.83,226.63,0.4533,-1,-1,-1
712,86,793.75,140.18,49.16,170.85,0.3159,-1,-1,-1
712,87,1199.84,791.61,83.31,256.69,0.7993,-1,-1,-1
712,88,1276.06,779.87,102.59,266.06,0.7514,-1,-1,-1
712,93,478.70,159.25,59.37,170.54,0.5246,-1,-1,-1
713,4,1718.12,451.69,85.85,214.47,0.6984,-1,-1,-1
713,54,392.10,544.42,70.82,239.36,0.6745,-1,-1,-1
713,73,297.42,399.74,70.04,222.09,0.6891,-1,-1,-1
713,76,1602.89,121.56,62.76,175.08,0.6734,-1,-1,-1
713,80,849.10,934.10,84.17,145.90,0.7793,-1,-1,-1
713,81,1569.42,597.98,107.43,226.22,0.6170,-1,-1,-1
713,86,792.39,139.36,48.62,172.33,0.3765,-1,-1,-1
713,87,1193.85,790.64,86.78,259.31,0.7921,-1,-1,-1
713,88,1276.69,778.73,97.91,262.63,0.7626,-1,-1,-1
713,92,423.34,165.87,48.73,160.17,0.3026,-1,-1,-1
713,93,478.08,161.58,59.82,170.19,0.5194,-1,-1,-1
713,96,556.40,108.98,61.18,177.86,0.3074,-1,-1,-1
714,4,1718.10,451.64,86.42,214.60,0.6924,-1,-1,-1
714,54,391.14,544.89,75.57,239.17,0.6888,-1,-1,-1
714,73,297.12,401.07,71.61,221.44,0.6892,-1,-1,-1
714,76,1602.34,120.54,62.69,175.97,0.6537,-1,-1,-1
714,80,851.97,934.40,82.45,145.60,0.7794,-1,-1,-1
714,81,1572.00,597.08,103.75,227.00,0.6246,-1,-1,-1
714,86,791.97,139.75,48.32,173.45,0.3281,-1,-1,-1
714,87,1190.67,788.27,88.13,262.73,0.7900,-1,-1,-1
714,88,1274.59,776.28,96.31,258.13,0.7392,-1,-1,-1
714,89,262.19,207.91,51.97,181.94,0.3212,-1,-1,-1
714,93,477.74,162.60,58.87,171.81,0.5320,-1,-1,-1
715,4,1717.72,452.16,85.69,214.81,0.6745,-1,-1,-1
715,54,392.00,544.43,79.43,239.96,0.6996,-1,-1,-1
715,73,298.01,401.40,70.61,221.10,0.6823,-1,-1,-1
715,76,1601.30,120.08,63.56,178.03,0.6151,-1,-1,-1
715,80,852.51,934.90,81.46,145.11,0.7794,-1,-1,-1
715,81,1572.77,598.00,103.46,226.76,0.6123,-1,-1,-1
715,86,791.29,139.55,48.13,173.93,0.3437,-1,-1,-1
715,87,1190.65,787.04,81.40,263.15,0.7981,-1,-1,-1
715,88,1274.30,771.42,91.70,255.59,0.7948,-1,-1,-1
715,89,261.43,206.41,53.72,179.63,0.3237,-1,-1,-1
715,93,478.15,164.09,58.47,172.38,0.5135,-1,-1,-1
716,4,1716.89,452.41,86.65,213.78,0.6656,-1,-1,-1
716,54,392.06,545.94,83.64,239.38,0.7124,-1,-1,-1
716,73,298.01,401.61,71.17,220.69,0.6756,-1,-1,-1
716,76,1601.28,119.72,62.23,179.88,0.6102,-1,-1,-1
716,80,853.17,935.42,81.33,144.59,0.7726,-1,-1,-1
716,81,1571.86,598.53,103.41,225.97,0.5775,-1,-1,-1
716,86,790.22,139.87,48.92,172.35,0.3868,-1,-1,-1
716,87,1188.83,786.43,81.40,264.49,0.7995,-1,-1,-1
716,88,1273.01,768.43,89.95,255.56,0.8015,-1,-1,-1
716,89,262.61,206.00,52.63,180.86,0.3205,-1,-1,-1
716,93,476.91,164.34,59.97,172.45,0.4760,-1,-1,-1
717,4,1718.59,451.47,85.68,214.33,0.6951,-1,-1,-1
717,54,391.28,545.94,86.82,239.33,0.7084,-1,-1,-1
717,73,298.49,402.67,72.29,219.43,0.6753,-1,-1,-1
717,76,1600.49,119.34,61.72,179.67,0.5447,-1,-1,-1
717,80,854.40,935.51,79.84,144.48,0.7800,-1,-1,-1
717,81,1570.72,598.91,106.46,225.99,0.5812,-1,-1,-1
717,86,789.59,140.02,48.97,171.30,0.4004,-1,-1,-1
717,87,1186.22,785.08,83.17,264.39,0.8037,-1,-1,-1
717,88,1270.91,762.65,89.95,259.07,0.7827,-1,-1,-1
717,93,474.75,160.74,62.55,178.10,0.4702,-1,-1,-1
717,96,554.41,113.52,61.11,174.45,0.4226,-1,-1,-1
718,4,1718.66,450.42,85.64,215.16,0.6961,-1,-1,-1
718,54,391.56,546.48,87.18,239.71,0.7151,-1,-1,-1
718,73,298.45,403.09,72.64,219.00,0.6782,-1,-1,-1
718,76,1600.45,118.99,60.79,181.15,0.5506,-1,-1,-1
718,80,853.64,935.69,80.86,144.31,0.7747,-1,-1,-1
718,81,1570.84,599.79,105.83,224.51,0.5939,-1,-1,-1
718,86,789.77,140.68,47.81,168.61,0.4085,-1,-1,-1
718,87,1184.50,783.79,83.13,265.79,0.7978,-1,-1,-1
718,88,1267.52,759.00,87.50,255.29,0.7458,-1,-1,-1
718,93,473.62,161.06,63.20,179.09,0.5021,-1,-1,-1
718,96,554.52,112.77,59.76,175.09,0.3252,-1,-1,-1
719,4,1717.80,451.72,86.08,214.44,0.7020,-1,-1,-1
719,54,391.65,547.09,89.35,241.36,0.6982,-1,-1,-1
719,73,299.31,403.16,71.96,212.52,0.6653,-1,-1,-1
719,76,1600.72,118.03,58.91,180.90,0.4597,-1,-1,-1
719,80,853.10,936.19,81.04,143.81,0.7827,-1,-1,-1
719,81,1568.41,595.96,107.96,228.43,0.5258,-1,-1,-1
719,86,788.12,139.84,49.32,168.79,0.3421,-1,-1,-1
719,87,1183.23,783.20,82.47,264.27,0.7965,-1,-1,-1
719,88,1265.64,755.38,86.62,258.24,0.7409,-1,-1,-1
719,92,420.87,160.01,50.83,167.53,0.3043,-1,-1,-1
719,93,475.45,162.59,60.84,178.22,0.4771,-1,-1,-1
719,96,554.05,110.68,60.16,176.62,0.3230,-1,-1,-1
720,4,1718.42,451.70,85.33,214.39,0.7062,-1,-1,-1
720,54,392.22,547.97,89.11,240.80,0.6961,-1,-1,-1
720,73,299.43,405.85,72.42,209.14,0.7028,-1,-1,-1
720,76,1600.30,118.36,58.95,179.30,0.4618,-1,-1,-1
720,80,852.20,937.98,81.61,142.05,0.7856,-1,-1,-1
720,81,1579.94,601.43,92.96,225.96,0.5022,-1,-1,-1
720,86,787.20,139.40,49.93,169.68,0.3393,-1,-1,-1
720,87,1181.39,781.48,82.98,265.60,0.7843,-1,-1,-1
720,88,1264.15,750.61,84.85,262.09,0.7351,-1,-1,-1
720,92,420.43,160.21,51.37,170.80,0.3329,-1,-1,-1
720,93,475.58,165.47,59.74,173.01,0.4780,-1,-1,-1
720,96,553.43,114.25,59.49,173.18,0.3308,-1,-1,-1
721,4,1717.12,451.99,87.02,214.17,0.6967,-1,-1,-1
721,54,393.69,549.00,92.95,241.85,0.6842,-1,-1,-1
721,73,299.52,408.02,73.00,210.73,0.7203,-1,-1,-1
721,76,1600.13,119.42,58.37,176.38,0.5479,-1,-1,-1
721,80,851.85,938.09,81.97,141.90,0.7844,-1,-1,-1
721,81,1568.60,597.79,106.03,226.77,0.5824,-1,-1,-1
721,86,789.43,140.22,47.07,169.40,0.3118,-1,-1,-1
721,87,1179.82,779.28,81.06,265.71,0.7744,-1,-1,-1
721,88,1262.39,748.70,84.61,265.85,0.7342,-1,-1,-1
721,92,419.17,156.26,53.14,175.67,0.4125,-1,-1,-1
721,93,475.69,166.07,60.43,171.67,0.5103,-1,-1,-1
721,96,552.60,111.66,60.08,175.63,0.3899,-1,-1,-1
722,4,1718.15,452.33,86.77,213.66,0.7181,-1,-1,-1
722,54,394.96,550.29,93.81,241.21,0.7132,-1,-1,-1
722,73,299.24,409.31,72.82,213.66,0.7361,-1,-1,-1
722,76,1600.46,119.68,57.09,174.87,0.5210,-1,-1,-1
722,80,850.82,938.56,82.69,141.45,0.7860,-1,-1,-1
722,81,1568.56,595.13,107.12,229.73,0.5771,-1,-1,-1
722,87,1177.90,773.50,78.76,268.49,0.7863,-1,-1,-1
722,88,1256.17,747.88,88.23,261.32,0.7685,-1,-1,-1
722,92,419.77,157.09,54.05,175.55,0.4086,-1,-1,-1
722,93,474.46,164.23,60.87,171.89,0.5149,-1,-1,-1
722,96,550.59,114.60,61.94,172.64,0.4481,-1,-1,-1
723,4,1718.61,451.16,85.28,215.85,0.7180,-1,-1,-1
723,54,395.59,551.26,94.64,242.37,0.7219,-1,-1,-1
723,73,299.02,410.23,73.24,216.87,0.7560,-1,-1,-1
723,76,1600.35,118.24,56.31,176.24,0.3248,-1,-1,-1
723,80,850.99,938.47,81.33,141.52,0.7834,-1,-1,-1
723,81,1565.94,594.28,108.77,230.94,0.5550,-1,-1,-1
723,86,789.03,139.21,47.46,171.76,0.3042,-1,-1,-1
723,87,1175.78,770.37,78.54,260.28,0.7740,-1,-1,-1
723,88,1253.52,746.34,88.17,268.21,0.7720,-1,-1,-1
723,89,264.87,207.76,51.07,176.89,0.3311,-1,-1,-1
723,92,418.84,161.06,53.96,172.98,0.4886,-1,-1,-1
723,93,474.55,165.78,61.48,170.55,0.5334,-1,-1,-1
723,96,550.91,111.48,60.16,176.60,0.4181,-1,-1,-1
724,4,1719.11,451.82,85.67,215.42,0.6993,-1,-1,-1
724,54,397.49,551.57,92.36,243.31,0.7246,-1,-1,-1
724,73,298.92,411.98,72.79,218.46,0.7639,-1,-1,-1
724,76,1599.49,116.91,56.28,178.10,0.3465,-1,-1,-1
724,80,849.09,939.01,82.46,140.99,0.7878,-1,-1,-1
724,81,1565.98,592.68,108.96,232.16,0.5180,-1,-1,-1
724,87,1173.97,767.44,76.03,246.28,0.7735,-1,-1,-1
724,88,1248.85,744.98,86.60,267.49,0.7716,-1,-1,-1
724,92,417.83,163.75,53.83,174.41,0.4976,-1,-1,-1
724,93,472.97,165.15,61.77,171.37,0.5622,-1,-1,-1
724,96,550.16,117.08,59.63,170.66,0.4557,-1,-1,-1
725,4,1718.25,451.99,86.17,214.84,0.6964,-1,-1,-1
725,54,401.58,551.18,91.66,242.43,0.7182,-1,-1,-1
725,73,299.33,414.51,72.99,217.44,0.7557,-1,-1,-1
725,76,1598.65,116.24,56.87,176.99,0.3822,-1,-1,-1
725,80,847.90,941.30,82.67,138.73,0.7784,-1,-1,-1
725,81,1565.53,595.44,109.09,229.33,0.5291,-1,-1,-1
725,87,1171.75,764.02,76.31,248.27,0.7732,-1,-1,-1
725,88,1243.61,745.26,89.95,267.99,0.7702,-1,-1,-1
725,92,418.34,165.17,51.95,173.97,0.4813,-1,-1,-1
725,93,471.93,167.65,63.63,171.11,0.5597,-1,-1,-1
725,96,550.23,116.12,59.17,171.14,0.4510,-1,-1,-1
726,4,1717.55,452.28,86.05,214.04,0.6997,-1,-1,-1
726,54,403.64,552.51,93.21,242.71,0.7403,-1,-1,-1
726,73,299.29,415.96,72.32,217.55,0.7592,-1,-1,-1
726,76,1598.36,115.46,55.92,176.45,0.4358,-1,-1,-1
726,80,845.91,942.38,83.99,137.63,0.7848,-1,-1,-1
726,81,1564.67,593.52,110.44,230.77,0.5170,-1,-1,-1
726,87,1170.44,759.80,77.12,247.50,0.7816,-1,-1,-1
726,88,1241.80,744.13,88.89,269.80,0.7936,-1,-1,-1
726,89,264.14,214.23,48.97,171.19,0.3030,-1,-1,-1
726,92,418.43,167.53,52.84,173.58,0.5194,-1,-1,-1
726,93,472.94,169.48,61.69,173.52,0.5719,-1,-1,-1
726,96,549.48,119.13,58.89,168.83,0.4489,-1,-1,-1
727,4,1719.51,451.77,84.31,214.43,0.7041,-1,-1,-1
727,54,403.14,552.60,94.60,244.84,0.7692,-1,-1,-1
727,73,299.64,418.73,72.14,216.40,0.7686,-1,-1,-1
727,76,1598.34,113.34,55.10,177.43,0.4523,-1,-1,-1
727,80,844.73,943.00,83.93,137.00,0.7868,-1,-1,-1
727,81,1563.91,597.68,110.87,228.71,0.4529,-1,-1,-1
727,87,1167.43,756.06,78.43,243.55,0.7972,-1,-1,-1
727,88,1239.41,742.53,91.33,268.78,0.8174,-1,-1,-1
727,92,416.38,173.48,54.38,167.33,0.5376,-1,-1,-1
727,93,473.77,171.46,60.05,174.41,0.5433,-1,-1,-1
727,96,549.92,119.16,58.26,168.88,0.3397,-1,-1,-1
728,4,1718.73,452.32,85.28,213.20,0.7061,-1,-1,-1
728,54,404.35,551.90,93.58,245.35,0.7879,-1,-1,-1
728,73,298.60,419.10,73.27,220.93,0.7557,-1,-1,-1
728,76,1597.84,112.12,55.90,179.36,0.5466,-1,-1,-1
728,80,843.12,942.32,84.67,137.65,0.7854,-1,-1,-1
728,81,1580.12,601.60,93.39,224.63,0.4385,-1,-1,-1
728,87,1163.87,753.98,79.78,249.06,0.8116,-1,-1,-1
728,88,1238.10,742.54,90.77,268.33,0.8207,-1,-1,-1
728,89,263.32,215.04,49.37,169.72,0.3166,-1,-1,-1
728,92,419.16,174.69,54.30,170.36,0.4945,-1,-1,-1
728,93,473.86,171.19,58.88,176.82,0.5211,-1,-1,-1
728,96,549.35,115.53,58.82,172.03,0.3396,-1,-1,-1
729,4,1718.35,451.16,85.86,214.95,0.7097,-1,-1,-1
729,54,403.93,552.57,93.13,243.50,0.7757,-1,-1,-1
729,73,298.79,420.27,71.81,221.87,0.7510,-1,-1,-1
729,76,1597.49,109.87,55.80,178.50,0.5597,-1,-1,-1
729,80,841.39,944.17,85.93,135.86,0.7929,-1,-1,-1
729,81,1565.80,597.41,110.20,228.19,0.4968,-1,-1,-1
729,87,1162.51,750.90,78.00,253.35,0.8184,-1,-1,-1
729,88,1235.58,741.12,91.42,266.52,0.8279,-1,-1,-1
729,92,420.35,178.71,52.10,166.59,0.4529,-1,-1,-1
729,93,473.76,171.45,58.98,179.80,0.5286,-1,-1,-1
729,96,549.29,115.60,58.46,172.04,0.3836,-1,-1,-1
730,4,1718.54,451.90,86.53,214.49,0.7112,-1,-1,-1
730,54,406.17,552.70,91.20,243.53,0.7978,-1,-1,-1
730,73,298.45,421.06,71.63,222.84,0.7345,-1,-1,-1
730,76,1597.54,108.32,55.46,177.00,0.4593,-1,-1,-1
730,80,839.79,943.90,86.60,135.76,0.7834,-1,-1,-1
730,81,1581.72,597.88,91.88,228.27,0.4971,-1,-1,-1
730,87,1158.07,749.95,79.42,257.63,0.8189,-1,-1,-1
730,88,1232.52,739.57,92.34,269.04,0.8114,-1,-1,-1
730,89,262.15,213.70,51.57,174.33,0.3764,-1,-1,-1
730,92,417.96,181.30,54.47,164.96,0.4715,-1,-1,-1
730,93,470.32,168.12,61.46,183.53,0.4248,-1,-1,-1
730,96,549.19,116.62,58.87,170.63,0.4120,-1,-1,-1
731,4,1718.91,452.35,85.64,214.04,0.7043,-1,-1,-1
731,54,407.76,553.18,90.12,242.79,0.8102,-1,-1,-1
731,73,297.80,421.22,71.65,221.60,0.7154,-1,-1,-1
731,76,1598.29,106.80,54.97,176.83,0.4633,-1,-1,-1
731,80,838.29,943.83,86.81,136.04,0.7830,-1,-1,-1
731,81,1566.94,596.39,108.99,228.03,0.5683,-1,-1,-1
731,87,1155.52,748.34,78.81,258.60,0.8072,-1,-1,-1
731,88,1230.64,737.00,89.13,270.34,0.7996,-1,-1,-1
731,89,262.04,212.21,50.77,174.32,0.3868,-1,-1,-1
731,92,417.19,182.96,53.82,163.44,0.4706,-1,-1,-1
731,93,470.08,168.41,61.86,184.46,0.4299,-1,-1,-1
731,96,549.14,119.08,59.46,167.28,0.3681,-1,-1,-1
731,97,321.39,210.45,57.26,160.99,0.3861,-1,-1,-1
732,4,1717.40,451.95,87.46,214.80,0.6974,-1,-1,-1
732,54,412.78,553.19,87.28,243.41,0.8058,-1,-1,-1
732,73,297.29,421.66,72.64,221.44,0.6784,-1,-1,-1
732,76,1599.80,105.33,53.77,176.68,0.5165,-1,-1,-1
732,80,838.41,944.70,85.35,135.25,0.7823,-1,-1,-1
732,81,1566.36,595.20,109.05,229.74,0.5136,-1,-1,-1
732,87,1152.81,746.84,79.68,260.63,0.8079,-1,-1,-1
732,88,1229.56,734.47,89.06,268.59,0.8154,-1,-1,-1
732,89,262.65,213.59,49.74,172.36,0.3593,-1,-1,-1
732,92,417.21,181.63,52.93,165.27,0.4671,-1,-1,-1
732,93,470.06,172.97,62.66,181.54,0.4671,-1,-1,-1
732,96,549.15,114.34,60.01,172.17,0.4497,-1,-1,-1
732,97,321.80,208.49,58.98,164.46,0.3864,-1,-1,-1
733,4,1717.03,451.94,87.78,215.30,0.6985,-1,-1,-1
733,54,415.29,552.60,85.00,243.92,0.7861,-1,-1,-1
733,73,296.41,422.38,73.18,220.40,0.6550,-1,-1,-1
733,76,1600.78,104.75,53.28,175.13,0.4994,-1,-1,-1
733,80,836.67,944.67,86.14,134.93,0.7718,-1,-1,-1
733,81,1566.01,592.85,110.18,231.83,0.5160,-1,-1,-1
733,87,1150.18,746.21,79.75,263.25,0.7688,-1,-1,-1
733,88,1227.89,729.62,86.33,257.13,0.7858,-1,-1,-1
733,92,416.99,185.20,51.28,157.44,0.4657,-1,-1,-1
733,93,471.97,172.95,60.48,182.66,0.4831,-1,-1,-1
733,96,549.25,113.66,59.41,173.24,0.3829,-1,-1,-1
733,97,322.56,209.88,57.40,162.11,0.3586,-1,-1,-1
734,4,1717.27,452.14,87.29,217.68,0.7048,-1,-1,-1
734,54,420.73,552.94,80.54,245.72,0.7893,-1,-1,-1
734,73,295.93,423.02,73.48,219.20,0.6437,-1,-1,-1
734,76,1601.14,104.00,53.95,175.37,0.3556,-1,-1,-1
734,80,836.16,944.79,86.04,134.73,0.7783,-1,-1,-1
734,81,1580.24,598.98,92.57,228.44,0.4539,-1,-1,-1
734,87,1147.81,747.61,80.80,260.86,0.7762,-1,-1,-1
734,88,1227.80,727.34,83.39,248.46,0.7814,-1,-1,-1
734,89,263.95,213.83,47.32,167.33,0.3285,-1,-1,-1
734,92,419.94,183.21,48.28,159.19,0.4038,-1,-1,-1
734,93,472.10,173.11,60.28,182.33,0.4483,-1,-1,-1
734,96,549.29,112.88,58.62,174.56,0.4291,-1,-1,-1
734,97,324.30,208.40,58.06,164.13,0.4056,-1,-1,-1
735,4,1718.66,452.32,86.30,214.18,0.6874,-1,-1,-1
735,54,425.11,553.72,78.24,245.25,0.7805,-1,-1,-1
735,73,294.90,424.27,73.81,216.81,0.6150,-1,-1,-1
735,80,834.67,945.19,87.25,134.40,0.7786,-1,-1,-1
735,81,1587.01,598.07,85.68,229.15,0.5274,-1,-1,-1
735,87,1143.44,744.95,83.80,263.12,0.7573,-1,-1,-1
735,88,1222.94,720.97,85.55,247.26,0.7749,-1,-1,-1
735,89,263.54,213.68,46.85,169.02,0.3010,-1,-1,-1
735,92,419.35,184.91,48.22,156.65,0.4333,-1,-1,-1
735,93,470.87,174.65,62.03,181.27,0.4441,-1,-1,-1
735,96,549.06,114.52,59.80,172.10,0.3823,-1,-1,-1
735,97,325.27,206.34,57.88,165.40,0.4049,-1,-1,-1
736,4,1718.38,451.35,86.17,213.56,0.6986,-1,-1,-1
736,54,432.58,553.49,72.84,246.00,0.8010,-1,-1,-1
736,73,294.55,425.16,74.03,216.01,0.6421,-1,-1,-1
736,80,834.07,945.05,87.56,134.85,0.7757,-1,-1,-1
736,81,1568.78,596.00,106.92,228.50,0.5905,-1,-1,-1
736,87,1142.26,741.39,85.07,260.49,0.7666,-1,-1,-1
736,88,1220.47,716.30,84.96,247.47,0.7763,-1,-1,-1
736,92,419.03,185.77,48.62,156.22,0.4229,-1,-1,-1
736,93,472.94,173.23,60.28,183.47,0.4604,-1,-1,-1
736,96,548.47,112.77,61.32,175.01,0.4184,-1,-1,-1
736,97,325.75,207.36,57.49,166.07,0.4049,-1,-1,-1
737,4,1718.56,451.48,86.22,214.04,0.7113,-1,-1,-1
737,54,436.45,554.24,71.42,246.10,0.7950,-1,-1,-1
737,73,294.80,426.27,73.16,213.91,0.6180,-1,-1,-1
737,80,834.65,946.47,86.68,133.22,0.7823,-1,-1,-1
737,81,1584.67,596.07,89.82,230.56,0.5009,-1,-1,-1
737,87,1139.05,739.42,86.27,260.30,0.7511,-1,-1,-1
737,88,1221.10,711.56,82.74,252.75,0.7643,-1,-1,-1
737,92,418.41,186.27,49.21,156.05,0.4037,-1,-1,-1
737,93,472.55,174.44,60.84,181.20,0.4149,-1,-1,-1
737,96,548.35,112.54,61.88,175.68,0.4120,-1,-1,-1
737,97,327.12,209.40,57.05,165.34,0.4228,-1,-1,-1
738,4,1718.29,451.37,86.07,213.71,0.7165,-1,-1,-1
738,54,439.97,554.77,69.45,247.96,0.8003,-1,-1,-1
738,73,294.36,427.12,74.07,214.29,0.6739,-1,-1,-1
738,80,834.79,946.08,86.73,133.43,0.7774,-1,-1,-1
738,81,1569.36,594.96,106.02,229.84,0.5405,-1,-1,-1
738,86,789.44,140.48,46.06,169.89,0.3333,-1,-1,-1
738,87,1136.77,737.27,83.78,264.23,0.7497,-1,-1,-1
738,88,1221.04,709.78,79.88,256.97,0.7671,-1,-1,-1
738,92,416.19,186.30,50.36,157.35,0.3812,-1,-1,-1
738,93,471.89,169.33,59.08,185.96,0.3635,-1,-1,-1
738,96,548.78,110.18,63.19,178.53,0.4259,-1,-1,-1
738,97,327.63,212.01,58.11,162.15,0.4164,-1,-1,-1
739,4,1719.77,450.48,85.11,214.26,0.7209,-1,-1,-1
739,54,443.33,555.25,68.55,250.20,0.7882,-1,-1,-1
739,73,294.47,427.95,74.08,215.51,0.6559,-1,-1,-1
739,80,834.48,946.03,87.38,133.94,0.7797,-1,-1,-1
739,81,1571.61,589.03,104.26,235.19,0.6001,-1,-1,-1
739,86,788.53,139.79,46.82,170.40,0.3082,-1,-1,-1
739,87,1135.46,735.40,82.14,258.75,0.7799,-1,-1,-1
739,88,1219.77,708.01,79.72,260.23,0.7537,-1,-1,-1
739,92,414.03,185.55,51.05,158.30,0.4274,-1,-1,-1
739,93,470.70,172.42,61.54,183.37,0.4535,-1,-1,-1
739,96,548.37,114.54,63.83,174.29,0.4714,-1,-1,-1
739,97,327.84,210.86,58.67,163.30,0.4297,-1,-1,-1
740,4,1718.09,452.72,86.72,212.58,0.7353,-1,-1,-1
740,54,445.44,554.85,68.98,250.48,0.7675,-1,-1,-1
740,73,294.26,430.30,75.92,218.20,0.6928,-1,-1,-1
740,80,834.83,945.94,87.20,133.91,0.7758,-1,-1,-1
740,81,1570.49,594.62,104.44,229.87,0.6089,-1,-1,-1
740,87,1133.01,732.90,83.89,252.57,0.7809,-1,-1,-1
740,88,1218.24,706.86,78.97,263.23,0.7534,-1,-1,-1
740,92,412.80,186.96,52.69,159.96,0.4267,-1,-1,-1
740,93,470.23,169.57,61.82,185.86,0.4470,-1,-1,-1
740,96,549.11,112.12,63.42,176.34,0.5206,-1,-1,-1
740,97,328.71,207.31,58.72,166.41,0.3753,-1,-1,-1
741,4,1718.30,451.95,86.43,213.06,0.7291,-1,-1,-1
741,54,447.47,556.82,67.79,251.35,0.7568,-1,-1,-1
741,73,294.41,432.07,75.65,221.24,0.6893,-1,-1,-1
741,80,835.44,946.21,87.14,133.78,0.7818,-1,-1,-1
741,81,1572.69,593.78,101.69,230.70,0.6253,-1,-1,-1
741,87,1130.91,730.38,80.85,248.45,0.7656,-1,-1,-1
741,88,1216.39,706.34,79.16,261.40,0.7452,-1,-1,-1
741,92,411.21,190.27,53.39,161.48,0.4199,-1,-1,-1
741,93,469.75,171.09,61.25,184.74,0.4811,-1,-1,-1
741,96,550.59,111.47,62.99,177.05,0.4601,-1,-1,-1
741,97,330.14,207.88,57.57,163.75,0.3608,-1,-1,-1
742,4,1718.86,452.58,85.10,213.42,0.7059,-1,-1,-1
742,54,449.62,556.22,68.25,252.26,0.7698,-1,-1,-1
742,73,295.36,434.38,72.94,220.14,0.6952,-1,-1,-1
742,80,836.04,946.25,87.47,133.75,0.7762,-1,-1,-1
742,81,1573.05,593.55,102.12,231.28,0.6466,-1,-1,-1
742,87,1127.30,727.00,79.82,248.43,0.7711,-1,-1,-1
742,88,1208.29,706.00,86.06,261.61,0.7563,-1,-1,-1
742,92,409.04,195.71,56.49,157.98,0.5107,-1,-1,-1
742,93,468.72,171.56,62.08,184.09,0.4605,-1,-1,-1
742,96,552.22,111.51,61.15,177.09,0.3322,-1,-1,-1
742,97,332.57,208.99,55.43,160.55,0.3224,-1,-1,-1
743,4,1719.63,452.06,83.01,213.65,0.7186,-1,-1,-1
743,54,452.72,557.31,74.62,250.77,0.7576,-1,-1,-1
743,73,295.51,437.58,73.49,219.78,0.7124,-1,-1,-1
743,80,837.08,946.66,86.91,133.35,0.7723,-1,-1,-1
743,81,1571.49,591.44,103.81,232.90,0.5916,-1,-1,-1
743,87,1124.12,722.91,80.27,249.59,0.7670,-1,-1,-1
743,88,1203.21,706.02,87.72,260.76,0.7495,-1,-1,-1
743,92,410.00,199.95,54.73,155.38,0.5351,-1,-1,-1
743,93,468.46,169.03,58.54,188.09,0.3451,-1,-1,-1
743,96,552.44,105.94,61.04,182.35,0.3087,-1,-1,-1
744,4,1719.62,453.51,83.98,213.24,0.7287,-1,-1,-1
744,54,453.84,559.57,82.95,247.43,0.7516,-1,-1,-1
744,73,296.35,440.52,72.39,219.06,0.7052,-1,-1,-1
744,80,838.05,947.62,86.47,132.40,0.7751,-1,-1,-1
744,81,1571.65,593.53,102.44,231.02,0.6372,-1,-1,-1
744,87,1123.12,721.15,79.17,249.11,0.7697,-1,-1,-1
744,88,1200.29,705.27,86.26,260.34,0.7385,-1,-1,-1
744,92,410.14,201.08,54.11,156.07,0.5228,-1,-1,-1
744,93,466.20,175.25,60.03,184.69,0.3921,-1,-1,-1
744,96,552.27,110.79,61.97,178.41,0.3505,-1,-1,-1
744,97,333.67,209.69,55.01,159.70,0.3419,-1,-1,-1
745,4,1718.69,452.73,85.27,213.44,0.7262,-1,-1,-1
745,54,455.21,560.71,89.73,244.42,0.7884,-1,-1,-1
745,73,297.29,442.20,71.75,220.35,0.6980,-1,-1,-1
745,80,839.09,947.81,86.93,132.18,0.7740,-1,-1,-1
745,81,1572.69,593.02,102.26,231.64,0.6417,-1,-1,-1
745,87,1122.38,719.29,78.86,253.08,0.7689,-1,-1,-1
745,88,1198.57,705.72,86.22,257.41,0.7430,-1,-1,-1
745,92,410.28,202.81,52.87,158.03,0.5492,-1,-1,-1
745,93,464.78,176.14,60.65,187.96,0.4128,-1,-1,-1
745,96,552.76,110.66,61.13,178.63,0.3844,-1,-1,-1
745,97,334.48,211.83,53.80,157.75,0.3422,-1,-1,-1
746,4,1719.15,453.54,86.13,212.22,0.7106,-1,-1,-1
746,54,455.82,561.70,96.26,244.24,0.8046,-1,-1,-1
746,73,298.12,444.26,71.12,222.22,0.6975,-1,-1,-1
746,80,840.72,948.19,86.39,131.81,0.7823,-1,-1,-1
746,81,1574.17,596.23,100.94,228.62,0.6679,-1,-1,-1
746,87,1119.43,718.47,80.62,254.34,0.7649,-1,-1,-1
746,88,1195.26,702.98,87.10,259.27,0.7512,-1,-1,-1
746,92,409.54,201.55,50.51,160.82,0.5130,-1,-1,-1
746,93,463.12,180.98,65.45,184.28,0.5112,-1,-1,-1
746,97,334.35,214.44,55.33,153.77,0.3264,-1,-1,-1
747,4,1719.38,452.84,84.87,212.84,0.7110,-1,-1,-1
747,54,456.62,562.02,98.73,245.91,0.8199,-1,-1,-1
747,73,299.26,444.93,70.51,224.25,0.7235,-1,-1,-1
747,80,842.76,948.25,85.73,131.74,0.7862,-1,-1,-1
747,81,1570.79,591.26,105.00,233.22,0.5980,-1,-1,-1
747,87,1117.79,715.94,78.32,256.18,0.7763,-1,-1,-1
747,88,1189.55,700.85,88.49,263.95,0.7581,-1,-1,-1
747,92,409.40,203.40,51.91,157.40,0.5429,-1,-1,-1
747,93,464.82,184.26,61.84,181.86,0.5623,-1,-1,-1
747,97,334.52,213.88,55.45,154.36,0.3565,-1,-1,-1
748,4,1718.71,454.02,84.21,212.32,0.7002,-1,-1,-1
748,54,456.42,563.65,102.89,245.59,0.8213,-1,-1,-1
748,73,298.99,445.26,71.72,222.82,0.7091,-1,-1,-1
748,80,844.25,948.65,85.09,131.35,0.7901,-1,-1,-1
748,81,1565.48,596.43,106.63,230.91,0.5223,-1,-1,-1
748,87,1116.12,714.81,77.39,255.96,0.8037,-1,-1,-1
748,88,1187.58,698.37,86.10,258.75,0.8099,-1,-1,-1
748,92,409.40,202.88,50.19,159.38,0.5543,-1,-1,-1
748,93,463.62,186.97,62.83,179.94,0.5504,-1,-1,-1
748,97,334.25,208.46,57.14,159.67,0.4274,-1,-1,-1
749,4,1719.49,454.45,83.06,213.69,0.6840,-1,-1,-1
749,54,457.65,564.89,105.13,246.62,0.8096,-1,-1,-1
749,73,300.39,445.49,71.54,223.95,0.6983,-1,-1,-1
749,80,846.38,950.04,84.48,129.97,0.7889,-1,-1,-1
749,81,1571.43,588.53,104.26,235.59,0.5865,-1,-1,-1
749,87,1114.98,712.43,75.77,255.88,0.8260,-1,-1,-1
749,88,1184.68,696.36,86.19,248.36,0.8110,-1,-1,-1
749,92,409.14,204.18,48.74,157.76,0.5304,-1,-1,-1
749,93,464.38,188.06,59.10,181.31,0.5756,-1,-1,-1
749,97,333.78,209.88,56.49,159.67,0.3671,-1,-1,-1
750,4,1718.42,453.48,85.20,214.05,0.7085,-1,-1,-1
750,54,458.44,564.97,105.95,247.59,0.8153,-1,-1,-1
750,73,300.66,446.44,72.15,222.57,0.6982,-1,-1,-1
750,80,849.27,951.75,82.71,128.28,0.7690,-1,-1,-1
750,81,1572.50,592.01,102.36,232.57,0.6229,-1,-1,-1
750,87,1113.19,712.04,75.85,257.73,0.8174,-1,-1,-1
750,88,1182.92,693.30,85.91,257.22,0.7881,-1,-1,-1
750,92,408.36,202.97,51.78,160.22,0.5511,-1,-1,-1
750,93,463.67,186.63,59.78,185.14,0.5022,-1,-1,-1
750,97,334.11,207.73,55.38,161.03,0.3705,-1,-1,-1
751,4,1716.25,454.92,86.25,211.42,0.6833,-1,-1,-1
751,54,459.11,565.60,106.12,246.70,0.8108,-1,-1,-1
751,73,301.21,446.61,74.37,221.33,0.7017,-1,-1,-1
751,80,851.61,952.44,82.81,127.56,0.7663,-1,-1,-1
751,81,1571.77,592.41,103.93,231.93,0.6180,-1,-1,-1
751,87,1110.31,709.37,72.49,254.16,0.8051,-1,-1,-1
751,88,1181.25,687.97,82.82,244.86,0.7994,-1,-1,-1
751,89,266.61,206.85,57.87,165.13,0.4226,-1,-1,-1
751,92,409.36,203.32,49.23,157.92,0.5036,-1,-1,-1
751,93,462.44,194.73,60.72,180.22,0.4752,-1,-1,-1
751,97,333.78,205.89,55.70,161.28,0.3879,-1,-1,-1
752,4,1716.80,453.73,85.30,213.46,0.6900,-1,-1,-1
752,54,463.88,565.71,103.14,246.15,0.7860,-1,-1,-1
752,73,301.20,447.60,75.55,221.57,0.7229,-1,-1,-1
752,80,853.09,952.15,83.23,127.84,0.7692,-1,-1,-1
752,81,1567.95,595.41,104.06,231.12,0.5353,-1,-1,-1
752,87,1107.10,710.52,74.42,254.61,0.7866,-1,-1,-1
752,88,1179.76,684.50,81.40,242.67,0.7706,-1,-1,-1
752,89,266.98,207.80,56.68,164.65,0.4073,-1,-1,-1
752,92,408.92,204.43,48.77,157.97,0.4702,-1,-1,-1
752,93,461.57,195.01,61.85,180.93,0.4695,-1,-1,-1
752,97,334.16,204.60,55.02,162.42,0.3601,-1,-1,-1
753,4,1716.38,452.73,84.86,214.60,0.6777,-1,-1,-1
753,54,467.91,566.12,99.76,245.97,0.7559,-1,-1,-1
753,73,301.00,448.41,77.18,219.75,0.7256,-1,-1,-1
753,80,854.92,952.45,82.97,127.54,0.7730,-1,-1,-1
753,81,1571.23,591.57,104.72,232.37,0.5779,-1,-1,-1
753,87,1106.35,707.97,72.18,255.96,0.7783,-1,-1,-1
753,88,1174.74,679.76,83.11,250.62,0.7472,-1,-1,-1
753,89,268.54,205.97,55.00,166.15,0.3664,-1,-1,-1
753,92,408.31,205.64,48.39,154.67,0.5119,-1,-1,-1
753,93,460.59,194.01,60.87,182.43,0.4562,-1,-1,-1
753,97,332.84,201.31,56.54,165.72,0.3523,-1,-1,-1
754,4,1715.75,453.90,85.77,212.39,0.6712,-1,-1,-1
754,54,475.17,566.23,91.94,246.29,0.7270,-1,-1,-1
754,73,300.58,449.86,78.65,216.52,0.7197,-1,-1,-1
754,80,856.42,952.22,83.63,127.41,0.7783,-1,-1,-1
754,81,1570.00,591.45,104.55,233.13,0.5076,-1,-1,-1
754,87,1103.96,704.33,73.09,261.51,0.7818,-1,-1,-1
754,88,1172.83,676.38,83.46,252.63,0.7506,-1,-1,-1
754,89,268.28,204.68,49.98,169.75,0.3811,-1,-1,-1
754,92,407.24,204.54,48.12,156.81,0.4998,-1,-1,-1
754,93,461.07,192.68,60.48,184.08,0.4169,-1,-1,-1
754,97,332.13,201.91,57.00,165.59,0.3114,-1,-1,-1
755,4,1716.88,452.14,82.43,214.09,0.6757,-1,-1,-1
755,54,480.86,567.57,84.05,246.65,0.7219,-1,-1,-1
755,73,300.81,451.13,79.17,215.35,0.7357,-1,-1,-1
755,80,858.69,952.15,83.08,127.84,0.7788,-1,-1,-1
755,81,1572.24,590.71,102.89,234.26,0.5958,-1,-1,-1
755,87,1101.46,701.85,73.21,259.57,0.7649,-1,-1,-1
755,88,1170.35,672.91,83.00,257.67,0.7577,-1,-1,-1
755,89,268.30,203.41,56.18,169.21,0.3181,-1,-1,-1
755,92,405.60,207.42,51.09,153.98,0.4301,-1,-1,-1
755,93,457.17,191.29,63.61,187.48,0.4005,-1,-1,-1
756,4,1716.91,453.82,82.11,214.42,0.6733,-1,-1,-1
756,54,490.05,567.28,74.93,247.58,0.6994,-1,-1,-1
756,73,300.82,452.75,81.60,214.78,0.7346,-1,-1,-1
756,80,858.76,952.00,85.28,127.76,0.7798,-1,-1,-1
756,81,1571.05,589.51,103.44,235.31,0.5747,-1,-1,-1
756,87,1099.96,697.05,73.05,249.33,0.7611,-1,-1,-1
756,88,1168.81,672.27,83.19,259.16,0.7702,-1,-1,-1
756,89,268.99,202.43,56.20,169.00,0.3261,-1,-1,-1
756,92,404.10,206.93,51.22,154.57,0.4653,-1,-1,-1
756,93,457.18,192.33,63.15,184.63,0.4604,-1,-1,-1
757,4,1717.92,453.35,80.32,213.41,0.6814,-1,-1,-1
757,54,499.24,566.80,69.90,245.56,0.7101,-1,-1,-1
757,73,300.86,455.36,81.33,217.43,0.7448,-1,-1,-1
757,80,859.60,953.44,86.14,126.58,0.7813,-1,-1,-1
757,81,1570.29,594.68,103.93,231.73,0.4620,-1,-1,-1
757,87,1097.53,693.65,74.98,246.77,0.7603,-1,-1,-1
757,88,1168.38,671.46,82.68,259.10,0.7719,-1,-1,-1
757,92,404.08,204.59,50.68,158.78,0.4468,-1,-1,-1
757,93,453.45,189.76,66.99,186.94,0.5039,-1,-1,-1
758,4,1718.19,452.83,79.29,213.16,0.7097,-1,-1,-1
758,54,503.06,565.27,70.04,248.14,0.7184,-1,-1,-1
758,73,300.52,458.59,81.20,220.00,0.7486,-1,-1,-1
758,80,860.78,953.51,86.55,126.49,0.7725,-1,-1,-1
758,81,1569.37,590.54,106.98,233.47,0.4387,-1,-1,-1
758,87,1094.98,690.28,77.34,236.99,0.7667,-1,-1,-1
758,88,1166.00,671.61,85.28,258.81,0.7701,-1,-1,-1
758,89,271.60,201.01,53.80,170.34,0.3177,-1,-1,-1
758,92,404.52,204.86,49.19,162.28,0.4708,-1,-1,-1
758,93,454.15,188.58,65.49,190.13,0.4781,-1,-1,-1
759,4,1718.52,452.80,78.34,213.19,0.6916,-1,-1,-1
759,54,507.83,565.14,68.47,249.30,0.7153,-1,-1,-1
759,73,300.71,459.17,80.96,223.41,0.7499,-1,-1,-1
759,80,862.74,954.60,87.57,125.42,0.7558,-1,-1,-1
759,81,1569.42,593.85,106.47,230.36,0.5486,-1,-1,-1
759,87,1093.77,688.06,76.26,240.62,0.7503,-1,-1,-1
759,88,1162.29,671.26,89.39,259.97,0.7585,-1,-1,-1
759,92,404.66,205.76,49.18,163.01,0.5151,-1,-1,-1
759,93,452.64,188.41,67.28,189.30,0.4773,-1,-1,-1
760,4,1718.54,452.95,77.83,212.87,0.6997,-1,-1,-1
760,54,511.63,564.92,69.93,249.76,0.7247,-1,-1,-1
760,73,300.97,462.62,80.86,224.12,0.7343,-1,-1,-1
760,80,864.18,954.66,89.56,125.33,0.7563,-1,-1,-1
760,81,1571.41,594.13,104.14,229.94,0.6345,-1,-1,-1
760,87,1091.74,687.04,77.05,244.63,0.7465,-1,-1,-1
760,88,1160.79,669.65,89.32,259.33,0.7647,-1,-1,-1
760,89,274.74,205.04,50.32,166.58,0.3739,-1,-1,-1
760,92,404.83,207.40,51.02,166.55,0.4918,-1,-1,-1
760,93,450.96,186.51,68.72,189.07,0.4794,-1,-1,-1
761,4,1716.24,453.17,79.45,211.79,0.7149,-1,-1,-1
761,54,514.72,565.37,71.58,248.49,0.7488,-1,-1,-1
761,73,300.82,464.82,80.81,222.92,0.7136,-1,-1,-1
761,80,865.44,954.60,90.81,125.39,0.7728,-1,-1,-1
761,81,1570.05,594.69,105.20,229.38,0.6087,-1,-1,-1
761,87,1089.55,685.65,76.78,244.19,0.7419,-1,-1,-1
761,88,1158.09,668.28,89.82,261.36,0.7653,-1,-1,-1
761,92,404.47,208.15,51.98,168.00,0.4129,-1,-1,-1
761,93,449.85,189.75,70.33,185.59,0.5000,-1,-1,-1
762,4,1717.34,453.93,78.63,210.38,0.7044,-1,-1,-1
762,54,517.31,567.45,74.28,246.57,0.7716,-1,-1,-1
762,73,301.23,467.14,79.80,222.81,0.7276,-1,-1,-1
762,80,867.00,955.21,89.06,124.79,0.7772,-1,-1,-1
762,81,1571.11,594.14,104.35,230.57,0.6263,-1,-1,-1
762,87,1088.25,683.46,75.27,245.96,0.7447,-1,-1,-1
762,88,1156.34,667.27,89.21,262.09,0.7526,-1,-1,-1
762,89,276.13,204.40,48.32,165.76,0.3850,-1,-1,-1
762,92,404.98,209.14,53.25,169.77,0.5097,-1,-1,-1
762,93,451.49,192.26,68.60,185.47,0.5031,-1,-1,-1
763,4,1718.64,454.89,78.72,211.85,0.7115,-1,-1,-1
763,54,519.55,567.84,75.39,245.73,0.7638,-1,-1,-1
763,73,301.13,468.77,77.76,224.34,0.7425,-1,-1,-1
763,80,867.38,955.69,89.23,124.31,0.7776,-1,-1,-1
763,81,1570.29,594.32,104.43,230.27,0.6039,-1,-1,-1
763,87,1081.62,682.89,80.33,247.69,0.7476,-1,-1,-1
763,88,1154.99,664.48,85.79,260.46,0.7503,-1,-1,-1
763,89,277.16,200.38,48.27,169.06,0.4189,-1,-1,-1
763,92,405.45,209.41,52.21,170.31,0.5252,-1,-1,-1
763,93,453.99,201.58,63.18,178.31,0.4845,-1,-1,-1
763,97,331.08,202.38,56.05,164.93,0.3038,-1,-1,-1
764,4,1718.38,453.72,79.08,212.21,0.7214,-1,-1,-1
764,54,520.80,568.36,77.21,245.20,0.7566,-1,-1,-1
764,73,299.42,468.80,77.45,227.63,0.7412,-1,-1,-1
764,80,868.03,956.36,88.77,123.65,0.7729,-1,-1,-1
764,81,1570.75,593.00,104.01,231.37,0.5386,-1,-1,-1
764,87,1081.75,680.12,77.19,252.77,0.7464,-1,-1,-1
764,88,1152.20,660.10,86.79,261.73,0.7566,-1,-1,-1
764,89,277.85,196.25,47.07,173.23,0.3956,-1,-1,-1
764,92,404.32,208.54,52.82,172.97,0.5254,-1,-1,-1
764,93,454.66,204.10,61.51,178.51,0.5302,-1,-1,-1
765,4,1719.00,453.18,77.91,213.54,0.7135,-1,-1,-1
765,54,521.05,568.43,84.70,245.83,0.7480,-1,-1,-1
765,73,299.13,469.45,75.87,229.69,0.7126,-1,-1,-1
765,80,868.46,957.00,87.99,123.01,0.7697,-1,-1,-1
765,81,1571.01,592.78,104.31,231.33,0.5524,-1,-1,-1
765,87,1078.58,678.04,79.33,254.32,0.7340,-1,-1,-1
765,88,1150.00,660.17,86.37,258.90,0.7428,-1,-1,-1
765,89,278.75,189.98,47.50,179.47,0.3454,-1,-1,-1
765,92,401.39,209.09,55.37,173.70,0.5027,-1,-1,-1
765,93,455.00,205.34,60.98,179.57,0.5458,-1,-1,-1
765,96,540.21,107.91,72.88,181.84,0.3545,-1,-1,-1
766,4,1718.63,455.45,77.58,209.77,0.7407,-1,-1,-1
766,54,522.96,569.64,92.30,245.54,0.7485,-1,-1,-1
766,73,297.58,470.18,74.14,228.64,0.6356,-1,-1,-1
766,80,869.40,956.84,87.23,123.15,0.7583,-1,-1,-1
766,81,1570.60,591.13,104.27,233.38,0.6039,-1,-1,-1
766,87,1075.98,677.87,80.67,255.82,0.7217,-1,-1,-1
766,88,1146.41,656.70,89.22,256.47,0.7226,-1,-1,-1
766,89,278.63,198.09,50.07,172.03,0.3805,-1,-1,-1
766,92,400.30,210.75,55.60,171.75,0.4878,-1,-1,-1
766,93,454.55,203.46,60.08,184.78,0.4863,-1,-1,-1
766,97,326.63,193.80,56.30,171.70,0.3613,-1,-1,-1
767,4,1718.67,455.42,77.73,211.43,0.7280,-1,-1,-1
767,54,524.14,569.67,89.60,246.81,0.7563,-1,-1,-1
767,73,295.98,471.62,74.33,227.44,0.5967,-1,-1,-1
767,80,868.81,957.34,88.05,122.66,0.7594,-1,-1,-1
767,81,1582.72,597.79,89.64,229.04,0.5044,-1,-1,-1
767,87,1074.41,675.57,80.29,255.49,0.7361,-1,-1,-1
767,88,1145.17,653.20,86.06,252.44,0.7161,-1,-1,-1
767,89,278.73,197.49,50.77,170.22,0.3818,-1,-1,-1
767,92,400.54,210.97,55.41,172.21,0.4534,-1,-1,-1
767,93,454.10,202.79,59.89,186.54,0.4776,-1,-1,-1
767,97,328.46,193.23,56.26,172.09,0.3802,-1,-1,-1
768,4,1720.24,452.93,76.34,213.52,0.7128,-1,-1,-1
768,54,524.10,569.76,90.20,247.12,0.7621,-1,-1,-1
768,73,294.52,472.50,74.40,226.36,0.6011,-1,-1,-1
768,80,869.37,957.39,87.96,122.60,0.7704,-1,-1,-1
768,81,1570.92,590.74,104.10,233.51,0.5492,-1,-1,-1
768,87,1074.22,673.78,79.20,255.57,0.7419,-1,-1,-1
768,88,1142.44,650.26,85.22,247.06,0.7493,-1,-1,-1
768,89,279.54,193.39,50.96,173.51,0.3632,-1,-1,-1
768,92,402.40,209.12,53.19,174.14,0.3980,-1,-1,-1
768,93,452.50,198.68,61.49,193.36,0.5083,-1,-1,-1
768,97,326.46,192.87,57.39,169.40,0.3656,-1,-1,-1
769,4,1720.02,454.09,76.21,210.48,0.7264,-1,-1,-1
769,54,524.22,572.08,91.70,244.29,0.7594,-1,-1,-1
769,73,293.96,472.87,75.58,226.47,0.6547,-1,-1,-1
769,80,869.00,958.24,89.36,121.77,0.7755,-1,-1,-1
769,81,1574.51,594.49,93.05,232.37,0.3885,-1,-1,-1
769,87,1070.04,670.50,80.15,253.55,0.7826,-1,-1,-1
769,88,1141.42,647.76,81.57,243.53,0.7915,-1,-1,-1
769,89,280.16,196.58,49.82,169.93,0.3349,-1,-1,-1
769,92,402.82,205.24,53.96,178.05,0.3596,-1,-1,-1
769,93,452.99,195.11,60.71,196.93,0.4054,-1,-1,-1
769,97,329.28,193.36,55.41,167.68,0.3350,-1,-1,-1
770,4,1720.73,455.26,75.92,209.47,0.7273,-1,-1,-1
770,54,524.43,571.84,92.93,244.70,0.7696,-1,-1,-1
770,73,293.81,473.87,75.66,224.62,0.6363,-1,-1,-1
770,80,869.57,957.24,90.06,122.73,0.7877,-1,-1,-1
770,81,1578.65,595.22,93.61,231.14,0.4260,-1,-1,-1
770,87,1066.06,669.48,80.39,250.29,0.7982,-1,-1,-1
770,88,1140.21,646.23,79.47,240.55,0.8174,-1,-1,-1
770,89,279.92,199.27,50.26,166.71,0.3309,-1,-1,-1
770,92,404.00,207.74,52.01,177.65,0.3616,-1,-1,-1
770,93,452.15,197.20,61.43,194.85,0.3881,-1,-1,-1
770,97,327.92,192.89,55.55,166.61,0.3097,-1,-1,-1
771,4,1722.58,452.73,74.87,213.67,0.7257,-1,-1,-1
771,54,525.39,572.06,91.86,243.85,0.7606,-1,-1,-1
771,73,292.60,474.04,74.84,224.18,0.6695,-1,-1,-1
771,80,869.83,957.61,90.16,122.39,0.7910,-1,-1,-1
771,81,1562.88,599.69,108.99,227.81,0.4349,-1,-1,-1
771,87,1063.50,666.96,81.30,241.41,0.8047,-1,-1,-1
771,88,1138.28,644.60,79.16,242.73,0.8067,-1,-1,-1
771,89,280.68,201.05,49.15,163.45,0.3340,-1,-1,-1
771,92,403.78,207.45,51.66,177.89,0.3454,-1,-1,-1
771,93,452.33,200.33,59.84,193.59,0.5153,-1,-1,-1
771,97,330.57,195.54,59.43,166.30,0.3076,-1,-1,-1
772,4,1722.69,453.31,75.00,212.17,0.7254,-1,-1,-1
772,54,527.77,571.13,90.43,243.40,0.7492,-1,-1,-1
772,73,292.59,475.59,74.23,222.88,0.6670,-1,-1,-1
772,80,870.15,957.97,91.41,122.03,0.7936,-1,-1,-1
772,81,1569.16,587.12,106.31,236.65,0.5410,-1,-1,-1
772,87,1061.82,664.47,82.46,240.73,0.8002,-1,-1,-1
772,88,1136.54,642.13,79.60,246.45,0.7856,-1,-1,-1
772,92,403.51,212.27,51.23,173.40,0.4030,-1,-1,-1
772,93,452.45,202.36,59.95,191.02,0.5193,-1,-1,-1
773,4,1722.11,451.78,73.73,211.90,0.7321,-1,-1,-1
773,54,533.85,569.96,86.48,243.76,0.7281,-1,-1,-1
773,73,292.30,476.36,75.18,222.51,0.6812,-1,-1,-1
773,80,870.76,957.97,90.46,122.03,0.8032,-1,-1,-1
773,81,1571.76,599.94,100.23,227.21,0.4881,-1,-1,-1
773,87,1061.14,660.90,77.89,238.29,0.8113,-1,-1,-1
773,88,1135.25,641.09,78.52,246.53,0.7657,-1,-1,-1
773,92,403.37,213.32,50.71,169.33,0.4178,-1,-1,-1
773,93,451.73,206.07,60.59,186.78,0.4470,-1,-1,-1
774,4,1723.65,452.09,72.43,212.01,0.7190,-1,-1,-1
774,54,537.73,569.53,82.55,244.41,0.7209,-1,-1,-1
774,73,291.24,477.58,77.54,221.92,0.7172,-1,-1,-1
774,80,870.92,957.86,91.22,122.14,0.7987,-1,-1,-1
774,81,1572.76,599.94,99.19,226.67,0.5099,-1,-1,-1
774,87,1059.46,660.59,75.09,237.36,0.7758,-1,-1,-1
774,88,1132.51,640.08,80.88,246.44,0.7609,-1,-1,-1
774,92,402.44,213.20,50.22,171.38,0.3981,-1,-1,-1
774,93,452.30,204.12,59.37,187.41,0.3810,-1,-1,-1
775,4,1723.39,453.18,72.44,209.76,0.7302,-1,-1,-1
775,54,543.02,570.11,79.09,243.72,0.7003,-1,-1,-1
775,73,290.67,478.61,77.12,222.33,0.7414,-1,-1,-1
775,80,871.15,957.77,91.32,122.23,0.8049,-1,-1,-1
775,81,1566.74,596.68,104.37,229.76,0.4857,-1,-1,-1
775,87,1056.58,658.21,74.53,238.68,0.7551,-1,-1,-1
775,88,1126.56,639.28,85.51,250.66,0.7754,-1,-1,-1
775,92,401.29,218.76,52.16,168.07,0.4480,-1,-1,-1
775,93,451.39,203.01,59.54,187.96,0.4349,-1,-1,-1
776,4,1723.13,452.44,72.37,211.09,0.7379,-1,-1,-1
776,54,548.64,571.28,73.75,242.72,0.6932,-1,-1,-1
776,73,289.94,480.02,76.99,222.97,0.7493,-1,-1,-1
776,80,871.25,958.82,90.75,121.20,0.7919,-1,-1,-1
776,81,1569.91,597.88,101.89,228.58,0.5501,-1,-1,-1
776,87,1054.62,654.42,72.88,241.18,0.7633,-1,-1,-1
776,88,1128.26,637.12,81.31,253.03,0.7791,-1,-1,-1
776,92,401.51,215.96,49.86,171.12,0.4294,-1,-1,-1
776,93,450.59,201.12,60.36,189.78,0.3955,-1,-1,-1
777,4,1723.88,452.32,71.88,210.25,0.7363,-1,-1,-1
777,54,552.96,571.63,71.10,244.36,0.7099,-1,-1,-1
777,73,289.44,481.01,76.88,226.59,0.7678,-1,-1,-1
777,80,872.44,959.41,90.08,120.60,0.7872,-1,-1,-1
777,81,1569.51,595.02,103.31,230.37,0.4946,-1,-1,-1
777,87,1051.78,651.92,74.91,245.66,0.7515,-1,-1,-1
777,88,1125.94,635.67,81.04,254.40,0.7133,-1,-1,-1
777,92,402.21,218.20,49.75,169.49,0.3458,-1,-1,-1
778,4,1723.44,452.56,72.47,210.43,0.7490,-1,-1,-1
778,54,560.62,571.82,64.88,245.43,0.7168,-1,-1,-1
778,73,289.96,484.15,75.78,224.90,0.7584,-1,-1,-1
778,80,872.56,959.14,90.58,120.85,0.7888,-1,-1,-1
778,81,1569.69,591.11,105.13,233.09,0.5987,-1,-1,-1
778,87,1051.01,649.71,74.17,247.97,0.7583,-1,-1,-1
778,88,1126.20,633.93,79.46,253.28,0.7313,-1,-1,-1
778,93,448.16,203.03,61.70,187.49,0.3160,-1,-1,-1
778,96,545.94,119.27,62.90,170.31,0.3344,-1,-1,-1
779,4,1722.44,452.15,73.43,211.16,0.7454,-1,-1,-1
779,54,565.46,572.07,64.15,249.66,0.7203,-1,-1,-1
779,73,289.42,487.11,75.06,224.28,0.7574,-1,-1,-1
779,80,873.20,959.05,90.19,120.94,0.7904,-1,-1,-1
779,81,1571.78,588.05,103.36,235.98,0.6011,-1,-1,-1
779,87,1049.37,646.70,73.94,251.04,0.7558,-1,-1,-1
779,88,1118.36,632.02,84.69,254.41,0.7263,-1,-1,-1
779,92,398.68,222.83,52.93,170.89,0.3513,-1,-1,-1
780,4,1723.10,452.16,73.17,211.66,0.7451,-1,-1,-1
780,54,568.56,572.57,62.98,246.89,0.7034,-1,-1,-1
780,73,289.72,489.86,74.40,225.13,0.7534,-1,-1,-1
780,80,873.00,959.30,90.05,120.70,0.7826,-1,-1,-1
780,81,1570.29,587.85,104.63,236.01,0.6154,-1,-1,-1
780,87,1047.69,646.13,74.62,251.28,0.7533,-1,-1,-1
780,88,1117.39,629.39,83.65,255.94,0.7427,-1,-1,-1
780,92,399.22,225.12,52.27,170.24,0.3891,-1,-1,-1
781,4,1723.72,451.50,72.11,211.40,0.7393,-1,-1,-1
781,54,570.45,570.75,63.43,253.97,0.6858,-1,-1,-1
781,73,289.42,491.14,74.31,226.82,0.7641,-1,-1,-1
781,80,873.84,958.94,88.97,121.05,0.7806,-1,-1,-1
781,81,1572.11,591.03,102.67,232.67,0.6609,-1,-1,-1
781,87,1044.75,649.10,77.53,242.69,0.7499,-1,-1,-1
781,88,1113.09,627.04,84.11,255.36,0.7636,-1,-1,-1
781,92,400.41,224.26,52.04,171.23,0.3669,-1,-1,-1
781,93,450.12,215.54,55.01,184.26,0.3350,-1,-1,-1
782,4,1722.55,451.20,73.47,211.07,0.7388,-1,-1,-1
782,54,569.97,572.45,66.58,257.42,0.6349,-1,-1,-1
782,73,289.98,492.58,73.92,230.96,0.7717,-1,-1,-1
782,80,874.53,958.53,87.89,121.46,0.7724,-1,-1,-1
782,81,1570.21,592.23,103.96,231.78,0.5863,-1,-1,-1
782,87,1044.56,645.66,74.06,248.29,0.7432,-1,-1,-1
782,88,1110.94,624.56,81.96,245.96,0.7755,-1,-1,-1
782,92,399.90,226.55,53.37,168.73,0.3822,-1,-1,-1
782,93,447.63,215.51,57.65,185.98,0.3245,-1,-1,-1
783,4,1722.87,452.30,74.61,210.90,0.7192,-1,-1,-1
783,54,572.23,572.77,67.58,259.09,0.6388,-1,-1,-1
783,73,290.20,493.64,73.66,234.17,0.7750,-1,-1,-1
783,80,875.47,958.10,86.75,121.89,0.7679,-1,-1,-1
783,81,1571.82,593.22,103.38,230.78,0.6514,-1,-1,-1
783,87,1043.98,644.99,73.49,248.46,0.7381,-1,-1,-1
783,88,1110.37,621.99,79.52,241.78,0.7567,-1,-1,-1
783,92,400.28,225.67,51.17,168.90,0.3811,-1,-1,-1
783,93,445.68,216.57,59.28,188.54,0.3802,-1,-1,-1
784,4,1722.63,452.00,74.33,212.40,0.7111,-1,-1,-1
784,54,574.83,572.18,67.51,246.15,0.5587,-1,-1,-1
784,73,290.03,494.52,74.18,234.41,0.7650,-1,-1,-1
784,80,876.25,958.11,85.26,121.89,0.7525,-1,-1,-1
784,81,1572.96,597.40,101.04,226.82,0.6970,-1,-1,-1
784,87,1043.47,643.57,70.40,245.09,0.7439,-1,-1,-1
784,88,1106.86,618.65,79.71,237.97,0.7696,-1,-1,-1
784,92,400.23,227.60,50.85,168.52,0.4667,-1,-1,-1
784,93,445.77,217.47,62.36,189.02,0.3650,-1,-1,-1
785,4,1722.55,452.05,74.80,211.54,0.7249,-1,-1,-1
785,54,580.18,573.36,64.12,243.53,0.5797,-1,-1,-1
785,73,290.52,495.47,73.82,233.69,0.7664,-1,-1,-1
785,80,877.92,956.51,83.00,123.45,0.7630,-1,-1,-1
785,81,1571.89,593.67,102.15,230.36,0.6276,-1,-1,-1
785,87,1042.05,642.20,71.24,246.02,0.7487,-1,-1,-1
785,88,1104.82,615.82,79.73,239.62,0.7501,-1,-1,-1
785,92,399.53,227.19,50.66,168.98,0.4634,-1,-1,-1
785,93,444.76,218.20,63.35,190.41,0.4169,-1,-1,-1
786,4,1722.89,451.21,72.94,211.83,0.7276,-1,-1,-1
786,54,582.78,575.61,65.76,239.98,0.5836,-1,-1,-1
786,73,290.11,496.69,74.61,232.56,0.7666,-1,-1,-1
786,80,878.45,956.22,81.40,123.78,0.7568,-1,-1,-1
786,81,1571.10,593.90,102.06,230.53,0.6494,-1,-1,-1
786,87,1040.45,639.70,70.90,244.68,0.7313,-1,-1,-1
786,88,1102.83,615.37,76.39,238.32,0.7510,-1,-1,-1
786,92,399.12,229.23,50.82,166.55,0.4730,-1,-1,-1
786,93,444.74,220.30,62.41,189.61,0.4394,-1,-1,-1
786,98,468.85,72.12,63.67,175.24,0.3816,-1,-1,-1
787,4,1723.06,452.69,74.50,211.10,0.7240,-1,-1,-1
787,54,584.46,577.74,75.85,237.75,0.5940,-1,-1,-1
787,73,290.06,497.73,76.14,230.88,0.7494,-1,-1,-1
787,80,879.56,955.56,79.53,124.43,0.7692,-1,-1,-1
787,81,1571.44,595.19,102.94,229.21,0.6597,-1,-1,-1
787,87,1037.96,636.28,70.96,244.09,0.7429,-1,-1,-1
787,88,1102.57,611.88,74.60,243.99,0.7827,-1,-1,-1
787,89,283.16,191.01,46.24,174.31,0.3075,-1,-1,-1
787,92,398.56,232.36,50.82,163.88,0.4856,-1,-1,-1
787,93,442.29,221.13,65.54,186.68,0.4269,-1,-1,-1
787,98,468.99,71.88,63.82,178.54,0.4263,-1,-1,-1
788,4,1723.06,452.69,73.74,211.72,0.7081,-1,-1,-1
788,54,587.43,579.41,74.79,238.00,0.5399,-1,-1,-1
788,73,289.09,498.98,77.72,229.35,0.7403,-1,-1,-1
788,80,878.69,955.28,79.92,124.72,0.7732,-1,-1,-1
788,81,1573.78,594.27,101.57,229.80,0.6773,-1,-1,-1
788,87,1035.26,633.56,71.44,238.03,0.7380,-1,-1,-1
788,88,1100.09,610.88,75.28,246.20,0.7647,-1,-1,-1
788,92,396.73,230.24,52.80,165.50,0.4636,-1,-1,-1
788,93,443.56,222.28,61.88,186.98,0.4996,-1,-1,-1
788,96,545.58,112.00,62.79,179.13,0.3173,-1,-1,-1
788,98,469.26,73.04,63.27,179.77,0.4461,-1,-1,-1
789,4,1723.78,452.99,73.54,213.22,0.7224,-1,-1,-1
789,54,589.18,581.08,76.46,236.19,0.5919,-1,-1,-1
789,73,288.11,500.58,79.19,227.42,0.7457,-1,-1,-1
789,80,878.62,955.64,79.63,124.37,0.7685,-1,-1,-1
789,81,1570.50,594.40,103.79,230.13,0.6660,-1,-1,-1
789,87,1031.53,630.65,74.17,234.38,0.7265,-1,-1,-1
789,88,1096.25,609.08,77.80,250.70,0.7916,-1,-1,-1
789,92,396.25,229.05,54.81,167.86,0.4559,-1,-1,-1
789,93,444.18,222.82,58.88,186.28,0.4822,-1,-1,-1
789,96,545.44,114.83,61.72,177.81,0.3204,-1,-1,-1
789,98,468.71,73.96,64.67,184.46,0.4626,-1,-1,-1
790,4,1723.52,452.03,71.86,212.40,0.7281,-1,-1,-1
790,54,591.65,582.42,75.29,235.47,0.5954,-1,-1,-1
790,73,288.63,501.53,78.83,224.39,0.7442,-1,-1,-1
790,80,878.54,953.64,79.98,126.32,0.7736,-1,-1,-1
790,81,1571.15,593.92,103.11,230.00,0.6716,-1,-1,-1
790,87,1030.32,628.91,74.02,221.04,0.7182,-1,-1,-1
790,88,1095.11,607.62,78.74,251.61,0.7810,-1,-1,-1
790,92,398.39,231.73,53.72,168.32,0.4161,-1,-1,-1
790,93,444.57,224.74,58.64,185.09,0.4174,-1,-1,-1
790,96,546.15,114.49,62.02,177.46,0.3036,-1,-1,-1
790,98,471.28,73.67,62.83,183.54,0.4613,-1,-1,-1
791,4,1722.62,453.01,74.27,213.03,0.7329,-1,-1,-1
791,54,594.52,583.26,75.83,233.92,0.6071,-1,-1,-1
791,73,288.32,502.30,78.97,224.91,0.7393,-1,-1,-1
791,80,880.34,953.83,76.95,126.18,0.7572,-1,-1,-1
791,81,1570.34,593.34,102.86,231.02,0.7024,-1,-1,-1
791,87,1028.82,626.86,74.60,225.50,0.7304,-1,-1,-1
791,88,1092.85,607.13,81.71,253.50,0.7683,-1,-1,-1
791,92,396.80,231.61,54.07,169.10,0.4137,-1,-1,-1
791,93,442.32,222.87,61.28,185.66,0.4586,-1,-1,-1
791,96,546.38,112.56,61.98,178.83,0.3365,-1,-1,-1
791,98,471.44,72.74,62.51,182.72,0.4284,-1,-1,-1
792,4,1722.40,452.46,73.80,212.41,0.7484,-1,-1,-1
792,54,595.68,584.09,76.32,233.10,0.5916,-1,-1,-1
792,73,288.01,503.49,79.07,224.46,0.7440,-1,-1,-1
792,80,881.67,953.23,73.92,126.77,0.7579,-1,-1,-1
792,81,1569.19,589.92,104.13,234.29,0.6773,-1,-1,-1
792,87,1027.12,624.06,74.49,235.05,0.7442,-1,-1,-1
792,88,1091.95,606.88,83.37,255.59,0.7665,-1,-1,-1
792,92,395.28,233.30,56.07,170.45,0.4270,-1,-1,-1
792,93,442.15,224.88,61.02,185.27,0.4491,-1,-1,-1
792,96,547.63,112.79,60.29,178.98,0.3223,-1,-1,-1
792,98,471.13,72.23,62.74,186.78,0.3986,-1,-1,-1
793,4,1723.04,452.39,72.67,212.01,0.7369,-1,-1,-1
793,54,598.89,585.30,74.31,229.17,0.5971,-1,-1,-1
793,73,288.39,506.80,78.88,225.81,0.7207,-1,-1,-1
793,80,881.72,952.39,73.17,127.60,0.7589,-1,-1,-1
793,81,1569.68,592.08,103.68,231.92,0.7010,-1,-1,-1
793,87,1024.95,620.39,75.09,241.25,0.7595,-1,-1,-1
793,88,1091.01,605.99,83.53,255.78,0.7804,-1,-1,-1
793,89,284.19,182.51,46.32,182.15,0.4088,-1,-1,-1
793,92,394.67,236.04,55.15,169.98,0.4429,-1,-1,-1
793,93,442.03,225.86,59.77,184.49,0.4412,-1,-1,-1
793,96,547.37,113.69,59.90,177.31,0.3211,-1,-1,-1
793,98,470.40,72.21,64.17,192.00,0.3898,-1,-1,-1
794,4,1722.36,452.66,75.03,212.73,0.7551,-1,-1,-1
794,54,601.78,585.23,72.51,237.63,0.5292,-1,-1,-1
794,73,288.49,509.64,79.04,228.87,0.7036,-1,-1,-1
794,80,882.07,950.76,69.58,129.21,0.7508,-1,-1,-1
794,81,1569.82,589.75,103.50,234.14,0.6843,-1,-1,-1
794,87,1023.71,618.80,75.91,243.72,0.7603,-1,-1,-1
794,88,1089.21,606.39,86.10,255.20,0.7447,-1,-1,-1
794,89,284.03,183.97,46.90,180.83,0.3822,-1,-1,-1
794,92,395.95,239.95,52.96,166.60,0.4559,-1,-1,-1
794,93,440.32,226.98,61.64,184.63,0.4773,-1,-1,-1
794,98,468.98,73.14,66.46,191.90,0.4188,-1,-1,-1
795,4,1722.02,452.68,73.79,210.99,0.7578,-1,-1,-1
795,54,604.32,585.35,71.39,257.90,0.4702,-1,-1,-1
795,73,288.54,511.28,77.41,232.07,0.7141,-1,-1,-1
795,80,882.71,949.58,66.70,130.40,0.7326,-1,-1,-1
795,81,1569.19,589.65,104.72,234.84,0.6854,-1,-1,-1
795,87,1020.97,616.15,76.67,245.36,0.7832,-1,-1,-1
795,88,1087.13,604.28,87.10,256.22,0.7677,-1,-1,-1
795,89,284.27,183.23,47.20,181.85,0.3836,-1,-1,-1
795,92,394.95,234.61,55.48,174.10,0.4301,-1,-1,-1
795,93,438.86,224.97,63.00,186.96,0.4590,-1,-1,-1
795,98,470.13,73.67,65.76,192.21,0.4335,-1,-1,-1
796,4,1723.27,452.00,73.16,211.88,0.7580,-1,-1,-1
796,54,607.54,586.27,71.13,278.13,0.4864,-1,-1,-1
796,73,288.23,513.54,77.69,234.26,0.7401,-1,-1,-1
796,80,882.39,949.23,65.45,130.78,0.7517,-1,-1,-1
796,81,1570.58,588.18,103.24,236.69,0.6233,-1,-1,-1
796,87,1019.12,616.31,75.11,245.18,0.8024,-1,-1,-1
796,88,1086.16,602.81,84.33,254.03,0.7898,-1,-1,-1
796,89,284.13,184.67,47.79,180.86,0.3456,-1,-1,-1
796,92,394.33,239.09,53.33,171.55,0.4843,-1,-1,-1
796,93,440.61,227.01,61.08,186.22,0.4973,-1,-1,-1
796,97,342.31,186.09,48.44,172.08,0.3595,-1,-1,-1
796,98,468.80,75.11,68.46,188.92,0.3836,-1,-1,-1
797,4,1723.67,451.37,72.90,213.92,0.7451,-1,-1,-1
797,54,609.86,584.36,70.04,280.80,0.4512,-1,-1,-1
797,73,288.00,515.65,76.21,233.17,0.7354,-1,-1,-1
797,80,881.90,948.03,65.15,131.96,0.7461,-1,-1,-1
797,81,1569.41,591.24,101.94,235.87,0.5981,-1,-1,-1
797,87,1017.34,615.15,74.58,247.39,0.8130,-1,-1,-1
797,88,1085.56,600.37,82.35,255.41,0.8018,-1,-1,-1
797,89,283.81,185.80,47.92,176.20,0.3079,-1,-1,-1
797,92,395.49,240.94,52.30,170.00,0.4830,-1,-1,-1
797,93,444.42,234.92,53.36,180.64,0.5161,-1,-1,-1
797,97,342.76,187.09,47.50,171.07,0.3615,-1,-1,-1
797,98,470.13,76.17,67.46,182.30,0.3106,-1,-1,-1
798,4,1723.29,451.84,72.92,212.57,0.7498,-1,-1,-1
798,54,611.44,584.68,67.97,274.40,0.4427,-1,-1,-1
798,73,287.19,516.30,76.79,236.22,0.7569,-1,-1,-1
798,80,882.01,946.51,63.40,133.47,0.7296,-1,-1,-1
798,81,1571.86,590.73,102.31,234.16,0.6815,-1,-1,-1
798,87,1016.37,614.17,74.74,246.94,0.8080,-1,-1,-1
798,88,1083.58,598.43,83.05,254.53,0.8043,-1,-1,-1
798,89,284.22,185.06,47.19,178.05,0.3238,-1,-1,-1
798,92,395.46,237.92,54.36,174.61,0.4812,-1,-1,-1
798,93,444.31,235.41,53.98,183.21,0.5100,-1,-1,-1
798,97,342.34,186.98,48.24,171.01,0.3555,-1,-1,-1
799,4,1724.18,451.95,71.44,212.15,0.7433,-1,-1,-1
799,73,286.44,519.52,76.68,233.63,0.7684,-1,-1,-1
799,80,882.17,945.27,61.94,134.71,0.7114,-1,-1,-1
799,81,1570.61,585.39,103.22,238.96,0.6103,-1,-1,-1
799,87,1014.40,616.70,72.85,244.93,0.7764,-1,-1,-1
799,88,1082.42,594.33,81.97,252.19,0.7766,-1,-1,-1
799,89,283.44,186.08,48.32,177.31,0.3129,-1,-1,-1
799,92,395.00,239.68,54.14,173.74,0.5212,-1,-1,-1
799,93,443.95,237.36,55.88,184.13,0.5632,-1,-1,-1
800,4,1723.16,452.15,72.60,211.22,0.7390,-1,-1,-1
800,73,284.95,522.52,76.93,236.77,0.7763,-1,-1,-1
800,80,882.47,944.22,61.15,135.77,0.6970,-1,-1,-1
800,81,1571.06,587.83,103.07,237.41,0.6173,-1,-1,-1
800,87,1012.09,615.63,74.16,244.48,0.7839,-1,-1,-1
800,88,1081.90,590.46,82.43,241.60,0.7350,-1,-1,-1
800,92,395.30,238.70,54.14,174.53,0.5135,-1,-1,-1
800,93,441.68,235.44,57.25,187.95,0.5494,-1,-1,-1
800,97,344.08,188.01,47.74,167.11,0.3345,-1,-1,-1
800,98,474.01,79.58,62.73,174.36,0.3132,-1,-1,-1
801,4,1722.53,452.58,73.05,212.39,0.7341,-1,-1,-1
801,73,283.33,522.88,77.19,236.64,0.8035,-1,-1,-1
801,80,881.50,942.79,61.68,137.18,0.6650,-1,-1,-1
801,81,1570.15,595.15,102.18,233.45,0.5835,-1,-1,-1
801,87,1008.62,613.12,74.99,243.85,0.7724,-1,-1,-1
801,88,1078.50,587.78,82.34,235.48,0.7592,-1,-1,-1
801,92,396.92,240.71,52.08,170.95,0.5208,-1,-1,-1
801,93,441.98,236.50,57.42,188.86,0.5205,-1,-1,-1
801,98,476.07,81.34,60.11,176.10,0.3021,-1,-1,-1
802,4,1722.68,451.77,72.94,211.64,0.7441,-1,-1,-1
802,73,282.29,524.14,76.30,234.83,0.8040,-1,-1,-1
802,80,882.11,941.72,59.75,138.27,0.6458,-1,-1,-1
802,81,1567.90,594.99,104.00,233.57,0.5786,-1,-1,-1
802,87,1009.29,611.69,72.56,245.50,0.7646,-1,-1,-1
802,88,1077.12,584.68,79.76,231.40,0.7485,-1,-1,-1
802,92,395.67,239.31,54.69,173.39,0.4900,-1,-1,-1
802,93,442.38,236.51,56.95,190.13,0.5694,-1,-1,-1
803,4,1722.57,452.83,72.88,212.06,0.7407,-1,-1,-1
803,73,281.46,525.07,76.92,234.45,0.8000,-1,-1,-1
803,80,881.02,942.67,59.41,137.40,0.6701,-1,-1,-1
803,81,1567.59,596.96,104.43,230.69,0.5043,-1,-1,-1
803,87,1006.63,608.75,74.25,247.14,0.7586,-1,-1,-1
803,88,1077.17,582.68,76.50,235.47,0.7596,-1,-1,-1
803,92,395.78,238.54,53.64,174.35,0.4966,-1,-1,-1
803,93,442.37,238.32,56.28,189.25,0.5479,-1,-1,-1
803,98,475.20,83.66,60.40,183.33,0.3121,-1,-1,-1
804,4,1722.35,452.53,73.11,212.32,0.7468,-1,-1,-1
804,73,280.72,526.56,75.27,232.56,0.7958,-1,-1,-1
804,80,880.37,941.33,60.40,138.65,0.6739,-1,-1,-1
804,81,1567.04,596.03,105.08,231.40,0.5810,-1,-1,-1
804,87,1004.08,605.45,74.22,245.36,0.7367,-1,-1,-1
804,88,1076.68,579.51,74.63,238.63,0.7573,-1,-1,-1
804,92,395.79,239.61,53.14,173.01,0.5354,-1,-1,-1
804,93,442.58,239.23,56.10,189.17,0.5594,-1,-1,-1
804,98,475.94,84.16,58.87,185.35,0.4088,-1,-1,-1
805,4,1721.39,453.18,74.36,212.42,0.7363,-1,-1,-1
805,73,278.81,527.15,76.73,232.25,0.8018,-1,-1,-1
805,80,880.53,939.35,60.54,140.60,0.6637,-1,-1,-1
805,81,1567.29,594.63,105.25,232.52,0.6027,-1,-1,-1
805,87,1002.19,601.88,72.16,239.71,0.7568,-1,-1,-1
805,88,1075.91,577.52,73.77,243.09,0.7713,-1,-1,-1
805,92,395.35,242.16,51.94,170.94,0.5299,-1,-1,-1
805,93,442.84,240.21,57.23,187.77,0.6114,-1,-1,-1
805,98,474.93,83.46,59.78,186.28,0.3932,-1,-1,-1
806,4,1721.67,452.54,74.22,212.35,0.7468,-1,-1,-1
806,73,277.59,528.07,77.41,231.37,0.8029,-1,-1,-1
806,80,880.26,938.40,60.88,141.60,0.6660,-1,-1,-1
806,81,1569.94,595.75,102.26,232.23,0.6060,-1,-1,-1
806,87,1000.05,599.42,71.79,237.72,0.7663,-1,-1,-1
806,88,1076.38,575.22,71.88,245.84,0.7757,-1,-1,-1
806,92,394.64,237.09,53.58,176.89,0.4838,-1,-1,-1
806,93,444.17,239.04,55.67,188.42,0.4951,-1,-1,-1
806,97,347.70,192.52,44.28,158.18,0.3205,-1,-1,-1
806,98,474.08,83.39,60.85,187.30,0.4028,-1,-1,-1
807,4,1721.84,454.23,75.42,212.96,0.7261,-1,-1,-1
807,73,277.28,528.94,77.52,229.94,0.7920,-1,-1,-1
807,80,880.27,937.45,59.93,142.55,0.6363,-1,-1,-1
807,81,1569.61,598.09,102.35,229.74,0.6049,-1,-1,-1
807,87,997.93,597.10,71.76,234.83,0.7670,-1,-1,-1
807,88,1074.97,574.33,72.42,245.53,0.7759,-1,-1,-1
807,89,282.78,186.69,50.01,176.52,0.3114,-1,-1,-1
807,92,393.69,238.34,54.94,178.73,0.4866,-1,-1,-1
807,93,444.07,238.64,55.49,187.88,0.4912,-1,-1,-1
807,98,476.50,83.32,60.02,188.27,0.3519,-1,-1,-1
808,4,1722.07,453.90,75.17,212.41,0.7257,-1,-1,-1
808,73,277.10,530.10,76.77,228.91,0.7948,-1,-1,-1
808,80,880.14,936.58,59.71,143.42,0.6372,-1,-1,-1
808,81,1570.71,592.51,104.41,232.31,0.6529,-1,-1,-1
808,87,997.73,595.19,69.86,231.31,0.7693,-1,-1,-1
808,88,1071.88,573.61,74.69,245.08,0.7734,-1,-1,-1
808,89,282.79,186.71,50.17,174.37,0.3021,-1,-1,-1
808,92,392.97,245.96,54.75,172.60,0.4971,-1,-1,-1
808,93,442.20,241.24,58.73,186.04,0.5658,-1,-1,-1
808,98,475.10,84.82,62.59,190.89,0.3447,-1,-1,-1
809,4,1721.75,455.59,74.84,209.91,0.7300,-1,-1,-1
809,73,276.08,531.57,77.49,228.43,0.8010,-1,-1,-1
809,80,880.51,937.01,59.27,142.78,0.6372,-1,-1,-1
809,81,1569.94,595.11,103.84,229.62,0.6828,-1,-1,-1
809,87,996.54,593.75,68.18,234.36,0.7700,-1,-1,-1
809,88,1069.35,573.46,76.34,246.05,0.7828,-1,-1,-1
809,89,283.30,187.39,49.43,176.81,0.3139,-1,-1,-1
809,92,391.77,248.27,54.71,173.99,0.4406,-1,-1,-1
809,93,439.34,240.42,61.99,186.49,0.5262,-1,-1,-1
810,4,1722.47,452.33,73.44,213.59,0.7342,-1,-1,-1
810,73,275.70,533.22,77.27,228.99,0.7914,-1,-1,-1
810,80,879.78,936.18,60.33,142.64,0.6511,-1,-1,-1
810,81,1570.04,596.11,104.12,228.93,0.6900,-1,-1,-1
810,87,994.96,592.60,69.42,236.94,0.7628,-1,-1,-1
810,88,1066.54,573.46,77.47,244.21,0.7691,-1,-1,-1
810,92,390.69,253.83,54.81,172.51,0.4381,-1,-1,-1
810,93,439.25,244.55,62.07,182.97,0.5847,-1,-1,-1
810,98,472.96,84.82,64.30,189.28,0.3250,-1,-1,-1
811,4,1722.47,452.22,73.07,212.01,0.7317,-1,-1,-1
811,73,275.21,535.35,78.08,231.54,0.7994,-1,-1,-1
811,80,878.74,935.66,63.30,143.20,0.6635,-1,-1,-1
811,81,1571.05,598.88,102.97,225.51,0.7006,-1,-1,-1
811,87,992.28,592.06,68.91,236.99,0.7657,-1,-1,-1
811,88,1065.73,571.75,77.30,245.85,0.7717,-1,-1,-1
811,92,391.14,252.77,55.23,174.85,0.4035,-1,-1,-1
811,93,439.82,244.38,61.85,183.76,0.5263,-1,-1,-1
811,98,473.08,84.30,66.38,194.16,0.3106,-1,-1,-1
812,4,1723.52,451.89,72.71,213.39,0.7282,-1,-1,-1
812,73,274.98,536.84,77.79,233.63,0.7988,-1,-1,-1
812,80,878.50,935.58,62.87,143.41,0.6739,-1,-1,-1
812,81,1571.55,594.16,101.80,229.81,0.6673,-1,-1,-1
812,87,991.82,591.00,67.07,238.92,0.7567,-1,-1,-1
812,88,1063.74,570.99,75.70,245.21,0.7599,-1,-1,-1
812,92,390.35,254.70,53.62,172.27,0.4491,-1,-1,-1
812,93,441.24,244.07,60.03,182.52,0.5490,-1,-1,-1
813,4,1723.32,452.00,72.68,213.14,0.7347,-1,-1,-1
813,73,273.87,538.24,78.20,237.73,0.7925,-1,-1,-1
813,80,877.66,935.72,64.03,143.27,0.6733,-1,-1,-1
813,81,1570.54,597.31,104.07,227.22,0.6667,-1,-1,-1
813,87,988.81,590.81,68.04,239.46,0.7704,-1,-1,-1
813,88,1063.51,569.40,73.74,247.53,0.7508,-1,-1,-1
813,92,389.54,256.17,53.35,173.63,0.4940,-1,-1,-1
813,93,440.28,241.87,60.67,184.74,0.4711,-1,-1,-1
814,4,1723.77,452.64,72.51,212.20,0.7232,-1,-1,-1
814,73,272.81,540.01,78.96,235.15,0.7851,-1,-1,-1
814,80,877.22,935.38,63.84,143.33,0.6510,-1,-1,-1
814,81,1571.16,597.30,103.16,227.59,0.6823,-1,-1,-1
814,87,986.66,589.72,67.34,236.01,0.7692,-1,-1,-1
814,88,1062.01,566.99,73.71,242.28,0.7254,-1,-1,-1
814,92,388.94,257.74,52.29,176.63,0.4729,-1,-1,-1
814,93,439.13,245.13,61.90,182.56,0.5471,-1,-1,-1
814,98,471.93,89.14,66.04,185.19,0.3129,-1,-1,-1
815,4,1723.72,452.91,72.42,211.29,0.7361,-1,-1,-1
815,73,272.42,542.32,78.65,235.19,0.7999,-1,-1,-1
815,80,877.31,935.04,63.89,144.14,0.6604,-1,-1,-1
815,81,1571.45,595.95,104.06,228.34,0.6794,-1,-1,-1
815,87,985.75,589.80,67.16,231.58,0.7670,-1,-1,-1
815,88,1061.35,565.17,70.99,232.23,0.7497,-1,-1,-1
815,89,284.48,185.13,51.74,174.09,0.3367,-1,-1,-1
815,92,388.13,260.10,52.28,174.62,0.4830,-1,-1,-1
815,93,438.18,244.39,62.98,186.20,0.4974,-1,-1,-1
815,98,471.97,89.78,64.19,184.61,0.3859,-1,-1,-1
816,4,1724.35,452.12,71.47,213.08,0.7308,-1,-1,-1
816,73,271.34,545.55,79.81,238.37,0.8065,-1,-1,-1
816,80,876.35,934.25,64.26,144.91,0.6883,-1,-1,-1
816,81,1572.01,596.54,102.71,228.07,0.6864,-1,-1,-1
816,87,983.26,588.58,68.70,225.91,0.7580,-1,-1,-1
816,88,1060.30,564.19,69.25,229.01,0.7787,-1,-1,-1
816,89,284.64,185.27,52.92,173.24,0.3139,-1,-1,-1
816,92,386.50,261.63,54.77,173.88,0.4869,-1,-1,-1
816,93,436.56,248.90,63.70,186.35,0.5220,-1,-1,-1
816,98,472.36,89.80,62.29,183.42,0.3835,-1,-1,-1
817,4,1723.41,455.06,73.05,209.17,0.7357,-1,-1,-1
817,73,270.95,548.37,80.28,235.71,0.8117,-1,-1,-1
817,80,875.83,934.12,63.32,144.74,0.6950,-1,-1,-1
817,81,1570.69,597.39,104.05,227.12,0.6835,-1,-1,-1
817,87,981.51,586.64,67.95,221.87,0.7637,-1,-1,-1
817,88,1058.28,560.86,67.19,229.66,0.8025,-1,-1,-1
817,92,386.07,264.31,55.25,169.43,0.5315,-1,-1,-1
817,93,437.72,251.74,61.69,184.52,0.5885,-1,-1,-1
817,98,472.82,91.53,61.14,184.16,0.4445,-1,-1,-1
817,100,1629.88,3.23,47.16,134.70,0.3798,-1,-1,-1
818,4,1722.65,452.10,73.04,213.86,0.7296,-1,-1,-1
818,73,271.83,550.50,79.74,239.21,0.8096,-1,-1,-1
818,80,874.37,933.71,64.70,145.61,0.7192,-1,-1,-1
818,81,1569.41,593.31,104.67,231.66,0.6826,-1,-1,-1
818,87,981.03,585.58,66.99,216.66,0.7788,-1,-1,-1
818,88,1055.49,558.39,68.15,230.58,0.7996,-1,-1,-1
818,89,285.68,185.15,53.81,172.62,0.3154,-1,-1,-1
818,92,385.75,266.53,52.83,166.72,0.5094,-1,-1,-1
818,93,438.04,255.96,60.88,183.86,0.5599,-1,-1,-1
818,98,473.99,93.42,58.33,183.59,0.3776,-1,-1,-1
819,4,1723.45,453.73,73.54,212.42,0.7255,-1,-1,-1
819,73,272.39,551.55,78.79,238.91,0.7910,-1,-1,-1
819,80,873.25,934.62,66.54,144.85,0.7203,-1,-1,-1
819,81,1570.72,597.14,102.81,227.86,0.7099,-1,-1,-1
819,87,979.69,583.85,64.55,216.63,0.8199,-1,-1,-1
819,88,1050.92,554.13,72.32,235.55,0.8178,-1,-1,-1
819,92,384.57,264.59,54.00,167.57,0.5212,-1,-1,-1
819,93,436.66,256.06,61.03,186.59,0.6077,-1,-1,-1
819,96,556.25,123.62,62.68,163.94,0.3195,-1,-1,-1
819,98,472.96,94.92,58.86,187.09,0.4014,-1,-1,-1
819,101,790.30,131.97,63.48,178.60,0.3425,-1,-1,-1
820,4,1722.66,455.88,73.91,209.39,0.7249,-1,-1,-1
820,73,273.31,552.09,77.88,239.62,0.8012,-1,-1,-1
820,80,873.00,935.09,64.79,144.92,0.7121,-1,-1,-1
820,81,1570.72,596.10,103.74,228.33,0.7058,-1,-1,-1
820,87,977.13,579.61,65.83,219.41,0.8338,-1,-1,-1
820,88,1046.00,553.35,75.94,236.18,0.8185,-1,-1,-1
820,92,383.43,265.17,55.02,168.81,0.5371,-1,-1,-1
820,93,436.54,260.55,61.97,183.96,0.6610,-1,-1,-1
820,98,473.21,93.44,58.23,192.39,0.5042,-1,-1,-1
820,101,789.14,131.19,64.72,180.26,0.3463,-1,-1,-1
821,4,1723.64,452.49,72.29,212.86,0.7162,-1,-1,-1
821,73,273.06,552.48,78.42,238.22,0.7833,-1,-1,-1
821,80,873.09,934.77,65.04,145.23,0.7218,-1,-1,-1
821,81,1570.58,597.11,103.34,227.65,0.6986,-1,-1,-1
821,87,975.10,576.51,66.74,220.99,0.8351,-1,-1,-1
821,88,1043.72,551.81,78.62,236.45,0.8371,-1,-1,-1
821,92,381.87,264.65,55.49,170.64,0.5340,-1,-1,-1
821,93,435.22,260.50,63.24,188.06,0.6444,-1,-1,-1
821,98,472.86,89.21,59.31,200.72,0.4892,-1,-1,-1
821,101,789.10,132.76,64.64,179.32,0.3235,-1,-1,-1
822,4,1722.67,453.21,73.73,212.43,0.7220,-1,-1,-1
822,73,273.01,554.04,79.30,237.62,0.7677,-1,-1,-1
822,80,872.38,935.63,65.73,144.41,0.7199,-1,-1,-1
822,81,1572.23,596.10,102.22,228.25,0.7123,-1,-1,-1
822,87,973.07,573.44,68.01,215.22,0.8116,-1,-1,-1
822,88,1041.48,550.66,81.21,237.56,0.8328,-1,-1,-1
822,92,383.68,264.06,53.26,171.03,0.4875,-1,-1,-1
822,93,436.06,261.25,62.59,187.31,0.6094,-1,-1,-1
822,98,472.69,89.60,58.94,202.34,0.4753,-1,-1,-1
822,101,788.25,133.79,65.62,177.30,0.3748,-1,-1,-1
823,4,1722.47,453.28,73.43,212.52,0.7327,-1,-1,-1
823,73,273.24,554.72,79.39,236.58,0.7802,-1,-1,-1
823,80,871.98,936.50,65.00,143.51,0.7137,-1,-1,-1
823,81,1570.99,595.30,103.18,228.89,0.6899,-1,-1,-1
823,87,971.89,569.47,68.42,226.47,0.8128,-1,-1,-1
823,88,1041.12,549.65,82.80,240.94,0.8219,-1,-1,-1
823,92,381.26,268.02,56.12,167.98,0.5637,-1,-1,-1
823,93,437.65,261.69,60.74,187.13,0.6333,-1,-1,-1
823,98,471.53,91.11,60.58,201.41,0.4622,-1,-1,-1
823,101,788.46,134.14,65.72,177.43,0.3527,-1,-1,-1
824,4,1722.33,456.23,74.32,209.93,0.7125,-1,-1,-1
824,73,272.70,555.41,80.59,236.19,0.7697,-1,-1,-1
824,80,870.96,936.72,66.41,142.06,0.7265,-1,-1,-1
824,81,1570.59,596.42,104.29,228.27,0.6785,-1,-1,-1
824,87,967.23,568.48,69.38,231.65,0.7734,-1,-1,-1
824,88,1036.87,548.12,88.00,243.67,0.7978,-1,-1,-1
824,92,382.61,270.65,54.29,166.88,0.5498,-1,-1,-1
824,93,437.10,262.08,60.88,187.35,0.6667,-1,-1,-1
824,98,472.36,92.26,59.15,200.98,0.4812,-1,-1,-1
824,101,788.38,133.26,66.24,178.38,0.3812,-1,-1,-1
825,4,1721.54,454.29,75.46,211.95,0.7153,-1,-1,-1
825,73,272.24,557.20,81.08,233.92,0.7744,-1,-1,-1
825,80,870.24,937.52,65.83,142.04,0.6987,-1,-1,-1
825,81,1571.80,599.39,101.89,225.01,0.6949,-1,-1,-1
825,87,966.32,566.82,68.10,232.90,0.7744,-1,-1,-1
825,88,1036.42,548.50,91.72,244.68,0.7937,-1,-1,-1
825,89,290.88,180.71,55.61,178.84,0.3284,-1,-1,-1
825,92,382.16,271.49,54.09,168.41,0.5606,-1,-1,-1
825,93,436.51,262.60,61.32,187.41,0.6559,-1,-1,-1
825,98,471.71,94.00,60.19,199.84,0.4363,-1,-1,-1
825,101,790.81,133.85,64.11,178.05,0.3887,-1,-1,-1
826,4,1720.09,455.76,76.82,209.17,0.7347,-1,-1,-1
826,73,272.08,559.08,81.43,231.96,0.7891,-1,-1,-1
826,80,868.53,937.86,67.35,142.14,0.7045,-1,-1,-1
826,81,1572.39,596.65,102.11,227.14,0.6843,-1,-1,-1
826,87,963.90,565.32,68.36,234.42,0.7711,-1,-1,-1
826,88,1035.75,547.64,92.06,241.92,0.7725,-1,-1,-1
826,92,382.14,271.83,53.46,167.60,0.5277,-1,-1,-1
826,93,435.04,263.71,62.50,186.54,0.6907,-1,-1,-1
826,98,471.55,93.12,60.86,199.51,0.4358,-1,-1,-1
826,101,795.04,133.96,59.12,179.04,0.3367,-1,-1,-1
827,4,1721.13,454.39,76.09,211.27,0.7304,-1,-1,-1
827,73,271.78,559.97,81.78,231.11,0.7895,-1,-1,-1
827,80,868.88,939.15,67.39,140.89,0.7117,-1,-1,-1
827,81,1571.27,596.76,103.67,227.44,0.6700,-1,-1,-1
827,87,963.16,563.81,67.46,231.57,0.7664,-1,-1,-1
827,88,1034.13,546.77,92.78,241.64,0.7692,-1,-1,-1
827,92,379.72,271.20,56.69,169.69,0.5154,-1,-1,-1
827,93,436.07,264.36,61.15,185.24,0.6706,-1,-1,-1
827,98,471.07,95.92,61.66,196.04,0.4097,-1,-1,-1
827,100,1638.44,5.49,49.22,143.57,0.3143,-1,-1,-1
827,101,790.79,132.16,65.25,180.01,0.3421,-1,-1,-1
828,4,1721.18,453.23,74.46,212.12,0.7418,-1,-1,-1
828,73,271.96,561.68,81.38,231.01,0.7899,-1,-1,-1
828,80,868.45,939.37,67.23,140.63,0.7059,-1,-1,-1
828,81,1572.86,595.81,102.33,228.48,0.6727,-1,-1,-1
828,87,959.94,563.44,69.29,230.66,0.7610,-1,-1,-1
828,88,1033.83,544.75,93.73,243.69,0.7915,-1,-1,-1
828,92,375.99,271.82,58.41,173.16,0.5269,-1,-1,-1
828,93,436.49,264.03,60.56,185.08,0.6804,-1,-1,-1
828,98,471.46,96.73,60.96,194.60,0.4337,-1,-1,-1
828,101,791.02,132.64,65.49,179.23,0.3353,-1,-1,-1
829,4,1721.99,452.81,73.90,212.58,0.7358,-1,-1,-1
829,73,271.83,562.43,81.52,234.15,0.7946,-1,-1,-1
829,80,870.21,939.46,65.23,140.53,0.7160,-1,-1,-1
829,81,1571.67,596.18,103.48,227.62,0.6827,-1,-1,-1
829,87,959.14,561.83,69.18,232.71,0.7780,-1,-1,-1
829,88,1032.51,543.12,91.90,244.03,0.7743,-1,-1,-1
829,92,377.95,272.55,56.88,175.56,0.5470,-1,-1,-1
829,93,436.57,264.26,60.63,185.17,0.6978,-1,-1,-1
829,98,472.32,98.79,60.24,195.78,0.4347,-1,-1,-1
829,101,793.62,133.37,64.34,178.66,0.3190,-1,-1,-1
830,4,1721.47,452.61,74.37,212.79,0.7459,-1,-1,-1
830,73,272.71,563.66,80.18,238.71,0.7991,-1,-1,-1
830,80,867.91,941.03,67.83,139.01,0.7043,-1,-1,-1
830,81,1572.31,593.73,102.09,230.11,0.6843,-1,-1,-1
830,87,958.63,562.31,67.80,232.37,0.8002,-1,-1,-1
830,88,1032.86,540.80,92.24,245.70,0.7963,-1,-1,-1
830,92,372.03,272.41,61.09,177.26,0.5589,-1,-1,-1
830,93,435.53,266.00,61.43,183.49,0.6681,-1,-1,-1
830,98,472.87,102.11,59.99,193.95,0.3679,-1,-1,-1
830,101,796.22,134.05,61.39,178.66,0.3172,-1,-1,-1
831,4,1721.67,455.94,75.32,210.05,0.7316,-1,-1,-1
831,73,272.46,566.13,80.09,242.85,0.8094,-1,-1,-1
831,80,869.23,941.39,66.04,138.61,0.7117,-1,-1,-1
831,81,1573.18,593.74,100.97,230.52,0.7005,-1,-1,-1
831,87,957.25,562.80,67.98,232.73,0.8020,-1,-1,-1
831,88,1031.97,538.24,91.34,247.01,0.7990,-1,-1,-1
831,92,371.64,273.74,60.11,180.30,0.5297,-1,-1,-1
831,93,435.40,266.58,61.43,183.88,0.6205,-1,-1,-1
831,98,471.65,103.60,63.71,194.53,0.3576,-1,-1,-1
831,101,799.06,134.34,57.89,179.67,0.3389,-1,-1,-1
832,4,1721.03,452.90,74.77,212.79,0.7498,-1,-1,-1
832,73,271.85,569.23,80.80,242.66,0.8221,-1,-1,-1
832,80,869.20,942.37,67.04,137.65,0.6853,-1,-1,-1
832,81,1573.34,592.35,101.61,231.67,0.6934,-1,-1,-1
832,87,955.27,562.59,68.35,231.24,0.7730,-1,-1,-1
832,88,1031.15,535.30,86.75,245.27,0.7806,-1,-1,-1
832,92,371.18,273.56,60.89,181.55,0.5162,-1,-1,-1
832,93,435.69,267.65,62.98,183.99,0.6229,-1,-1,-1
832,101,798.11,134.34,61.00,179.46,0.3399,-1,-1,-1
833,4,1720.49,452.87,75.45,213.30,0.7513,-1,-1,-1
833,73,270.65,571.76,81.32,243.97,0.8199,-1,-1,-1
833,80,869.27,943.48,67.32,136.55,0.7046,-1,-1,-1
833,81,1572.45,590.82,102.02,233.23,0.6647,-1,-1,-1
833,87,953.37,560.26,68.64,232.23,0.7716,-1,-1,-1
833,88,1030.70,532.75,85.20,232.04,0.7929,-1,-1,-1
833,92,369.71,271.85,62.08,184.15,0.4360,-1,-1,-1
833,93,435.40,267.42,62.94,187.34,0.6192,-1,-1,-1
833,101,798.33,134.98,60.86,177.97,0.3587,-1,-1,-1
834,4,1719.24,455.28,77.99,210.14,0.7541,-1,-1,-1
834,73,270.02,574.08,81.05,243.62,0.8163,-1,-1,-1
834,80,868.81,943.95,69.52,136.04,0.7144,-1,-1,-1
834,81,1571.84,590.23,103.59,234.01,0.6833,-1,-1,-1
834,87,951.60,554.06,68.96,239.38,0.7569,-1,-1,-1
834,88,1031.44,528.39,82.21,231.52,0.8009,-1,-1,-1
834,92,367.95,272.29,62.51,183.42,0.3900,-1,-1,-1
834,93,435.91,267.89,61.98,190.04,0.5849,-1,-1,-1
834,101,799.32,135.23,61.20,178.37,0.3475,-1,-1,-1
835,4,1719.73,453.12,77.84,214.18,0.7452,-1,-1,-1
835,73,270.08,576.39,79.17,245.17,0.8264,-1,-1,-1
835,80,867.57,943.23,72.09,136.72,0.6992,-1,-1,-1
835,81,1570.58,588.73,104.51,235.30,0.6461,-1,-1,-1
835,87,949.16,552.35,69.37,238.54,0.7590,-1,-1,-1
835,88,1031.20,525.83,79.77,231.56,0.7957,-1,-1,-1
835,92,372.45,279.17,57.57,174.19,0.4341,-1,-1,-1
835,93,438.06,271.14,60.39,189.31,0.6506,-1,-1,-1
835,101,803.67,135.26,56.63,176.71,0.3554,-1,-1,-1
836,4,1718.38,456.28,78.63,210.08,0.7409,-1,-1,-1
836,73,269.24,579.03,79.80,244.77,0.8159,-1,-1,-1
836,80,864.33,942.99,77.84,136.99,0.7309,-1,-1,-1
836,81,1570.48,591.10,104.31,233.42,0.6682,-1,-1,-1
836,87,948.96,549.78,67.83,227.09,0.7773,-1,-1,-1
836,88,1032.60,523.08,75.64,233.56,0.7916,-1,-1,-1
836,92,372.68,279.77,57.18,173.36,0.4683,-1,-1,-1
836,93,439.23,273.77,58.04,189.44,0.6298,-1,-1,-1
836,101,803.95,135.77,56.91,176.24,0.3889,-1,-1,-1
837,4,1720.34,453.93,76.96,213.59,0.7493,-1,-1,-1
837,73,268.39,580.15,79.61,244.17,0.8030,-1,-1,-1
837,80,865.29,943.26,76.79,136.74,0.7277,-1,-1,-1
837,81,1568.94,589.69,107.12,234.93,0.6254,-1,-1,-1
837,87,946.99,547.67,67.86,226.44,0.7745,-1,-1,-1
837,88,1033.17,520.42,72.30,234.28,0.7739,-1,-1,-1
837,92,371.38,279.96,58.36,172.89,0.4104,-1,-1,-1
837,93,440.43,277.71,56.39,187.31,0.6279,-1,-1,-1
837,101,799.98,135.08,63.47,177.94,0.3657,-1,-1,-1
838,4,1718.22,455.97,79.10,207.89,0.7585,-1,-1,-1
838,73,267.83,581.60,79.17,242.16,0.7859,-1,-1,-1
838,80,865.26,943.34,76.93,136.58,0.7208,-1,-1,-1
838,81,1571.25,592.03,104.49,232.10,0.6797,-1,-1,-1
838,87,944.92,545.87,67.04,227.49,0.7842,-1,-1,-1
838,88,1033.80,519.55,70.53,234.88,0.7758,-1,-1,-1
838,92,355.99,276.97,71.93,176.91,0.4534,-1,-1,-1
838,93,435.20,273.12,62.53,193.22,0.6390,-1,-1,-1
838,101,804.29,135.50,58.80,177.30,0.3661,-1,-1,-1
839,4,1720.01,453.56,77.10,212.25,0.7574,-1,-1,-1
839,73,266.25,582.75,80.14,240.24,0.7660,-1,-1,-1
839,80,865.28,942.32,77.56,137.28,0.7169,-1,-1,-1
839,81,1570.44,591.53,105.75,232.30,0.6144,-1,-1,-1
839,87,944.69,543.28,66.47,229.17,0.7772,-1,-1,-1
839,88,1034.45,519.51,69.85,235.00,0.7687,-1,-1,-1
839,92,370.39,280.49,56.82,172.85,0.4413,-1,-1,-1
839,93,435.99,276.52,61.36,191.21,0.6196,-1,-1,-1
839,101,804.33,136.80,60.34,176.34,0.3828,-1,-1,-1
840,4,1720.32,452.81,75.88,212.07,0.7562,-1,-1,-1
840,73,263.68,583.88,81.01,239.19,0.7394,-1,-1,-1
840,80,865.50,943.66,77.51,135.90,0.7148,-1,-1,-1
840,81,1569.81,594.18,106.69,230.35,0.6464,-1,-1,-1
840,87,943.03,541.52,66.51,229.33,0.7692,-1,-1,-1
840,88,1033.86,519.09,69.57,233.71,0.7631,-1,-1,-1
840,92,354.42,275.77,71.89,177.43,0.5066,-1,-1,-1
840,93,434.37,274.21,63.11,193.11,0.6567,-1,-1,-1
840,101,806.37,137.26,58.48,175.38,0.4495,-1,-1,-1
841,4,1719.80,452.22,76.62,212.70,0.7451,-1,-1,-1
841,73,262.79,585.17,82.02,237.01,0.7610,-1,-1,-1
841,80,867.25,943.58,78.35,135.96,0.7294,-1,-1,-1
841,81,1571.31,593.97,105.25,230.74,0.6779,-1,-1,-1
841,87,941.59,540.18,66.56,231.08,0.7724,-1,-1,-1
841,88,1032.20,518.65,69.44,233.29,0.7485,-1,-1,-1
841,92,355.98,275.67,69.59,179.39,0.5062,-1,-1,-1
841,93,437.43,279.03,57.70,190.56,0.6529,-1,-1,-1
841,98,472.93,111.82,61.48,197.67,0.3444,-1,-1,-1
841,101,803.44,136.22,64.18,175.48,0.3898,-1,-1,-1
842,4,1719.43,456.06,77.68,209.30,0.7276,-1,-1,-1
842,73,262.34,585.56,82.63,236.88,0.7752,-1,-1,-1
842,80,866.49,943.47,79.16,136.26,0.7157,-1,-1,-1
842,81,1572.71,594.60,104.23,229.79,0.6522,-1,-1,-1
842,87,939.72,539.49,65.93,232.56,0.7721,-1,-1,-1
842,88,1027.42,517.29,73.04,232.90,0.7372,-1,-1,-1
842,92,369.46,282.59,55.50,173.35,0.5131,-1,-1,-1
842,93,438.07,278.61,57.91,189.67,0.6421,-1,-1,-1
842,101,804.45,136.54,62.54,175.01,0.4140,-1,-1,-1
843,4,1718.57,455.95,79.15,208.54,0.7330,-1,-1,-1
843,73,260.78,586.47,84.12,235.75,0.7885,-1,-1,-1
843,80,866.96,943.71,80.16,135.78,0.7211,-1,-1,-1
843,81,1570.80,593.07,105.42,231.90,0.6288,-1,-1,-1
843,87,938.56,538.86,65.92,232.21,0.7839,-1,-1,-1
843,88,1023.71,517.03,76.07,233.50,0.7529,-1,-1,-1
843,92,367.29,283.33,58.76,175.28,0.5538,-1,-1,-1
843,93,438.16,280.75,58.66,187.62,0.6735,-1,-1,-1
843,98,469.16,110.93,64.04,201.62,0.3014,-1,-1,-1
843,101,806.22,137.19,61.84,174.95,0.3597,-1,-1,-1
844,4,1719.39,453.48,78.20,212.26,0.7415,-1,-1,-1
844,73,261.43,587.55,83.27,235.30,0.7976,-1,-1,-1
844,80,867.36,943.21,79.61,136.38,0.7208,-1,-1,-1
844,81,1571.49,592.30,103.32,232.35,0.6322,-1,-1,-1
844,87,938.04,536.75,65.47,233.72,0.7889,-1,-1,-1
844,88,1021.50,516.75,75.55,231.76,0.7795,-1,-1,-1
844,92,360.06,280.64,65.62,181.61,0.5285,-1,-1,-1
844,93,438.18,281.68,58.65,186.95,0.6715,-1,-1,-1
844,98,469.35,111.61,63.67,200.07,0.3063,-1,-1,-1
844,101,805.88,137.05,62.66,174.55,0.3838,-1,-1,-1
845,4,1717.88,456.54,79.01,207.84,0.7519,-1,-1,-1
845,73,261.22,588.31,83.55,235.60,0.7995,-1,-1,-1
845,80,866.55,943.55,80.66,136.04,0.7121,-1,-1,-1
845,81,1570.56,592.75,103.82,231.49,0.6423,-1,-1,-1
845,87,936.43,536.35,66.75,233.99,0.7751,-1,-1,-1
845,88,1021.67,516.85,72.92,228.96,0.7744,-1,-1,-1
845,92,360.93,282.86,63.87,181.94,0.5547,-1,-1,-1
845,93,438.53,280.84,57.55,188.31,0.6713,-1,-1,-1
845,101,805.32,137.44,63.64,174.31,0.3504,-1,-1,-1
846,4,1718.16,455.88,79.09,208.28,0.7438,-1,-1,-1
846,73,260.91,589.45,84.34,237.06,0.7939,-1,-1,-1
846,80,866.41,944.54,81.07,134.84,0.7197,-1,-1,-1
846,81,1570.02,595.28,104.55,229.19,0.6632,-1,-1,-1
846,87,934.62,535.46,67.11,232.26,0.7835,-1,-1,-1
846,88,1020.25,515.65,74.00,229.13,0.7744,-1,-1,-1
846,92,358.94,284.23,65.87,181.96,0.5691,-1,-1,-1
846,93,438.63,282.08,57.13,186.75,0.6587,-1,-1,-1
846,101,805.85,137.36,63.12,175.07,0.3669,-1,-1,-1
847,4,1717.69,454.00,80.18,210.97,0.7456,-1,-1,-1
847,73,260.81,593.39,84.66,236.52,0.7791,-1,-1,-1
847,80,866.88,944.62,81.90,134.95,0.6941,-1,-1,-1
847,81,1569.84,593.80,104.52,230.14,0.6549,-1,-1,-1
847,87,933.69,534.42,67.00,230.32,0.7625,-1,-1,-1
847,88,1018.89,512.89,72.99,234.05,0.7549,-1,-1,-1
847,92,359.19,288.26,65.42,179.79,0.5597,-1,-1,-1
847,93,439.18,281.35,56.10,186.31,0.6361,-1,-1,-1
847,101,802.16,138.04,69.18,174.71,0.3751,-1,-1,-1
848,4,1717.73,452.80,78.68,211.76,0.7523,-1,-1,-1
848,73,261.93,595.66,83.55,238.00,0.7986,-1,-1,-1
848,80,866.40,944.54,82.17,134.77,0.7064,-1,-1,-1
848,81,1570.34,593.60,104.65,230.08,0.6405,-1,-1,-1
848,87,932.96,532.67,66.39,230.22,0.7653,-1,-1,-1
848,88,1017.50,510.62,71.66,227.43,0.7527,-1,-1,-1
848,92,357.88,288.38,65.49,180.29,0.5684,-1,-1,-1
848,93,437.16,280.34,57.49,188.29,0.6350,-1,-1,-1
848,101,803.82,138.99,68.53,173.33,0.3566,-1,-1,-1
849,4,1717.91,453.54,79.51,211.10,0.7521,-1,-1,-1
849,73,261.80,597.69,84.05,242.62,0.7930,-1,-1,-1
849,80,866.39,945.32,83.03,134.05,0.6873,-1,-1,-1
849,81,1572.94,594.66,102.12,229.87,0.6757,-1,-1,-1
849,87,932.09,530.19,65.42,231.24,0.7695,-1,-1,-1
849,88,1015.45,509.05,68.36,222.29,0.7447,-1,-1,-1
849,92,355.49,293.98,67.96,177.31,0.6083,-1,-1,-1
849,93,436.78,279.49,57.00,189.33,0.6428,-1,-1,-1
849,101,806.53,137.79,64.74,174.14,0.3697,-1,-1,-1
850,4,1718.60,453.33,78.60,213.27,0.7483,-1,-1,-1
850,73,261.93,599.49,84.40,241.56,0.7986,-1,-1,-1
850,80,867.20,945.01,82.57,133.76,0.6977,-1,-1,-1
850,81,1572.67,594.99,103.09,229.35,0.6770,-1,-1,-1
850,87,931.83,527.47,63.64,232.41,0.7861,-1,-1,-1
850,88,1013.48,506.11,67.64,224.47,0.8030,-1,-1,-1
850,92,353.09,296.88,70.47,175.97,0.5995,-1,-1,-1
850,93,437.90,276.65,60.40,196.09,0.6309,-1,-1,-1
850,101,807.36,137.60,64.42,174.38,0.3720,-1,-1,-1
851,4,1717.53,452.71,78.50,210.99,0.7408,-1,-1,-1
851,73,262.10,600.86,84.57,243.07,0.8086,-1,-1,-1
851,80,867.92,945.04,83.58,133.83,0.7024,-1,-1,-1
851,81,1572.38,593.48,103.23,230.78,0.6594,-1,-1,-1
851,87,929.42,525.55,64.82,235.33,0.7970,-1,-1,-1
851,88,1008.44,503.49,70.22,225.35,0.8157,-1,-1,-1
851,92,351.35,298.57,71.36,174.20,0.5637,-1,-1,-1
851,93,438.08,285.16,57.32,190.97,0.6275,-1,-1,-1
851,98,469.17,123.64,62.50,190.08,0.3288,-1,-1,-1
851,101,803.70,138.91,69.24,172.71,0.3811,-1,-1,-1
852,4,1717.41,456.50,79.79,208.42,0.7370,-1,-1,-1
852,73,264.39,603.71,82.98,243.72,0.8040,-1,-1,-1
852,80,868.83,945.13,83.30,133.94,0.7009,-1,-1,-1
852,81,1570.71,593.68,105.32,230.47,0.6430,-1,-1,-1
852,87,928.58,522.41,63.81,217.26,0.7425,-1,-1,-1
852,88,1007.07,501.90,69.48,226.50,0.8067,-1,-1,-1
852,92,349.52,298.60,72.80,175.39,0.5335,-1,-1,-1
852,93,437.59,288.88,55.42,188.43,0.5881,-1,-1,-1
852,98,467.50,124.08,64.18,188.30,0.4055,-1,-1,-1
852,101,808.60,137.87,63.30,173.55,0.3579,-1,-1,-1
853,4,1719.27,453.42,78.45,211.26,0.7237,-1,-1,-1
853,73,264.92,606.32,84.07,243.91,0.8003,-1,-1,-1
853,80,868.72,945.15,83.07,134.18,0.7002,-1,-1,-1
853,81,1570.63,593.13,104.06,231.20,0.6010,-1,-1,-1
853,87,926.74,520.39,66.00,210.36,0.7779,-1,-1,-1
853,88,1002.53,500.49,72.40,227.53,0.8232,-1,-1,-1
853,92,347.39,297.66,73.99,177.00,0.4834,-1,-1,-1
853,93,436.81,291.48,58.33,188.62,0.5941,-1,-1,-1
853,98,464.63,123.67,66.59,193.05,0.4538,-1,-1,-1
853,101,807.24,137.81,64.13,174.81,0.3891,-1,-1,-1
854,4,1717.06,456.95,80.36,207.55,0.7263,-1,-1,-1
854,73,264.75,606.80,84.82,245.84,0.8174,-1,-1,-1
854,80,868.72,944.80,83.75,134.11,0.7023,-1,-1,-1
854,81,1568.31,594.21,107.01,230.10,0.6001,-1,-1,-1
854,87,926.97,518.05,65.61,219.70,0.7970,-1,-1,-1
854,88,997.23,498.81,77.21,229.78,0.8230,-1,-1,-1
854,92,347.49,296.46,72.71,178.13,0.4767,-1,-1,-1
854,93,437.34,289.06,57.50,194.07,0.6083,-1,-1,-1
854,98,462.38,122.17,68.60,197.10,0.4869,-1,-1,-1
854,101,807.38,137.75,64.57,174.70,0.3741,-1,-1,-1
855,4,1717.32,456.67,80.11,207.59,0.7334,-1,-1,-1
855,73,266.76,608.65,83.69,246.08,0.8213,-1,-1,-1
855,80,869.98,944.47,82.65,134.44,0.7199,-1,-1,-1
855,81,1570.46,592.78,104.82,231.47,0.6234,-1,-1,-1
855,87,926.35,515.26,64.88,221.75,0.7903,-1,-1,-1
855,88,997.16,496.83,77.06,231.87,0.7966,-1,-1,-1
855,92,343.66,300.37,75.44,175.08,0.4916,-1,-1,-1
855,93,435.85,290.69,58.86,194.60,0.6360,-1,-1,-1
855,98,465.60,124.16,65.28,197.33,0.5021,-1,-1,-1
855,101,806.87,137.66,65.10,176.13,0.3572,-1,-1,-1
856,4,1717.42,457.18,80.49,209.26,0.7430,-1,-1,-1
856,73,267.29,610.22,83.96,243.23,0.8048,-1,-1,-1
856,80,872.23,944.52,81.34,134.21,0.7287,-1,-1,-1
856,81,1571.51,592.04,104.78,232.54,0.6387,-1,-1,-1
856,87,925.20,512.31,65.41,223.77,0.8039,-1,-1,-1
856,88,995.55,495.46,80.06,233.71,0.8204,-1,-1,-1
856,92,344.47,299.48,73.38,177.01,0.4824,-1,-1,-1
856,93,435.48,292.56,58.38,195.45,0.6018,-1,-1,-1
856,98,467.46,125.30,62.90,195.76,0.4603,-1,-1,-1
856,101,806.90,137.17,64.61,175.54,0.3600,-1,-1,-1
857,4,1718.60,454.88,78.44,212.86,0.7293,-1,-1,-1
857,73,269.11,610.60,82.72,241.56,0.7875,-1,-1,-1
857,80,873.03,943.65,79.99,134.95,0.7173,-1,-1,-1
857,81,1572.09,592.47,104.52,232.17,0.6290,-1,-1,-1
857,87,921.34,511.16,67.06,226.03,0.7820,-1,-1,-1
857,88,995.60,495.08,80.66,234.85,0.8036,-1,-1,-1
857,92,349.74,303.99,66.66,170.16,0.5088,-1,-1,-1
857,93,434.87,294.04,59.47,195.05,0.6075,-1,-1,-1
857,98,468.65,128.31,61.75,196.14,0.4171,-1,-1,-1
857,101,807.74,137.43,63.66,174.59,0.3358,-1,-1,-1
858,4,1716.67,457.58,80.63,208.54,0.7347,-1,-1,-1
858,73,270.25,611.44,82.60,242.26,0.7962,-1,-1,-1
858,80,873.65,943.47,80.12,135.43,0.7259,-1,-1,-1
858,81,1573.24,594.83,102.69,229.75,0.6803,-1,-1,-1
858,87,920.37,510.19,66.73,224.21,0.7666,-1,-1,-1
858,88,991.07,494.37,85.08,235.33,0.7999,-1,-1,-1
858,92,345.87,304.20,72.73,172.87,0.5354,-1,-1,-1
858,93,432.33,293.75,65.65,194.47,0.5714,-1,-1,-1
858,98,468.18,130.44,62.62,195.40,0.3980,-1,-1,-1
858,101,805.80,137.36,65.66,173.51,0.3386,-1,-1,-1
859,4,1715.15,457.55,82.08,209.68,0.7309,-1,-1,-1
859,73,269.39,610.86,84.91,243.74,0.8006,-1,-1,-1
859,80,874.96,943.93,79.40,135.27,0.7380,-1,-1,-1
859,81,1573.05,593.82,103.62,230.75,0.6464,-1,-1,-1
859,87,918.33,507.16,66.66,228.06,0.7698,-1,-1,-1
859,88,992.41,494.74,84.01,234.26,0.7928,-1,-1,-1
859,92,345.89,303.32,73.26,174.08,0.5207,-1,-1,-1
859,93,435.18,299.37,59.83,188.51,0.5970,-1,-1,-1
859,98,470.02,132.70,61.84,194.52,0.3145,-1,-1,-1
859,101,807.39,137.23,63.92,173.81,0.3450,-1,-1,-1
859,104,1405.10,1019.06,64.95,60.06,0.4435,-1,-1,-1
859,105,1078.90,-0.00,55.96,122.46,0.3131,-1,-1,-1
860,4,1715.67,456.20,81.26,210.03,0.7422,-1,-1,-1
860,73,269.97,611.58,84.94,241.78,0.8107,-1,-1,-1
860,80,875.52,942.31,79.52,137.16,0.7249,-1,-1,-1
860,81,1572.48,593.29,104.58,230.70,0.6053,-1,-1,-1
860,87,916.61,505.61,66.82,229.25,0.7682,-1,-1,-1
860,88,988.96,493.90,87.41,234.88,0.7728,-1,-1,-1
860,92,345.96,300.84,73.17,178.22,0.5335,-1,-1,-1
860,93,434.18,300.42,59.41,188.54,0.6101,-1,-1,-1
860,98,468.64,132.81,63.67,195.01,0.4132,-1,-1,-1
860,101,806.02,137.67,65.25,172.75,0.3364,-1,-1,-1
860,104,1403.13,1017.12,69.46,62.78,0.5022,-1,-1,-1
860,105,1080.28,-0.02,56.16,122.58,0.3288,-1,-1,-1
861,4,1714.99,456.33,82.52,209.65,0.7504,-1,-1,-1
861,73,270.00,612.93,86.08,240.59,0.8142,-1,-1,-1
861,80,876.70,943.00,80.14,137.01,0.7459,-1,-1,-1
861,81,1571.99,598.55,103.06,225.91,0.6547,-1,-1,-1
861,87,915.27,503.21,66.37,232.39,0.7793,-1,-1,-1
861,88,988.74,492.92,87.86,234.52,0.7824,-1,-1,-1
861,92,348.47,302.21,66.80,178.52,0.5314,-1,-1,-1
861,93,431.15,299.83,64.45,188.35,0.5888,-1,-1,-1
861,98,469.18,132.45,63.79,195.80,0.4185,-1,-1,-1
861,101,806.10,137.61,64.86,173.13,0.3153,-1,-1,-1
861,104,1399.78,1015.02,75.32,64.95,0.5852,-1,-1,-1
862,4,1715.99,456.64,81.92,210.48,0.7358,-1,-1,-1
862,73,269.99,612.62,85.32,240.20,0.8131,-1,-1,-1
862,80,877.96,943.83,78.55,136.20,0.7284,-1,-1,-1
862,81,1571.68,596.89,104.76,226.88,0.6383,-1,-1,-1
862,87,914.82,502.23,65.86,233.92,0.7648,-1,-1,-1
862,88,989.03,491.20,84.53,234.19,0.7789,-1,-1,-1
862,92,348.39,303.27,67.01,181.02,0.4917,-1,-1,-1
862,93,433.63,299.25,59.54,187.27,0.5817,-1,-1,-1
862,98,470.85,132.87,64.26,196.28,0.4269,-1,-1,-1
862,101,807.29,137.44,63.24,174.27,0.3176,-1,-1,-1
862,104,1392.81,1012.40,81.41,67.56,0.6171,-1,-1,-1
862,105,1081.91,-0.05,57.87,123.63,0.3275,-1,-1,-1
863,4,1716.42,456.49,81.28,210.35,0.7414,-1,-1,-1
863,73,270.23,613.42,85.76,240.73,0.8160,-1,-1,-1
863,80,879.80,942.45,77.99,137.14,0.7319,-1,-1,-1
863,81,1571.56,594.36,104.93,229.28,0.6401,-1,-1,-1
863,87,913.14,501.26,66.08,232.57,0.7731,-1,-1,-1
863,88,989.54,489.00,84.77,235.10,0.7991,-1,-1,-1
863,92,346.77,308.01,68.30,180.35,0.5695,-1,-1,-1
863,93,432.75,301.06,60.40,187.36,0.5946,-1,-1,-1
863,98,471.53,134.02,65.55,193.24,0.3790,-1,-1,-1
863,104,1390.22,1009.31,82.38,70.64,0.6324,-1,-1,-1
863,105,1083.08,-0.10,57.34,124.13,0.3436,-1,-1,-1
864,4,1716.28,457.32,82.25,209.81,0.7391,-1,-1,-1
864,73,271.05,614.91,85.52,239.86,0.8133,-1,-1,-1
864,80,880.86,942.43,78.37,137.06,0.7421,-1,-1,-1
864,81,1572.70,594.11,104.34,229.55,0.6341,-1,-1,-1
864,87,912.97,500.70,65.45,232.15,0.7635,-1,-1,-1
864,88,986.32,486.02,84.65,236.29,0.8030,-1,-1,-1
864,92,346.80,309.81,67.15,178.78,0.5455,-1,-1,-1
864,93,432.54,302.43,61.93,187.08,0.5667,-1,-1,-1
864,98,472.55,136.69,64.75,188.96,0.3043,-1,-1,-1
864,104,1387.16,1004.99,84.99,74.92,0.6630,-1,-1,-1
864,105,1084.08,-0.22,57.23,126.73,0.3947,-1,-1,-1
865,4,1717.35,456.61,80.88,208.13,0.7303,-1,-1,-1
865,73,272.92,618.00,83.97,244.66,0.8341,-1,-1,-1
865,80,882.23,942.73,78.73,137.27,0.7300,-1,-1,-1
865,81,1571.83,594.11,105.14,229.86,0.6473,-1,-1,-1
865,87,911.18,499.02,65.45,228.09,0.7619,-1,-1,-1
865,88,986.24,483.97,83.58,235.74,0.7996,-1,-1,-1
865,92,346.74,312.43,69.97,178.87,0.5939,-1,-1,-1
865,93,432.23,302.84,62.68,187.03,0.5807,-1,-1,-1
865,104,1384.67,1001.18,88.91,78.77,0.6828,-1,-1,-1
865,105,1084.84,0.75,57.52,127.86,0.3841,-1,-1,-1
866,4,1718.32,456.99,79.91,208.96,0.7201,-1,-1,-1
866,73,273.64,620.03,83.57,248.44,0.8293,-1,-1,-1
866,80,883.43,942.64,80.03,137.36,0.7355,-1,-1,-1
866,81,1572.22,594.31,104.98,229.25,0.6132,-1,-1,-1
866,87,909.51,497.45,66.45,226.22,0.7879,-1,-1,-1
866,88,985.03,481.24,83.68,233.77,0.7926,-1,-1,-1
866,92,344.87,313.84,71.87,177.80,0.5718,-1,-1,-1
866,93,432.36,303.79,62.69,186.31,0.5396,-1,-1,-1
866,98,471.73,138.34,64.32,185.95,0.3210,-1,-1,-1
866,101,805.13,137.49,65.06,172.39,0.3056,-1,-1,-1
866,104,1382.14,997.80,91.22,82.17,0.6805,-1,-1,-1
866,105,1085.86,0.65,57.21,131.10,0.3087,-1,-1,-1
867,4,1718.22,456.95,80.10,210.16,0.7134,-1,-1,-1
867,73,273.95,620.84,84.11,251.15,0.8262,-1,-1,-1
867,80,886.41,941.74,78.79,138.24,0.7371,-1,-1,-1
867,81,1572.55,592.90,104.33,230.70,0.6163,-1,-1,-1
867,87,906.64,496.33,68.62,221.09,0.7790,-1,-1,-1
867,88,984.60,477.96,82.48,228.63,0.7732,-1,-1,-1
867,92,345.13,318.50,69.92,174.81,0.5583,-1,-1,-1
867,93,432.70,300.54,59.34,190.67,0.5462,-1,-1,-1
867,98,471.79,137.72,62.61,185.72,0.3144,-1,-1,-1
867,101,804.77,137.40,64.26,172.37,0.3250,-1,-1,-1
867,104,1381.21,993.72,92.31,86.22,0.6756,-1,-1,-1
867,105,1086.13,0.13,57.17,133.41,0.3160,-1,-1,-1
868,4,1718.31,456.80,78.95,208.95,0.7019,-1,-1,-1
868,73,272.71,622.10,85.93,253.31,0.8356,-1,-1,-1
868,80,888.65,941.42,78.64,138.57,0.7425,-1,-1,-1
868,81,1573.71,592.41,102.24,230.84,0.6527,-1,-1,-1
868,87,904.41,494.77,69.52,218.41,0.7654,-1,-1,-1
868,88,987.11,475.37,77.38,221.77,0.7794,-1,-1,-1
868,92,344.95,318.01,69.41,174.87,0.5318,-1,-1,-1
868,93,433.14,300.52,57.71,196.81,0.5582,-1,-1,-1
868,104,1380.16,987.79,93.15,92.06,0.6576,-1,-1,-1
868,105,1087.46,-0.02,53.91,135.18,0.3570,-1,-1,-1
869,4,1718.28,457.36,80.07,208.70,0.7090,-1,-1,-1
869,73,273.41,625.21,85.77,248.77,0.8311,-1,-1,-1
869,80,892.72,940.84,77.51,139.15,0.7293,-1,-1,-1
869,81,1573.13,594.31,103.61,229.32,0.6357,-1,-1,-1
869,87,903.05,492.50,70.92,213.06,0.7706,-1,-1,-1
869,88,988.18,473.11,74.32,224.10,0.7590,-1,-1,-1
869,92,346.99,314.59,67.93,177.45,0.4884,-1,-1,-1
869,93,432.11,301.99,61.01,199.09,0.4984,-1,-1,-1
869,104,1380.24,984.33,92.41,95.66,0.6837,-1,-1,-1
869,105,1087.60,0.56,53.69,134.72,0.3372,-1,-1,-1
870,4,1717.81,457.98,80.44,205.86,0.7186,-1,-1,-1
870,73,273.98,627.98,85.79,251.31,0.8333,-1,-1,-1
870,80,894.59,940.73,76.51,139.27,0.7351,-1,-1,-1
870,81,1574.26,594.80,102.21,229.15,0.6512,-1,-1,-1
870,87,901.36,491.01,70.26,215.30,0.7292,-1,-1,-1
870,88,989.84,472.37,69.76,223.40,0.7483,-1,-1,-1
870,92,358.66,318.40,58.35,172.18,0.5094,-1,-1,-1
870,93,434.58,315.08,56.66,191.59,0.5623,-1,-1,-1
870,104,1379.76,982.83,92.57,97.23,0.7183,-1,-1,-1
870,105,1087.71,0.31,52.37,135.05,0.3204,-1,-1,-1
871,4,1717.47,457.51,80.69,208.39,0.7026,-1,-1,-1
871,73,275.42,630.66,85.56,254.51,0.8328,-1,-1,-1
871,80,897.01,941.77,75.03,138.26,0.7385,-1,-1,-1
871,81,1573.66,594.68,102.13,229.91,0.6153,-1,-1,-1
871,87,899.83,488.41,70.44,215.86,0.7348,-1,-1,-1
871,88,989.74,469.77,67.89,225.63,0.7532,-1,-1,-1
871,92,356.03,315.85,58.78,176.00,0.4932,-1,-1,-1
871,93,435.07,315.77,55.20,190.44,0.5790,-1,-1,-1
871,104,1377.88,980.00,93.60,100.01,0.7136,-1,-1,-1
871,105,1087.88,0.45,51.63,134.61,0.3003,-1,-1,-1
872,4,1717.13,458.07,80.94,208.33,0.7107,-1,-1,-1
872,73,277.52,633.05,82.62,255.13,0.8345,-1,-1,-1
872,80,898.06,941.61,76.43,138.39,0.7320,-1,-1,-1
872,81,1571.32,595.91,104.61,228.53,0.6102,-1,-1,-1
872,87,898.36,487.57,70.85,217.44,0.7403,-1,-1,-1
872,88,988.86,468.58,67.42,226.68,0.7477,-1,-1,-1
872,92,355.85,313.33,58.15,179.28,0.4966,-1,-1,-1
872,93,434.38,317.76,54.83,191.64,0.5834,-1,-1,-1
872,104,1375.46,976.64,95.99,103.36,0.7116,-1,-1,-1
872,105,1087.32,0.06,52.43,136.98,0.3739,-1,-1,-1
872,106,416.25,158.50,51.27,161.99,0.3159,-1,-1,-1
873,4,1717.04,458.15,80.66,207.86,0.7080,-1,-1,-1
873,73,276.98,633.93,83.95,255.21,0.8348,-1,-1,-1
873,80,900.33,941.58,76.43,138.42,0.7334,-1,-1,-1
873,81,1570.91,596.22,105.31,227.88,0.5870,-1,-1,-1
873,87,898.40,486.80,70.35,220.62,0.7347,-1,-1,-1
873,88,989.56,468.18,66.21,225.18,0.7414,-1,-1,-1
873,92,355.70,314.54,58.35,177.52,0.5165,-1,-1,-1
873,93,433.51,316.53,57.96,193.95,0.6035,-1,-1,-1
873,104,1373.21,975.10,96.74,104.95,0.7210,-1,-1,-1
873,105,1087.33,0.90,53.15,141.34,0.3509,-1,-1,-1
873,106,415.37,159.11,49.70,162.65,0.3102,-1,-1,-1
874,4,1718.59,458.37,79.34,208.13,0.6921,-1,-1,-1
874,73,277.10,634.93,85.63,254.51,0.8307,-1,-1,-1
874,80,900.17,940.87,77.33,139.12,0.7367,-1,-1,-1
874,81,1572.57,597.25,104.31,227.01,0.6298,-1,-1,-1
874,87,898.31,483.93,69.58,222.10,0.7180,-1,-1,-1
874,88,989.87,467.88,66.13,225.04,0.7304,-1,-1,-1
874,92,355.07,315.28,56.84,177.64,0.5330,-1,-1,-1
874,93,431.54,313.36,59.68,196.67,0.6152,-1,-1,-1
874,104,1371.34,974.54,97.19,105.54,0.7275,-1,-1,-1
874,105,1087.10,1.15,55.18,141.49,0.3397,-1,-1,-1
874,107,1404.69,10.93,61.26,152.83,0.3249,-1,-1,-1
875,4,1717.87,458.43,79.47,206.99,0.6885,-1,-1,-1
875,73,279.85,635.28,83.03,253.00,0.8214,-1,-1,-1
875,80,902.25,940.03,76.35,139.95,0.7270,-1,-1,-1
875,81,1572.73,597.25,103.96,226.39,0.6250,-1,-1,-1
875,87,896.27,483.16,69.30,221.10,0.7289,-1,-1,-1
875,88,990.06,467.51,65.64,225.40,0.7285,-1,-1,-1
875,92,354.72,318.61,58.63,175.04,0.5188,-1,-1,-1
875,93,431.69,312.10,60.22,198.53,0.5712,-1,-1,-1
875,104,1370.34,972.63,96.44,107.41,0.7076,-1,-1,-1
875,107,1406.06,9.86,60.78,153.74,0.3090,-1,-1,-1
876,4,1718.88,457.85,79.02,207.72,0.6896,-1,-1,-1
876,73,279.87,635.85,85.12,253.40,0.8136,-1,-1,-1
876,80,901.72,940.02,78.96,139.98,0.7458,-1,-1,-1
876,81,1573.19,598.46,102.02,225.37,0.6199,-1,-1,-1
876,87,896.11,482.83,68.30,223.06,0.7302,-1,-1,-1
876,88,989.27,467.73,65.53,226.53,0.7277,-1,-1,-1
876,92,352.95,319.50,62.31,175.92,0.4853,-1,-1,-1
876,93,431.90,313.62,59.95,196.26,0.5740,-1,-1,-1
876,104,1367.59,971.40,97.25,108.66,0.7049,-1,-1,-1
876,105,1086.86,0.23,57.54,146.44,0.3065,-1,-1,-1
876,106,413.57,160.86,46.44,162.75,0.3109,-1,-1,-1
877,4,1718.53,458.00,79.58,207.66,0.6729,-1,-1,-1
877,73,281.41,637.36,82.24,252.56,0.7984,-1,-1,-1
877,80,902.60,939.26,78.32,140.72,0.7300,-1,-1,-1
877,81,1573.28,597.45,103.18,226.50,0.6015,-1,-1,-1
877,87,895.82,482.85,68.65,223.47,0.7217,-1,-1,-1
877,88,987.01,466.43,67.20,227.43,0.7180,-1,-1,-1
877,92,353.58,321.69,60.32,177.95,0.5164,-1,-1,-1
877,93,430.87,314.03,61.71,195.22,0.5502,-1,-1,-1
877,104,1365.50,968.68,98.22,111.31,0.6994,-1,-1,-1
877,105,1086.36,-0.04,58.91,148.78,0.3410,-1,-1,-1
878,4,1719.44,457.44,77.96,207.54,0.6352,-1,-1,-1
878,73,282.54,638.83,84.75,251.29,0.7850,-1,-1,-1
878,80,903.60,939.20,80.14,140.80,0.7351,-1,-1,-1
878,81,1574.05,597.01,102.13,227.40,0.5767,-1,-1,-1
878,87,895.51,480.78,67.31,224.43,0.7172,-1,-1,-1
878,88,987.09,465.26,66.06,226.79,0.7108,-1,-1,-1
878,92,355.44,321.68,58.02,182.20,0.4857,-1,-1,-1
878,93,429.51,316.70,61.51,193.69,0.5510,-1,-1,-1
878,104,1361.48,966.36,101.92,113.65,0.7181,-1,-1,-1
878,105,1085.65,0.09,60.51,149.57,0.4434,-1,-1,-1
878,108,1775.17,684.18,62.96,221.31,0.3676,-1,-1,-1
879,4,1719.31,457.04,78.38,208.14,0.6272,-1,-1,-1
879,73,283.13,640.35,85.81,249.82,0.7805,-1,-1,-1
879,80,903.15,938.99,80.86,141.01,0.7362,-1,-1,-1
879,81,1573.80,599.64,100.93,225.27,0.5912,-1,-1,-1
879,87,894.76,480.83,66.51,223.24,0.7191,-1,-1,-1
879,88,984.44,464.66,67.16,226.42,0.6856,-1,-1,-1
879,92,352.39,323.34,61.36,183.41,0.4134,-1,-1,-1
879,93,428.99,313.39,61.62,197.08,0.5047,-1,-1,-1
879,104,1361.76,963.70,100.73,116.29,0.7322,-1,-1,-1
879,105,1085.96,-0.11,60.46,152.34,0.4385,-1,-1,-1
879,108,1771.90,682.30,66.09,248.78,0.3974,-1,-1,-1
880,4,1720.23,457.33,77.09,207.87,0.6361,-1,-1,-1
880,73,284.52,641.26,83.43,249.11,0.7546,-1,-1,-1
880,80,904.83,937.90,79.75,142.08,0.7404,-1,-1,-1
880,81,1574.43,596.83,100.87,226.86,0.6108,-1,-1,-1
880,87,894.49,478.37,66.81,223.28,0.6966,-1,-1,-1
880,88,983.73,462.43,67.04,225.32,0.6941,-1,-1,-1
880,92,337.86,323.29,76.88,185.12,0.4255,-1,-1,-1
880,93,427.95,318.76,62.86,190.31,0.5743,-1,-1,-1
880,104,1362.14,960.11,100.16,119.86,0.7308,-1,-1,-1
880,105,1086.14,-0.08,61.26,154.22,0.3938,-1,-1,-1
880,108,1768.40,680.13,67.66,261.12,0.4031,-1,-1,-1
881,4,1719.64,457.58,78.58,208.05,0.6279,-1,-1,-1
881,73,284.88,642.28,85.63,248.11,0.7754,-1,-1,-1
881,80,904.59,937.72,80.87,142.29,0.7481,-1,-1,-1
881,81,1573.18,598.78,102.82,225.69,0.5647,-1,-1,-1
881,87,894.55,476.91,65.80,220.92,0.6618,-1,-1,-1
881,88,982.32,459.68,65.58,223.65,0.7039,-1,-1,-1
881,92,338.11,324.92,74.63,187.62,0.4010,-1,-1,-1
881,93,428.44,320.41,60.94,188.59,0.5273,-1,-1,-1
881,104,1360.67,956.95,99.29,123.04,0.7438,-1,-1,-1
881,105,1087.91,-0.03,59.48,155.86,0.3400,-1,-1,-1
881,108,1766.70,679.90,71.28,259.25,0.3961,-1,-1,-1
882,4,1720.68,457.89,76.42,208.18,0.6416,-1,-1,-1
882,73,285.40,643.59,86.19,246.94,0.7639,-1,-1,-1
882,80,904.92,937.19,81.78,142.80,0.7540,-1,-1,-1
882,81,1574.91,597.34,100.54,226.92,0.6033,-1,-1,-1
882,87,894.17,474.42,64.97,226.01,0.6664,-1,-1,-1
882,88,980.48,456.23,65.37,221.88,0.6957,-1,-1,-1
882,92,337.77,328.69,74.04,184.83,0.3440,-1,-1,-1
882,93,428.88,321.18,60.38,187.35,0.5298,-1,-1,-1
882,101,807.62,137.87,56.81,175.35,0.3035,-1,-1,-1
882,104,1359.34,952.02,98.84,127.92,0.7457,-1,-1,-1
882,108,1763.28,680.18,72.43,253.27,0.4366,-1,-1,-1
883,4,1721.63,457.86,76.13,207.72,0.6434,-1,-1,-1
883,73,285.98,645.19,87.19,245.73,0.7839,-1,-1,-1
883,80,904.46,937.05,81.72,142.95,0.7436,-1,-1,-1
883,81,1575.27,596.75,98.84,227.44,0.5793,-1,-1,-1
883,87,893.24,470.01,64.15,207.87,0.6733,-1,-1,-1
883,88,978.86,454.14,66.57,218.64,0.7289,-1,-1,-1
883,92,336.06,331.49,75.82,182.53,0.4045,-1,-1,-1
883,93,426.99,319.77,62.06,188.15,0.5491,-1,-1,-1
883,104,1358.61,948.62,97.67,130.60,0.7892,-1,-1,-1
883,108,1762.71,682.38,73.91,245.44,0.4772,-1,-1,-1
884,4,1722.36,457.70,74.87,207.81,0.6227,-1,-1,-1
884,73,287.01,648.43,85.94,243.67,0.7820,-1,-1,-1
884,80,905.79,938.18,81.65,141.86,0.7344,-1,-1,-1
884,81,1576.22,598.14,98.38,226.39,0.5569,-1,-1,-1
884,87,892.33,467.23,62.34,218.69,0.6515,-1,-1,-1
884,88,976.05,451.67,67.45,219.48,0.6880,-1,-1,-1
884,92,332.92,334.67,77.92,179.66,0.3968,-1,-1,-1
884,93,427.96,319.64,59.85,191.17,0.5487,-1,-1,-1
884,104,1356.97,943.41,95.90,135.35,0.7980,-1,-1,-1
884,108,1761.66,682.78,73.33,228.53,0.5460,-1,-1,-1
885,4,1722.06,457.82,75.55,207.07,0.6059,-1,-1,-1
885,73,287.10,649.95,85.68,244.57,0.7684,-1,-1,-1
885,80,907.19,937.39,80.64,142.59,0.7219,-1,-1,-1
885,81,1574.72,599.52,99.68,224.98,0.5473,-1,-1,-1
885,87,892.02,464.64,62.23,220.89,0.6926,-1,-1,-1
885,88,974.05,449.19,68.96,219.80,0.7030,-1,-1,-1
885,92,336.69,332.41,74.46,181.60,0.3670,-1,-1,-1
885,93,427.72,319.36,60.43,196.32,0.5348,-1,-1,-1
885,104,1357.30,939.16,93.92,140.80,0.8063,-1,-1,-1
885,108,1759.26,684.07,76.06,221.48,0.5184,-1,-1,-1
886,4,1721.64,457.51,75.20,207.59,0.6146,-1,-1,-1
886,73,288.35,652.22,84.44,246.48,0.7485,-1,-1,-1
886,80,906.63,936.73,81.60,143.26,0.7282,-1,-1,-1
886,81,1575.32,598.21,100.84,226.38,0.5655,-1,-1,-1
886,87,891.48,460.78,62.59,220.17,0.6867,-1,-1,-1
886,88,970.35,446.20,71.91,222.67,0.7012,-1,-1,-1
886,92,332.70,335.54,78.64,178.59,0.3754,-1,-1,-1
886,93,427.59,320.59,59.09,198.16,0.4824,-1,-1,-1
886,104,1356.21,935.16,92.68,144.47,0.8078,-1,-1,-1
886,108,1757.93,684.93,79.05,224.43,0.4775,-1,-1,-1
887,4,1721.73,457.03,75.25,207.92,0.6179,-1,-1,-1
887,73,288.68,654.24,83.55,246.95,0.7589,-1,-1,-1
887,80,908.23,937.32,80.99,142.70,0.7181,-1,-1,-1
887,81,1575.03,599.67,100.34,224.76,0.5513,-1,-1,-1
887,87,890.78,462.16,62.94,214.37,0.7275,-1,-1,-1
887,88,970.25,444.81,72.08,224.18,0.7185,-1,-1,-1
887,92,329.68,337.18,80.06,176.51,0.3580,-1,-1,-1
887,93,426.37,323.46,61.72,199.48,0.4811,-1,-1,-1
887,104,1353.94,931.17,95.39,146.56,0.7671,-1,-1,-1
887,108,1758.35,684.60,75.50,223.01,0.5129,-1,-1,-1
888,4,1720.69,458.27,76.46,206.63,0.6291,-1,-1,-1
888,73,290.10,655.83,82.13,248.50,0.7449,-1,-1,-1
888,80,908.67,937.04,80.17,142.95,0.7099,-1,-1,-1
888,81,1575.53,599.22,100.88,225.78,0.5528,-1,-1,-1
888,87,890.84,457.97,63.14,221.21,0.7333,-1,-1,-1
888,88,969.01,444.34,74.06,223.09,0.7358,-1,-1,-1
888,92,329.61,338.41,78.82,175.20,0.4272,-1,-1,-1
888,93,427.05,326.13,61.14,199.83,0.5073,-1,-1,-1
888,98,470.14,160.26,68.77,199.96,0.3339,-1,-1,-1
888,104,1354.12,930.25,93.50,149.74,0.7715,-1,-1,-1
888,108,1756.46,685.53,77.41,223.76,0.5530,-1,-1,-1
889,4,1720.44,456.89,77.41,208.27,0.6432,-1,-1,-1
889,73,291.89,658.91,80.14,247.32,0.7296,-1,-1,-1
889,80,909.67,937.57,80.38,142.45,0.7270,-1,-1,-1
889,81,1575.55,599.65,98.66,224.77,0.5393,-1,-1,-1
889,87,890.69,456.54,62.81,222.21,0.7348,-1,-1,-1
889,88,968.17,443.89,75.80,224.50,0.7419,-1,-1,-1
889,92,330.97,339.95,76.76,173.14,0.4200,-1,-1,-1
889,93,427.36,324.39,60.49,199.86,0.5059,-1,-1,-1
889,98,467.90,162.22,70.28,199.13,0.3036,-1,-1,-1
889,104,1349.95,926.05,97.80,153.49,0.7713,-1,-1,-1
889,105,1101.44,0.77,59.26,160.60,0.3400,-1,-1,-1
889,108,1757.51,683.84,76.61,229.29,0.5115,-1,-1,-1
890,4,1720.03,456.44,78.33,209.81,0.6655,-1,-1,-1
890,73,291.62,659.74,80.72,251.01,0.7122,-1,-1,-1
890,80,911.59,937.31,78.07,142.69,0.7379,-1,-1,-1
890,81,1575.05,599.84,99.38,225.01,0.5307,-1,-1,-1
890,87,890.11,457.27,62.38,218.88,0.7160,-1,-1,-1
890,88,965.80,443.50,77.16,224.86,0.7270,-1,-1,-1
890,92,333.66,341.58,72.19,171.11,0.4889,-1,-1,-1
890,93,423.54,329.10,62.77,201.15,0.5098,-1,-1,-1
890,98,466.03,162.92,72.37,199.13,0.3469,-1,-1,-1
890,104,1346.49,925.44,99.25,154.61,0.7562,-1,-1,-1
890,105,1101.59,4.58,60.36,156.52,0.3590,-1,-1,-1
890,108,1755.61,683.20,77.82,236.12,0.4972,-1,-1,-1
891,4,1721.45,456.97,75.70,209.02,0.6459,-1,-1,-1
891,73,293.78,662.17,79.09,252.55,0.7013,-1,-1,-1
891,80,910.73,937.80,79.02,142.21,0.7346,-1,-1,-1
891,81,1576.12,597.25,99.06,227.31,0.5409,-1,-1,-1
891,87,889.36,455.35,62.37,218.94,0.7332,-1,-1,-1
891,88,963.22,443.59,81.78,225.96,0.7231,-1,-1,-1
891,92,338.26,340.46,66.56,173.38,0.4810,-1,-1,-1
891,93,422.71,329.60,63.32,201.26,0.5166,-1,-1,-1
891,98,469.72,165.38,68.70,195.81,0.3702,-1,-1,-1
891,104,1345.51,926.20,99.50,153.87,0.7917,-1,-1,-1
891,105,1102.86,5.39,60.17,156.48,0.3887,-1,-1,-1
891,108,1753.95,683.03,79.38,236.76,0.5382,-1,-1,-1
892,4,1720.86,456.52,76.91,209.17,0.6460,-1,-1,-1
892,73,295.08,664.23,78.58,253.53,0.7618,-1,-1,-1
892,80,911.22,937.72,78.00,142.28,0.7293,-1,-1,-1
892,81,1573.71,596.19,100.89,228.47,0.5357,-1,-1,-1
892,87,887.99,456.50,62.69,219.85,0.6966,-1,-1,-1
892,88,961.92,443.76,83.69,226.72,0.7299,-1,-1,-1
892,92,338.54,341.97,65.31,172.27,0.5024,-1,-1,-1
892,93,421.12,331.55,64.72,199.96,0.5441,-1,-1,-1
892,98,469.09,165.62,69.66,197.26,0.4126,-1,-1,-1
892,104,1341.61,924.37,103.96,155.65,0.7785,-1,-1,-1
892,105,1104.73,7.23,58.58,156.11,0.4667,-1,-1,-1
892,108,1753.61,682.17,79.53,235.17,0.5395,-1,-1,-1
893,4,1721.65,457.10,76.23,208.61,0.6381,-1,-1,-1
893,73,297.44,664.27,77.94,255.47,0.7773,-1,-1,-1
893,80,912.66,937.95,77.42,142.06,0.7338,-1,-1,-1
893,81,1574.89,595.34,100.00,229.03,0.5350,-1,-1,-1
893,87,885.57,455.68,63.30,219.30,0.7198,-1,-1,-1
893,88,961.65,442.08,83.76,226.84,0.7441,-1,-1,-1
893,92,339.24,345.12,66.19,171.22,0.5254,-1,-1,-1
893,93,421.98,333.54,64.53,197.09,0.5463,-1,-1,-1
893,98,477.84,171.45,60.88,190.99,0.4137,-1,-1,-1
893,104,1337.98,921.04,106.49,158.95,0.7811,-1,-1,-1
893,105,1104.58,8.35,59.53,156.40,0.3932,-1,-1,-1
893,108,1752.62,681.90,81.33,237.66,0.5607,-1,-1,-1
894,4,1720.22,457.29,77.61,208.22,0.6380,-1,-1,-1
894,73,297.40,666.59,79.09,254.74,0.7552,-1,-1,-1
894,80,913.16,937.95,75.94,142.05,0.7383,-1,-1,-1
894,81,1573.66,593.09,101.29,231.81,0.5022,-1,-1,-1
894,87,885.81,455.71,62.29,218.65,0.6970,-1,-1,-1
894,88,961.62,441.27,84.40,226.79,0.7484,-1,-1,-1
894,92,340.89,345.47,65.10,172.95,0.4429,-1,-1,-1
894,93,420.63,333.23,65.52,198.15,0.5133,-1,-1,-1
894,98,471.10,169.31,68.29,192.04,0.4284,-1,-1,-1
894,104,1334.69,917.37,106.38,162.61,0.7872,-1,-1,-1
894,108,1751.73,680.48,82.77,242.47,0.5689,-1,-1,-1
895,4,1720.12,456.77,77.33,208.72,0.6311,-1,-1,-1
895,73,298.00,667.98,79.79,253.00,0.7256,-1,-1,-1
895,80,913.27,938.33,76.70,141.69,0.7412,-1,-1,-1
895,81,1573.01,596.04,101.58,228.91,0.5251,-1,-1,-1
895,87,883.60,455.42,62.23,218.78,0.7143,-1,-1,-1
895,88,962.31,441.01,84.19,225.86,0.7439,-1,-1,-1
895,92,340.39,346.07,63.87,178.71,0.4966,-1,-1,-1
895,93,420.08,333.32,65.06,197.92,0.5186,-1,-1,-1
895,98,475.27,170.79,64.86,191.35,0.4871,-1,-1,-1
895,104,1331.88,917.18,106.23,162.87,0.7862,-1,-1,-1
895,105,1106.26,13.20,59.19,154.34,0.3730,-1,-1,-1
895,108,1751.12,681.51,82.96,238.59,0.5809,-1,-1,-1
896,4,1719.63,457.28,77.58,208.57,0.6312,-1,-1,-1
896,73,298.64,667.98,81.77,252.01,0.7384,-1,-1,-1
896,80,913.29,938.66,75.33,141.35,0.7137,-1,-1,-1
896,81,1572.92,597.72,101.48,227.13,0.5779,-1,-1,-1
896,87,884.81,455.59,60.34,216.02,0.6947,-1,-1,-1
896,88,962.03,438.73,84.31,226.44,0.7393,-1,-1,-1
896,92,339.89,346.68,64.27,178.96,0.5130,-1,-1,-1
896,93,420.30,333.60,64.70,197.57,0.5075,-1,-1,-1
896,98,474.43,170.14,66.54,191.52,0.4864,-1,-1,-1
896,104,1332.54,913.45,101.97,166.52,0.7730,-1,-1,-1
896,105,1107.54,15.60,58.55,152.34,0.4135,-1,-1,-1
896,108,1749.99,682.05,84.17,238.83,0.5840,-1,-1,-1
897,4,1719.82,457.09,77.53,207.62,0.6423,-1,-1,-1
897,73,297.75,668.64,86.03,253.35,0.7482,-1,-1,-1
897,80,913.06,939.05,76.09,140.96,0.7348,-1,-1,-1
897,81,1573.39,598.59,100.84,226.16,0.5733,-1,-1,-1
897,87,882.57,452.06,62.44,219.47,0.7089,-1,-1,-1
897,88,963.26,435.94,82.08,227.29,0.7409,-1,-1,-1
897,92,339.78,349.14,65.57,180.40,0.4860,-1,-1,-1
897,93,419.59,335.04,65.79,195.04,0.4868,-1,-1,-1
897,98,469.96,170.43,70.16,192.54,0.4452,-1,-1,-1
897,104,1331.20,908.29,100.37,171.65,0.7780,-1,-1,-1
897,105,1108.05,16.36,57.77,153.21,0.3376,-1,-1,-1
897,108,1750.38,680.45,82.15,238.78,0.5732,-1,-1,-1
898,4,1720.16,457.09,76.93,208.52,0.6436,-1,-1,-1
898,73,297.20,669.91,90.41,251.51,0.7632,-1,-1,-1
898,80,911.52,939.98,75.68,139.96,0.7347,-1,-1,-1
898,81,1574.39,597.06,101.73,227.11,0.5852,-1,-1,-1
898,87,881.20,450.41,62.40,218.69,0.6763,-1,-1,-1
898,88,962.77,433.69,81.08,225.80,0.7275,-1,-1,-1
898,92,339.78,354.54,62.85,179.59,0.4903,-1,-1,-1
898,93,418.58,334.55,65.46,194.64,0.5060,-1,-1,-1
898,98,468.61,171.61,73.60,190.60,0.4349,-1,-1,-1
898,104,1328.98,903.69,99.03,176.27,0.7874,-1,-1,-1
898,105,1108.75,17.21,55.55,152.33,0.3032,-1,-1,-1
898,108,1751.28,680.70,80.64,239.37,0.5421,-1,-1,-1
899,4,1720.45,457.07,75.53,208.99,0.6374,-1,-1,-1
899,73,298.00,670.00,91.48,252.32,0.7687,-1,-1,-1
899,80,912.25,940.99,73.83,138.98,0.7419,-1,-1,-1
899,81,1574.70,600.26,101.51,224.03,0.5777,-1,-1,-1
899,87,879.50,446.66,62.73,212.49,0.6650,-1,-1,-1
899,88,962.42,431.40,80.19,222.47,0.7277,-1,-1,-1
899,92,338.33,356.67,65.74,178.02,0.5336,-1,-1,-1
899,93,418.04,336.11,65.94,193.22,0.5085,-1,-1,-1
899,98,468.63,170.91,74.03,192.45,0.4393,-1,-1,-1
899,104,1328.20,899.49,96.48,180.49,0.7949,-1,-1,-1
899,105,1109.87,17.25,52.98,152.33,0.3595,-1,-1,-1
899,108,1751.21,680.17,79.68,240.43,0.5112,-1,-1,-1
900,4,1720.64,455.84,75.94,209.70,0.6202,-1,-1,-1
900,73,297.90,670.96,95.39,252.26,0.7702,-1,-1,-1
900,80,912.75,942.72,72.42,136.85,0.7257,-1,-1,-1
900,81,1574.82,600.76,100.02,223.47,0.5747,-1,-1,-1
900,87,877.99,445.25,61.70,213.60,0.6724,-1,-1,-1
900,88,962.52,428.18,78.74,222.49,0.7235,-1,-1,-1
900,92,337.21,355.83,65.18,180.66,0.5384,-1,-1,-1
900,93,417.66,336.04,66.07,196.56,0.5179,-1,-1,-1
900,98,468.34,171.30,75.72,190.82,0.4055,-1,-1,-1
900,104,1327.06,895.24,97.44,184.74,0.7994,-1,-1,-1
900,105,1110.66,15.83,51.84,154.76,0.3765,-1,-1,-1
900,108,1752.07,680.95,77.83,238.67,0.5399,-1,-1,-1
901,4,1721.66,457.24,75.75,207.29,0.6041,-1,-1,-1
901,73,297.68,672.63,97.84,249.28,0.7864,-1,-1,-1
901,80,912.91,943.37,71.92,135.85,0.7376,-1,-1,-1
901,81,1575.78,598.87,101.64,225.52,0.5799,-1,-1,-1
901,87,876.43,442.08,63.31,211.05,0.6632,-1,-1,-1
901,88,964.55,424.45,75.22,222.58,0.7155,-1,-1,-1
901,92,334.95,352.40,69.56,181.52,0.4903,-1,-1,-1
901,93,415.52,338.00,67.79,197.40,0.5248,-1,-1,-1
901,98,468.60,172.83,77.65,189.48,0.3449,-1,-1,-1
901,104,1325.11,892.16,97.30,187.84,0.8131,-1,-1,-1
901,105,1110.30,15.33,52.66,157.36,0.3344,-1,-1,-1
901,108,1749.57,682.86,78.28,237.14,0.5601,-1,-1,-1
902,4,1721.50,456.79,75.33,207.99,0.6086,-1,-1,-1
902,73,297.54,675.05,99.29,249.70,0.8126,-1,-1,-1
902,80,913.75,944.35,69.22,134.82,0.7261,-1,-1,-1
902,81,1577.44,598.94,98.96,225.05,0.5816,-1,-1,-1
902,87,874.99,440.28,63.36,210.72,0.6950,-1,-1,-1
902,88,965.94,422.40,72.44,217.83,0.7302,-1,-1,-1
902,92,333.80,352.08,71.85,181.41,0.4250,-1,-1,-1
902,93,418.03,338.31,65.71,201.45,0.5159,-1,-1,-1
902,98,470.15,173.64,76.23,184.82,0.3176,-1,-1,-1
902,104,1323.20,888.96,95.83,191.04,0.8059,-1,-1,-1
902,105,1110.56,16.59,52.20,158.27,0.3087,-1,-1,-1
902,108,1749.88,682.21,78.26,238.67,0.5503,-1,-1,-1
903,4,1720.76,457.45,75.76,208.36,0.5954,-1,-1,-1
903,73,298.15,676.76,98.48,254.37,0.8225,-1,-1,-1
903,80,913.04,945.44,69.59,134.54,0.7349,-1,-1,-1
903,81,1578.39,598.82,97.94,225.56,0.5931,-1,-1,-1
903,87,874.64,438.24,63.09,210.77,0.6913,-1,-1,-1
903,88,966.71,420.97,70.15,217.55,0.7164,-1,-1,-1
903,92,332.07,351.56,73.57,181.95,0.3674,-1,-1,-1
903,93,415.73,340.85,67.85,202.28,0.5509,-1,-1,-1
903,98,470.70,174.15,75.80,182.76,0.3102,-1,-1,-1
903,104,1320.92,884.82,96.23,195.15,0.7813,-1,-1,-1
903,105,1110.96,17.89,52.22,159.47,0.3007,-1,-1,-1
903,108,1751.40,680.53,78.51,241.81,0.5653,-1,-1,-1
904,4,1722.37,457.14,74.54,207.53,0.6277,-1,-1,-1
904,73,299.06,678.92,97.53,254.05,0.8373,-1,-1,-1
904,80,913.76,946.39,68.46,133.62,0.7205,-1,-1,-1
904,81,1576.97,599.36,99.31,224.66,0.5478,-1,-1,-1
904,87,873.89,437.18,63.42,214.48,0.7103,-1,-1,-1
904,88,967.22,420.59,68.98,217.12,0.7099,-1,-1,-1
904,92,326.02,353.23,78.70,180.00,0.3807,-1,-1,-1
904,93,419.59,343.89,64.14,202.60,0.4948,-1,-1,-1
904,98,471.06,174.10,68.44,188.87,0.3138,-1,-1,-1
904,104,1318.32,880.90,94.85,199.09,0.7713,-1,-1,-1
904,105,1110.93,19.72,53.49,158.76,0.3788,-1,-1,-1
904,108,1751.62,682.26,80.22,240.45,0.5874,-1,-1,-1
905,4,1722.15,456.79,74.73,208.17,0.6410,-1,-1,-1
905,73,300.97,680.55,96.21,259.16,0.8371,-1,-1,-1
905,80,913.09,947.62,68.97,132.40,0.7273,-1,-1,-1
905,81,1576.78,598.55,99.41,225.98,0.5770,-1,-1,-1
905,87,874.41,435.15,61.46,213.58,0.7178,-1,-1,-1
905,88,966.36,418.82,70.12,219.12,0.7306,-1,-1,-1
905,92,347.47,354.72,55.12,179.11,0.4184,-1,-1,-1
905,93,418.09,348.61,64.36,199.58,0.4796,-1,-1,-1
905,104,1316.50,878.01,94.67,200.67,0.7484,-1,-1,-1
905,105,1110.91,21.23,54.39,159.77,0.3494,-1,-1,-1
905,108,1752.95,682.78,78.60,243.83,0.5765,-1,-1,-1
906,4,1721.03,456.63,75.01,209.03,0.6349,-1,-1,-1
906,73,303.31,682.66,93.99,261.37,0.8410,-1,-1,-1
906,80,912.79,949.40,69.03,130.64,0.7254,-1,-1,-1
906,81,1578.22,599.00,98.39,225.35,0.5948,-1,-1,-1
906,87,873.09,434.96,61.22,214.75,0.7390,-1,-1,-1
906,88,966.27,418.07,69.04,217.84,0.7332,-1,-1,-1
906,92,349.86,354.01,52.72,180.78,0.4328,-1,-1,-1
906,93,414.86,348.97,65.61,201.56,0.5890,-1,-1,-1
906,98,470.16,170.56,69.15,200.13,0.3102,-1,-1,-1
906,104,1315.44,876.50,92.20,202.62,0.7588,-1,-1,-1
906,105,1109.82,22.56,56.07,159.67,0.3367,-1,-1,-1
906,108,1752.62,682.75,79.64,239.20,0.6099,-1,-1,-1
907,4,1721.15,457.32,75.04,207.69,0.6204,-1,-1,-1
907,73,305.34,685.12,91.55,255.48,0.8387,-1,-1,-1
907,80,908.50,949.12,73.80,130.85,0.7461,-1,-1,-1
907,81,1580.22,599.33,95.77,224.73,0.5618,-1,-1,-1
907,87,871.74,432.80,62.87,215.03,0.7310,-1,-1,-1
907,88,966.78,417.99,69.16,220.23,0.6837,-1,-1,-1
907,92,348.24,358.83,53.20,176.62,0.4178,-1,-1,-1
907,93,413.27,344.81,69.97,206.82,0.5855,-1,-1,-1
907,98,468.48,169.85,72.21,202.70,0.3330,-1,-1,-1
907,104,1312.98,876.98,94.39,203.09,0.7326,-1,-1,-1
907,105,1108.52,24.75,58.74,160.24,0.3284,-1,-1,-1
907,108,1753.45,683.06,79.63,240.56,0.6241,-1,-1,-1
908,4,1721.74,457.48,74.36,206.77,0.6251,-1,-1,-1
908,73,307.39,687.74,89.79,257.35,0.8392,-1,-1,-1
908,80,910.74,950.93,71.51,129.10,0.7265,-1,-1,-1
908,81,1577.09,598.18,97.91,226.45,0.6045,-1,-1,-1
908,87,871.02,432.31,62.40,218.76,0.7242,-1,-1,-1
908,88,966.80,417.80,67.43,219.79,0.7236,-1,-1,-1
908,92,322.51,355.90,79.29,178.30,0.4353,-1,-1,-1
908,93,412.81,346.14,70.09,206.83,0.5887,-1,-1,-1
908,98,468.72,171.83,72.28,205.84,0.3509,-1,-1,-1
908,104,1309.63,876.43,95.75,203.63,0.7337,-1,-1,-1
908,108,1755.10,684.19,78.65,240.76,0.6293,-1,-1,-1
909,4,1721.95,457.07,73.23,207.26,0.6058,-1,-1,-1
909,73,307.89,689.94,89.55,260.11,0.8418,-1,-1,-1
909,80,908.26,950.17,73.35,129.79,0.7385,-1,-1,-1
909,81,1579.14,597.27,95.90,226.76,0.5938,-1,-1,-1
909,87,870.72,432.05,61.84,219.29,0.7265,-1,-1,-1
909,88,966.38,417.35,67.25,223.16,0.7148,-1,-1,-1
909,92,322.52,358.76,76.89,179.39,0.5402,-1,-1,-1
909,93,415.30,354.71,63.74,198.41,0.5981,-1,-1,-1
909,104,1308.30,874.42,93.50,205.60,0.7357,-1,-1,-1
909,108,1755.43,684.29,78.83,238.85,0.6273,-1,-1,-1
910,4,1721.90,456.60,74.31,208.75,0.6295,-1,-1,-1
910,73,307.70,692.02,89.78,262.66,0.8392,-1,-1,-1
910,80,907.59,951.08,74.70,128.93,0.7346,-1,-1,-1
910,81,1574.47,598.34,101.24,226.05,0.5756,-1,-1,-1
910,87,870.51,431.47,62.60,219.38,0.7137,-1,-1,-1
910,88,964.37,417.25,68.84,222.63,0.7156,-1,-1,-1
910,92,322.21,358.53,78.20,183.52,0.5749,-1,-1,-1
910,93,413.70,350.81,65.96,201.12,0.6177,-1,-1,-1
910,98,468.11,177.20,88.55,197.96,0.3873,-1,-1,-1
910,104,1307.34,872.39,92.29,207.62,0.7560,-1,-1,-1
910,108,1756.77,683.43,77.06,239.98,0.6106,-1,-1,-1
911,4,1721.22,457.58,76.60,206.88,0.6299,-1,-1,-1
911,73,307.68,693.70,89.04,261.97,0.8371,-1,-1,-1
911,80,907.98,951.67,74.14,128.33,0.7431,-1,-1,-1
911,81,1574.78,599.21,100.54,225.21,0.5516,-1,-1,-1
911,87,870.00,430.57,62.45,220.52,0.7109,-1,-1,-1
911,88,965.41,415.88,67.13,223.72,0.7071,-1,-1,-1
911,92,324.03,364.11,77.06,181.96,0.5645,-1,-1,-1
911,93,415.01,356.22,62.07,196.61,0.6227,-1,-1,-1
911,98,469.80,177.97,81.46,199.95,0.3046,-1,-1,-1
911,104,1304.97,869.38,90.69,210.61,0.7712,-1,-1,-1
911,108,1757.26,683.52,76.80,240.04,0.6090,-1,-1,-1
912,4,1721.82,456.54,75.45,207.65,0.6292,-1,-1,-1
912,73,307.92,695.23,88.32,263.30,0.8344,-1,-1,-1
912,80,909.44,953.07,73.25,126.95,0.7405,-1,-1,-1
912,81,1573.76,597.72,101.61,226.42,0.5379,-1,-1,-1
912,87,869.76,429.14,62.59,218.49,0.6912,-1,-1,-1
912,88,964.22,414.94,66.79,220.23,0.7015,-1,-1,-1
912,92,325.27,366.91,74.49,181.26,0.5709,-1,-1,-1
912,93,413.04,352.41,63.86,201.23,0.6221,-1,-1,-1
912,104,1303.16,866.44,90.58,213.52,0.7657,-1,-1,-1
912,108,1757.84,683.60,76.60,240.69,0.6181,-1,-1,-1
913,4,1721.54,455.96,75.70,208.37,0.5954,-1,-1,-1
913,73,307.65,696.21,87.94,261.81,0.8276,-1,-1,-1
913,80,909.44,952.79,72.92,127.19,0.7404,-1,-1,-1
913,81,1575.83,598.49,98.90,225.84,0.5480,-1,-1,-1
913,87,868.75,426.53,63.22,221.97,0.7050,-1,-1,-1
913,88,962.90,412.47,67.03,217.77,0.6853,-1,-1,-1
913,92,327.21,367.73,74.55,182.92,0.5165,-1,-1,-1
913,93,411.94,351.84,65.71,201.91,0.6023,-1,-1,-1
913,101,808.25,137.71,56.64,173.38,0.3024,-1,-1,-1
913,104,1302.10,861.11,89.58,218.84,0.7718,-1,-1,-1
913,108,1757.70,681.79,77.27,242.07,0.6183,-1,-1,-1
914,4,1722.70,456.08,74.19,208.32,0.6207,-1,-1,-1
914,73,307.58,696.66,88.06,261.07,0.8217,-1,-1,-1
914,80,908.17,953.17,74.59,126.82,0.7461,-1,-1,-1
914,81,1573.96,597.67,102.01,226.34,0.4653,-1,-1,-1
914,87,868.12,425.81,62.02,217.40,0.6768,-1,-1,-1
914,88,961.57,410.03,66.85,212.52,0.6980,-1,-1,-1
914,92,327.60,366.93,74.48,185.21,0.5374,-1,-1,-1
914,93,412.08,355.42,64.63,197.66,0.5553,-1,-1,-1
914,104,1298.88,857.21,91.01,222.76,0.7723,-1,-1,-1
914,108,1759.00,680.50,76.17,244.21,0.5934,-1,-1,-1
914,109,1719.41,93.33,52.16,165.20,0.3673,-1,-1,-1
915,4,1722.32,456.62,73.23,207.40,0.6137,-1,-1,-1
915,73,307.47,697.74,87.53,260.07,0.8161,-1,-1,-1
915,80,907.19,953.67,75.18,126.33,0.7473,-1,-1,-1
915,81,1574.24,598.71,100.85,225.71,0.5319,-1,-1,-1
915,87,867.81,421.42,61.06,205.13,0.6628,-1,-1,-1
915,88,960.68,408.42,65.74,209.63,0.7020,-1,-1,-1
915,92,329.44,368.66,72.01,185.33,0.5386,-1,-1,-1
915,93,411.35,355.48,65.12,197.03,0.5397,-1,-1,-1
915,101,809.69,137.44,55.06,171.99,0.3105,-1,-1,-1
915,104,1298.50,853.46,92.18,226.53,0.7733,-1,-1,-1
915,108,1758.23,677.64,76.09,246.15,0.5837,-1,-1,-1
915,109,1721.71,92.81,49.30,165.28,0.3627,-1,-1,-1
916,4,1721.88,456.14,74.40,208.09,0.6024,-1,-1,-1
916,73,307.02,699.42,87.18,258.24,0.7994,-1,-1,-1
916,80,906.95,953.78,75.51,126.21,0.7441,-1,-1,-1
916,81,1573.56,600.02,100.23,223.89,0.5466,-1,-1,-1
916,87,868.01,420.06,60.21,206.50,0.6704,-1,-1,-1
916,88,959.23,406.46,64.96,206.98,0.7080,-1,-1,-1
916,92,328.42,371.21,71.21,183.73,0.5296,-1,-1,-1
916,93,406.80,347.92,70.34,204.70,0.5000,-1,-1,-1
916,98,466.28,181.67,70.01,194.49,0.3009,-1,-1,-1
916,101,806.53,138.06,58.76,175.97,0.3082,-1,-1,-1
916,104,1295.97,849.70,93.20,230.28,0.7699,-1,-1,-1
916,108,1757.52,676.73,76.16,251.68,0.5582,-1,-1,-1
916,109,1724.56,92.37,46.41,165.40,0.4353,-1,-1,-1
917,4,1721.23,456.48,74.13,207.91,0.6349,-1,-1,-1
917,73,306.58,701.95,86.71,255.88,0.8083,-1,-1,-1
917,80,906.64,953.69,75.60,126.29,0.7449,-1,-1,-1
917,81,1573.77,599.73,100.89,224.27,0.4553,-1,-1,-1
917,87,867.55,416.03,59.64,212.11,0.6913,-1,-1,-1
917,88,957.67,403.89,64.55,208.78,0.7380,-1,-1,-1
917,92,328.03,371.28,72.28,183.72,0.5522,-1,-1,-1
917,93,410.22,354.77,64.22,197.93,0.5348,-1,-1,-1
917,98,462.18,183.04,69.03,195.96,0.4035,-1,-1,-1
917,101,807.00,137.42,58.16,175.98,0.3114,-1,-1,-1
917,104,1294.69,845.17,94.52,234.80,0.7741,-1,-1,-1
917,105,1117.16,33.84,56.79,164.46,0.3196,-1,-1,-1
917,108,1758.35,675.56,76.43,251.62,0.5495,-1,-1,-1
917,109,1725.47,94.01,45.22,163.12,0.4411,-1,-1,-1
918,4,1721.72,455.71,73.49,209.23,0.6127,-1,-1,-1
918,73,306.72,702.47,86.14,254.11,0.7995,-1,-1,-1
918,80,906.91,954.53,75.44,125.48,0.7494,-1,-1,-1
918,81,1574.44,600.76,99.55,223.44,0.5707,-1,-1,-1
918,87,866.76,414.66,59.86,212.39,0.7006,-1,-1,-1
918,88,954.06,400.91,66.26,210.73,0.7144,-1,-1,-1
918,92,328.02,371.38,72.37,183.66,0.5276,-1,-1,-1
918,93,407.87,350.77,69.76,202.67,0.5585,-1,-1,-1
918,98,461.34,181.29,68.17,202.71,0.4237,-1,-1,-1
918,104,1291.04,841.64,94.70,238.35,0.7655,-1,-1,-1
918,105,1117.90,34.48,56.91,166.92,0.3414,-1,-1,-1
918,108,1756.45,674.22,77.43,252.84,0.5498,-1,-1,-1
918,109,1726.94,93.96,43.95,165.67,0.4061,-1,-1,-1
919,4,1721.76,455.52,74.11,210.38,0.6045,-1,-1,-1
919,73,306.96,703.33,86.31,252.36,0.7891,-1,-1,-1
919,80,906.77,954.73,76.24,125.26,0.7420,-1,-1,-1
919,81,1574.61,598.79,99.28,224.85,0.5453,-1,-1,-1
919,87,865.94,413.24,61.46,214.02,0.7213,-1,-1,-1
919,88,952.90,398.73,67.61,212.89,0.7158,-1,-1,-1
919,92,326.34,373.25,74.12,182.11,0.4926,-1,-1,-1
919,93,406.71,351.74,70.86,206.41,0.5698,-1,-1,-1
919,98,457.74,183.64,71.83,204.79,0.4636,-1,-1,-1
919,104,1290.72,839.08,95.16,240.93,0.7649,-1,-1,-1
919,105,1119.58,35.18,58.65,165.86,0.3068,-1,-1,-1
919,108,1759.13,676.90,75.15,251.14,0.5599,-1,-1,-1
919,109,1726.50,95.28,44.60,166.06,0.3185,-1,-1,-1
920,4,1720.58,455.90,75.35,209.10,0.6091,-1,-1,-1
920,73,306.32,705.48,88.12,253.73,0.7924,-1,-1,-1
920,80,906.39,955.59,76.45,124.42,0.7421,-1,-1,-1
920,81,1575.37,599.76,98.39,224.16,0.5444,-1,-1,-1
920,87,866.16,408.29,60.93,214.32,0.7461,-1,-1,-1
920,88,950.95,396.32,68.77,215.57,0.7451,-1,-1,-1
920,92,327.86,373.70,73.87,182.21,0.4568,-1,-1,-1
920,93,408.19,354.16,68.02,205.77,0.5473,-1,-1,-1
920,98,458.09,184.96,71.15,205.22,0.3805,-1,-1,-1
920,104,1287.60,835.62,95.79,244.38,0.7746,-1,-1,-1
920,105,1119.40,35.67,59.60,167.26,0.3688,-1,-1,-1
920,108,1759.42,678.54,75.82,250.70,0.5536,-1,-1,-1
921,4,1720.97,455.38,75.01,210.51,0.6016,-1,-1,-1
921,73,306.47,706.80,87.41,254.39,0.7887,-1,-1,-1
921,80,906.21,954.98,75.26,124.87,0.7194,-1,-1,-1
921,81,1574.61,601.15,100.00,223.05,0.5405,-1,-1,-1
921,87,865.82,407.88,61.12,217.20,0.7614,-1,-1,-1
921,88,947.84,394.95,72.56,217.02,0.7422,-1,-1,-1
921,92,327.30,373.76,73.96,181.41,0.4750,-1,-1,-1
921,93,406.94,356.02,68.91,207.43,0.5531,-1,-1,-1
921,98,458.48,185.94,69.78,208.44,0.3454,-1,-1,-1
921,104,1288.04,833.88,93.22,246.15,0.7704,-1,-1,-1
921,105,1120.46,38.07,59.29,167.25,0.3983,-1,-1,-1
921,108,1759.30,678.77,76.00,250.15,0.5602,-1,-1,-1
922,4,1720.62,455.35,74.77,209.72,0.6096,-1,-1,-1
922,73,306.60,708.43,87.26,257.80,0.7727,-1,-1,-1
922,80,905.60,955.12,76.41,124.87,0.7308,-1,-1,-1
922,81,1575.80,599.74,98.33,223.95,0.4995,-1,-1,-1
922,87,866.03,407.27,60.33,216.42,0.7642,-1,-1,-1
922,88,946.80,393.59,73.58,218.18,0.7357,-1,-1,-1
922,92,325.69,374.32,76.77,181.27,0.4937,-1,-1,-1
922,93,405.80,359.02,68.74,205.06,0.5435,-1,-1,-1
922,98,456.83,189.77,72.01,203.40,0.4118,-1,-1,-1
922,101,806.96,136.22,57.80,177.18,0.3108,-1,-1,-1
922,104,1285.56,832.03,93.35,247.64,0.7846,-1,-1,-1
922,105,1121.27,41.23,59.28,164.69,0.4620,-1,-1,-1
922,108,1759.51,677.52,75.79,250.91,0.5394,-1,-1,-1
923,4,1719.63,455.96,75.76,209.99,0.6228,-1,-1,-1
923,73,306.66,710.19,87.11,258.44,0.7699,-1,-1,-1
923,80,906.15,955.62,76.80,124.38,0.7329,-1,-1,-1
923,81,1573.47,598.51,101.61,225.48,0.5154,-1,-1,-1
923,87,865.95,406.87,59.57,217.60,0.7654,-1,-1,-1
923,88,945.49,393.06,76.29,219.91,0.7378,-1,-1,-1
923,92,327.10,374.58,73.83,181.17,0.4722,-1,-1,-1
923,93,405.04,360.84,68.88,205.04,0.5237,-1,-1,-1
923,98,454.42,191.91,73.83,199.97,0.4592,-1,-1,-1
923,104,1285.12,830.33,93.25,249.44,0.7879,-1,-1,-1
923,105,1122.05,42.13,58.73,167.71,0.4181,-1,-1,-1
923,108,1759.02,677.64,74.22,250.03,0.5803,-1,-1,-1
924,4,1719.12,455.52,77.10,209.82,0.6282,-1,-1,-1
924,73,307.25,711.73,86.02,262.39,0.7529,-1,-1,-1
924,80,906.18,955.76,76.68,124.23,0.7355,-1,-1,-1
924,81,1574.41,598.58,99.87,225.61,0.4710,-1,-1,-1
924,87,865.61,406.46,60.09,215.28,0.7511,-1,-1,-1
924,88,943.74,392.25,79.00,221.97,0.7565,-1,-1,-1
924,92,328.58,376.25,71.12,180.15,0.5065,-1,-1,-1
924,93,403.54,362.27,71.27,208.95,0.5492,-1,-1,-1
924,98,456.67,193.98,71.39,198.68,0.4403,-1,-1,-1
924,101,806.22,137.19,58.37,175.73,0.3319,-1,-1,-1
924,104,1282.48,829.67,95.47,248.22,0.7903,-1,-1,-1
924,105,1123.05,44.68,58.91,164.92,0.4018,-1,-1,-1
924,108,1755.54,675.27,75.99,248.77,0.5564,-1,-1,-1
924,109,1728.47,98.84,49.88,179.11,0.3200,-1,-1,-1
925,4,1718.55,455.34,76.99,210.52,0.6068,-1,-1,-1
925,73,308.07,714.65,85.29,261.49,0.7439,-1,-1,-1
925,80,906.51,954.80,75.53,125.16,0.7232,-1,-1,-1
925,81,1577.42,598.19,95.53,228.18,0.3547,-1,-1,-1
925,87,864.64,406.33,60.78,215.33,0.7587,-1,-1,-1
925,88,942.31,392.27,79.11,221.95,0.7581,-1,-1,-1
925,92,328.16,377.30,70.41,180.24,0.5646,-1,-1,-1
925,93,401.79,363.48,71.61,211.58,0.5781,-1,-1,-1
925,98,455.64,196.09,72.75,198.93,0.3688,-1,-1,-1
925,104,1279.76,829.44,97.39,247.33,0.7777,-1,-1,-1
925,105,1122.66,46.54,58.39,163.29,0.4262,-1,-1,-1
925,108,1755.87,676.53,76.77,248.21,0.5362,-1,-1,-1
925,110,1616.46,74.67,49.57,160.06,0.3157,-1,-1,-1
926,4,1719.14,456.02,76.65,209.46,0.5818,-1,-1,-1
926,73,308.17,717.68,86.67,261.15,0.7456,-1,-1,-1
926,80,907.09,955.38,76.81,124.63,0.7308,-1,-1,-1
926,81,1577.82,598.32,94.65,228.63,0.3218,-1,-1,-1
926,87,864.24,405.85,60.60,215.35,0.7062,-1,-1,-1
926,88,940.49,392.12,81.04,221.94,0.7612,-1,-1,-1
926,92,329.15,379.24,68.98,180.21,0.5363,-1,-1,-1
926,93,400.29,363.59,73.16,212.55,0.5019,-1,-1,-1
926,98,455.23,199.85,72.36,200.29,0.4080,-1,-1,-1
926,101,806.21,136.81,58.14,176.08,0.3227,-1,-1,-1
926,104,1279.69,827.55,93.34,250.70,0.7914,-1,-1,-1
926,105,1123.59,46.73,58.71,164.33,0.4184,-1,-1,-1
926,108,1756.69,677.29,77.13,250.11,0.5899,-1,-1,-1
927,4,1719.10,456.12,76.42,209.27,0.6106,-1,-1,-1
927,73,308.85,720.64,85.89,264.12,0.7486,-1,-1,-1
927,80,907.42,954.87,74.92,125.11,0.7388,-1,-1,-1
927,81,1573.68,597.57,100.73,226.67,0.4304,-1,-1,-1
927,87,863.45,405.06,60.72,213.59,0.7407,-1,-1,-1
927,88,940.56,391.28,81.03,220.38,0.7728,-1,-1,-1
927,92,329.72,382.95,67.30,181.02,0.5717,-1,-1,-1
927,93,401.52,364.84,71.37,211.86,0.4959,-1,-1,-1
927,98,456.16,201.62,71.22,200.42,0.3876,-1,-1,-1
927,101,806.36,137.04,57.81,175.43,0.3414,-1,-1,-1
927,104,1276.49,825.49,94.06,252.28,0.8029,-1,-1,-1
927,105,1124.66,47.18,57.56,164.10,0.4170,-1,-1,-1
927,108,1757.07,676.88,77.25,253.06,0.5866,-1,-1,-1
927,110,1617.26,75.24,50.95,161.67,0.3160,-1,-1,-1
928,4,1718.75,456.33,76.41,208.83,0.6035,-1,-1,-1
928,73,311.77,725.66,83.41,264.18,0.7730,-1,-1,-1
928,80,906.82,954.70,76.10,125.29,0.7216,-1,-1,-1
928,81,1578.97,598.24,94.10,228.37,0.4127,-1,-1,-1
928,87,862.63,404.25,61.02,214.62,0.7358,-1,-1,-1
928,88,941.28,389.97,80.01,220.87,0.7679,-1,-1,-1
928,92,329.82,384.52,67.55,184.76,0.5213,-1,-1,-1
928,93,399.31,363.67,73.33,212.41,0.5134,-1,-1,-1
928,98,456.57,204.17,69.37,198.66,0.3633,-1,-1,-1
928,101,804.73,136.95,59.38,175.21,0.3212,-1,-1,-1
928,104,1274.42,822.46,92.45,256.22,0.7777,-1,-1,-1
928,105,1125.53,46.66,57.47,166.42,0.4995,-1,-1,-1
928,108,1756.09,675.74,78.26,253.10,0.5878,-1,-1,-1
929,4,1718.47,456.19,76.55,209.32,0.6083,-1,-1,-1
929,73,312.98,726.93,83.90,265.17,0.7941,-1,-1,-1
929,80,907.37,954.99,76.05,125.02,0.7308,-1,-1,-1
929,81,1580.79,598.62,91.91,227.89,0.3670,-1,-1,-1
929,87,860.79,401.65,62.78,216.59,0.7446,-1,-1,-1
929,88,941.01,388.32,78.92,221.40,0.7691,-1,-1,-1
929,92,329.62,385.69,70.09,187.25,0.5339,-1,-1,-1
929,93,398.40,364.24,74.12,212.01,0.5727,-1,-1,-1
929,98,454.56,204.66,73.79,199.46,0.3309,-1,-1,-1
929,101,807.94,136.89,56.12,176.03,0.3257,-1,-1,-1
929,104,1273.46,817.03,91.29,260.65,0.7778,-1,-1,-1
929,105,1126.17,46.50,56.97,164.32,0.5008,-1,-1,-1
929,108,1755.36,676.70,79.42,251.70,0.5930,-1,-1,-1
929,109,1731.44,101.10,46.17,179.87,0.3091,-1,-1,-1
929,110,1617.75,76.96,53.45,160.09,0.3462,-1,-1,-1
930,4,1719.50,456.37,75.69,209.13,0.5978,-1,-1,-1
930,73,314.11,728.77,83.49,261.20,0.7749,-1,-1,-1
930,80,905.80,954.37,76.53,125.46,0.7200,-1,-1,-1
930,81,1580.90,598.23,91.30,227.93,0.3751,-1,-1,-1
930,87,860.79,399.20,62.85,214.33,0.7166,-1,-1,-1
930,88,940.88,385.79,78.62,222.74,0.7703,-1,-1,-1
930,92,329.50,387.26,71.97,187.93,0.4999,-1,-1,-1
930,93,397.85,364.49,73.19,208.96,0.5128,-1,-1,-1
930,101,807.51,137.29,56.82,175.14,0.3350,-1,-1,-1
930,104,1271.78,813.71,92.22,266.23,0.7960,-1,-1,-1
930,105,1126.15,45.89,56.64,163.70,0.4966,-1,-1,-1
930,108,1751.92,677.20,83.91,251.27,0.5857,-1,-1,-1
930,109,1732.93,105.40,48.09,179.22,0.3694,-1,-1,-1
930,110,1618.32,78.32,53.55,159.19,0.3846,-1,-1,-1
931,4,1719.15,456.30,76.23,208.82,0.5657,-1,-1,-1
931,73,315.52,730.48,83.92,258.32,0.7858,-1,-1,-1
931,80,906.86,955.06,77.32,124.95,0.7315,-1,-1,-1
931,81,1576.02,597.49,97.58,226.64,0.5221,-1,-1,-1
931,87,860.29,399.07,62.14,202.08,0.6988,-1,-1,-1
931,88,941.33,383.67,76.86,220.09,0.7593,-1,-1,-1
931,92,328.94,388.33,71.99,189.36,0.5058,-1,-1,-1
931,93,396.26,367.26,74.44,204.82,0.5001,-1,-1,-1
931,101,807.93,137.49,56.53,173.81,0.3160,-1,-1,-1
931,104,1270.97,809.40,90.69,270.57,0.7848,-1,-1,-1
931,105,1126.11,46.42,56.61,164.08,0.4463,-1,-1,-1
931,108,1750.54,675.59,84.00,252.68,0.6234,-1,-1,-1
931,109,1733.56,106.76,48.12,178.25,0.3076,-1,-1,-1
931,110,1620.62,78.73,51.59,158.36,0.3553,-1,-1,-1
932,4,1720.11,456.00,75.10,209.63,0.5770,-1,-1,-1
932,73,317.38,731.39,83.13,256.11,0.7791,-1,-1,-1
932,80,907.59,954.42,76.53,125.56,0.7309,-1,-1,-1
932,81,1576.65,598.08,96.91,226.11,0.5565,-1,-1,-1
932,87,859.61,396.41,62.25,201.35,0.6500,-1,-1,-1
932,88,942.58,380.96,76.04,217.52,0.7429,-1,-1,-1
932,92,328.86,388.41,71.27,187.76,0.4637,-1,-1,-1
932,93,397.19,365.27,72.87,208.75,0.4779,-1,-1,-1
932,101,808.35,137.02,56.17,175.09,0.3136,-1,-1,-1
932,104,1269.80,804.80,90.73,275.18,0.7910,-1,-1,-1
932,105,1125.67,47.45,58.02,165.69,0.4080,-1,-1,-1
932,108,1749.44,675.48,85.77,252.02,0.6176,-1,-1,-1
932,109,1734.75,107.60,48.20,176.84,0.3084,-1,-1,-1
932,110,1621.09,79.52,50.96,159.17,0.3489,-1,-1,-1
933,4,1720.05,455.89,74.77,209.86,0.5542,-1,-1,-1
933,73,317.66,733.03,84.86,256.97,0.7950,-1,-1,-1
933,80,907.54,954.48,77.16,125.52,0.7420,-1,-1,-1
933,81,1575.06,595.49,99.06,228.71,0.5288,-1,-1,-1
933,87,858.81,394.87,62.60,198.54,0.6493,-1,-1,-1
933,88,941.69,378.67,76.69,213.33,0.7367,-1,-1,-1
933,92,329.23,389.73,69.96,187.26,0.4270,-1,-1,-1
933,93,394.30,366.10,75.25,207.58,0.5206,-1,-1,-1
933,104,1269.57,801.90,89.64,274.85,0.7759,-1,-1,-1
933,105,1126.34,49.66,57.44,165.60,0.3773,-1,-1,-1
933,108,1749.12,674.77,84.36,254.05,0.6321,-1,-1,-1
933,109,1735.12,106.84,50.39,176.72,0.3051,-1,-1,-1
933,110,1622.75,80.82,49.90,159.53,0.3200,-1,-1,-1
934,4,1720.17,455.90,74.55,210.12,0.5780,-1,-1,-1
934,73,318.06,734.18,86.17,256.07,0.8049,-1,-1,-1
934,80,907.59,953.79,77.53,126.19,0.7528,-1,-1,-1
934,81,1576.39,596.01,97.75,228.61,0.5556,-1,-1,-1
934,87,858.18,393.12,63.11,201.81,0.6640,-1,-1,-1
934,88,943.06,376.29,74.56,213.63,0.7236,-1,-1,-1
934,92,330.27,391.27,69.93,186.57,0.3428,-1,-1,-1
934,93,393.35,368.06,75.17,206.36,0.5509,-1,-1,-1
934,101,808.10,137.42,55.84,175.72,0.3119,-1,-1,-1
934,104,1268.47,799.02,89.01,272.60,0.7779,-1,-1,-1
934,105,1127.33,53.17,57.37,162.66,0.3716,-1,-1,-1
934,108,1748.81,675.40,85.57,252.07,0.6114,-1,-1,-1
934,109,1736.57,106.35,50.42,174.49,0.3329,-1,-1,-1
935,4,1720.48,456.35,74.83,209.39,0.5760,-1,-1,-1
935,73,318.43,735.88,89.18,256.28,0.8271,-1,-1,-1
935,80,907.30,953.53,77.52,126.47,0.7413,-1,-1,-1
935,81,1575.83,596.06,98.66,228.96,0.5822,-1,-1,-1
935,87,858.28,390.80,63.06,201.73,0.6732,-1,-1,-1
935,88,944.71,374.03,70.40,210.74,0.7356,-1,-1,-1
935,92,343.07,394.55,58.38,182.52,0.3330,-1,-1,-1
935,93,391.29,369.19,77.67,205.71,0.5375,-1,-1,-1
935,101,808.14,137.25,56.13,175.69,0.3046,-1,-1,-1
935,104,1268.01,796.17,89.46,272.32,0.7687,-1,-1,-1
935,105,1127.53,55.57,57.50,163.61,0.4226,-1,-1,-1
935,108,1749.02,674.42,86.86,255.10,0.6218,-1,-1,-1
935,109,1735.61,108.78,52.14,171.65,0.3071,-1,-1,-1
935,110,1619.76,84.36,55.21,157.49,0.3244,-1,-1,-1
936,4,1721.17,455.84,73.02,208.82,0.5628,-1,-1,-1
936,73,318.75,736.52,90.67,254.43,0.8218,-1,-1,-1
936,80,907.98,951.79,76.57,127.57,0.7264,-1,-1,-1
936,81,1576.83,596.54,98.14,227.59,0.5665,-1,-1,-1
936,87,859.06,389.10,62.24,208.11,0.6700,-1,-1,-1
936,88,944.58,373.92,68.82,210.28,0.7076,-1,-1,-1
936,92,342.33,394.71,59.01,181.09,0.3715,-1,-1,-1
936,93,390.16,368.91,78.54,213.45,0.6009,-1,-1,-1
936,104,1266.95,793.06,90.50,278.10,0.7686,-1,-1,-1
936,105,1126.96,57.56,59.51,164.19,0.4372,-1,-1,-1
936,108,1749.28,674.26,86.46,253.96,0.6010,-1,-1,-1
937,4,1721.49,456.52,72.99,208.93,0.5541,-1,-1,-1
937,73,319.00,737.75,93.58,253.42,0.8364,-1,-1,-1
937,80,908.05,952.52,77.25,127.48,0.7437,-1,-1,-1
937,81,1575.35,595.90,100.03,228.29,0.5395,-1,-1,-1
937,87,858.64,388.59,62.23,209.58,0.6908,-1,-1,-1
937,88,945.00,373.28,67.03,211.09,0.6934,-1,-1,-1
937,92,343.18,394.63,57.63,181.55,0.3773,-1,-1,-1
937,93,389.06,368.96,79.30,218.33,0.6128,-1,-1,-1
937,104,1264.99,790.93,92.01,279.66,0.7770,-1,-1,-1
937,105,1125.96,58.84,60.70,166.63,0.4207,-1,-1,-1
937,108,1749.01,674.14,86.30,255.21,0.6190,-1,-1,-1
938,4,1720.21,456.75,74.45,208.89,0.5754,-1,-1,-1
938,73,319.21,738.28,95.18,255.09,0.8323,-1,-1,-1
938,80,909.54,951.38,75.85,128.59,0.7533,-1,-1,-1
938,81,1576.22,597.06,98.38,227.43,0.5625,-1,-1,-1
938,87,858.12,386.38,62.18,209.68,0.6815,-1,-1,-1
938,88,944.67,370.81,65.43,214.46,0.7006,-1,-1,-1
938,92,343.59,393.73,58.26,182.12,0.3942,-1,-1,-1
938,93,390.13,371.07,78.57,218.29,0.5662,-1,-1,-1
938,104,1263.36,788.33,91.36,283.75,0.7854,-1,-1,-1
938,105,1127.16,60.88,60.47,165.52,0.4436,-1,-1,-1
938,108,1747.85,673.63,87.29,254.85,0.6242,-1,-1,-1
939,4,1721.00,456.51,73.11,209.97,0.5562,-1,-1,-1
939,73,319.72,739.66,94.47,258.49,0.8307,-1,-1,-1
939,80,912.08,950.48,74.69,129.50,0.7238,-1,-1,-1
939,81,1574.91,594.66,98.96,229.57,0.5196,-1,-1,-1
939,87,858.32,386.88,61.77,210.67,0.6654,-1,-1,-1
939,88,944.82,370.10,65.46,214.75,0.6717,-1,-1,-1
939,92,343.63,393.28,57.92,183.21,0.3960,-1,-1,-1
939,93,390.97,379.34,78.29,213.30,0.5987,-1,-1,-1
939,104,1262.66,786.25,90.98,284.79,0.7900,-1,-1,-1
939,105,1126.48,61.95,61.81,166.76,0.4560,-1,-1,-1
939,108,1747.05,675.04,86.02,254.08,0.6275,-1,-1,-1
940,4,1720.78,456.11,73.48,209.96,0.5598,-1,-1,-1
940,73,320.83,740.73,93.23,262.86,0.8254,-1,-1,-1
940,80,912.21,949.31,74.60,130.68,0.7625,-1,-1,-1
940,81,1574.85,595.45,98.84,228.84,0.5340,-1,-1,-1
940,87,859.09,386.73,61.11,210.97,0.6762,-1,-1,-1
940,88,943.60,369.91,66.08,214.83,0.6938,-1,-1,-1
940,92,342.51,393.22,57.99,183.63,0.4060,-1,-1,-1
940,93,391.42,383.15,76.10,210.20,0.5960,-1,-1,-1
940,104,1260.85,784.93,89.52,284.98,0.7856,-1,-1,-1
940,105,1126.49,63.68,63.48,167.65,0.4511,-1,-1,-1
940,108,1746.27,673.76,86.34,253.61,0.6365,-1,-1,-1
941,4,1719.42,456.48,74.67,208.79,0.5796,-1,-1,-1
941,73,321.86,743.32,93.51,269.24,0.8183,-1,-1,-1
941,80,912.30,948.33,75.44,131.66,0.7510,-1,-1,-1
941,81,1574.73,595.42,98.72,229.46,0.5662,-1,-1,-1
941,87,858.54,386.19,61.81,211.86,0.7100,-1,-1,-1
941,88,942.34,368.87,65.62,216.52,0.7171,-1,-1,-1
941,92,342.54,393.97,55.66,183.61,0.3777,-1,-1,-1
941,93,390.13,383.31,76.58,212.49,0.6218,-1,-1,-1
941,104,1259.06,783.73,89.46,287.72,0.7844,-1,-1,-1
941,105,1128.30,65.24,62.54,167.49,0.4479,-1,-1,-1
941,108,1747.08,674.16,87.47,254.27,0.6634,-1,-1,-1
942,4,1720.12,456.19,73.92,210.06,0.5557,-1,-1,-1
942,73,322.63,747.43,92.85,269.15,0.8173,-1,-1,-1
942,80,913.48,947.14,74.19,132.85,0.7630,-1,-1,-1
942,81,1574.57,594.79,98.99,230.00,0.5419,-1,-1,-1
942,87,858.61,385.15,61.86,212.64,0.7003,-1,-1,-1
942,88,941.77,368.64,65.84,215.80,0.7134,-1,-1,-1
942,92,341.46,393.60,58.07,185.45,0.3792,-1,-1,-1
942,93,391.42,385.72,75.92,211.93,0.5924,-1,-1,-1
942,104,1256.75,783.67,90.16,286.15,0.7773,-1,-1,-1
942,105,1129.24,66.31,63.07,168.50,0.4670,-1,-1,-1
942,108,1746.49,672.23,88.41,253.70,0.6571,-1,-1,-1
943,4,1720.01,456.31,73.75,209.36,0.5679,-1,-1,-1
943,73,323.11,750.95,92.92,266.38,0.8182,-1,-1,-1
943,80,914.39,945.51,73.83,134.46,0.7553,-1,-1,-1
943,81,1574.96,595.60,98.66,228.73,0.5495,-1,-1,-1
943,87,858.16,383.68,62.57,212.19,0.6831,-1,-1,-1
943,88,940.29,366.97,67.06,217.23,0.7134,-1,-1,-1
943,92,338.89,396.34,58.22,185.98,0.3421,-1,-1,-1
943,93,392.79,387.23,75.01,210.68,0.5725,-1,-1,-1
943,104,1255.82,782.48,89.03,286.02,0.7748,-1,-1,-1
943,105,1129.54,66.64,62.46,167.07,0.4226,-1,-1,-1
943,108,1745.79,671.31,87.84,255.09,0.6666,-1,-1,-1
944,4,1720.32,456.52,72.83,210.29,0.5649,-1,-1,-1
944,73,323.59,754.42,92.09,262.54,0.8223,-1,-1,-1
944,80,915.85,944.27,73.93,135.71,0.7349,-1,-1,-1
944,81,1575.06,594.48,97.79,229.82,0.5496,-1,-1,-1
944,87,858.07,381.81,62.14,213.97,0.6920,-1,-1,-1
944,88,938.64,366.17,66.88,216.81,0.6969,-1,-1,-1
944,92,338.27,402.29,58.39,186.55,0.3285,-1,-1,-1
944,93,392.30,387.73,75.42,209.46,0.5446,-1,-1,-1
944,104,1253.18,779.85,90.60,286.45,0.7729,-1,-1,-1
944,105,1131.71,65.50,61.49,165.93,0.4172,-1,-1,-1
944,108,1745.67,673.49,87.05,254.00,0.6762,-1,-1,-1
945,4,1719.63,455.94,73.77,211.29,0.5421,-1,-1,-1
945,73,323.96,756.63,91.03,263.60,0.8240,-1,-1,-1
945,80,916.12,943.70,74.12,136.31,0.7563,-1,-1,-1
945,81,1575.60,596.04,98.09,228.58,0.5624,-1,-1,-1
945,87,857.27,378.99,63.13,212.46,0.6941,-1,-1,-1
945,88,940.64,364.25,63.52,216.62,0.6922,-1,-1,-1
945,92,337.98,411.47,61.36,184.26,0.3738,-1,-1,-1
945,93,392.77,388.32,75.40,209.30,0.5453,-1,-1,-1
945,104,1252.88,777.30,89.18,288.59,0.7645,-1,-1,-1
945,105,1133.02,65.87,60.01,164.26,0.4165,-1,-1,-1
945,108,1745.04,673.77,87.20,253.11,0.6794,-1,-1,-1
946,4,1719.48,457.21,74.30,208.55,0.5701,-1,-1,-1
946,73,324.46,759.88,90.79,264.56,0.8211,-1,-1,-1
946,80,918.71,943.60,72.10,136.42,0.7573,-1,-1,-1
946,81,1576.65,597.40,96.75,226.09,0.5647,-1,-1,-1
946,87,856.85,376.71,64.52,214.33,0.6504,-1,-1,-1
946,88,939.04,362.39,63.00,215.95,0.6467,-1,-1,-1
946,92,327.27,409.32,69.36,187.98,0.4698,-1,-1,-1
946,93,390.84,388.21,75.66,209.78,0.5930,-1,-1,-1
946,101,808.00,135.63,55.58,177.47,0.3111,-1,-1,-1
946,104,1250.33,774.54,89.94,282.18,0.7756,-1,-1,-1
946,105,1135.08,66.15,58.77,164.62,0.4413,-1,-1,-1
946,108,1742.57,673.09,89.83,252.92,0.6628,-1,-1,-1
946,116,477.39,215.31,58.84,184.96,0.3414,-1,-1,-1
947,4,1719.87,457.80,73.18,208.74,0.5717,-1,-1,-1
947,73,323.83,760.42,91.34,267.96,0.8234,-1,-1,-1
947,80,918.98,941.46,72.01,138.50,0.7546,-1,-1,-1
947,81,1576.68,597.26,97.87,226.98,0.5837,-1,-1,-1
947,87,856.18,373.98,64.72,211.10,0.6630,-1,-1,-1
947,88,937.56,360.57,62.57,210.52,0.6500,-1,-1,-1
947,92,328.92,411.63,67.39,187.71,0.4787,-1,-1,-1
947,93,392.31,388.02,74.09,210.18,0.5917,-1,-1,-1
947,104,1249.33,771.32,89.15,280.19,0.7633,-1,-1,-1
947,105,1138.15,67.21,55.40,162.36,0.3950,-1,-1,-1
947,108,1743.85,668.56,88.86,254.86,0.6926,-1,-1,-1
947,116,476.52,215.62,60.28,185.16,0.3208,-1,-1,-1
948,4,1719.91,457.19,72.88,209.01,0.5741,-1,-1,-1
948,73,323.21,762.60,90.33,269.35,0.8272,-1,-1,-1
948,80,919.63,940.05,72.54,139.94,0.7534,-1,-1,-1
948,81,1576.02,595.29,98.39,228.67,0.5928,-1,-1,-1
948,87,856.07,370.65,64.17,211.57,0.6635,-1,-1,-1
948,88,936.89,357.36,61.25,207.89,0.6514,-1,-1,-1
948,92,329.33,412.79,65.45,188.15,0.4744,-1,-1,-1
948,93,391.77,388.12,74.49,209.93,0.5573,-1,-1,-1
948,104,1248.18,768.55,86.38,277.19,0.7741,-1,-1,-1
948,105,1139.39,68.03,57.44,163.11,0.4265,-1,-1,-1
948,108,1739.64,669.61,94.64,255.36,0.6819,-1,-1,-1
948,116,476.91,215.35,60.55,184.67,0.3202,-1,-1,-1
949,4,1719.75,456.69,72.79,208.93,0.5779,-1,-1,-1
949,73,323.46,763.73,90.86,268.15,0.8216,-1,-1,-1
949,80,920.93,939.13,72.09,140.87,0.7382,-1,-1,-1
949,81,1577.09,594.55,97.66,229.99,0.5767,-1,-1,-1
949,87,855.39,368.51,64.64,211.55,0.6665,-1,-1,-1
949,88,934.54,355.55,62.90,209.65,0.6398,-1,-1,-1
949,92,323.99,412.97,68.66,190.77,0.5556,-1,-1,-1
949,93,392.08,390.06,73.70,208.17,0.5627,-1,-1,-1
949,104,1248.00,763.56,85.42,273.67,0.7646,-1,-1,-1
949,105,1140.85,68.72,58.75,165.51,0.3902,-1,-1,-1
949,108,1743.10,670.29,88.52,250.41,0.6773,-1,-1,-1
949,116,475.44,216.19,61.66,182.20,0.3142,-1,-1,-1
950,4,1719.92,456.14,73.12,210.20,0.5725,-1,-1,-1
950,73,322.56,764.79,90.15,266.94,0.8229,-1,-1,-1
950,80,922.71,937.29,70.20,142.69,0.7549,-1,-1,-1
950,81,1575.54,594.95,98.95,228.91,0.5694,-1,-1,-1
950,87,856.01,366.38,64.61,204.84,0.6537,-1,-1,-1
950,88,930.53,351.96,65.43,209.49,0.6462,-1,-1,-1
950,92,325.88,413.77,67.29,190.06,0.5088,-1,-1,-1
950,93,390.56,389.65,74.55,209.18,0.5831,-1,-1,-1
950,104,1246.51,758.61,85.21,265.96,0.7693,-1,-1,-1
950,105,1143.28,68.50,61.06,167.45,0.3582,-1,-1,-1
950,108,1742.89,667.23,89.35,256.90,0.6783,-1,-1,-1
950,116,474.55,216.59,61.72,180.74,0.3308,-1,-1,-1
951,4,1719.74,456.08,73.38,211.07,0.5727,-1,-1,-1
951,73,322.02,766.50,90.72,265.14,0.8162,-1,-1,-1
951,80,922.15,936.76,71.28,143.25,0.7623,-1,-1,-1
951,81,1575.80,594.73,99.33,229.40,0.5815,-1,-1,-1
951,87,854.96,365.20,65.53,205.59,0.6687,-1,-1,-1
951,88,930.06,349.32,65.67,210.64,0.6526,-1,-1,-1
951,92,322.09,414.16,72.29,189.71,0.4989,-1,-1,-1
951,93,390.71,390.23,74.65,207.17,0.5052,-1,-1,-1
951,104,1245.05,753.94,85.15,266.20,0.7679,-1,-1,-1
951,105,1143.80,70.72,62.30,164.07,0.3805,-1,-1,-1
951,108,1743.11,667.51,88.88,255.13,0.6554,-1,-1,-1
951,116,474.83,218.15,62.49,179.25,0.3400,-1,-1,-1
952,4,1719.43,456.36,73.31,211.01,0.5725,-1,-1,-1
952,73,322.20,768.05,89.92,264.29,0.8045,-1,-1,-1
952,80,923.60,935.96,70.93,144.04,0.7728,-1,-1,-1
952,81,1575.02,596.02,100.58,228.07,0.5732,-1,-1,-1
952,87,854.24,363.87,66.25,205.93,0.6925,-1,-1,-1
952,88,929.70,347.06,65.62,212.68,0.6930,-1,-1,-1
952,92,324.23,414.36,69.95,189.31,0.4299,-1,-1,-1
952,93,392.41,390.43,73.13,206.74,0.5192,-1,-1,-1
952,104,1242.19,751.37,86.84,267.41,0.7632,-1,-1,-1
952,105,1146.66,73.23,59.16,163.56,0.3470,-1,-1,-1
952,108,1742.14,668.19,90.93,256.55,0.6680,-1,-1,-1
952,116,474.37,220.27,63.71,176.67,0.3206,-1,-1,-1
953,4,1719.19,456.96,74.05,209.62,0.5681,-1,-1,-1
953,73,321.38,769.67,89.47,262.79,0.8138,-1,-1,-1
953,80,924.76,935.35,70.77,144.66,0.7793,-1,-1,-1
953,81,1576.18,594.56,99.48,229.21,0.6083,-1,-1,-1
953,87,852.53,362.50,68.63,207.18,0.6847,-1,-1,-1
953,88,927.21,346.21,67.21,211.79,0.7090,-1,-1,-1
953,92,321.80,413.58,72.29,190.62,0.4323,-1,-1,-1
953,93,391.08,394.24,75.15,208.02,0.5569,-1,-1,-1
953,104,1241.36,750.62,86.44,266.05,0.7806,-1,-1,-1
953,105,1146.67,74.41,58.95,165.62,0.3893,-1,-1,-1
953,108,1741.95,668.56,90.96,255.55,0.6720,-1,-1,-1
953,116,476.28,220.51,62.41,176.21,0.3691,-1,-1,-1
954,4,1719.90,456.56,73.77,209.62,0.5803,-1,-1,-1
954,73,322.54,771.20,88.60,261.51,0.8180,-1,-1,-1
954,80,925.44,934.61,70.20,145.39,0.7647,-1,-1,-1
954,81,1576.44,596.61,98.55,228.03,0.5794,-1,-1,-1
954,87,852.26,360.96,67.66,208.24,0.6718,-1,-1,-1
954,88,925.51,345.41,68.62,211.83,0.7077,-1,-1,-1
954,92,321.89,414.20,69.14,189.47,0.4594,-1,-1,-1
954,93,388.76,394.18,76.88,211.12,0.6116,-1,-1,-1
954,101,808.19,136.42,54.91,175.24,0.3037,-1,-1,-1
954,104,1237.54,748.99,89.16,266.84,0.7781,-1,-1,-1
954,105,1147.26,76.92,59.36,165.88,0.3978,-1,-1,-1
954,108,1742.05,669.72,90.94,254.80,0.6839,-1,-1,-1
954,116,476.80,221.51,63.09,175.66,0.3804,-1,-1,-1
955,4,1718.97,455.98,74.81,210.42,0.5747,-1,-1,-1
955,73,322.30,772.89,88.46,259.65,0.8191,-1,-1,-1
955,80,926.37,934.43,68.89,145.58,0.7774,-1,-1,-1
955,81,1576.26,593.67,99.20,230.14,0.5889,-1,-1,-1
955,87,852.51,360.74,67.04,208.94,0.6666,-1,-1,-1
955,88,925.70,344.11,69.23,211.98,0.6884,-1,-1,-1
955,92,319.89,416.85,71.07,180.49,0.4146,-1,-1,-1
955,93,389.12,397.00,77.97,212.91,0.5810,-1,-1,-1
955,104,1237.31,746.46,87.70,268.88,0.7887,-1,-1,-1
955,105,1148.20,79.32,60.81,164.68,0.3767,-1,-1,-1
955,108,1742.10,668.52,90.59,253.93,0.6735,-1,-1,-1
955,116,476.79,222.95,64.97,176.43,0.3830,-1,-1,-1
956,4,1719.91,456.54,73.77,210.19,0.5841,-1,-1,-1
956,73,321.69,772.80,88.87,259.26,0.8290,-1,-1,-1
956,80,926.04,933.58,70.04,146.42,0.7815,-1,-1,-1
956,81,1579.26,594.71,96.45,229.30,0.5549,-1,-1,-1
956,87,851.39,360.84,67.59,210.42,0.6593,-1,-1,-1
956,88,924.05,344.35,71.51,215.21,0.6930,-1,-1,-1
956,92,321.18,418.46,68.91,180.43,0.4537,-1,-1,-1
956,93,389.46,400.73,77.21,212.72,0.6062,-1,-1,-1
956,98,425.17,234.00,59.47,190.85,0.3125,-1,-1,-1
956,104,1235.08,744.36,87.65,269.78,0.7902,-1,-1,-1
956,105,1149.38,80.74,61.23,163.43,0.3005,-1,-1,-1
956,108,1741.70,667.80,90.98,254.08,0.6597,-1,-1,-1
956,116,478.84,222.03,64.79,179.67,0.4050,-1,-1,-1
957,4,1719.05,456.16,74.37,210.14,0.5702,-1,-1,-1
957,73,321.99,773.67,87.97,259.58,0.8345,-1,-1,-1
957,80,925.98,933.27,71.05,146.74,0.7784,-1,-1,-1
957,81,1582.22,593.36,93.53,230.52,0.5685,-1,-1,-1
957,87,850.69,361.18,67.32,207.57,0.6749,-1,-1,-1
957,88,921.04,344.16,74.06,215.09,0.6918,-1,-1,-1
957,92,323.01,418.91,66.24,181.44,0.4294,-1,-1,-1
957,93,388.10,404.42,77.74,213.33,0.6150,-1,-1,-1
957,98,424.81,235.29,59.45,189.71,0.4081,-1,-1,-1
957,104,1231.91,743.18,91.77,256.69,0.7515,-1,-1,-1
957,108,1738.93,669.68,94.46,250.99,0.6707,-1,-1,-1
957,116,477.27,224.92,67.97,177.77,0.4349,-1,-1,-1
958,4,1719.11,455.89,74.54,210.58,0.5803,-1,-1,-1
958,73,322.13,774.88,87.74,263.40,0.8282,-1,-1,-1
958,80,926.80,932.85,70.88,147.15,0.7847,-1,-1,-1
958,81,1579.98,595.44,95.86,228.31,0.5444,-1,-1,-1
958,87,850.04,360.36,68.03,207.74,0.6792,-1,-1,-1
958,88,923.37,343.81,72.88,215.54,0.6939,-1,-1,-1
958,92,324.10,419.46,65.96,183.67,0.4488,-1,-1,-1
958,93,387.37,405.17,77.50,215.64,0.6001,-1,-1,-1
958,98,424.17,236.93,59.62,193.40,0.4601,-1,-1,-1
958,104,1231.16,742.21,90.98,259.82,0.7561,-1,-1,-1
958,105,1150.62,80.27,59.80,162.98,0.3157,-1,-1,-1
958,108,1739.19,667.83,94.52,254.17,0.6624,-1,-1,-1
958,116,480.56,228.30,65.67,176.90,0.3705,-1,-1,-1
959,4,1719.01,456.45,74.53,209.16,0.5786,-1,-1,-1
959,73,321.87,777.33,87.25,263.39,0.7967,-1,-1,-1
959,80,927.17,932.96,70.67,147.06,0.7849,-1,-1,-1
959,81,1581.04,596.65,94.09,227.77,0.5646,-1,-1,-1
959,87,850.38,359.25,67.88,205.32,0.6791,-1,-1,-1
959,88,924.50,343.33,71.24,216.18,0.6844,-1,-1,-1
959,92,321.64,421.15,67.87,186.70,0.5240,-1,-1,-1
959,93,386.29,408.84,77.31,213.69,0.6067,-1,-1,-1
959,98,423.06,237.09,60.98,194.07,0.4961,-1,-1,-1
959,104,1227.69,740.84,93.65,250.86,0.7571,-1,-1,-1
959,105,1151.52,80.36,59.50,164.67,0.3733,-1,-1,-1
959,108,1741.81,668.62,89.01,251.95,0.6473,-1,-1,-1
959,116,485.87,232.01,61.72,176.55,0.3643,-1,-1,-1
960,4,1719.03,455.54,74.80,210.60,0.5901,-1,-1,-1
960,73,321.74,779.78,86.97,263.04,0.8037,-1,-1,-1
960,80,927.29,932.33,71.25,147.67,0.7892,-1,-1,-1
960,81,1579.41,592.29,97.28,231.38,0.5783,-1,-1,-1
960,87,850.02,355.46,67.18,207.32,0.6896,-1,-1,-1
960,88,924.48,341.42,71.18,216.25,0.6974,-1,-1,-1
960,92,323.93,419.87,63.88,188.49,0.4974,-1,-1,-1
960,93,391.52,412.54,74.22,211.15,0.5335,-1,-1,-1
960,98,422.54,237.26,61.59,196.14,0.5243,-1,-1,-1
960,104,1224.72,739.25,94.01,257.92,0.7923,-1,-1,-1
960,105,1151.82,80.56,59.50,166.24,0.4255,-1,-1,-1
960,108,1741.77,668.92,90.86,252.21,0.6831,-1,-1,-1
960,116,487.10,232.55,61.89,178.18,0.3802,-1,-1,-1
961,4,1719.41,455.54,74.85,210.60,0.5973,-1,-1,-1
961,73,322.63,784.73,86.11,260.90,0.8184,-1,-1,-1
961,80,927.94,931.95,70.74,148.06,0.7791,-1,-1,-1
961,81,1576.69,593.48,99.55,230.39,0.5445,-1,-1,-1
961,87,848.94,352.03,66.07,205.56,0.6869,-1,-1,-1
961,88,924.64,340.35,71.56,217.22,0.6920,-1,-1,-1
961,92,321.04,422.11,65.34,191.43,0.5798,-1,-1,-1
961,93,391.17,412.63,74.54,211.08,0.5710,-1,-1,-1
961,98,422.50,239.06,61.79,196.60,0.4803,-1,-1,-1
961,104,1221.51,736.55,95.39,256.71,0.7768,-1,-1,-1
961,105,1153.03,78.95,57.81,168.07,0.4789,-1,-1,-1
961,108,1741.53,670.07,91.11,252.50,0.6777,-1,-1,-1
961,116,488.05,229.79,61.77,182.13,0.3738,-1,-1,-1
962,4,1719.38,455.38,73.95,209.64,0.5951,-1,-1,-1
962,73,322.62,786.83,85.76,260.12,0.8294,-1,-1,-1
962,80,928.01,932.08,71.20,147.93,0.7878,-1,-1,-1
962,81,1576.46,590.29,100.84,233.31,0.5481,-1,-1,-1
962,87,848.29,349.25,66.58,203.16,0.6833,-1,-1,-1
962,88,925.72,338.29,71.20,216.50,0.6874,-1,-1,-1
962,92,319.75,420.71,66.09,196.78,0.5735,-1,-1,-1
962,93,392.46,415.00,73.86,208.98,0.5328,-1,-1,-1
962,98,420.63,242.33,63.67,195.99,0.4943,-1,-1,-1
962,104,1220.65,732.65,93.41,256.51,0.7653,-1,-1,-1
962,105,1153.76,80.93,58.34,168.04,0.4086,-1,-1,-1
962,108,1741.62,665.95,92.24,259.88,0.6723,-1,-1,-1
962,116,489.44,231.59,61.26,182.05,0.3571,-1,-1,-1
963,4,1719.45,455.34,74.18,209.75,0.5761,-1,-1,-1
963,73,323.52,789.79,86.40,263.95,0.8184,-1,-1,-1
963,80,928.52,931.84,70.98,148.16,0.7774,-1,-1,-1
963,81,1574.01,591.66,104.26,232.46,0.5531,-1,-1,-1
963,87,848.87,347.93,64.25,202.96,0.6767,-1,-1,-1
963,88,924.67,335.90,70.53,218.39,0.6829,-1,-1,-1
963,92,319.99,419.78,65.91,200.98,0.5820,-1,-1,-1
963,93,392.24,415.10,74.11,208.97,0.5553,-1,-1,-1
963,98,419.99,242.01,64.14,196.41,0.4984,-1,-1,-1
963,104,1219.54,730.15,91.42,261.18,0.7674,-1,-1,-1
963,108,1741.31,668.13,92.06,254.48,0.6643,-1,-1,-1
963,116,489.05,231.70,62.95,181.69,0.3806,-1,-1,-1
964,4,1719.07,455.81,74.02,210.17,0.5697,-1,-1,-1
964,73,325.06,792.66,84.74,268.48,0.8265,-1,-1,-1
964,80,928.08,932.17,71.44,147.85,0.7843,-1,-1,-1
964,81,1575.28,588.95,101.02,235.46,0.5436,-1,-1,-1
964,87,848.01,346.69,63.15,202.43,0.6551,-1,-1,-1
964,88,923.21,333.44,71.32,217.24,0.6621,-1,-1,-1
964,92,319.91,420.85,67.17,202.92,0.6054,-1,-1,-1
964,93,392.02,416.36,73.92,207.68,0.5663,-1,-1,-1
964,98,420.55,242.86,61.53,199.92,0.4694,-1,-1,-1
964,104,1219.15,727.32,88.48,269.02,0.7785,-1,-1,-1
964,105,1151.36,85.77,61.75,166.78,0.3102,-1,-1,-1
964,108,1741.46,665.00,92.06,258.25,0.6720,-1,-1,-1
964,116,490.39,231.05,62.01,181.65,0.3874,-1,-1,-1
965,4,1719.45,455.77,74.34,209.23,0.5923,-1,-1,-1
965,73,326.19,795.48,84.49,273.47,0.8257,-1,-1,-1
965,80,928.32,931.94,71.42,147.94,0.7783,-1,-1,-1
965,81,1575.48,589.50,100.65,234.92,0.5984,-1,-1,-1
965,87,849.36,343.93,60.58,200.87,0.6584,-1,-1,-1
965,88,924.01,330.99,71.47,213.73,0.6831,-1,-1,-1
965,92,318.16,428.32,67.71,194.84,0.6131,-1,-1,-1
965,93,392.21,416.97,73.27,206.49,0.5656,-1,-1,-1
965,98,419.82,243.69,61.20,199.48,0.4532,-1,-1,-1
965,104,1217.07,722.52,89.43,266.55,0.7901,-1,-1,-1
965,105,1152.62,88.56,63.45,164.77,0.3248,-1,-1,-1
965,108,1741.76,669.46,92.67,254.47,0.6873,-1,-1,-1
965,116,490.68,230.60,63.21,183.24,0.4310,-1,-1,-1
966,4,1719.10,455.97,74.03,209.83,0.5746,-1,-1,-1
966,73,327.78,798.13,82.86,276.69,0.8304,-1,-1,-1
966,80,927.86,932.30,72.21,147.71,0.7738,-1,-1,-1
966,81,1574.74,590.88,102.49,233.30,0.6058,-1,-1,-1
966,87,849.34,342.79,60.62,200.32,0.6743,-1,-1,-1
966,88,924.70,329.97,70.45,207.34,0.7017,-1,-1,-1
966,92,319.36,433.93,65.72,188.89,0.6091,-1,-1,-1
966,93,388.24,414.20,76.03,209.38,0.5524,-1,-1,-1
966,98,419.85,243.94,60.34,199.69,0.4301,-1,-1,-1
966,104,1216.33,719.08,89.74,260.25,0.7831,-1,-1,-1
966,105,1152.37,90.93,64.38,165.30,0.3646,-1,-1,-1
966,108,1742.41,669.51,92.41,254.94,0.6892,-1,-1,-1
966,110,1645.81,120.49,59.20,158.21,0.3059,-1,-1,-1
966,116,491.24,230.60,63.41,182.71,0.4286,-1,-1,-1
967,4,1719.12,455.82,74.08,210.19,0.5822,-1,-1,-1
967,73,328.87,798.96,82.40,273.93,0.7979,-1,-1,-1
967,80,927.64,932.16,72.71,147.85,0.7770,-1,-1,-1
967,81,1573.31,590.42,104.50,233.63,0.5922,-1,-1,-1
967,87,850.12,340.87,60.67,202.41,0.6840,-1,-1,-1
967,88,926.58,328.28,68.66,207.23,0.7083,-1,-1,-1
967,92,314.67,432.98,70.59,191.35,0.5865,-1,-1,-1
967,93,392.59,418.10,72.37,204.88,0.5478,-1,-1,-1
967,98,417.54,245.08,64.36,197.80,0.3981,-1,-1,-1
967,104,1217.26,715.40,87.20,260.38,0.7859,-1,-1,-1
967,108,1741.80,670.11,91.57,253.98,0.7122,-1,-1,-1
967,116,492.63,230.96,62.51,183.02,0.4413,-1,-1,-1
968,4,1718.99,456.03,73.73,210.56,0.5836,-1,-1,-1
968,73,329.68,799.96,84.06,274.96,0.7966,-1,-1,-1
968,80,927.37,931.62,72.52,148.38,0.7812,-1,-1,-1
968,81,1574.53,589.39,103.02,234.79,0.6151,-1,-1,-1
968,87,848.25,339.82,61.82,204.53,0.6945,-1,-1,-1
968,88,926.84,325.30,68.79,208.24,0.7235,-1,-1,-1
968,92,312.53,433.03,71.97,191.67,0.5845,-1,-1,-1
968,93,393.58,418.61,71.81,203.48,0.5531,-1,-1,-1
968,98,415.36,245.30,66.76,196.88,0.3633,-1,-1,-1
968,104,1215.18,712.40,88.21,262.20,0.7839,-1,-1,-1
968,105,1152.71,93.15,65.46,170.76,0.3209,-1,-1,-1
968,108,1740.63,668.65,93.96,255.97,0.6959,-1,-1,-1
968,110,1647.57,123.68,58.45,163.98,0.3135,-1,-1,-1
968,116,493.23,231.22,61.92,183.63,0.5041,-1,-1,-1
969,4,1719.03,456.45,73.53,210.47,0.5894,-1,-1,-1
969,73,330.57,801.75,85.31,273.09,0.7833,-1,-1,-1
969,80,927.50,932.19,71.63,147.83,0.7818,-1,-1,-1
969,81,1574.07,590.69,105.44,233.47,0.6189,-1,-1,-1
969,87,848.87,339.03,60.76,206.03,0.6958,-1,-1,-1
969,88,927.19,323.98,68.35,207.65,0.7283,-1,-1,-1
969,92,306.27,432.85,79.73,192.21,0.5696,-1,-1,-1
969,93,393.71,420.75,71.48,202.70,0.5215,-1,-1,-1
969,104,1213.35,709.46,90.24,264.61,0.7816,-1,-1,-1
969,108,1740.08,668.15,93.19,254.28,0.6977,-1,-1,-1
969,110,1648.16,124.97,58.35,164.86,0.3086,-1,-1,-1
969,116,492.99,233.32,62.96,184.15,0.4677,-1,-1,-1
970,4,1719.05,455.73,73.73,210.08,0.5883,-1,-1,-1
970,73,331.45,803.30,86.17,271.87,0.7936,-1,-1,-1
970,80,926.96,932.04,71.74,147.96,0.7810,-1,-1,-1
970,81,1575.40,591.74,103.41,232.76,0.6192,-1,-1,-1
970,87,848.68,338.71,60.83,206.49,0.6996,-1,-1,-1
970,88,927.87,323.39,65.96,208.24,0.7034,-1,-1,-1
970,92,301.51,435.84,84.78,189.26,0.4563,-1,-1,-1
970,93,389.59,417.22,75.68,210.70,0.5197,-1,-1,-1
970,104,1211.93,707.91,90.92,266.98,0.7810,-1,-1,-1
970,108,1739.80,668.27,93.71,253.12,0.6946,-1,-1,-1
970,110,1649.24,125.41,57.22,164.90,0.3213,-1,-1,-1
970,116,494.00,235.15,63.77,185.03,0.4769,-1,-1,-1
971,4,1719.14,456.18,74.56,210.56,0.5865,-1,-1,-1
971,73,329.96,803.35,90.00,271.29,0.7873,-1,-1,-1
971,80,926.86,932.45,71.30,147.56,0.7795,-1,-1,-1
971,81,1575.18,590.50,103.87,233.75,0.5861,-1,-1,-1
971,87,848.66,338.24,60.41,208.00,0.7057,-1,-1,-1
971,88,927.91,322.97,65.89,207.83,0.7118,-1,-1,-1
971,92,301.53,434.92,84.57,190.22,0.3817,-1,-1,-1
971,93,392.26,422.94,74.28,213.82,0.5192,-1,-1,-1
971,104,1210.38,707.31,90.80,268.73,0.7931,-1,-1,-1
971,108,1740.20,670.53,92.01,251.91,0.6853,-1,-1,-1
971,110,1649.77,126.49,56.78,164.51,0.3209,-1,-1,-1
971,116,494.00,236.34,64.01,186.75,0.4628,-1,-1,-1
972,4,1719.74,455.81,73.45,209.82,0.5871,-1,-1,-1
972,73,329.51,804.33,93.04,269.67,0.7706,-1,-1,-1
972,80,926.89,932.65,69.74,147.36,0.7641,-1,-1,-1
972,81,1575.06,590.27,103.66,233.77,0.5746,-1,-1,-1
972,87,848.47,338.20,60.32,208.46,0.6765,-1,-1,-1
972,88,927.59,322.27,65.74,207.25,0.6951,-1,-1,-1
972,92,324.72,437.43,60.93,187.99,0.3568,-1,-1,-1
972,93,387.05,418.58,78.53,217.06,0.5290,-1,-1,-1
972,104,1207.73,707.07,92.54,268.84,0.7899,-1,-1,-1
972,108,1740.55,668.95,92.30,255.40,0.6970,-1,-1,-1
972,116,493.42,238.80,65.02,185.40,0.4046,-1,-1,-1
973,4,1718.92,455.85,74.09,210.59,0.5751,-1,-1,-1
973,73,329.18,806.15,95.93,266.96,0.7739,-1,-1,-1
973,80,926.17,933.64,70.59,146.38,0.7778,-1,-1,-1
973,81,1574.79,591.08,103.78,233.29,0.6073,-1,-1,-1
973,87,847.27,336.39,61.87,208.15,0.6861,-1,-1,-1
973,88,927.86,321.74,64.96,207.48,0.6990,-1,-1,-1
973,92,327.52,435.17,58.28,191.48,0.4685,-1,-1,-1
973,93,387.79,419.26,77.36,219.23,0.5481,-1,-1,-1
973,98,413.78,249.95,64.78,191.44,0.3074,-1,-1,-1
973,104,1206.93,705.35,89.58,268.69,0.7940,-1,-1,-1
973,108,1740.25,668.26,93.30,254.65,0.6942,-1,-1,-1
973,116,494.84,240.66,62.93,184.68,0.4473,-1,-1,-1
974,4,1719.36,455.30,72.83,209.97,0.5485,-1,-1,-1
974,73,328.44,807.09,98.13,266.37,0.7684,-1,-1,-1
974,80,926.03,932.81,69.25,147.17,0.7696,-1,-1,-1
974,81,1576.98,589.10,102.00,234.82,0.6296,-1,-1,-1
974,87,847.60,335.47,61.31,208.58,0.6666,-1,-1,-1
974,88,926.97,321.79,65.12,207.15,0.7106,-1,-1,-1
974,92,327.22,435.93,58.81,190.93,0.4757,-1,-1,-1
974,93,387.62,421.80,76.30,219.01,0.5678,-1,-1,-1
974,98,413.55,250.61,65.06,189.41,0.3229,-1,-1,-1
974,104,1205.46,703.36,91.06,270.37,0.7965,-1,-1,-1
974,108,1740.27,670.70,92.22,253.14,0.6884,-1,-1,-1
974,116,496.31,243.03,61.87,184.72,0.4497,-1,-1,-1
975,4,1718.72,455.18,73.92,210.81,0.5850,-1,-1,-1
975,73,328.12,808.79,99.55,264.47,0.7801,-1,-1,-1
975,80,924.48,933.75,69.94,146.28,0.7596,-1,-1,-1
975,81,1577.92,589.79,101.50,234.43,0.6051,-1,-1,-1
975,87,846.98,333.34,61.61,208.53,0.6641,-1,-1,-1
975,88,926.89,321.08,64.39,209.21,0.6910,-1,-1,-1
975,92,326.86,437.39,58.68,191.12,0.4972,-1,-1,-1
975,93,387.53,423.91,76.78,218.23,0.5701,-1,-1,-1
975,98,410.94,251.52,69.06,190.79,0.4287,-1,-1,-1
975,104,1203.99,702.72,88.82,270.29,0.7913,-1,-1,-1
975,108,1737.45,669.12,96.59,254.70,0.6921,-1,-1,-1
975,110,1651.76,127.52,58.92,162.95,0.3288,-1,-1,-1
975,116,496.05,244.52,63.24,186.93,0.4644,-1,-1,-1
976,4,1719.35,457.30,73.45,208.67,0.5701,-1,-1,-1
976,73,328.46,811.29,100.32,264.38,0.7745,-1,-1,-1
976,80,924.17,934.03,68.63,145.98,0.7339,-1,-1,-1
976,81,1578.79,588.71,101.05,235.24,0.6045,-1,-1,-1
976,87,846.33,332.15,61.89,204.76,0.6730,-1,-1,-1
976,88,925.07,320.44,65.27,211.61,0.6929,-1,-1,-1
976,92,325.18,436.70,59.87,191.34,0.5087,-1,-1,-1
976,93,388.28,426.37,75.49,218.49,0.5747,-1,-1,-1
976,98,411.04,252.39,68.13,190.85,0.4366,-1,-1,-1
976,104,1201.29,700.85,89.70,270.31,0.8040,-1,-1,-1
976,105,1168.51,100.18,63.71,169.30,0.3274,-1,-1,-1
976,108,1737.48,671.26,96.70,252.04,0.7116,-1,-1,-1
976,110,1656.56,127.61,54.71,158.62,0.3453,-1,-1,-1
976,116,496.23,245.80,63.47,189.13,0.4556,-1,-1,-1
977,4,1719.30,456.67,73.39,210.04,0.5582,-1,-1,-1
977,73,328.46,813.50,101.79,265.81,0.7844,-1,-1,-1
977,80,921.92,933.69,70.20,146.30,0.7405,-1,-1,-1
977,81,1577.22,588.27,103.16,236.15,0.6109,-1,-1,-1
977,87,846.31,330.22,61.55,202.77,0.6666,-1,-1,-1
977,88,922.67,317.38,65.09,214.13,0.6806,-1,-1,-1
977,92,323.25,436.59,63.60,194.67,0.4866,-1,-1,-1
977,93,387.13,428.56,75.69,216.79,0.5714,-1,-1,-1
977,98,407.26,255.41,71.02,188.56,0.4149,-1,-1,-1
977,104,1201.51,698.58,86.50,273.54,0.7906,-1,-1,-1
977,108,1737.08,669.29,96.37,252.71,0.7139,-1,-1,-1
977,110,1657.80,129.26,55.21,158.77,0.4568,-1,-1,-1
977,116,495.05,247.69,64.52,188.28,0.4395,-1,-1,-1
978,4,1719.28,457.42,73.63,208.97,0.5443,-1,-1,-1
978,73,329.32,816.36,100.00,263.67,0.7919,-1,-1,-1
978,80,922.34,934.37,68.42,145.65,0.7363,-1,-1,-1
978,81,1577.35,589.42,102.60,234.93,0.6101,-1,-1,-1
978,87,845.25,327.87,62.69,199.59,0.6666,-1,-1,-1
978,88,922.84,316.88,65.04,211.56,0.6795,-1,-1,-1
978,92,321.25,438.94,66.84,196.11,0.4361,-1,-1,-1
978,93,387.90,429.72,73.80,216.26,0.5476,-1,-1,-1
978,98,407.70,259.60,69.70,186.05,0.4141,-1,-1,-1
978,104,1199.73,695.75,85.94,274.20,0.7882,-1,-1,-1
978,108,1737.13,669.81,95.37,252.82,0.7107,-1,-1,-1
978,110,1658.63,131.03,54.46,159.69,0.4042,-1,-1,-1
978,116,495.38,249.23,64.58,187.12,0.4547,-1,-1,-1
978,117,1780.12,164.17,56.67,170.98,0.3123,-1,-1,-1
979,4,1718.82,456.69,73.48,209.84,0.5310,-1,-1,-1
979,73,330.40,818.76,99.18,261.27,0.8078,-1,-1,-1
979,80,921.99,935.04,67.64,144.97,0.7403,-1,-1,-1
979,81,1575.41,590.46,104.18,233.44,0.6152,-1,-1,-1
979,87,845.08,324.96,62.58,198.50,0.6504,-1,-1,-1
979,88,922.47,316.02,63.89,208.90,0.6810,-1,-1,-1
979,92,308.27,439.37,80.95,200.82,0.5164,-1,-1,-1
979,93,388.06,432.00,74.94,214.90,0.5979,-1,-1,-1
979,98,405.11,260.87,70.82,185.15,0.4547,-1,-1,-1
979,104,1199.66,691.79,85.75,276.09,0.7897,-1,-1,-1
979,108,1736.99,669.09,96.18,252.91,0.7057,-1,-1,-1
979,110,1660.21,132.49,54.05,159.29,0.3734,-1,-1,-1
979,116,496.31,249.42,63.28,186.93,0.4908,-1,-1,-1
980,4,1720.00,456.69,72.56,209.19,0.5470,-1,-1,-1
980,73,330.06,822.24,98.35,257.80,0.8205,-1,-1,-1
980,80,921.29,935.91,66.47,144.11,0.7514,-1,-1,-1
980,81,1574.55,590.81,105.83,233.54,0.6264,-1,-1,-1
980,87,845.22,324.63,60.54,198.35,0.6297,-1,-1,-1
980,88,921.96,314.79,63.29,208.14,0.6861,-1,-1,-1
980,92,308.31,438.26,79.94,207.78,0.6051,-1,-1,-1
980,93,388.31,431.64,75.07,216.35,0.6380,-1,-1,-1
980,98,404.02,257.92,73.43,188.23,0.4442,-1,-1,-1
980,104,1199.34,687.71,86.33,271.71,0.7733,-1,-1,-1
980,105,1176.82,110.59,61.39,164.66,0.3733,-1,-1,-1
980,108,1737.52,667.63,97.17,254.90,0.6969,-1,-1,-1
980,110,1661.81,133.68,53.57,160.39,0.4013,-1,-1,-1
980,116,494.95,248.82,65.62,188.07,0.4457,-1,-1,-1
981,4,1718.97,456.71,74.42,209.71,0.5472,-1,-1,-1
981,73,330.11,826.19,98.21,253.84,0.8242,-1,-1,-1
981,80,920.54,936.57,66.65,143.44,0.7437,-1,-1,-1
981,81,1575.23,590.26,104.72,234.17,0.6280,-1,-1,-1
981,87,844.65,322.56,59.90,199.88,0.6148,-1,-1,-1
981,88,920.15,312.99,63.68,207.24,0.6630,-1,-1,-1
981,92,309.43,440.26,79.13,206.91,0.5150,-1,-1,-1
981,93,387.91,432.90,73.73,215.74,0.5307,-1,-1,-1
981,98,403.10,257.04,74.88,191.41,0.4355,-1,-1,-1
981,104,1198.06,684.09,85.85,265.71,0.7785,-1,-1,-1
981,105,1178.02,112.28,61.18,163.77,0.3763,-1,-1,-1
981,108,1739.85,669.62,91.46,252.59,0.6990,-1,-1,-1
981,110,1661.57,135.98,55.15,159.15,0.3924,-1,-1,-1
981,116,495.38,248.43,64.45,186.84,0.4570,-1,-1,-1
982,4,1719.50,457.14,73.74,209.18,0.5404,-1,-1,-1
982,73,330.46,829.33,96.84,250.70,0.8211,-1,-1,-1
982,80,918.76,937.26,67.66,142.75,0.7420,-1,-1,-1
982,81,1575.21,589.88,106.05,233.89,0.6247,-1,-1,-1
982,87,840.70,319.37,65.02,198.44,0.6028,-1,-1,-1
982,88,921.97,310.59,61.68,203.86,0.6537,-1,-1,-1
982,92,310.98,443.10,78.08,207.27,0.4846,-1,-1,-1
982,93,390.94,441.12,71.39,207.90,0.5091,-1,-1,-1
982,98,399.77,259.56,77.63,191.71,0.4462,-1,-1,-1
982,104,1196.85,680.48,85.87,263.46,0.7704,-1,-1,-1
982,105,1180.00,114.31,61.20,164.00,0.3619,-1,-1,-1
982,108,1737.07,668.22,97.37,254.62,0.7032,-1,-1,-1
982,110,1660.90,138.83,56.51,157.18,0.4024,-1,-1,-1
982,116,495.23,248.76,64.59,184.85,0.4608,-1,-1,-1
983,4,1719.97,456.84,73.71,210.21,0.5339,-1,-1,-1
983,73,330.28,832.74,94.70,247.29,0.8259,-1,-1,-1
983,80,917.05,937.78,67.91,142.22,0.7389,-1,-1,-1
983,81,1575.36,588.86,105.47,235.14,0.6069,-1,-1,-1
983,87,840.15,317.88,64.68,204.57,0.6488,-1,-1,-1
983,88,922.77,308.82,60.97,204.59,0.6713,-1,-1,-1
983,92,309.85,446.11,75.52,206.01,0.5076,-1,-1,-1
983,93,389.08,435.74,71.30,213.18,0.5050,-1,-1,-1
983,98,396.74,259.24,80.94,193.31,0.4449,-1,-1,-1
983,104,1194.50,677.42,87.42,256.84,0.7636,-1,-1,-1
983,105,1180.60,114.71,61.82,165.57,0.3228,-1,-1,-1
983,108,1739.77,670.84,90.03,250.92,0.6796,-1,-1,-1
983,110,1660.63,139.92,58.16,156.98,0.3756,-1,-1,-1
983,116,494.26,249.12,65.68,184.64,0.4810,-1,-1,-1
984,4,1719.12,457.56,74.95,210.23,0.5409,-1,-1,-1
984,73,329.48,834.62,95.40,245.38,0.8257,-1,-1,-1
984,80,917.66,938.76,67.07,141.25,0.7370,-1,-1,-1
984,81,1575.20,586.03,106.31,237.58,0.6224,-1,-1,-1
984,87,839.04,317.15,67.80,201.84,0.6540,-1,-1,-1
984,88,921.57,308.20,61.97,203.67,0.6784,-1,-1,-1
984,92,310.79,450.61,73.65,203.36,0.4628,-1,-1,-1
984,93,392.38,443.05,69.62,205.92,0.5216,-1,-1,-1
984,98,398.25,259.07,81.54,192.66,0.3957,-1,-1,-1
984,104,1193.60,673.74,88.50,255.60,0.7554,-1,-1,-1
984,105,1181.84,117.12,60.41,163.68,0.3194,-1,-1,-1
984,108,1739.92,669.14,92.40,252.58,0.6942,-1,-1,-1
984,110,1661.84,141.04,57.63,158.02,0.3630,-1,-1,-1
984,116,493.99,250.37,65.89,184.13,0.5099,-1,-1,-1
984,118,320.51,260.83,58.21,184.94,0.3912,-1,-1,-1
985,4,1719.39,458.14,75.05,208.94,0.5177,-1,-1,-1
985,73,329.05,836.19,95.17,243.81,0.8159,-1,-1,-1
985,80,915.15,940.05,67.76,139.98,0.7294,-1,-1,-1
985,81,1574.95,587.45,107.36,236.57,0.6107,-1,-1,-1
985,87,837.04,316.46,70.21,201.95,0.6290,-1,-1,-1
985,88,920.77,305.74,62.24,204.85,0.6608,-1,-1,-1
985,92,304.96,455.71,76.06,194.80,0.4348,-1,-1,-1
985,93,391.05,443.99,70.77,205.25,0.5322,-1,-1,-1
985,98,398.37,260.18,79.33,191.61,0.3303,-1,-1,-1
985,104,1191.60,670.84,89.77,260.02,0.7660,-1,-1,-1
985,105,1182.91,118.34,60.74,162.45,0.3208,-1,-1,-1
985,108,1740.01,670.82,89.86,250.97,0.6749,-1,-1,-1
985,110,1663.75,141.98,56.51,159.50,0.3614,-1,-1,-1
985,116,493.94,251.15,66.72,185.49,0.5405,-1,-1,-1
985,118,319.84,262.45,55.92,185.13,0.3791,-1,-1,-1
986,4,1720.43,457.54,73.73,208.87,0.4968,-1,-1,-1
986,73,329.29,837.07,94.52,242.91,0.7983,-1,-1,-1
986,80,915.12,940.54,67.36,139.46,0.7139,-1,-1,-1
986,81,1574.97,584.37,107.36,239.63,0.6148,-1,-1,-1
986,87,838.58,317.19,66.52,205.76,0.6418,-1,-1,-1
986,88,920.09,303.80,63.50,206.24,0.6644,-1,-1,-1
986,92,302.21,458.34,77.83,192.78,0.4426,-1,-1,-1
986,93,391.57,444.72,70.15,205.29,0.5415,-1,-1,-1
986,98,395.95,258.79,82.30,194.46,0.3927,-1,-1,-1
986,104,1190.50,667.90,88.44,257.95,0.7544,-1,-1,-1
986,108,1740.04,670.20,90.87,252.35,0.6861,-1,-1,-1
986,110,1665.64,142.76,55.35,156.92,0.3686,-1,-1,-1
986,116,493.42,253.14,67.60,185.08,0.5201,-1,-1,-1
986,118,320.21,263.88,55.00,185.51,0.3519,-1,-1,-1
987,4,1719.42,457.45,74.88,209.35,0.5073,-1,-1,-1
987,73,329.74,838.54,93.04,241.46,0.7836,-1,-1,-1
987,80,912.38,940.74,68.80,139.25,0.7142,-1,-1,-1
987,81,1574.57,585.62,106.88,238.97,0.6255,-1,-1,-1
987,87,835.00,315.65,71.45,203.43,0.6329,-1,-1,-1
987,88,919.18,302.27,65.52,205.66,0.6764,-1,-1,-1
987,92,301.48,457.60,78.55,194.47,0.4660,-1,-1,-1
987,93,391.19,444.95,70.52,205.90,0.5454,-1,-1,-1
987,98,395.91,256.52,78.99,196.63,0.3744,-1,-1,-1
987,104,1191.26,666.51,87.68,258.10,0.7519,-1,-1,-1
987,108,1740.27,670.41,90.98,251.86,0.6775,-1,-1,-1
987,110,1668.14,144.31,54.43,155.22,0.3986,-1,-1,-1
987,116,494.10,254.08,66.93,187.69,0.5084,-1,-1,-1
987,118,318.39,265.29,55.15,187.22,0.3694,-1,-1,-1
988,4,1720.50,457.80,74.39,209.91,0.5130,-1,-1,-1
988,73,328.97,839.86,93.36,240.13,0.7765,-1,-1,-1
988,80,913.22,941.25,66.86,138.75,0.7182,-1,-1,-1
988,81,1575.19,586.19,105.59,238.20,0.6247,-1,-1,-1
988,87,835.29,314.96,70.88,204.49,0.6253,-1,-1,-1
988,88,919.40,301.20,66.40,208.10,0.6512,-1,-1,-1
988,92,299.99,459.01,78.98,194.23,0.4700,-1,-1,-1
988,93,387.61,440.85,73.28,213.96,0.5708,-1,-1,-1
988,98,398.52,256.34,74.61,197.26,0.4428,-1,-1,-1
988,104,1189.69,665.15,88.31,258.62,0.7258,-1,-1,-1
988,108,1740.03,668.95,91.31,252.72,0.6804,-1,-1,-1
988,110,1671.13,144.34,52.89,154.66,0.4022,-1,-1,-1
988,116,494.14,255.45,67.91,187.79,0.4962,-1,-1,-1
988,118,314.68,270.11,56.44,183.34,0.3977,-1,-1,-1
989,4,1720.53,458.77,75.58,208.68,0.4907,-1,-1,-1
989,73,328.17,841.73,94.44,238.28,0.7704,-1,-1,-1
989,80,911.90,941.57,66.41,138.42,0.7061,-1,-1,-1
989,81,1575.93,584.81,104.58,239.61,0.6465,-1,-1,-1
989,87,835.06,313.65,70.61,203.99,0.6209,-1,-1,-1
989,88,919.04,300.71,67.58,208.14,0.6215,-1,-1,-1
989,92,299.46,459.81,78.42,193.91,0.4853,-1,-1,-1
989,93,387.88,442.71,72.47,217.90,0.6150,-1,-1,-1
989,98,399.09,258.00,72.22,199.39,0.4672,-1,-1,-1
989,104,1187.54,664.55,89.22,245.11,0.7233,-1,-1,-1
989,105,1188.93,123.42,52.51,166.14,0.3303,-1,-1,-1
989,108,1740.44,669.58,91.39,252.69,0.6843,-1,-1,-1
989,110,1672.24,145.50,52.64,156.90,0.4345,-1,-1,-1
989,116,494.60,256.94,66.62,186.96,0.4883,-1,-1,-1
989,118,313.94,274.44,56.41,177.26,0.3820,-1,-1,-1
990,4,1721.29,457.54,75.61,208.39,0.5168,-1,-1,-1
990,73,327.67,843.46,94.55,236.54,0.7772,-1,-1,-1
990,80,910.02,941.68,66.90,138.31,0.7078,-1,-1,-1
990,81,1574.24,585.14,105.74,239.29,0.6416,-1,-1,-1
990,87,835.18,312.73,70.84,204.76,0.6361,-1,-1,-1
990,88,920.29,300.55,66.65,206.84,0.6095,-1,-1,-1
990,92,298.97,459.75,77.91,194.66,0.4843,-1,-1,-1
990,93,388.01,444.52,72.98,218.14,0.6320,-1,-1,-1
990,98,407.09,262.14,61.24,199.27,0.4406,-1,-1,-1
990,104,1186.92,663.82,86.85,239.81,0.7090,-1,-1,-1
990,105,1191.11,121.97,50.80,168.02,0.4000,-1,-1,-1
990,108,1740.41,668.54,90.31,253.16,0.6726,-1,-1,-1
990,110,1673.31,145.11,53.33,159.66,0.4372,-1,-1,-1
990,116,497.72,259.31,63.74,186.03,0.4603,-1,-1,-1
990,118,315.04,275.79,54.99,175.20,0.3138,-1,-1,-1
991,4,1719.61,458.04,78.48,208.71,0.5165,-1,-1,-1
991,73,327.50,844.98,94.07,235.02,0.7794,-1,-1,-1
991,80,909.99,942.84,66.71,137.18,0.7297,-1,-1,-1
991,81,1574.40,585.73,107.89,238.87,0.6629,-1,-1,-1
991,87,835.55,311.91,69.63,203.12,0.6168,-1,-1,-1
991,88,920.58,299.88,65.75,211.32,0.5673,-1,-1,-1
991,92,298.99,458.44,77.59,195.16,0.4329,-1,-1,-1
991,93,386.75,445.07,73.41,220.35,0.5914,-1,-1,-1
991,98,401.89,263.10,65.45,202.27,0.4701,-1,-1,-1
991,104,1186.76,661.77,87.11,254.57,0.7372,-1,-1,-1
991,108,1739.21,667.84,90.48,254.54,0.6914,-1,-1,-1
991,110,1673.40,145.52,55.33,161.55,0.4351,-1,-1,-1
991,116,498.75,260.67,61.90,186.81,0.5423,-1,-1,-1
991,118,315.39,274.33,56.16,177.70,0.3038,-1,-1,-1
992,4,1719.01,458.00,79.54,208.50,0.5468,-1,-1,-1
992,73,327.60,846.45,93.04,233.54,0.7838,-1,-1,-1
992,80,908.95,943.11,66.61,136.88,0.7292,-1,-1,-1
992,81,1575.25,585.07,106.99,239.32,0.6802,-1,-1,-1
992,87,835.36,310.94,68.83,197.39,0.6176,-1,-1,-1
992,88,919.68,300.18,66.87,211.23,0.6111,-1,-1,-1
992,92,299.75,456.76,77.81,196.76,0.4766,-1,-1,-1
992,93,385.21,448.42,74.00,218.55,0.6132,-1,-1,-1
992,98,399.92,263.31,68.29,205.94,0.5013,-1,-1,-1
992,104,1184.01,660.17,87.52,258.77,0.7234,-1,-1,-1
992,105,1191.13,119.44,59.55,173.10,0.3272,-1,-1,-1
992,108,1739.89,668.70,89.27,254.32,0.6793,-1,-1,-1
992,110,1672.37,146.62,58.54,161.91,0.4460,-1,-1,-1
992,116,496.30,261.87,64.42,187.70,0.5679,-1,-1,-1
993,4,1719.59,457.22,78.15,210.20,0.5236,-1,-1,-1
993,73,327.58,847.66,92.59,232.34,0.7817,-1,-1,-1
993,80,908.52,943.96,67.51,136.05,0.7402,-1,-1,-1
993,81,1574.77,585.43,106.90,238.67,0.6828,-1,-1,-1
993,87,837.06,310.57,66.57,197.58,0.6131,-1,-1,-1
993,88,921.78,299.14,63.95,211.12,0.5873,-1,-1,-1
993,92,302.62,461.25,76.00,194.08,0.5124,-1,-1,-1
993,93,383.31,452.44,75.27,218.66,0.6139,-1,-1,-1
993,98,398.96,264.66,70.31,201.90,0.5002,-1,-1,-1
993,104,1182.44,658.46,88.51,254.21,0.7070,-1,-1,-1
993,105,1191.79,120.25,61.09,174.17,0.3515,-1,-1,-1
993,108,1740.21,667.53,91.40,255.68,0.6831,-1,-1,-1
993,110,1672.09,147.80,60.27,164.33,0.3884,-1,-1,-1
993,116,497.19,263.08,64.05,186.42,0.5462,-1,-1,-1
993,118,313.10,278.18,57.52,177.33,0.3278,-1,-1,-1
994,4,1718.66,458.03,79.78,209.47,0.5430,-1,-1,-1
994,73,328.74,849.87,90.09,230.14,0.7851,-1,-1,-1
994,80,906.47,943.90,69.97,136.09,0.7348,-1,-1,-1
994,81,1575.82,585.39,105.51,238.86,0.6776,-1,-1,-1
994,87,839.29,307.55,62.89,200.38,0.6291,-1,-1,-1
994,88,922.54,297.47,65.91,210.18,0.5912,-1,-1,-1
994,92,305.47,462.99,72.72,194.25,0.5319,-1,-1,-1
994,93,381.26,454.42,76.13,217.14,0.6200,-1,-1,-1
994,98,401.70,265.85,65.57,203.41,0.5165,-1,-1,-1
994,104,1181.27,656.25,87.87,259.93,0.7175,-1,-1,-1
994,105,1192.63,122.04,60.67,176.42,0.3020,-1,-1,-1
994,108,1737.32,670.85,98.09,253.43,0.6769,-1,-1,-1
994,110,1669.58,149.72,63.68,162.83,0.3434,-1,-1,-1
994,116,499.36,264.55,62.69,184.43,0.5246,-1,-1,-1
994,118,315.22,279.47,58.83,174.23,0.3580,-1,-1,-1
995,4,1719.35,458.25,79.21,208.80,0.5494,-1,-1,-1
995,73,329.36,852.52,90.46,227.50,0.7779,-1,-1,-1
995,80,906.65,944.67,69.17,135.34,0.7333,-1,-1,-1
995,81,1576.75,586.56,103.92,237.70,0.6638,-1,-1,-1
995,87,839.88,305.72,62.58,196.75,0.5837,-1,-1,-1
995,88,921.87,295.35,66.61,210.40,0.5858,-1,-1,-1
995,92,306.04,463.45,71.82,197.23,0.5616,-1,-1,-1
995,93,381.71,455.40,74.92,217.72,0.6161,-1,-1,-1
995,98,402.61,265.66,63.57,207.07,0.5077,-1,-1,-1
995,104,1177.43,654.18,86.72,252.73,0.7371,-1,-1,-1
995,108,1737.80,670.41,96.86,254.49,0.6803,-1,-1,-1
995,110,1668.89,152.75,65.95,161.76,0.3464,-1,-1,-1
995,116,499.85,265.80,62.54,184.11,0.4959,-1,-1,-1
995,118,313.56,279.67,58.72,178.17,0.3528,-1,-1,-1
996,4,1720.15,458.37,77.96,208.08,0.5567,-1,-1,-1
996,73,329.44,853.56,90.44,226.43,0.7836,-1,-1,-1
996,80,906.98,945.23,67.82,134.77,0.7313,-1,-1,-1
996,81,1575.97,586.02,104.24,237.97,0.6563,-1,-1,-1
996,87,840.44,304.13,62.09,195.45,0.6330,-1,-1,-1
996,88,922.07,293.62,68.76,209.73,0.5695,-1,-1,-1
996,92,307.85,463.43,69.13,204.13,0.5761,-1,-1,-1
996,93,380.24,456.07,76.05,217.03,0.6266,-1,-1,-1
996,98,402.86,268.31,62.85,208.12,0.5282,-1,-1,-1
996,104,1177.37,651.55,85.63,258.42,0.7636,-1,-1,-1
996,108,1740.41,669.86,90.23,252.77,0.6783,-1,-1,-1
996,110,1670.26,153.99,63.98,163.81,0.3364,-1,-1,-1
996,116,499.76,265.57,63.36,185.12,0.4852,-1,-1,-1
996,118,312.04,278.64,57.87,179.01,0.3616,-1,-1,-1
997,4,1720.22,458.05,78.56,208.69,0.5358,-1,-1,-1
997,73,328.95,857.44,91.76,222.60,0.7795,-1,-1,-1
997,80,906.14,945.52,68.71,134.47,0.7350,-1,-1,-1
997,81,1576.30,586.60,103.19,237.25,0.6559,-1,-1,-1
997,87,841.77,302.13,60.18,194.80,0.6107,-1,-1,-1
997,88,922.92,290.84,65.58,211.27,0.5848,-1,-1,-1
997,92,307.52,464.91,70.33,204.94,0.5939,-1,-1,-1
997,93,380.96,456.70,76.00,216.66,0.6301,-1,-1,-1
997,98,400.79,267.10,64.20,209.15,0.4743,-1,-1,-1
997,104,1176.14,647.81,84.26,256.76,0.7589,-1,-1,-1
997,108,1741.31,670.30,88.24,251.81,0.6758,-1,-1,-1
997,110,1669.71,156.05,65.98,162.76,0.3436,-1,-1,-1
997,116,503.22,263.93,60.95,185.84,0.5058,-1,-1,-1
997,118,310.98,278.29,57.29,183.24,0.3519,-1,-1,-1
998,4,1721.78,458.34,76.47,209.04,0.5766,-1,-1,-1
998,73,329.36,860.67,91.29,219.36,0.7688,-1,-1,-1
998,80,905.31,945.50,69.21,134.49,0.7314,-1,-1,-1
998,81,1576.60,586.68,104.07,237.90,0.6740,-1,-1,-1
998,87,842.56,298.65,60.88,196.48,0.5725,-1,-1,-1
998,88,923.11,288.41,67.04,210.52,0.5797,-1,-1,-1
998,92,307.38,468.62,71.34,202.72,0.5815,-1,-1,-1
998,93,379.91,457.41,78.18,216.31,0.5855,-1,-1,-1
998,98,400.11,268.69,63.78,207.02,0.4008,-1,-1,-1
998,104,1176.24,642.01,83.43,256.63,0.7626,-1,-1,-1
998,108,1741.40,670.02,87.75,254.75,0.6839,-1,-1,-1
998,110,1669.66,159.30,66.94,159.64,0.4053,-1,-1,-1
998,116,503.97,264.08,60.87,186.27,0.5318,-1,-1,-1
998,118,311.31,278.78,59.31,183.12,0.3916,-1,-1,-1
999,4,1721.06,458.20,76.68,209.43,0.5487,-1,-1,-1
999,73,329.78,864.50,91.70,215.53,0.7803,-1,-1,-1
999,80,905.45,945.92,68.86,134.08,0.7228,-1,-1,-1
999,81,1578.25,586.82,102.41,237.17,0.6481,-1,-1,-1
999,87,843.14,296.59,60.53,197.66,0.5639,-1,-1,-1
999,88,924.23,286.15,69.29,210.64,0.5778,-1,-1,-1
999,92,307.91,467.39,70.39,205.72,0.5905,-1,-1,-1
999,93,378.87,457.15,79.84,216.74,0.5331,-1,-1,-1
999,98,401.39,269.70,61.95,205.18,0.4260,-1,-1,-1
999,104,1175.94,638.49,82.45,254.53,0.7534,-1,-1,-1
999,108,1741.39,669.22,88.74,254.37,0.6788,-1,-1,-1
999,110,1671.55,161.90,64.99,160.35,0.4190,-1,-1,-1
999,116,502.47,265.55,62.14,185.97,0.5102,-1,-1,-1
1000,4,1721.40,457.56,75.46,209.76,0.5489,-1,-1,-1
1000,73,330.58,867.79,91.39,212.23,0.7950,-1,-1,-1
1000,80,905.75,946.12,68.23,133.87,0.7308,-1,-1,-1
1000,81,1576.87,586.14,102.45,237.88,0.6531,-1,-1,-1
1000,87,843.00,295.29,60.80,200.43,0.5320,-1,-1,-1
1000,88,925.79,284.28,65.63,206.33,0.5488,-1,-1,-1
1000,92,306.87,470.72,71.81,203.57,0.6246,-1,-1,-1
1000,93,377.17,457.64,83.61,216.77,0.5384,-1,-1,-1
1000,98,400.32,269.55,66.06,207.15,0.3397,-1,-1,-1
1000,104,1174.13,636.84,84.74,252.77,0.7518,-1,-1,-1
1000,108,1742.01,672.01,88.97,252.06,0.6622,-1,-1,-1
1000,110,1673.18,163.16,62.78,161.57,0.3703,-1,-1,-1
1000,116,503.43,264.72,62.04,185.87,0.4713,-1,-1,-1
1000,118,309.89,279.83,59.41,185.95,0.3017,-1,-1,-1
1001,4,1720.48,458.57,75.51,209.09,0.5611,-1,-1,-1
1001,73,332.85,870.36,90.78,209.64,0.7963,-1,-1,-1
1001,80,905.26,946.60,69.14,133.40,0.7319,-1,-1,-1
1001,81,1574.23,586.17,105.60,237.82,0.6568,-1,-1,-1
1001,87,843.47,294.67,60.34,201.09,0.5515,-1,-1,-1
1001,88,926.40,282.84,65.55,202.51,0.5576,-1,-1,-1
1001,92,306.44,471.90,72.77,201.99,0.5711,-1,-1,-1
1001,93,377.08,457.70,80.88,216.56,0.5263,-1,-1,-1
1001,98,399.01,269.46,68.43,206.09,0.3873,-1,-1,-1
1001,104,1175.17,634.91,84.39,254.19,0.7636,-1,-1,-1
1001,108,1741.81,668.12,86.10,255.72,0.6404,-1,-1,-1
1001,110,1674.05,163.97,61.45,161.19,0.3793,-1,-1,-1
1001,116,503.07,267.23,61.96,186.34,0.4794,-1,-1,-1
1001,118,308.36,280.21,60.62,186.13,0.3203,-1,-1,-1
1002,4,1721.07,458.27,73.84,210.26,0.5527,-1,-1,-1
1002,73,334.59,873.69,90.79,206.33,0.7897,-1,-1,-1
1002,80,904.07,946.69,69.69,133.30,0.7412,-1,-1,-1
1002,81,1573.00,586.80,107.34,237.50,0.6613,-1,-1,-1
1002,87,843.22,294.51,60.15,203.01,0.5458,-1,-1,-1
1002,88,927.52,282.13,62.47,203.39,0.5636,-1,-1,-1
1002,92,304.67,476.28,74.66,198.38,0.5343,-1,-1,-1
1002,93,379.10,458.14,80.37,216.10,0.5530,-1,-1,-1
1002,104,1175.70,633.12,84.03,256.57,0.7692,-1,-1,-1
1002,108,1743.06,671.41,83.22,253.12,0.6521,-1,-1,-1
1002,110,1674.79,164.16,60.84,160.81,0.3229,-1,-1,-1
1002,116,502.16,268.40,63.11,188.03,0.5034,-1,-1,-1
1002,118,306.58,280.61,62.96,188.17,0.3102,-1,-1,-1
1003,4,1720.65,459.72,73.31,209.28,0.5562,-1,-1,-1
1003,73,336.68,875.86,89.06,204.13,0.7922,-1,-1,-1
1003,80,905.41,947.55,68.42,132.47,0.7488,-1,-1,-1
1003,81,1574.02,588.15,106.83,235.98,0.6750,-1,-1,-1
1003,87,842.98,293.91,60.84,203.07,0.5562,-1,-1,-1
1003,88,926.93,279.83,64.85,202.87,0.5800,-1,-1,-1
1003,92,302.85,473.49,76.61,200.46,0.5410,-1,-1,-1
1003,93,379.18,459.28,78.87,215.65,0.5895,-1,-1,-1
1003,98,397.56,263.94,71.06,211.55,0.3291,-1,-1,-1
1003,104,1174.32,629.78,84.40,260.13,0.7759,-1,-1,-1
1003,108,1744.12,673.55,85.02,252.05,0.6628,-1,-1,-1
1003,110,1676.63,163.55,59.01,161.48,0.3415,-1,-1,-1
1003,116,500.77,270.24,64.95,191.06,0.5762,-1,-1,-1
1003,118,307.00,281.40,63.63,187.79,0.3873,-1,-1,-1
1004,4,1719.47,458.39,74.64,210.57,0.5258,-1,-1,-1
1004,73,338.70,877.85,89.26,202.14,0.7991,-1,-1,-1
1004,80,904.53,947.60,68.95,132.39,0.7352,-1,-1,-1
1004,81,1574.24,587.85,106.52,236.46,0.6680,-1,-1,-1
1004,87,844.71,294.20,57.42,205.23,0.5933,-1,-1,-1
1004,88,926.69,280.63,63.30,202.34,0.6019,-1,-1,-1
1004,92,301.45,473.28,76.18,199.54,0.4468,-1,-1,-1
1004,93,379.66,458.16,79.41,219.31,0.6280,-1,-1,-1
1004,104,1172.43,630.25,85.56,258.18,0.7750,-1,-1,-1
1004,108,1744.38,673.16,86.50,253.81,0.6368,-1,-1,-1
1004,110,1679.06,163.98,57.75,161.93,0.3162,-1,-1,-1
1004,116,501.38,272.30,64.16,190.68,0.5791,-1,-1,-1
1004,118,306.27,283.68,63.80,184.32,0.4082,-1,-1,-1
1004,119,593.00,549.50,87.19,242.57,0.4451,-1,-1,-1
1005,4,1720.14,458.00,73.35,212.04,0.5427,-1,-1,-1
1005,73,341.09,878.70,88.85,201.28,0.8005,-1,-1,-1
1005,80,904.25,947.73,69.25,132.27,0.7350,-1,-1,-1
1005,81,1574.87,587.69,106.27,236.98,0.6477,-1,-1,-1
1005,87,844.56,293.81,57.47,205.03,0.6140,-1,-1,-1
1005,88,927.84,279.48,63.08,202.72,0.6237,-1,-1,-1
1005,92,318.35,482.11,60.59,190.13,0.4012,-1,-1,-1
1005,93,380.01,459.62,79.07,222.21,0.5913,-1,-1,-1
1005,104,1170.93,628.57,85.64,260.11,0.7778,-1,-1,-1
1005,108,1744.52,673.84,87.83,253.69,0.6366,-1,-1,-1
1005,110,1678.43,164.84,59.35,159.25,0.3718,-1,-1,-1
1005,116,500.06,274.91,64.80,187.67,0.6125,-1,-1,-1
1005,118,305.68,285.87,63.86,184.21,0.4620,-1,-1,-1
1005,119,600.73,547.59,75.50,243.43,0.4580,-1,-1,-1
1006,4,1719.41,457.79,74.03,211.01,0.5263,-1,-1,-1
1006,73,342.35,880.82,89.84,199.18,0.8024,-1,-1,-1
1006,80,904.83,949.00,68.41,131.02,0.7281,-1,-1,-1
1006,81,1574.54,588.71,106.44,235.89,0.6679,-1,-1,-1
1006,87,843.98,292.21,59.30,203.33,0.6553,-1,-1,-1
1006,88,929.06,279.17,61.80,202.21,0.5949,-1,-1,-1
1006,92,320.94,483.20,58.61,187.21,0.4028,-1,-1,-1
1006,93,381.51,460.50,78.31,222.41,0.5398,-1,-1,-1
1006,104,1168.96,628.10,87.57,261.38,0.7659,-1,-1,-1
1006,108,1745.58,670.97,88.16,254.54,0.5952,-1,-1,-1
1006,110,1680.07,165.51,59.55,158.09,0.3661,-1,-1,-1
1006,116,502.24,277.23,62.12,186.70,0.5681,-1,-1,-1
1006,118,307.86,288.82,62.15,184.68,0.4339,-1,-1,-1
1006,119,598.21,547.32,79.07,244.67,0.4778,-1,-1,-1
1007,4,1719.04,458.39,75.89,210.80,0.5490,-1,-1,-1
1007,73,343.82,882.55,91.24,197.44,0.8144,-1,-1,-1
1007,80,905.09,948.74,67.79,131.24,0.7242,-1,-1,-1
1007,81,1575.50,589.94,104.80,234.38,0.6647,-1,-1,-1
1007,87,844.13,291.08,59.54,201.55,0.6931,-1,-1,-1
1007,88,931.32,275.22,58.33,206.26,0.6569,-1,-1,-1
1007,92,320.22,482.33,59.99,188.06,0.4474,-1,-1,-1
1007,93,384.89,466.67,79.38,225.41,0.5607,-1,-1,-1
1007,104,1167.11,628.45,88.44,258.84,0.7631,-1,-1,-1
1007,108,1746.48,670.51,88.93,257.51,0.6238,-1,-1,-1
1007,110,1683.76,165.86,56.68,157.75,0.3582,-1,-1,-1
1007,116,502.30,279.92,62.38,187.69,0.5992,-1,-1,-1
1007,118,306.79,291.38,63.08,185.82,0.4824,-1,-1,-1
1007,119,597.91,547.81,79.31,243.93,0.4775,-1,-1,-1
1008,4,1718.88,458.42,75.48,211.24,0.5499,-1,-1,-1
1008,73,344.92,883.41,92.35,196.57,0.8084,-1,-1,-1
1008,80,904.81,949.22,68.06,130.79,0.7354,-1,-1,-1
1008,81,1575.39,588.70,105.51,236.16,0.6719,-1,-1,-1
1008,87,844.70,288.53,59.29,201.85,0.6847,-1,-1,-1
1008,88,931.60,273.95,57.67,208.20,0.6633,-1,-1,-1
1008,92,318.76,483.59,62.32,189.33,0.4972,-1,-1,-1
1008,93,382.28,463.71,79.39,223.77,0.5743,-1,-1,-1
1008,98,390.13,275.87,77.30,156.27,0.3340,-1,-1,-1
1008,104,1165.16,626.85,87.34,259.50,0.7602,-1,-1,-1
1008,108,1746.11,672.71,88.44,255.67,0.5957,-1,-1,-1
1008,110,1685.72,165.91,55.62,157.40,0.3620,-1,-1,-1
1008,116,500.45,280.89,63.63,189.31,0.5670,-1,-1,-1
1008,118,305.71,292.22,63.84,186.73,0.4918,-1,-1,-1
1008,119,597.16,548.16,79.90,244.16,0.5271,-1,-1,-1
1009,4,1719.77,458.12,76.97,212.20,0.5564,-1,-1,-1
1009,73,345.26,886.19,96.47,193.82,0.8106,-1,-1,-1
1009,80,904.95,949.78,67.82,130.23,0.7390,-1,-1,-1
1009,81,1575.41,589.33,105.98,235.68,0.6874,-1,-1,-1
1009,87,844.60,287.60,60.09,196.50,0.6420,-1,-1,-1
1009,88,929.02,277.54,60.85,204.63,0.6113,-1,-1,-1
1009,92,318.11,484.13,63.40,189.93,0.4907,-1,-1,-1
1009,93,381.21,465.70,82.19,224.53,0.5715,-1,-1,-1
1009,98,389.79,282.73,75.17,190.28,0.3294,-1,-1,-1
1009,104,1160.28,624.97,87.16,260.13,0.7597,-1,-1,-1
1009,108,1744.90,671.68,90.74,252.98,0.5844,-1,-1,-1
1009,110,1687.20,167.24,54.77,158.44,0.3432,-1,-1,-1
1009,116,501.45,279.86,61.63,191.02,0.5669,-1,-1,-1
1009,118,305.17,293.87,63.00,182.91,0.4542,-1,-1,-1
1009,119,593.42,547.97,83.65,244.55,0.5682,-1,-1,-1
1010,4,1718.75,457.71,78.73,212.32,0.5381,-1,-1,-1
1010,73,346.29,887.90,96.44,192.09,0.8097,-1,-1,-1
1010,80,904.40,949.57,68.84,130.41,0.7318,-1,-1,-1
1010,81,1575.54,588.95,105.62,235.08,0.6759,-1,-1,-1
1010,87,844.30,285.27,60.48,197.45,0.6322,-1,-1,-1
1010,88,929.51,276.79,61.06,206.31,0.6285,-1,-1,-1
1010,92,316.86,484.03,64.54,192.25,0.4844,-1,-1,-1
1010,93,380.92,467.26,82.19,226.54,0.5132,-1,-1,-1
1010,104,1157.71,623.30,89.48,258.68,0.7589,-1,-1,-1
1010,108,1742.94,670.74,94.11,250.84,0.5454,-1,-1,-1
1010,110,1688.64,167.34,54.91,158.82,0.3132,-1,-1,-1
1010,116,501.49,282.58,60.56,189.69,0.5172,-1,-1,-1
1010,118,305.50,294.21,61.28,182.21,0.4091,-1,-1,-1
1010,119,592.21,549.79,85.05,242.68,0.5758,-1,-1,-1
1011,4,1717.92,456.76,79.20,213.21,0.5520,-1,-1,-1
1011,73,348.29,890.46,96.81,189.55,0.8002,-1,-1,-1
1011,80,904.26,949.60,68.47,130.39,0.7366,-1,-1,-1
1011,81,1575.01,590.18,105.25,234.65,0.6664,-1,-1,-1
1011,87,845.23,282.41,61.03,194.86,0.5820,-1,-1,-1
1011,88,928.47,276.45,62.53,205.30,0.6183,-1,-1,-1
1011,92,316.03,484.94,64.75,195.46,0.4339,-1,-1,-1
1011,93,379.99,467.89,82.83,228.23,0.4548,-1,-1,-1
1011,104,1156.43,621.40,90.10,260.10,0.7505,-1,-1,-1
1011,108,1737.61,672.04,99.60,251.08,0.4295,-1,-1,-1
1011,110,1688.81,169.02,55.32,158.54,0.3305,-1,-1,-1
1011,116,501.40,282.55,59.68,190.66,0.4516,-1,-1,-1
1011,118,306.66,295.88,58.75,183.53,0.3646,-1,-1,-1
1011,119,592.00,549.02,85.62,243.41,0.5553,-1,-1,-1
1012,4,1718.02,456.27,78.91,213.16,0.5416,-1,-1,-1
1012,73,348.35,893.18,100.16,186.82,0.8091,-1,-1,-1
1012,80,903.83,949.35,69.64,130.63,0.7304,-1,-1,-1
1012,81,1574.24,588.28,106.13,236.34,0.6593,-1,-1,-1
1012,87,844.88,281.34,59.74,194.14,0.5899,-1,-1,-1
1012,88,930.67,273.83,60.99,205.82,0.5721,-1,-1,-1
1012,92,315.56,486.64,65.75,200.73,0.4076,-1,-1,-1
1012,93,380.25,469.52,80.96,227.36,0.4326,-1,-1,-1
1012,98,385.51,280.52,72.70,200.71,0.3040,-1,-1,-1
1012,104,1154.45,618.51,89.92,261.09,0.7543,-1,-1,-1
1012,108,1735.78,675.92,100.59,251.10,0.4110,-1,-1,-1
1012,110,1688.62,170.54,56.79,157.71,0.3017,-1,-1,-1
1012,116,499.24,283.62,61.68,188.63,0.4220,-1,-1,-1
1012,118,305.99,296.53,58.09,183.68,0.3181,-1,-1,-1
1012,119,590.15,550.22,87.34,242.79,0.5633,-1,-1,-1
1013,4,1717.24,456.13,80.15,212.93,0.5707,-1,-1,-1
1013,73,349.72,895.88,100.90,184.12,0.8035,-1,-1,-1
1013,80,903.95,949.16,68.87,130.83,0.7069,-1,-1,-1
1013,81,1574.95,589.53,106.12,235.19,0.6643,-1,-1,-1
1013,87,845.50,279.87,59.02,196.70,0.6103,-1,-1,-1
1013,88,929.99,271.87,61.53,206.43,0.5837,-1,-1,-1
1013,92,314.16,487.64,66.02,205.97,0.3971,-1,-1,-1
1013,93,380.33,471.27,81.04,226.73,0.4639,-1,-1,-1
1013,98,384.12,277.88,74.60,202.70,0.3613,-1,-1,-1
1013,104,1154.88,616.25,88.25,258.44,0.7500,-1,-1,-1
1013,108,1732.49,673.49,105.49,254.08,0.3506,-1,-1,-1
1013,116,496.95,283.94,62.68,188.15,0.4212,-1,-1,-1
1013,118,300.67,297.84,62.82,187.40,0.3832,-1,-1,-1
1013,119,589.26,550.67,88.35,242.74,0.6116,-1,-1,-1
1014,4,1717.43,456.23,80.83,212.67,0.5497,-1,-1,-1
1014,73,350.07,897.59,101.85,182.40,0.8028,-1,-1,-1
1014,80,904.68,948.67,69.05,131.31,0.7121,-1,-1,-1
1014,81,1572.81,587.36,106.93,236.79,0.6498,-1,-1,-1
1014,87,843.14,278.56,60.75,197.75,0.5994,-1,-1,-1
1014,88,929.54,270.35,60.99,199.87,0.5364,-1,-1,-1
1014,92,294.33,489.01,84.16,207.52,0.4490,-1,-1,-1
1014,93,381.38,473.29,76.78,226.38,0.4529,-1,-1,-1
1014,104,1153.42,613.00,88.08,260.35,0.7438,-1,-1,-1
1014,108,1721.64,670.20,114.65,256.54,0.4744,-1,-1,-1
1014,116,495.03,285.10,64.92,187.88,0.4459,-1,-1,-1
1014,118,301.00,298.52,61.75,186.21,0.3515,-1,-1,-1
1014,119,588.34,551.06,87.93,242.71,0.5941,-1,-1,-1
1015,4,1717.29,455.86,81.71,212.77,0.5458,-1,-1,-1
1015,73,351.38,900.84,101.08,179.18,0.7933,-1,-1,-1
1015,80,903.73,949.20,69.50,130.81,0.7079,-1,-1,-1
1015,81,1573.64,589.18,107.20,235.86,0.6605,-1,-1,-1
1015,87,842.07,274.84,62.30,203.13,0.5939,-1,-1,-1
1015,88,929.67,270.27,58.75,200.55,0.5480,-1,-1,-1
1015,92,292.89,492.18,82.66,207.37,0.4842,-1,-1,-1
1015,93,380.45,473.98,80.41,226.23,0.5079,-1,-1,-1
1015,104,1154.90,611.11,83.22,254.70,0.7574,-1,-1,-1
1015,108,1719.67,670.90,117.07,257.84,0.4075,-1,-1,-1
1015,116,496.81,286.18,62.54,188.03,0.4476,-1,-1,-1
1015,118,299.34,299.64,63.32,185.19,0.3007,-1,-1,-1
1015,119,588.69,551.78,85.97,241.45,0.5569,-1,-1,-1
1016,4,1716.90,456.12,81.92,212.01,0.5175,-1,-1,-1
1016,73,351.94,903.71,102.38,176.11,0.8085,-1,-1,-1
1016,80,904.05,948.56,68.07,131.42,0.7220,-1,-1,-1
1016,81,1573.36,587.79,106.88,237.10,0.6536,-1,-1,-1
1016,87,842.60,276.61,62.07,199.22,0.5854,-1,-1,-1
1016,88,929.60,268.66,58.23,197.84,0.5467,-1,-1,-1
1016,92,293.33,495.70,80.82,205.53,0.4963,-1,-1,-1
1016,93,379.37,477.51,78.51,224.66,0.5184,-1,-1,-1
1016,104,1153.81,607.05,83.03,248.93,0.7733,-1,-1,-1
1016,108,1716.81,668.41,118.90,260.00,0.3898,-1,-1,-1
1016,110,1695.32,176.85,53.23,156.10,0.3259,-1,-1,-1
1016,116,495.87,286.17,62.76,188.17,0.4511,-1,-1,-1
1016,118,297.51,299.46,64.97,189.13,0.3594,-1,-1,-1
1016,119,587.17,551.00,86.67,242.58,0.5574,-1,-1,-1
1017,4,1717.16,456.88,81.55,212.81,0.4721,-1,-1,-1
1017,73,353.16,907.71,101.84,171.36,0.8148,-1,-1,-1
1017,80,903.90,948.65,68.29,131.35,0.7079,-1,-1,-1
1017,81,1573.71,588.28,105.55,237.06,0.6685,-1,-1,-1
1017,87,844.03,276.72,61.52,199.77,0.5926,-1,-1,-1
1017,88,929.30,265.70,59.13,197.09,0.5284,-1,-1,-1
1017,92,291.41,504.37,82.12,200.07,0.4690,-1,-1,-1
1017,93,378.98,479.10,78.19,223.08,0.4748,-1,-1,-1
1017,104,1152.46,603.52,82.98,245.73,0.7648,-1,-1,-1
1017,108,1722.68,675.48,108.15,254.07,0.4353,-1,-1,-1
1017,110,1694.95,178.20,55.98,159.14,0.3137,-1,-1,-1
1017,116,493.85,287.08,64.76,188.74,0.4708,-1,-1,-1
1017,118,296.63,299.01,66.12,190.73,0.3542,-1,-1,-1
1017,119,587.45,551.64,83.58,239.57,0.5833,-1,-1,-1
1018,4,1716.14,457.52,83.50,210.20,0.4674,-1,-1,-1
1018,73,353.77,911.53,102.99,167.25,0.8030,-1,-1,-1
1018,80,904.30,948.51,67.66,131.49,0.7166,-1,-1,-1
1018,81,1573.66,591.07,104.56,234.21,0.6464,-1,-1,-1
1018,87,843.36,276.26,62.20,201.03,0.5861,-1,-1,-1
1018,88,930.00,262.23,60.62,199.90,0.5214,-1,-1,-1
1018,92,289.87,507.36,83.46,199.13,0.4972,-1,-1,-1
1018,93,379.77,479.74,76.47,219.89,0.5371,-1,-1,-1
1018,104,1153.03,600.85,80.64,247.21,0.7486,-1,-1,-1
1018,108,1722.90,679.89,102.06,247.07,0.4476,-1,-1,-1
1018,110,1699.75,177.97,54.14,159.46,0.3376,-1,-1,-1
1018,116,493.70,288.56,64.24,190.63,0.4831,-1,-1,-1
1018,118,296.74,299.06,64.96,190.09,0.3595,-1,-1,-1
1018,119,586.74,551.61,83.58,239.27,0.5341,-1,-1,-1
1019,4,1716.27,457.42,83.13,209.72,0.4863,-1,-1,-1
1019,73,354.02,914.62,102.69,163.79,0.8014,-1,-1,-1
1019,80,903.12,948.21,67.73,131.78,0.7166,-1,-1,-1
1019,81,1573.69,590.54,104.03,235.25,0.6634,-1,-1,-1
1019,87,843.22,273.27,61.73,203.22,0.5806,-1,-1,-1
1019,88,926.42,260.40,65.58,200.71,0.5772,-1,-1,-1
1019,92,288.93,508.44,83.13,198.68,0.5360,-1,-1,-1
1019,93,379.72,481.94,76.70,216.32,0.5531,-1,-1,-1
1019,104,1152.63,598.88,81.13,247.52,0.7362,-1,-1,-1
1019,108,1721.73,677.01,97.69,247.04,0.4618,-1,-1,-1
1019,110,1701.32,177.05,54.14,160.83,0.3697,-1,-1,-1
1019,116,493.30,289.12,65.11,194.61,0.4641,-1,-1,-1
1019,118,294.79,298.96,64.70,190.88,0.3831,-1,-1,-1
1019,119,587.18,550.99,83.60,241.57,0.4867,-1,-1,-1
1020,4,1718.01,454.44,81.23,205.34,0.4871,-1,-1,-1
1020,73,354.82,917.19,102.57,161.72,0.8049,-1,-1,-1
1020,80,903.49,947.35,67.78,132.54,0.7095,-1,-1,-1
1020,81,1575.11,589.41,103.47,236.46,0.6437,-1,-1,-1
1020,87,843.48,275.60,62.20,199.89,0.5936,-1,-1,-1
1020,88,924.28,259.95,66.95,199.03,0.5339,-1,-1,-1
1020,92,287.49,508.32,83.28,197.75,0.4309,-1,-1,-1
1020,93,379.56,482.86,77.44,214.91,0.5439,-1,-1,-1
1020,104,1150.25,596.25,83.58,250.11,0.7273,-1,-1,-1
1020,108,1720.58,672.52,95.87,251.83,0.4645,-1,-1,-1
1020,110,1703.05,177.34,53.00,161.47,0.4363,-1,-1,-1
1020,116,493.95,291.86,65.10,192.92,0.4689,-1,-1,-1
1020,118,294.26,298.54,64.54,190.85,0.4008,-1,-1,-1
1020,119,584.98,551.42,85.18,240.41,0.5323,-1,-1,-1
1021,4,1718.69,454.52,81.01,202.95,0.5038,-1,-1,-1
1021,73,356.32,918.22,100.95,160.52,0.8075,-1,-1,-1
1021,80,902.29,945.67,68.80,134.27,0.7018,-1,-1,-1
1021,81,1575.02,589.45,103.37,237.40,0.6527,-1,-1,-1
1021,87,843.65,274.69,61.92,199.83,0.6059,-1,-1,-1
1021,88,926.31,258.16,65.84,196.40,0.5389,-1,-1,-1
1021,92,284.08,506.70,88.17,198.97,0.5317,-1,-1,-1
1021,93,378.58,484.74,78.96,215.60,0.5567,-1,-1,-1
1021,104,1147.97,593.76,84.11,251.56,0.7214,-1,-1,-1
1021,108,1715.94,672.38,92.45,250.67,0.5404,-1,-1,-1
1021,110,1703.48,178.17,54.28,161.54,0.4311,-1,-1,-1
1021,116,492.15,294.46,66.64,190.19,0.4923,-1,-1,-1
1021,118,292.49,299.72,66.26,193.08,0.4332,-1,-1,-1
1021,119,583.93,550.52,86.29,240.39,0.5172,-1,-1,-1
1022,4,1718.65,454.47,80.55,198.77,0.5128,-1,-1,-1
1022,73,358.37,920.14,98.96,158.78,0.8165,-1,-1,-1
1022,80,902.82,946.46,67.46,133.35,0.7121,-1,-1,-1
1022,81,1576.80,589.11,101.37,237.54,0.6495,-1,-1,-1
1022,87,843.58,273.28,61.79,199.09,0.6094,-1,-1,-1
1022,88,925.39,258.49,66.83,197.11,0.5727,-1,-1,-1
1022,92,306.94,508.59,64.16,195.76,0.4167,-1,-1,-1
1022,93,378.27,485.94,80.30,225.09,0.5685,-1,-1,-1
1022,98,375.98,296.07,73.22,195.56,0.3464,-1,-1,-1
1022,104,1147.56,593.44,85.84,252.70,0.7301,-1,-1,-1
1022,108,1714.59,671.78,92.20,247.72,0.5990,-1,-1,-1
1022,110,1702.48,178.16,57.31,163.05,0.4391,-1,-1,-1
1022,116,492.40,296.31,66.23,188.48,0.4947,-1,-1,-1
1022,118,292.36,299.57,65.30,193.60,0.4445,-1,-1,-1
1022,119,583.60,549.81,85.20,240.79,0.5293,-1,-1,-1
1023,4,1719.04,454.86,80.91,194.02,0.5302,-1,-1,-1
1023,73,358.49,922.48,98.91,156.27,0.8096,-1,-1,-1
1023,80,902.77,945.82,66.93,133.80,0.7107,-1,-1,-1
1023,81,1574.64,587.70,103.74,239.09,0.5953,-1,-1,-1
1023,87,843.27,273.39,61.81,194.99,0.5970,-1,-1,-1
1023,88,926.97,257.62,64.82,199.26,0.5377,-1,-1,-1
1023,92,288.43,504.54,82.91,200.52,0.4448,-1,-1,-1
1023,93,378.31,485.91,80.66,229.36,0.5625,-1,-1,-1
1023,98,376.12,297.82,70.24,196.69,0.3456,-1,-1,-1
1023,104,1147.88,591.16,84.77,255.05,0.7125,-1,-1,-1
1023,108,1712.86,674.60,92.90,245.67,0.6410,-1,-1,-1
1023,110,1701.96,178.77,58.55,165.36,0.4235,-1,-1,-1
1023,116,491.62,298.12,66.86,191.44,0.5011,-1,-1,-1
1023,118,290.08,300.55,66.75,192.16,0.4701,-1,-1,-1
1023,119,583.36,549.96,83.84,239.76,0.4697,-1,-1,-1
1024,4,1719.24,454.57,79.35,191.29,0.5644,-1,-1,-1
1024,73,359.09,924.74,98.98,154.37,0.8090,-1,-1,-1
1024,80,903.42,946.44,66.93,133.55,0.7231,-1,-1,-1
1024,81,1574.75,587.53,103.38,239.22,0.6001,-1,-1,-1
1024,87,842.76,271.69,62.17,192.80,0.6219,-1,-1,-1
1024,88,927.90,257.42,63.72,202.20,0.5891,-1,-1,-1
1024,92,286.54,504.94,83.66,200.31,0.4663,-1,-1,-1
1024,93,378.39,487.35,80.49,229.32,0.5556,-1,-1,-1
1024,104,1145.99,589.70,86.64,254.90,0.6898,-1,-1,-1
1024,108,1711.82,675.83,92.05,244.19,0.5932,-1,-1,-1
1024,110,1701.47,180.25,60.24,166.66,0.3555,-1,-1,-1
1024,116,491.94,298.78,66.12,194.50,0.5345,-1,-1,-1
1024,118,289.08,302.09,66.51,192.06,0.4824,-1,-1,-1
1024,119,584.88,549.63,81.04,239.84,0.4891,-1,-1,-1
1025,4,1718.88,454.54,80.67,192.18,0.5432,-1,-1,-1
1025,73,360.30,926.11,98.14,153.50,0.8113,-1,-1,-1
1025,80,902.97,946.04,65.77,133.72,0.7140,-1,-1,-1
1025,81,1574.53,587.45,102.42,239.54,0.5716,-1,-1,-1
1025,87,842.82,268.18,61.85,195.90,0.6658,-1,-1,-1
1025,88,930.76,257.60,60.50,204.16,0.5805,-1,-1,-1
1025,92,286.64,506.30,82.29,198.74,0.4788,-1,-1,-1
1025,93,377.97,488.45,78.51,232.12,0.5165,-1,-1,-1
1025,104,1143.69,588.65,88.99,254.26,0.6880,-1,-1,-1
1025,108,1711.20,678.11,88.01,242.27,0.6032,-1,-1,-1
1025,110,1699.33,182.14,62.18,172.13,0.3620,-1,-1,-1
1025,116,492.59,300.23,66.08,194.99,0.5060,-1,-1,-1
1025,118,288.20,303.10,66.83,193.41,0.4816,-1,-1,-1
1025,119,584.64,546.76,78.59,242.41,0.4628,-1,-1,-1
1026,4,1718.87,454.19,80.51,190.63,0.5670,-1,-1,-1
1026,73,362.00,927.96,96.92,151.14,0.8077,-1,-1,-1
1026,80,902.02,945.75,66.58,134.06,0.7179,-1,-1,-1
1026,81,1576.23,589.04,101.56,238.21,0.6187,-1,-1,-1
1026,87,843.73,266.86,61.37,190.41,0.6345,-1,-1,-1
1026,88,932.64,256.82,59.30,204.01,0.6001,-1,-1,-1
1026,92,289.04,504.13,79.65,199.82,0.4842,-1,-1,-1
1026,93,377.73,491.58,77.00,232.19,0.5375,-1,-1,-1
1026,98,371.56,300.07,70.04,192.13,0.4350,-1,-1,-1
1026,104,1143.27,588.60,87.29,250.31,0.6915,-1,-1,-1
1026,108,1710.45,683.36,84.47,238.84,0.6236,-1,-1,-1
1026,110,1697.94,184.70,65.41,175.41,0.3751,-1,-1,-1
1026,116,492.84,300.31,66.86,195.67,0.5996,-1,-1,-1
1026,118,288.81,304.48,66.55,194.18,0.4596,-1,-1,-1
1026,119,585.32,546.53,76.60,242.24,0.4331,-1,-1,-1
1027,4,1719.04,454.85,81.47,189.97,0.5373,-1,-1,-1
1027,73,364.15,929.87,96.84,148.88,0.8122,-1,-1,-1
1027,80,902.46,945.82,64.37,133.71,0.7182,-1,-1,-1
1027,81,1575.12,589.44,103.08,237.89,0.6723,-1,-1,-1
1027,87,845.38,265.21,59.24,188.28,0.6329,-1,-1,-1
1027,88,934.17,256.59,57.78,205.35,0.5792,-1,-1,-1
1027,92,291.87,505.23,76.10,199.43,0.5615,-1,-1,-1
1027,93,376.66,494.05,73.93,232.42,0.5658,-1,-1,-1
1027,98,370.26,302.21,70.38,193.21,0.5211,-1,-1,-1
1027,104,1142.29,588.65,86.22,252.41,0.7251,-1,-1,-1
1027,108,1705.58,672.95,84.07,243.19,0.5735,-1,-1,-1
1027,110,1697.79,187.81,66.98,175.21,0.3422,-1,-1,-1
1027,116,493.44,302.14,66.09,194.02,0.6041,-1,-1,-1
1027,118,289.90,306.66,65.47,193.20,0.4444,-1,-1,-1
1027,119,585.04,546.96,72.24,242.56,0.4403,-1,-1,-1
1028,4,1717.82,458.34,82.07,200.40,0.5760,-1,-1,-1
1028,73,365.30,931.83,95.94,147.34,0.8203,-1,-1,-1
1028,80,902.36,945.70,64.30,134.29,0.7133,-1,-1,-1
1028,81,1574.87,589.26,102.37,238.13,0.6740,-1,-1,-1
1028,87,846.32,262.65,59.14,188.24,0.6018,-1,-1,-1
1028,88,935.76,255.95,58.26,198.91,0.5857,-1,-1,-1
1028,92,296.27,509.63,70.79,196.77,0.5646,-1,-1,-1
1028,93,375.17,496.95,76.96,230.35,0.5987,-1,-1,-1
1028,98,370.11,306.31,70.62,191.12,0.5328,-1,-1,-1
1028,104,1141.39,586.95,84.83,249.04,0.7229,-1,-1,-1
1028,108,1705.82,659.23,81.75,254.26,0.5209,-1,-1,-1
1028,110,1698.27,190.99,66.33,172.45,0.3506,-1,-1,-1
1028,116,495.84,303.47,63.41,192.38,0.5128,-1,-1,-1
1028,118,289.74,308.50,63.57,192.65,0.4419,-1,-1,-1
1028,119,585.80,546.41,70.33,243.11,0.4770,-1,-1,-1
1029,4,1717.87,459.19,83.74,201.18,0.5822,-1,-1,-1
1029,73,367.66,932.69,94.98,145.89,0.8129,-1,-1,-1
1029,80,901.64,945.37,63.63,134.63,0.6994,-1,-1,-1
1029,81,1574.19,589.65,103.14,237.78,0.6890,-1,-1,-1
1029,87,847.65,261.78,58.38,189.66,0.5970,-1,-1,-1
1029,88,936.51,255.61,58.57,201.69,0.6225,-1,-1,-1
1029,92,295.26,512.57,70.73,197.17,0.5982,-1,-1,-1
1029,93,374.75,499.69,77.53,228.03,0.6167,-1,-1,-1
1029,98,370.59,307.55,68.04,192.84,0.5065,-1,-1,-1
1029,104,1141.29,586.22,81.56,248.99,0.7392,-1,-1,-1
1029,108,1703.23,641.57,82.34,270.23,0.4046,-1,-1,-1
1029,110,1699.13,192.89,66.17,169.82,0.3556,-1,-1,-1
1029,116,493.93,304.40,64.77,191.34,0.5337,-1,-1,-1
1029,118,290.41,311.11,62.25,192.59,0.3670,-1,-1,-1
1029,119,586.52,545.51,65.13,244.52,0.5002,-1,-1,-1
1030,4,1717.84,457.99,82.65,201.88,0.5789,-1,-1,-1
1030,73,368.04,935.81,95.37,142.72,0.8001,-1,-1,-1
1030,80,901.38,945.00,62.08,134.99,0.7175,-1,-1,-1
1030,81,1574.03,588.36,101.69,239.56,0.6452,-1,-1,-1
1030,87,848.32,261.10,56.98,192.43,0.5866,-1,-1,-1
1030,88,936.55,254.33,59.26,200.42,0.5634,-1,-1,-1
1030,92,295.01,512.22,71.16,202.13,0.6497,-1,-1,-1
1030,93,373.44,500.66,71.90,226.95,0.6116,-1,-1,-1
1030,98,368.65,308.50,69.14,194.22,0.5657,-1,-1,-1
1030,104,1140.65,584.06,79.21,249.49,0.7754,-1,-1,-1
1030,108,1701.88,639.18,83.65,273.52,0.4541,-1,-1,-1
1030,110,1699.99,195.59,65.36,163.78,0.3172,-1,-1,-1
1030,116,493.37,302.89,65.28,193.02,0.5339,-1,-1,-1
1030,118,291.72,311.82,62.38,189.96,0.4058,-1,-1,-1
1030,119,586.12,544.61,65.85,245.59,0.4713,-1,-1,-1
1030,120,1842.62,237.75,60.89,189.11,0.3155,-1,-1,-1
1031,4,1717.85,458.69,82.82,205.06,0.6019,-1,-1,-1
1031,73,371.29,937.27,92.65,141.02,0.7952,-1,-1,-1
1031,80,900.02,944.52,61.83,135.47,0.7215,-1,-1,-1
1031,81,1572.88,590.52,103.53,237.18,0.6568,-1,-1,-1
1031,87,848.41,259.44,57.32,194.02,0.5689,-1,-1,-1
1031,88,938.41,250.73,57.70,197.50,0.5691,-1,-1,-1
1031,92,294.63,514.16,70.84,210.89,0.6803,-1,-1,-1
1031,93,373.18,500.48,79.01,229.04,0.6373,-1,-1,-1
1031,98,367.51,309.73,69.80,193.73,0.5661,-1,-1,-1
1031,104,1139.93,578.16,78.29,248.43,0.7789,-1,-1,-1
1031,108,1684.40,637.89,98.13,277.63,0.5308,-1,-1,-1
1031,110,1701.17,198.20,63.78,163.40,0.3380,-1,-1,-1
1031,116,492.90,302.13,65.39,190.19,0.5715,-1,-1,-1
1031,118,293.00,314.44,62.56,190.38,0.3999,-1,-1,-1
1031,119,585.63,544.39,63.92,246.65,0.4734,-1,-1,-1
1031,120,1844.39,241.01,58.46,187.35,0.3027,-1,-1,-1
1032,4,1718.00,458.65,82.75,207.54,0.5972,-1,-1,-1
1032,73,372.94,941.02,91.08,137.39,0.7708,-1,-1,-1
1032,80,899.52,944.02,61.00,135.97,0.7001,-1,-1,-1
1032,81,1573.57,590.31,101.58,237.52,0.6397,-1,-1,-1
1032,87,848.48,256.29,58.17,194.45,0.5799,-1,-1,-1
1032,88,939.53,248.56,56.78,194.36,0.6193,-1,-1,-1
1032,92,294.78,516.22,71.18,213.04,0.6867,-1,-1,-1
1032,93,373.91,500.74,77.81,229.86,0.6624,-1,-1,-1
1032,98,366.60,310.75,69.83,193.40,0.5061,-1,-1,-1
1032,104,1139.38,574.84,77.31,245.66,0.7700,-1,-1,-1
1032,108,1680.14,640.68,98.72,276.74,0.4877,-1,-1,-1
1032,110,1701.57,200.37,62.75,164.39,0.3731,-1,-1,-1
1032,116,493.85,304.51,63.42,187.71,0.4873,-1,-1,-1
1032,118,293.04,316.23,64.85,190.16,0.4096,-1,-1,-1
1032,119,585.98,543.67,62.18,247.18,0.4721,-1,-1,-1
1032,120,1846.44,242.12,59.05,188.85,0.3027,-1,-1,-1
1033,4,1718.35,458.28,82.01,207.08,0.5883,-1,-1,-1
1033,73,373.20,943.90,91.93,133.73,0.7608,-1,-1,-1
1033,80,898.76,943.98,59.85,136.03,0.6955,-1,-1,-1
1033,81,1574.73,591.69,98.94,236.69,0.6252,-1,-1,-1
1033,87,847.99,255.74,59.06,195.27,0.5530,-1,-1,-1
1033,88,940.14,247.17,58.45,194.51,0.6341,-1,-1,-1
1033,92,294.26,518.11,71.45,213.65,0.6679,-1,-1,-1
1033,93,373.00,501.54,77.64,228.86,0.6444,-1,-1,-1
1033,98,365.52,311.55,70.32,192.66,0.5324,-1,-1,-1
1033,104,1139.25,572.12,76.38,242.11,0.7704,-1,-1,-1
1033,108,1676.19,638.53,101.00,279.29,0.5396,-1,-1,-1
1033,116,492.47,306.37,64.52,189.75,0.4650,-1,-1,-1
1033,118,293.28,317.63,65.27,190.52,0.3551,-1,-1,-1
1033,119,585.25,541.39,61.75,239.61,0.4307,-1,-1,-1
1034,4,1717.27,457.63,82.52,206.41,0.5860,-1,-1,-1
1034,73,376.38,947.49,88.41,131.28,0.7545,-1,-1,-1
1034,80,897.16,943.72,60.95,136.28,0.7088,-1,-1,-1
1034,81,1573.68,594.96,101.12,232.45,0.5893,-1,-1,-1
1034,87,847.87,256.04,59.98,194.39,0.5583,-1,-1,-1
1034,88,940.09,244.49,57.85,195.31,0.6027,-1,-1,-1
1034,92,293.92,520.96,73.20,212.90,0.6706,-1,-1,-1
1034,93,372.53,503.21,74.00,227.10,0.6252,-1,-1,-1
1034,98,365.66,312.41,69.29,193.71,0.5751,-1,-1,-1
1034,104,1140.11,568.95,74.65,242.59,0.7689,-1,-1,-1
1034,108,1675.22,637.68,100.23,280.03,0.5387,-1,-1,-1
1034,116,489.63,308.23,66.22,192.24,0.4876,-1,-1,-1
1034,118,294.40,319.18,65.78,189.94,0.3834,-1,-1,-1
1034,119,585.19,542.09,58.98,247.27,0.4502,-1,-1,-1
1035,4,1718.41,458.38,80.31,203.63,0.5955,-1,-1,-1
1035,73,377.74,950.85,88.87,128.72,0.7444,-1,-1,-1
1035,80,896.67,942.89,59.71,137.09,0.7048,-1,-1,-1
1035,81,1572.82,594.20,100.50,232.87,0.6068,-1,-1,-1
1035,87,848.54,255.18,58.95,194.40,0.5660,-1,-1,-1
1035,88,939.76,242.83,58.91,197.51,0.6451,-1,-1,-1
1035,92,290.86,523.49,80.08,211.62,0.6424,-1,-1,-1
1035,93,371.54,504.04,77.39,224.49,0.6208,-1,-1,-1
1035,98,365.90,312.51,68.78,195.15,0.5551,-1,-1,-1
1035,104,1138.43,568.07,75.91,241.64,0.7609,-1,-1,-1
1035,108,1676.38,635.31,92.18,280.09,0.6026,-1,-1,-1
1035,116,488.64,311.63,67.51,193.02,0.4537,-1,-1,-1
1035,118,294.54,320.55,65.65,188.30,0.4260,-1,-1,-1
1035,119,585.23,540.74,59.27,249.73,0.4083,-1,-1,-1
1036,4,1718.76,460.52,80.31,202.36,0.5845,-1,-1,-1
1036,73,380.30,953.81,88.85,126.19,0.7315,-1,-1,-1
1036,80,895.51,941.44,59.68,138.52,0.7199,-1,-1,-1
1036,81,1573.51,595.28,99.38,232.23,0.6054,-1,-1,-1
1036,87,849.72,254.39,57.74,195.42,0.5763,-1,-1,-1
1036,88,939.78,241.01,57.86,197.61,0.6593,-1,-1,-1
1036,92,291.92,525.66,78.21,209.39,0.5831,-1,-1,-1
1036,93,371.33,504.20,77.44,224.31,0.6311,-1,-1,-1
1036,98,364.34,313.55,69.93,186.13,0.3817,-1,-1,-1
1036,104,1137.79,566.17,75.23,246.66,0.7365,-1,-1,-1
1036,108,1676.37,633.71,88.79,281.43,0.6312,-1,-1,-1
1036,116,488.94,309.41,68.38,195.48,0.4476,-1,-1,-1
1036,118,293.62,320.48,67.58,191.11,0.4069,-1,-1,-1
1036,119,585.05,541.59,59.78,249.44,0.4100,-1,-1,-1
1037,4,1718.79,460.11,79.69,202.78,0.6307,-1,-1,-1
1037,73,383.73,956.36,87.85,123.64,0.7572,-1,-1,-1
1037,80,895.61,940.41,57.85,139.57,0.7297,-1,-1,-1
1037,81,1572.95,595.27,98.73,231.79,0.6303,-1,-1,-1
1037,87,849.52,252.83,58.70,196.25,0.5738,-1,-1,-1
1037,88,940.16,240.81,57.91,198.07,0.6872,-1,-1,-1
1037,92,287.34,527.71,82.58,207.34,0.5522,-1,-1,-1
1037,93,370.97,505.15,79.55,222.55,0.6696,-1,-1,-1
1037,98,361.64,316.81,75.15,163.40,0.3066,-1,-1,-1
1037,104,1136.66,564.02,75.74,249.17,0.7501,-1,-1,-1
1037,108,1674.92,631.24,87.51,280.55,0.6191,-1,-1,-1
1037,110,1707.35,203.21,61.01,161.28,0.4039,-1,-1,-1
1037,116,488.74,310.78,70.82,195.86,0.4502,-1,-1,-1
1037,118,292.78,321.02,68.08,188.83,0.4192,-1,-1,-1
1037,119,586.86,539.99,56.93,251.48,0.4475,-1,-1,-1
1037,121,1275.25,179.75,59.00,143.05,0.3302,-1,-1,-1
1038,4,1718.95,460.40,79.35,201.70,0.6305,-1,-1,-1
1038,73,385.07,958.72,90.42,121.27,0.7811,-1,-1,-1
1038,80,893.67,938.67,57.74,141.29,0.7237,-1,-1,-1
1038,81,1573.50,595.11,97.81,231.94,0.6314,-1,-1,-1
1038,87,849.52,251.93,59.70,196.64,0.5643,-1,-1,-1
1038,88,940.15,240.01,57.33,198.99,0.6845,-1,-1,-1
1038,92,297.74,531.01,68.20,204.07,0.4904,-1,-1,-1
1038,93,371.22,505.42,78.60,223.15,0.6656,-1,-1,-1
1038,98,362.05,319.34,75.10,158.78,0.3117,-1,-1,-1
1038,104,1134.37,563.38,79.28,253.42,0.7535,-1,-1,-1
1038,108,1669.71,631.25,93.35,279.87,0.6216,-1,-1,-1
1038,110,1709.84,204.27,59.05,162.13,0.3253,-1,-1,-1
1038,116,488.77,313.43,70.32,196.00,0.4429,-1,-1,-1
1038,118,294.76,321.70,62.93,187.79,0.3785,-1,-1,-1
1038,119,586.86,539.49,57.51,251.83,0.4573,-1,-1,-1
1039,4,1718.89,460.08,79.09,203.79,0.6352,-1,-1,-1
1039,73,389.23,959.21,87.35,120.74,0.7461,-1,-1,-1
1039,80,892.80,939.38,58.80,140.65,0.7283,-1,-1,-1
1039,81,1572.78,593.63,98.50,233.08,0.6043,-1,-1,-1
1039,87,850.25,251.41,59.07,195.57,0.5379,-1,-1,-1
1039,88,940.04,238.88,56.96,199.48,0.6590,-1,-1,-1
1039,92,301.22,532.29,62.12,202.34,0.5364,-1,-1,-1
1039,93,370.90,506.20,77.34,223.20,0.6574,-1,-1,-1
1039,98,360.75,319.01,76.94,156.81,0.3405,-1,-1,-1
1039,104,1129.83,562.65,82.62,254.23,0.7656,-1,-1,-1
1039,108,1663.55,632.10,96.37,278.83,0.6261,-1,-1,-1
1039,110,1712.11,206.00,57.83,161.73,0.3332,-1,-1,-1
1039,116,488.06,314.71,67.80,197.19,0.4421,-1,-1,-1
1039,118,293.94,321.94,64.19,188.29,0.3927,-1,-1,-1
1039,119,587.31,539.20,56.70,252.45,0.4549,-1,-1,-1
1039,120,1854.54,239.75,63.99,194.18,0.3067,-1,-1,-1
1040,4,1719.22,459.72,78.48,204.87,0.6540,-1,-1,-1
1040,73,391.97,961.30,87.58,118.70,0.7246,-1,-1,-1
1040,80,891.25,938.61,59.43,141.38,0.7287,-1,-1,-1
1040,81,1572.63,595.61,98.84,230.90,0.6024,-1,-1,-1
1040,87,851.05,248.86,59.74,193.18,0.5335,-1,-1,-1
1040,88,939.32,238.41,57.73,199.39,0.6257,-1,-1,-1
1040,92,301.60,535.51,59.93,199.91,0.4555,-1,-1,-1
1040,93,371.31,508.15,79.31,225.49,0.6862,-1,-1,-1
1040,98,360.43,320.62,77.49,155.16,0.3182,-1,-1,-1
1040,104,1126.63,562.60,82.68,254.65,0.7761,-1,-1,-1
1040,108,1661.00,633.71,96.17,279.64,0.6286,-1,-1,-1
1040,110,1713.19,206.75,57.72,158.33,0.3706,-1,-1,-1
1040,116,487.64,319.56,66.30,195.25,0.4491,-1,-1,-1
1040,118,291.30,323.57,72.40,188.05,0.3836,-1,-1,-1
1040,119,587.94,538.63,56.00,252.16,0.4955,-1,-1,-1
1041,4,1719.15,459.43,79.10,205.79,0.6584,-1,-1,-1
1041,73,395.25,963.70,89.50,116.30,0.7477,-1,-1,-1
1041,80,889.02,938.41,57.45,141.60,0.7128,-1,-1,-1
1041,81,1572.89,593.69,99.50,232.03,0.6040,-1,-1,-1
1041,87,850.09,247.00,61.89,190.72,0.5407,-1,-1,-1
1041,88,939.59,237.62,57.89,200.35,0.6497,-1,-1,-1
1041,92,302.62,534.82,58.47,199.34,0.4480,-1,-1,-1
1041,93,371.68,510.51,78.63,227.19,0.6521,-1,-1,-1
1041,104,1125.86,560.97,84.33,252.89,0.7933,-1,-1,-1
1041,108,1661.04,635.91,92.63,276.36,0.5466,-1,-1,-1
1041,110,1713.58,208.82,58.58,154.86,0.3555,-1,-1,-1
1041,116,486.46,323.27,65.85,191.99,0.4603,-1,-1,-1
1041,118,291.71,324.44,73.66,186.12,0.4105,-1,-1,-1
1041,119,588.36,538.93,56.01,253.80,0.4997,-1,-1,-1
1042,4,1719.48,460.38,77.32,205.48,0.6196,-1,-1,-1
1042,73,396.89,964.49,93.25,115.38,0.7536,-1,-1,-1
1042,80,887.30,937.76,57.83,142.23,0.7265,-1,-1,-1
1042,81,1572.68,592.15,99.99,232.63,0.5841,-1,-1,-1
1042,87,850.63,244.27,63.17,188.10,0.5136,-1,-1,-1
1042,88,940.32,237.76,57.62,199.99,0.6359,-1,-1,-1
1042,92,300.66,535.91,58.85,196.03,0.3845,-1,-1,-1
1042,93,371.61,510.34,79.63,230.62,0.6640,-1,-1,-1
1042,104,1125.32,559.79,83.38,249.79,0.7839,-1,-1,-1
1042,108,1658.86,637.82,93.25,273.29,0.5489,-1,-1,-1
1042,116,487.09,325.23,63.92,190.01,0.4333,-1,-1,-1
1042,118,291.54,325.56,73.33,187.34,0.3873,-1,-1,-1
1042,119,588.08,538.80,56.75,252.42,0.4915,-1,-1,-1
1043,4,1719.78,458.64,77.53,207.67,0.6054,-1,-1,-1
1043,73,397.09,965.92,95.61,114.06,0.7561,-1,-1,-1
1043,80,885.71,937.60,58.99,142.41,0.7180,-1,-1,-1
1043,81,1571.44,592.94,102.13,231.98,0.5412,-1,-1,-1
1043,87,850.27,241.79,64.10,190.03,0.5041,-1,-1,-1
1043,88,941.12,237.36,56.37,199.42,0.6315,-1,-1,-1
1043,92,301.31,535.81,58.90,196.44,0.3837,-1,-1,-1
1043,93,371.69,511.42,80.26,232.21,0.6771,-1,-1,-1
1043,98,358.90,324.28,75.09,152.93,0.3146,-1,-1,-1
1043,104,1123.49,559.20,83.58,247.47,0.7814,-1,-1,-1
1043,108,1661.59,640.75,89.16,271.91,0.4608,-1,-1,-1
1043,116,484.08,324.71,65.40,190.00,0.4369,-1,-1,-1
1043,118,292.01,326.45,70.91,193.43,0.3637,-1,-1,-1
1043,119,588.60,538.27,55.69,252.69,0.5033,-1,-1,-1
1044,4,1719.39,459.09,77.09,207.61,0.6033,-1,-1,-1
1044,73,398.40,968.11,97.33,111.90,0.7457,-1,-1,-1
1044,80,884.04,937.53,59.09,142.49,0.7015,-1,-1,-1
1044,81,1571.22,589.87,103.93,233.65,0.4594,-1,-1,-1
1044,87,851.26,240.08,64.10,189.80,0.4889,-1,-1,-1
1044,88,941.39,236.48,55.79,199.14,0.6273,-1,-1,-1
1044,92,281.03,533.68,82.66,200.27,0.3496,-1,-1,-1
1044,93,372.80,514.74,78.11,233.77,0.6529,-1,-1,-1
1044,98,355.55,326.44,81.62,194.22,0.3863,-1,-1,-1
1044,104,1122.54,557.40,81.53,247.94,0.7761,-1,-1,-1
1044,108,1657.21,642.42,94.50,273.70,0.5204,-1,-1,-1
1044,116,485.10,324.30,65.31,191.42,0.4433,-1,-1,-1
1044,118,290.79,325.92,69.52,200.89,0.4070,-1,-1,-1
1044,119,588.45,538.81,56.75,252.11,0.4970,-1,-1,-1
1045,4,1719.40,461.18,76.92,206.57,0.6025,-1,-1,-1
1045,73,398.58,968.58,101.92,111.38,0.7485,-1,-1,-1
1045,80,883.99,937.24,60.37,142.77,0.7092,-1,-1,-1
1045,81,1570.59,592.37,104.15,231.51,0.4730,-1,-1,-1
1045,87,851.73,238.84,63.71,192.07,0.5557,-1,-1,-1
1045,88,941.27,235.08,55.65,199.69,0.6046,-1,-1,-1
1045,92,298.83,537.83,62.19,199.08,0.4005,-1,-1,-1
1045,93,373.14,517.58,79.32,232.95,0.6511,-1,-1,-1
1045,98,354.33,324.41,81.49,205.75,0.5336,-1,-1,-1
1045,104,1119.88,554.49,82.73,250.08,0.7755,-1,-1,-1
1045,108,1650.97,642.80,97.42,271.98,0.5494,-1,-1,-1
1045,110,1718.21,214.79,57.08,164.36,0.3116,-1,-1,-1
1045,116,483.51,324.77,65.62,191.27,0.4031,-1,-1,-1
1045,118,290.13,325.68,69.16,201.85,0.4339,-1,-1,-1
1045,119,588.74,538.29,55.54,252.77,0.4991,-1,-1,-1
1046,4,1718.46,461.05,77.56,206.38,0.6029,-1,-1,-1
1046,73,399.66,970.91,103.43,109.10,0.7448,-1,-1,-1
1046,80,882.08,936.02,59.31,143.95,0.6692,-1,-1,-1
1046,81,1575.37,593.12,100.43,231.51,0.4330,-1,-1,-1
1046,87,850.85,238.52,64.70,192.23,0.5472,-1,-1,-1
1046,88,941.10,234.37,54.71,200.26,0.5949,-1,-1,-1
1046,92,284.58,537.66,77.77,205.85,0.4971,-1,-1,-1
1046,93,374.13,520.23,75.74,233.82,0.6334,-1,-1,-1
1046,98,350.34,326.85,82.26,206.75,0.5153,-1,-1,-1
1046,104,1120.20,553.33,80.94,246.79,0.7771,-1,-1,-1
1046,108,1651.97,643.71,94.80,270.18,0.5415,-1,-1,-1
1046,116,482.74,324.37,67.22,191.68,0.4165,-1,-1,-1
1046,118,290.94,327.77,66.50,202.32,0.4217,-1,-1,-1
1046,119,588.94,538.97,55.27,251.88,0.4664,-1,-1,-1
1047,4,1717.91,462.63,77.78,204.76,0.6158,-1,-1,-1
1047,73,400.14,974.19,105.90,105.84,0.7392,-1,-1,-1
1047,80,881.31,936.03,60.04,143.99,0.6670,-1,-1,-1
1047,81,1574.24,591.15,100.41,233.11,0.3960,-1,-1,-1
1047,87,849.75,235.67,68.27,194.64,0.5415,-1,-1,-1
1047,88,938.89,233.24,56.25,199.94,0.5752,-1,-1,-1
1047,92,277.37,539.95,84.71,210.19,0.5356,-1,-1,-1
1047,93,373.45,522.38,77.41,232.58,0.6459,-1,-1,-1
1047,98,349.56,329.20,81.21,206.86,0.5400,-1,-1,-1
1047,104,1119.06,550.99,81.06,249.21,0.7553,-1,-1,-1
1047,108,1654.91,651.33,90.12,261.67,0.6157,-1,-1,-1
1047,116,482.44,326.29,66.67,189.37,0.4616,-1,-1,-1
1047,118,288.81,332.75,66.73,200.32,0.4329,-1,-1,-1
1047,119,588.45,538.62,56.92,252.99,0.4661,-1,-1,-1
1048,4,1719.20,461.94,76.40,205.19,0.5856,-1,-1,-1
1048,73,402.57,977.68,106.61,102.36,0.7360,-1,-1,-1
1048,80,881.40,935.17,59.35,144.81,0.6474,-1,-1,-1
1048,81,1575.33,590.46,99.71,233.63,0.3944,-1,-1,-1
1048,87,850.60,235.06,68.38,194.69,0.5541,-1,-1,-1
1048,88,938.98,230.68,55.29,192.66,0.5808,-1,-1,-1
1048,92,275.16,541.79,86.07,212.77,0.5880,-1,-1,-1
1048,93,372.75,522.10,77.33,232.44,0.6375,-1,-1,-1
1048,98,348.75,330.08,80.73,205.29,0.4542,-1,-1,-1
1048,104,1117.70,547.30,81.54,245.81,0.7449,-1,-1,-1
1048,108,1651.05,652.55,91.63,258.78,0.6472,-1,-1,-1
1048,116,481.68,326.36,66.73,190.88,0.4613,-1,-1,-1
1048,118,288.37,334.62,65.47,199.84,0.3924,-1,-1,-1
1048,119,587.98,538.84,57.94,253.32,0.4505,-1,-1,-1
1049,4,1718.69,462.20,77.13,206.06,0.6223,-1,-1,-1
1049,73,403.56,979.69,107.51,100.30,0.7478,-1,-1,-1
1049,80,879.95,933.92,60.76,146.05,0.6696,-1,-1,-1
1049,81,1572.44,593.33,100.44,231.88,0.4400,-1,-1,-1
1049,87,851.37,235.13,68.14,194.02,0.5662,-1,-1,-1
1049,88,938.04,229.24,56.12,191.66,0.6103,-1,-1,-1
1049,92,278.84,544.17,81.65,211.74,0.5538,-1,-1,-1
1049,93,372.09,523.63,77.08,230.84,0.6471,-1,-1,-1
1049,98,345.86,330.46,83.45,205.91,0.4494,-1,-1,-1
1049,104,1117.92,544.81,77.58,242.62,0.7428,-1,-1,-1
1049,108,1650.71,648.80,90.75,261.74,0.6959,-1,-1,-1
1049,116,479.45,326.15,69.22,192.75,0.5066,-1,-1,-1
1049,118,286.78,334.80,64.40,200.48,0.3941,-1,-1,-1
1049,119,587.96,537.81,57.27,253.44,0.4950,-1,-1,-1
1050,4,1718.33,461.13,77.85,206.87,0.6451,-1,-1,-1
1050,73,407.59,983.11,105.01,96.92,0.7519,-1,-1,-1
1050,80,879.17,933.02,61.32,146.97,0.6684,-1,-1,-1
1050,81,1570.53,592.71,103.06,231.98,0.4435,-1,-1,-1
1050,87,852.91,234.84,66.29,193.78,0.5901,-1,-1,-1
1050,88,937.76,227.84,56.30,190.69,0.6082,-1,-1,-1
1050,92,279.72,547.77,79.57,211.76,0.6140,-1,-1,-1
1050,93,372.38,523.88,78.41,229.63,0.6637,-1,-1,-1
1050,98,345.69,331.37,83.06,202.82,0.4348,-1,-1,-1
1050,104,1115.26,542.19,77.74,236.65,0.7530,-1,-1,-1
1050,108,1649.73,648.94,88.67,260.13,0.6886,-1,-1,-1
1050,110,1724.53,217.66,56.24,167.57,0.3081,-1,-1,-1
1050,116,479.54,327.69,68.23,194.73,0.4497,-1,-1,-1
1050,118,287.61,336.25,63.49,199.52,0.4394,-1,-1,-1
1050,119,588.13,537.98,58.54,253.68,0.5120,-1,-1,-1
