2,1,1343.35,417.57,159.94,359.24,0.8313,-1,-1,-1
2,2,584.53,442.84,92.38,264.14,0.7655,-1,-1,-1
2,3,437.30,445.19,117.45,274.39,0.6903,-1,-1,-1
2,4,1451.68,437.44,147.40,331.62,0.6724,-1,-1,-1
2,5,731.51,457.34,36.36,110.16,0.5320,-1,-1,-1
2,6,916.26,432.26,60.25,154.63,0.3999,-1,-1,-1
2,7,545.07,448.01,37.88,106.62,0.1922,-1,-1,-1
2,8,1256.67,431.47,38.53,113.15,0.1863,-1,-1,-1
2,9,689.63,451.96,47.47,136.75,0.1667,-1,-1,-1
2,10,1851.54,406.13,67.87,248.42,0.1664,-1,-1,-1
2,11,933.50,434.90,38.69,82.32,0.2009,-1,-1,-1
2,12,1089.62,452.81,43.69,126.85,0.1972,-1,-1,-1
2,13,806.00,471.00,29.12,77.75,0.1870,-1,-1,-1
2,14,1672.05,430.82,57.45,157.13,0.1604,-1,-1,-1
3,1,1343.54,424.91,180.13,367.66,0.8358,-1,-1,-1
3,2,584.41,443.09,93.86,263.54,0.7562,-1,-1,-1
3,3,437.27,443.39,117.87,276.77,0.6979,-1,-1,-1
3,4,1470.42,442.50,136.13,326.00,0.7326,-1,-1,-1
3,5,731.14,460.80,37.01,106.19,0.5315,-1,-1,-1
3,6,915.81,432.70,61.12,153.83,0.4038,-1,-1,-1
3,7,546.53,444.28,37.20,109.62,0.1929,-1,-1,-1
3,8,1257.10,427.68,38.61,117.70,0.2198,-1,-1,-1
3,9,690.38,452.72,45.99,127.33,0.1709,-1,-1,-1
3,10,1856.84,404.64,62.70,248.02,0.1533,-1,-1,-1
3,11,932.89,435.85,37.64,80.64,0.1842,-1,-1,-1
3,12,1092.35,451.54,41.53,136.84,0.2092,-1,-1,-1
3,13,805.20,470.69,27.60,76.75,0.1753,-1,-1,-1
4,1,1350.04,420.55,178.31,378.00,0.8242,-1,-1,-1
4,2,584.41,444.04,92.87,264.49,0.7672,-1,-1,-1
4,3,439.18,442.88,119.14,276.56,0.7437,-1,-1,-1
4,4,1480.43,432.12,123.15,335.20,0.7307,-1,-1,-1
4,5,732.33,458.74,36.60,109.87,0.5183,-1,-1,-1
4,6,916.58,431.82,60.85,154.23,0.4203,-1,-1,-1
4,8,1256.75,427.54,38.84,118.39,0.1719,-1,-1,-1
4,9,691.84,452.97,44.94,129.76,0.2003,-1,-1,-1
4,10,1853.94,418.18,65.52,235.85,0.1534,-1,-1,-1
4,11,933.31,434.97,37.96,80.18,0.1950,-1,-1,-1
4,12,1092.66,447.63,43.00,140.02,0.1935,-1,-1,-1
4,13,805.37,471.54,28.29,76.68,0.1753,-1,-1,-1
4,14,1673.15,431.81,57.33,155.64,0.1587,-1,-1,-1
4,17,966.63,437.48,52.59,144.24,0.2120,-1,-1,-1
4,18,1305.14,417.00,42.29,130.45,0.1739,-1,-1,-1
5,1,1352.09,418.21,176.02,386.56,0.8485,-1,-1,-1
5,2,584.82,444.01,92.99,263.98,0.7657,-1,-1,-1
5,3,443.63,443.93,119.03,273.52,0.6904,-1,-1,-1
5,4,1485.88,428.03,114.89,339.97,0.7408,-1,-1,-1
5,5,732.81,458.74,35.54,109.42,0.5179,-1,-1,-1
5,6,915.94,431.07,61.42,154.60,0.4088,-1,-1,-1
5,8,1257.75,424.63,41.81,122.72,0.1573,-1,-1,-1
5,10,1856.85,434.44,62.84,219.73,0.1526,-1,-1,-1
5,11,932.62,434.41,38.33,80.28,0.1872,-1,-1,-1
5,12,1091.70,447.34,43.43,140.21,0.1925,-1,-1,-1
5,13,805.42,471.78,28.30,76.61,0.1780,-1,-1,-1
5,14,1672.82,431.90,57.33,156.64,0.1647,-1,-1,-1
5,17,965.62,439.52,53.47,143.12,0.2747,-1,-1,-1
5,18,1304.36,416.76,42.60,130.53,0.1905,-1,-1,-1
5,19,1012.98,429.36,44.61,99.74,0.2280,-1,-1,-1
6,1,1359.57,418.16,171.20,387.17,0.8470,-1,-1,-1
6,2,583.93,443.26,92.21,267.94,0.7618,-1,-1,-1
6,3,450.81,444.04,116.34,274.31,0.6956,-1,-1,-1
6,4,1495.43,426.08,107.53,342.58,0.7242,-1,-1,-1
6,5,733.52,456.93,34.04,110.52,0.5341,-1,-1,-1
6,6,915.75,430.44,62.13,156.24,0.4202,-1,-1,-1
6,8,1256.85,426.06,39.77,121.30,0.1993,-1,-1,-1
6,9,693.63,451.74,42.62,142.95,0.1532,-1,-1,-1
6,10,1858.56,457.22,61.08,197.05,0.1518,-1,-1,-1
6,11,932.77,433.68,39.10,81.42,0.1655,-1,-1,-1
6,12,1089.91,447.47,44.56,142.75,0.1903,-1,-1,-1
6,13,805.76,471.47,28.31,77.74,0.1884,-1,-1,-1
6,14,1672.84,432.56,58.13,156.62,0.1882,-1,-1,-1
6,17,965.77,437.10,52.83,142.69,0.2040,-1,-1,-1
6,18,1303.71,416.59,42.60,131.21,0.1731,-1,-1,-1
6,19,1013.50,429.16,44.10,99.75,0.2053,-1,-1,-1
7,1,1370.93,419.16,153.59,381.47,0.8560,-1,-1,-1
7,2,584.72,442.75,91.43,268.32,0.7670,-1,-1,-1
7,3,445.96,445.01,120.90,274.30,0.7308,-1,-1,-1
7,4,1499.83,432.74,103.17,337.43,0.7682,-1,-1,-1
7,5,733.47,457.92,33.83,109.84,0.5487,-1,-1,-1
7,6,914.74,430.71,61.77,155.86,0.3744,-1,-1,-1
7,8,1256.10,434.38,37.38,113.22,0.2012,-1,-1,-1
7,9,694.30,451.35,42.84,149.93,0.2303,-1,-1,-1
7,11,933.48,434.45,35.88,81.75,0.1679,-1,-1,-1
7,12,1085.82,452.40,47.18,140.91,0.2250,-1,-1,-1
7,13,805.49,470.77,27.90,78.25,0.1828,-1,-1,-1
7,14,1671.87,431.71,58.11,157.13,0.1714,-1,-1,-1
7,20,651.79,447.48,79.93,194.30,0.2793,-1,-1,-1
7,21,1828.65,470.08,60.76,179.34,0.2556,-1,-1,-1
8,1,1390.61,413.69,135.43,385.56,0.8056,-1,-1,-1
8,2,584.90,442.87,91.94,266.79,0.7824,-1,-1,-1
8,3,448.68,443.88,118.96,274.71,0.7471,-1,-1,-1
8,4,1504.84,420.11,100.03,350.71,0.7698,-1,-1,-1
8,5,733.44,456.85,34.61,109.59,0.5416,-1,-1,-1
8,6,914.94,427.93,60.90,158.27,0.3852,-1,-1,-1
8,8,1256.00,438.70,37.94,107.54,0.2888,-1,-1,-1
8,9,697.07,449.58,38.88,142.78,0.3161,-1,-1,-1
8,11,932.86,432.10,36.20,93.23,0.1763,-1,-1,-1
8,12,1084.95,454.73,49.23,139.12,0.2377,-1,-1,-1
8,13,805.13,469.49,28.39,79.95,0.1973,-1,-1,-1
8,18,1301.05,417.34,45.65,130.63,0.1713,-1,-1,-1
8,20,653.59,446.28,74.01,191.92,0.1954,-1,-1,-1
8,21,1828.75,470.78,60.63,179.44,0.2915,-1,-1,-1
9,1,1403.92,407.35,127.04,392.73,0.7450,-1,-1,-1
9,2,585.43,442.49,90.47,268.23,0.7792,-1,-1,-1
9,3,456.96,444.17,112.14,274.21,0.7434,-1,-1,-1
9,4,1511.86,422.53,95.37,347.00,0.7482,-1,-1,-1
9,5,732.94,457.10,35.49,111.35,0.5346,-1,-1,-1
9,6,915.47,430.88,59.66,157.38,0.1718,-1,-1,-1
9,8,1255.95,436.82,35.87,108.15,0.2282,-1,-1,-1
9,9,698.98,450.48,36.71,136.20,0.3400,-1,-1,-1
9,10,1850.80,398.80,67.89,252.56,0.1573,-1,-1,-1
9,12,1083.51,455.99,47.60,137.17,0.2423,-1,-1,-1
9,13,805.39,466.88,28.20,82.08,0.2338,-1,-1,-1
9,20,653.70,445.66,74.66,195.42,0.2301,-1,-1,-1
9,21,1830.80,466.23,60.14,182.92,0.1890,-1,-1,-1
10,1,1418.75,415.75,119.10,376.76,0.7914,-1,-1,-1
10,2,585.38,442.86,91.77,268.02,0.7822,-1,-1,-1
10,3,457.24,443.79,113.98,274.41,0.7181,-1,-1,-1
10,4,1503.14,417.45,116.44,357.13,0.6695,-1,-1,-1
10,5,732.45,457.58,36.43,109.46,0.5203,-1,-1,-1
10,6,914.87,429.72,62.49,155.96,0.1753,-1,-1,-1
10,8,1257.48,441.65,39.22,106.09,0.2290,-1,-1,-1
10,9,699.67,452.78,35.85,138.39,0.3120,-1,-1,-1
10,12,1081.57,456.63,49.93,136.45,0.2769,-1,-1,-1
10,13,804.48,466.66,29.41,81.86,0.2182,-1,-1,-1
10,20,654.43,448.49,64.29,196.06,0.2149,-1,-1,-1
10,21,1830.87,466.98,59.75,181.53,0.2191,-1,-1,-1
10,24,1377.98,435.65,46.84,126.59,0.2661,-1,-1,-1
11,1,1426.95,412.60,121.22,385.90,0.7691,-1,-1,-1
11,2,586.07,442.84,91.15,266.35,0.7706,-1,-1,-1
11,3,453.98,442.34,115.84,276.44,0.6898,-1,-1,-1
11,4,1532.65,420.11,93.28,347.12,0.7956,-1,-1,-1
11,5,732.41,459.09,37.62,110.80,0.5664,-1,-1,-1
11,6,914.54,429.26,61.81,155.99,0.2059,-1,-1,-1
11,8,1255.79,441.75,37.74,103.35,0.3540,-1,-1,-1
11,9,698.24,452.11,37.68,135.32,0.2505,-1,-1,-1
11,12,1081.74,456.29,50.13,137.40,0.3002,-1,-1,-1
11,13,804.56,466.61,29.44,82.37,0.2416,-1,-1,-1
11,18,1302.74,417.03,42.08,131.75,0.1715,-1,-1,-1
11,20,655.08,445.32,73.80,197.12,0.2350,-1,-1,-1
11,21,1831.02,467.00,61.93,181.97,0.2331,-1,-1,-1
11,24,1380.59,437.69,45.04,124.94,0.2318,-1,-1,-1
12,1,1438.99,407.90,118.54,388.46,0.7275,-1,-1,-1
12,2,585.56,442.01,92.06,266.74,0.7668,-1,-1,-1
12,3,448.89,442.09,121.29,276.39,0.6681,-1,-1,-1
12,4,1539.06,419.84,93.99,353.13,0.7733,-1,-1,-1
12,5,731.18,456.01,38.38,113.76,0.6049,-1,-1,-1
12,6,915.39,429.43,59.98,155.87,0.2018,-1,-1,-1
12,8,1256.76,436.90,35.72,106.70,0.2460,-1,-1,-1
12,9,698.48,453.15,37.22,134.15,0.2277,-1,-1,-1
12,10,1848.13,389.14,71.25,264.78,0.1752,-1,-1,-1
12,12,1084.09,453.61,48.29,139.28,0.2251,-1,-1,-1
12,13,804.09,466.34,29.56,81.61,0.2395,-1,-1,-1
12,18,1302.29,418.39,43.97,130.77,0.1539,-1,-1,-1
12,20,660.10,448.87,65.53,196.23,0.2043,-1,-1,-1
12,21,1828.29,468.50,70.38,183.78,0.1697,-1,-1,-1
12,24,1380.88,439.85,44.75,122.35,0.2063,-1,-1,-1
12,25,832.72,466.66,43.79,83.56,0.1921,-1,-1,-1
13,1,1445.15,413.40,125.82,385.33,0.7017,-1,-1,-1
13,2,585.12,441.94,92.86,267.34,0.7542,-1,-1,-1
13,3,443.96,443.34,125.46,276.28,0.7038,-1,-1,-1
13,4,1538.22,421.74,109.95,358.69,0.7516,-1,-1,-1
13,5,730.39,456.36,38.80,118.35,0.5821,-1,-1,-1
13,6,915.95,429.50,59.39,156.12,0.2530,-1,-1,-1
13,8,1256.39,433.38,37.13,110.40,0.2410,-1,-1,-1
13,11,931.68,432.39,37.45,117.75,0.1549,-1,-1,-1
13,12,1079.93,453.90,52.10,139.39,0.2102,-1,-1,-1
13,13,804.01,466.78,29.21,81.03,0.2269,-1,-1,-1
13,18,1302.35,419.03,44.34,129.54,0.1611,-1,-1,-1
13,20,659.59,446.02,70.15,194.04,0.3078,-1,-1,-1
13,21,1831.86,464.85,82.11,186.08,0.2412,-1,-1,-1
13,24,1380.75,437.19,45.12,120.84,0.2971,-1,-1,-1
13,25,830.86,467.17,46.94,83.65,0.1585,-1,-1,-1
13,27,1709.71,443.35,76.68,142.82,0.2048,-1,-1,-1
14,1,1452.41,409.88,132.92,386.79,0.5772,-1,-1,-1
14,2,583.73,442.34,94.70,268.20,0.7503,-1,-1,-1
14,3,447.04,441.92,120.58,281.74,0.6397,-1,-1,-1
14,4,1534.71,416.07,144.40,373.65,0.6144,-1,-1,-1
14,5,729.93,456.61,39.64,118.88,0.5510,-1,-1,-1
14,6,915.40,429.75,60.17,155.45,0.1859,-1,-1,-1
14,8,1256.80,430.82,40.31,114.53,0.2783,-1,-1,-1
14,12,1082.82,454.83,48.90,138.45,0.2088,-1,-1,-1
14,13,803.95,466.73,29.58,81.91,0.2860,-1,-1,-1
14,18,1302.38,417.73,44.49,130.35,0.1754,-1,-1,-1
14,20,662.35,444.87,67.84,199.19,0.2990,-1,-1,-1
14,21,1830.71,464.10,69.54,186.61,0.2368,-1,-1,-1
14,24,1385.32,428.12,48.49,128.76,0.1790,-1,-1,-1
14,25,833.04,466.20,44.13,84.48,0.1782,-1,-1,-1
14,27,1716.25,445.67,70.23,141.51,0.1855,-1,-1,-1
15,1,1460.51,417.31,100.20,380.15,0.4906,-1,-1,-1
15,2,583.77,442.62,92.69,269.68,0.7699,-1,-1,-1
15,3,445.99,443.34,120.06,282.60,0.6580,-1,-1,-1
15,4,1535.54,424.81,177.61,373.79,0.5959,-1,-1,-1
15,5,730.52,452.05,39.75,125.20,0.6069,-1,-1,-1
15,6,916.01,427.20,59.34,158.73,0.3098,-1,-1,-1
15,8,1255.72,435.42,36.17,110.55,0.2240,-1,-1,-1
15,10,1849.42,386.10,70.17,267.32,0.1557,-1,-1,-1
15,13,803.90,466.61,29.44,82.59,0.2654,-1,-1,-1
15,20,669.93,444.93,68.52,170.23,0.2550,-1,-1,-1
15,21,1828.12,470.90,70.57,182.11,0.1768,-1,-1,-1
15,24,1383.49,420.90,53.62,135.77,0.3280,-1,-1,-1
15,25,832.27,465.50,44.27,84.89,0.1628,-1,-1,-1
15,27,1722.05,446.89,63.33,141.94,0.1676,-1,-1,-1
16,1,1461.39,424.32,106.55,375.77,0.4013,-1,-1,-1
16,2,583.49,444.25,92.82,266.47,0.7683,-1,-1,-1
16,3,445.65,442.64,115.97,283.77,0.6513,-1,-1,-1
16,4,1550.04,421.38,184.32,383.33,0.6745,-1,-1,-1
16,5,731.02,453.96,37.44,122.97,0.4913,-1,-1,-1
16,6,916.96,425.79,58.93,160.14,0.2321,-1,-1,-1
16,8,1255.43,432.61,37.23,111.95,0.3296,-1,-1,-1
16,12,1079.39,454.52,52.11,138.45,0.2022,-1,-1,-1
16,13,803.95,465.72,29.69,83.29,0.2217,-1,-1,-1
16,18,1305.47,418.41,38.54,128.97,0.1625,-1,-1,-1
16,20,662.46,450.09,66.84,192.91,0.2717,-1,-1,-1
16,21,1830.39,463.43,79.78,188.76,0.2090,-1,-1,-1
16,24,1382.75,422.95,55.73,134.85,0.3856,-1,-1,-1
16,27,1718.76,446.83,68.17,140.47,0.1689,-1,-1,-1
16,30,531.31,482.26,52.24,216.47,0.2704,-1,-1,-1
17,1,1454.39,420.83,140.88,381.79,0.3627,-1,-1,-1
17,2,583.43,446.15,92.99,267.13,0.7651,-1,-1,-1
17,3,446.45,442.71,115.26,284.69,0.6591,-1,-1,-1
17,4,1558.71,421.27,189.09,385.24,0.7727,-1,-1,-1
17,5,729.08,455.09,37.41,120.76,0.4493,-1,-1,-1
17,8,1255.09,434.81,35.56,109.66,0.3057,-1,-1,-1
17,13,804.47,466.77,28.94,84.01,0.1758,-1,-1,-1
17,18,1305.53,419.04,38.72,128.66,0.1761,-1,-1,-1
17,20,661.80,449.99,66.62,197.56,0.2285,-1,-1,-1
17,21,1829.67,467.28,75.10,185.37,0.2251,-1,-1,-1
17,24,1383.70,426.17,55.77,131.59,0.1885,-1,-1,-1
17,30,532.42,489.23,44.27,217.30,0.1827,-1,-1,-1
18,1,1455.96,420.65,210.97,391.16,0.6833,-1,-1,-1
18,2,583.79,444.71,92.95,268.80,0.7898,-1,-1,-1
18,3,448.90,443.06,113.16,284.38,0.7160,-1,-1,-1
18,4,1575.58,429.07,175.61,380.65,0.7106,-1,-1,-1
18,5,727.77,457.50,37.78,118.14,0.4404,-1,-1,-1
18,6,918.40,432.20,56.21,157.38,0.2065,-1,-1,-1
18,8,1255.03,436.73,35.01,107.34,0.3847,-1,-1,-1
18,9,707.41,452.54,29.04,127.86,0.1509,-1,-1,-1
18,12,1080.90,456.40,49.95,137.39,0.2010,-1,-1,-1
18,13,804.47,466.31,29.28,84.63,0.2085,-1,-1,-1
18,18,1305.07,418.72,38.10,128.92,0.1691,-1,-1,-1
18,20,661.90,449.55,68.17,195.09,0.1996,-1,-1,-1
18,21,1833.66,469.54,58.84,182.09,0.2303,-1,-1,-1
18,32,687.35,453.10,46.77,140.11,0.1695,-1,-1,-1
19,1,1457.29,412.17,164.58,391.21,0.4645,-1,-1,-1
19,2,584.49,445.07,94.73,269.59,0.7677,-1,-1,-1
19,3,450.99,445.38,112.31,284.23,0.7092,-1,-1,-1
19,4,1560.24,463.35,194.79,351.62,0.6830,-1,-1,-1
19,5,725.84,459.45,39.21,116.46,0.4062,-1,-1,-1
19,8,1254.54,435.80,35.23,108.09,0.4019,-1,-1,-1
19,11,932.29,428.69,35.17,90.72,0.1515,-1,-1,-1
19,12,1084.33,455.64,47.36,138.35,0.1919,-1,-1,-1
19,13,805.73,467.21,29.23,82.47,0.2230,-1,-1,-1
19,20,663.80,447.01,70.24,166.95,0.2323,-1,-1,-1
19,21,1832.76,470.99,60.70,180.91,0.2351,-1,-1,-1
19,33,1898.68,478.85,20.62,159.35,0.1594,-1,-1,-1
20,1,1459.44,410.40,165.10,395.07,0.3675,-1,-1,-1
20,2,584.59,445.95,99.80,266.74,0.7785,-1,-1,-1
20,3,451.68,450.33,114.95,277.66,0.7096,-1,-1,-1
20,4,1595.74,458.54,180.63,344.06,0.6335,-1,-1,-1
20,5,725.23,453.88,40.01,119.65,0.4104,-1,-1,-1
20,8,1254.51,436.47,35.24,107.02,0.3271,-1,-1,-1
20,11,932.90,429.85,34.22,87.91,0.1669,-1,-1,-1
20,12,1089.14,452.33,42.03,137.73,0.1586,-1,-1,-1
20,13,805.90,467.32,29.08,81.93,0.1957,-1,-1,-1
20,20,664.92,451.33,65.50,154.87,0.1918,-1,-1,-1
20,21,1832.18,471.70,60.08,180.54,0.2366,-1,-1,-1
20,33,1897.76,478.26,21.43,159.91,0.1595,-1,-1,-1
21,1,1459.53,413.32,252.33,406.98,0.7294,-1,-1,-1
21,2,584.88,443.77,102.76,269.68,0.7904,-1,-1,-1
21,3,452.62,447.64,112.39,278.78,0.6966,-1,-1,-1
21,4,1622.19,453.52,139.16,348.48,0.6552,-1,-1,-1
21,5,726.59,452.78,39.37,122.31,0.3840,-1,-1,-1
21,6,922.51,430.37,51.29,159.52,0.1742,-1,-1,-1
21,8,1252.21,439.43,35.89,102.00,0.3349,-1,-1,-1
21,11,932.70,428.93,33.39,89.35,0.1961,-1,-1,-1
21,12,1085.65,455.37,46.70,137.43,0.1524,-1,-1,-1
21,13,804.75,466.75,26.97,84.06,0.1772,-1,-1,-1
21,20,670.27,450.38,62.12,153.88,0.1963,-1,-1,-1
21,21,1832.43,469.11,60.82,182.66,0.2076,-1,-1,-1
21,34,1419.39,464.58,33.91,93.70,0.2031,-1,-1,-1
22,1,1460.33,411.82,228.63,406.24,0.5303,-1,-1,-1
22,2,584.79,443.83,103.75,269.05,0.7776,-1,-1,-1
22,3,454.74,446.61,112.81,280.67,0.5981,-1,-1,-1
22,4,1630.77,427.24,148.23,371.03,0.7020,-1,-1,-1
22,5,721.50,459.99,45.10,113.38,0.3668,-1,-1,-1
22,8,1254.56,438.05,40.96,107.87,0.3676,-1,-1,-1
22,11,932.90,428.50,32.48,89.82,0.1758,-1,-1,-1
22,12,1085.03,455.94,46.72,137.35,0.1875,-1,-1,-1
22,13,805.26,468.53,29.63,81.55,0.1808,-1,-1,-1
22,18,1304.84,418.82,37.20,128.44,0.1994,-1,-1,-1
22,21,1830.35,471.35,62.35,180.43,0.2473,-1,-1,-1
22,34,1418.85,466.41,43.89,92.48,0.1996,-1,-1,-1
23,1,1469.72,410.86,179.80,391.69,0.4800,-1,-1,-1
23,2,583.37,443.70,105.89,268.87,0.7760,-1,-1,-1
23,3,464.38,445.84,108.68,281.91,0.6876,-1,-1,-1
23,4,1632.93,422.54,121.39,378.42,0.6269,-1,-1,-1
23,5,719.24,465.29,49.17,105.46,0.3626,-1,-1,-1
23,8,1250.80,440.20,37.59,103.06,0.3382,-1,-1,-1
23,12,1089.89,451.86,41.64,135.88,0.1534,-1,-1,-1
23,18,1304.69,418.47,38.17,128.68,0.1542,-1,-1,-1
23,20,667.76,454.33,57.02,215.49,0.2408,-1,-1,-1
23,21,1827.71,468.48,81.84,182.49,0.1748,-1,-1,-1
23,34,1417.45,463.48,53.47,94.91,0.2558,-1,-1,-1
24,1,1478.37,406.92,219.71,413.29,0.7033,-1,-1,-1
24,2,584.55,443.80,104.91,268.24,0.7546,-1,-1,-1
24,3,468.92,444.89,109.32,286.33,0.6836,-1,-1,-1
24,4,1644.62,418.82,119.93,379.33,0.6254,-1,-1,-1
24,5,722.00,461.02,48.71,108.04,0.4308,-1,-1,-1
24,8,1254.25,437.90,41.44,107.63,0.2961,-1,-1,-1
24,12,1082.14,456.38,49.70,136.74,0.1744,-1,-1,-1
24,20,668.53,451.35,57.32,232.36,0.2358,-1,-1,-1
24,21,1825.44,467.90,75.35,184.10,0.1928,-1,-1,-1
24,34,1417.31,464.66,63.69,94.38,0.3021,-1,-1,-1
24,35,461.38,460.82,58.84,171.06,0.1548,-1,-1,-1
25,1,1486.77,406.44,213.24,412.52,0.6346,-1,-1,-1
25,2,585.45,443.67,104.46,268.71,0.7431,-1,-1,-1
25,3,466.65,444.50,112.21,289.40,0.6335,-1,-1,-1
25,4,1657.03,416.20,122.72,386.34,0.6673,-1,-1,-1
25,5,719.73,462.74,49.69,104.30,0.4019,-1,-1,-1
25,6,920.06,429.92,53.64,159.16,0.1673,-1,-1,-1
25,8,1249.96,441.63,35.09,101.35,0.3038,-1,-1,-1
25,11,933.42,429.48,33.77,90.14,0.1722,-1,-1,-1
25,12,1081.60,454.33,49.77,139.61,0.1757,-1,-1,-1
25,13,804.24,468.61,30.49,80.12,0.1537,-1,-1,-1
25,20,668.46,451.33,57.30,235.82,0.2875,-1,-1,-1
25,21,1831.81,468.00,62.20,184.70,0.1993,-1,-1,-1
25,34,1421.64,458.13,61.17,99.34,0.3055,-1,-1,-1
25,36,1458.21,460.29,33.23,95.02,0.2578,-1,-1,-1
26,1,1495.42,409.66,238.65,410.27,0.5970,-1,-1,-1
26,2,586.75,444.25,101.61,268.63,0.7236,-1,-1,-1
26,3,467.41,440.86,112.87,295.23,0.6588,-1,-1,-1
26,4,1661.28,421.33,113.12,379.88,0.6622,-1,-1,-1
26,5,720.08,463.34,50.16,104.32,0.4404,-1,-1,-1
26,8,1250.78,441.95,34.69,99.32,0.3015,-1,-1,-1
26,12,1079.79,453.12,52.73,141.16,0.2768,-1,-1,-1
26,20,668.59,449.44,58.04,231.84,0.3119,-1,-1,-1
26,21,1830.39,466.82,64.01,185.30,0.2767,-1,-1,-1
26,34,1420.22,446.21,60.19,110.19,0.2892,-1,-1,-1
26,36,1461.24,458.84,31.94,96.69,0.2780,-1,-1,-1
27,1,1514.10,411.40,214.57,411.09,0.5631,-1,-1,-1
27,2,588.57,443.36,99.23,270.37,0.7292,-1,-1,-1
27,3,468.84,443.97,112.46,289.10,0.6226,-1,-1,-1
27,4,1675.28,412.87,112.38,383.89,0.6654,-1,-1,-1
27,5,721.21,457.03,43.76,110.01,0.3563,-1,-1,-1
27,6,920.65,431.41,52.30,158.05,0.1983,-1,-1,-1
27,8,1250.93,442.06,34.13,98.37,0.2495,-1,-1,-1
27,12,1078.63,452.48,53.91,142.06,0.2168,-1,-1,-1
27,20,670.87,446.18,59.01,223.50,0.2995,-1,-1,-1
27,21,1827.23,464.91,70.53,187.03,0.2745,-1,-1,-1
27,34,1417.55,443.59,62.65,114.05,0.2699,-1,-1,-1
27,36,1462.90,456.89,29.95,98.07,0.2649,-1,-1,-1
28,1,1536.15,403.26,170.57,426.05,0.5829,-1,-1,-1
28,2,593.01,443.34,97.13,270.87,0.7386,-1,-1,-1
28,3,472.11,441.51,110.26,292.92,0.6025,-1,-1,-1
28,4,1682.36,410.46,116.30,384.68,0.6575,-1,-1,-1
28,5,720.71,461.28,49.34,107.87,0.3626,-1,-1,-1
28,6,921.02,430.79,51.37,158.53,0.2038,-1,-1,-1
28,8,1251.11,443.73,30.58,96.49,0.2580,-1,-1,-1
28,12,1077.75,450.64,56.46,143.55,0.2944,-1,-1,-1
28,13,803.55,466.56,28.41,81.88,0.1811,-1,-1,-1
28,20,672.18,449.89,55.30,222.72,0.2408,-1,-1,-1
28,34,1422.34,437.57,57.81,120.69,0.5528,-1,-1,-1
28,36,1468.85,455.55,28.45,96.92,0.1699,-1,-1,-1
29,1,1551.95,393.04,160.43,435.90,0.7034,-1,-1,-1
29,2,594.39,443.58,96.73,270.53,0.7305,-1,-1,-1
29,3,474.50,442.06,109.89,291.56,0.5851,-1,-1,-1
29,4,1681.04,423.34,135.80,379.02,0.7147,-1,-1,-1
29,5,721.27,460.73,50.13,111.44,0.3501,-1,-1,-1
29,6,919.25,432.25,53.59,157.28,0.2029,-1,-1,-1
29,8,1251.19,443.96,30.05,97.29,0.2252,-1,-1,-1
29,12,1079.69,451.74,54.14,143.00,0.3128,-1,-1,-1
29,13,803.73,466.40,28.35,81.92,0.1701,-1,-1,-1
29,20,671.78,450.28,57.28,224.53,0.1766,-1,-1,-1
29,21,1831.06,462.06,66.97,190.50,0.1862,-1,-1,-1
29,34,1427.78,435.68,53.72,122.50,0.5404,-1,-1,-1
29,38,1551.05,456.17,37.29,103.28,0.2159,-1,-1,-1
30,1,1581.49,390.21,145.45,437.97,0.7467,-1,-1,-1
30,2,595.47,443.48,97.12,271.35,0.7481,-1,-1,-1
30,3,476.59,442.31,109.35,291.74,0.6443,-1,-1,-1
30,4,1672.94,430.15,166.61,371.12,0.6400,-1,-1,-1
30,5,722.75,458.17,44.17,114.72,0.3648,-1,-1,-1
30,6,919.26,432.47,53.47,156.79,0.2109,-1,-1,-1
30,8,1251.37,442.66,30.58,99.08,0.1986,-1,-1,-1
30,10,1833.08,430.07,80.16,224.56,0.1915,-1,-1,-1
30,12,1083.94,448.26,52.75,146.19,0.3105,-1,-1,-1
30,13,803.76,465.71,29.44,82.07,0.1931,-1,-1,-1
30,34,1433.43,432.27,47.96,125.36,0.5945,-1,-1,-1
30,38,1551.26,466.18,40.06,92.84,0.2115,-1,-1,-1
31,1,1597.09,390.76,161.04,436.02,0.7352,-1,-1,-1
31,2,598.62,443.09,94.91,272.36,0.7510,-1,-1,-1
31,3,476.18,443.60,112.33,286.97,0.6514,-1,-1,-1
31,4,1699.82,416.03,198.32,391.49,0.6600,-1,-1,-1
31,5,721.74,457.42,43.83,118.89,0.4385,-1,-1,-1
31,6,913.88,431.01,60.25,156.21,0.2328,-1,-1,-1
31,8,1250.47,442.06,33.09,99.97,0.2234,-1,-1,-1
31,12,1080.02,451.27,53.71,144.06,0.3187,-1,-1,-1
31,13,804.62,467.03,30.49,81.33,0.1655,-1,-1,-1
31,34,1441.93,429.76,42.79,127.87,0.5752,-1,-1,-1
31,38,1552.02,455.57,34.21,102.62,0.1934,-1,-1,-1
31,39,1481.89,450.02,27.63,91.47,0.2852,-1,-1,-1
32,1,1605.40,396.31,167.87,441.35,0.7908,-1,-1,-1
32,2,600.11,443.06,94.82,272.90,0.7616,-1,-1,-1
32,3,478.46,444.87,110.38,288.41,0.6387,-1,-1,-1
32,4,1724.12,417.55,182.95,390.02,0.7328,-1,-1,-1
32,5,721.13,459.34,42.07,119.71,0.4237,-1,-1,-1
32,6,917.36,432.81,55.22,156.22,0.1959,-1,-1,-1
32,8,1250.77,441.27,32.18,100.57,0.1951,-1,-1,-1
32,12,1080.27,453.75,53.24,142.51,0.3541,-1,-1,-1
32,13,804.51,466.47,30.41,81.86,0.1576,-1,-1,-1
32,34,1446.80,431.05,40.36,126.50,0.5309,-1,-1,-1
32,38,1552.34,452.39,34.16,105.90,0.1643,-1,-1,-1
32,39,1484.65,446.06,32.22,93.50,0.2212,-1,-1,-1
33,1,1608.69,395.25,176.41,452.95,0.8076,-1,-1,-1
33,2,601.28,444.28,94.81,271.01,0.7666,-1,-1,-1
33,3,479.33,444.12,109.67,294.42,0.7038,-1,-1,-1
33,4,1735.17,413.39,182.12,398.80,0.6486,-1,-1,-1
33,5,719.65,458.73,42.56,118.92,0.3715,-1,-1,-1
33,6,914.08,430.57,60.22,156.23,0.2161,-1,-1,-1
33,8,1250.63,441.53,33.38,101.94,0.2665,-1,-1,-1
33,12,1079.24,451.90,54.18,143.96,0.3800,-1,-1,-1
33,13,803.02,465.92,29.83,83.85,0.1655,-1,-1,-1
33,21,1853.00,465.44,66.47,190.32,0.2086,-1,-1,-1
33,34,1450.22,431.61,40.14,126.12,0.5777,-1,-1,-1
33,38,1553.03,446.87,35.46,111.05,0.2112,-1,-1,-1
34,1,1611.47,394.86,188.08,445.40,0.8034,-1,-1,-1
34,2,605.28,443.21,90.79,271.83,0.7622,-1,-1,-1
34,3,478.94,443.97,110.64,300.69,0.7294,-1,-1,-1
34,4,1740.95,454.27,182.28,366.27,0.3176,-1,-1,-1
34,5,717.57,456.41,42.31,120.85,0.3644,-1,-1,-1
34,6,920.27,433.07,52.51,156.11,0.1759,-1,-1,-1
34,8,1249.90,439.82,33.96,103.54,0.2928,-1,-1,-1
34,12,1079.12,446.85,53.76,147.86,0.2634,-1,-1,-1
34,13,805.13,467.84,32.25,82.09,0.1787,-1,-1,-1
34,32,685.03,447.99,48.18,129.23,0.1585,-1,-1,-1
34,34,1454.29,430.96,40.47,126.66,0.6021,-1,-1,-1
34,39,1489.32,443.91,32.85,99.69,0.2075,-1,-1,-1
35,1,1618.91,393.27,200.53,455.53,0.8493,-1,-1,-1
35,2,605.55,444.10,91.45,270.85,0.7724,-1,-1,-1
35,3,477.67,443.77,111.74,300.47,0.7405,-1,-1,-1
35,4,1763.42,427.11,153.37,399.96,0.4130,-1,-1,-1
35,5,719.16,458.74,40.96,119.18,0.3463,-1,-1,-1
35,6,919.83,433.44,52.55,155.93,0.1951,-1,-1,-1
35,8,1250.19,438.76,32.68,104.33,0.2469,-1,-1,-1
35,12,1078.21,450.71,52.61,145.70,0.2971,-1,-1,-1
35,13,804.52,467.29,30.24,81.83,0.1656,-1,-1,-1
35,20,680.67,461.64,52.91,198.00,0.2295,-1,-1,-1
35,32,692.91,449.88,41.31,129.77,0.1678,-1,-1,-1
35,34,1455.43,432.23,39.72,124.58,0.5704,-1,-1,-1
35,39,1486.05,444.40,35.75,105.10,0.1992,-1,-1,-1
36,1,1626.60,396.04,219.92,470.05,0.8183,-1,-1,-1
36,2,607.08,444.32,90.10,270.37,0.7725,-1,-1,-1
36,3,476.31,444.00,113.40,302.32,0.7074,-1,-1,-1
36,4,1764.52,414.84,152.85,406.19,0.5508,-1,-1,-1
36,5,715.87,456.47,43.52,120.00,0.3121,-1,-1,-1
36,6,919.65,433.48,52.60,155.08,0.2105,-1,-1,-1
36,8,1250.32,437.76,33.18,105.94,0.2605,-1,-1,-1
36,12,1078.80,450.11,51.81,145.89,0.3282,-1,-1,-1
36,13,804.53,467.54,29.37,81.71,0.1511,-1,-1,-1
36,20,681.56,460.66,51.87,195.56,0.2245,-1,-1,-1
36,34,1456.29,433.22,42.50,124.82,0.5765,-1,-1,-1
37,1,1630.47,397.81,258.79,472.36,0.7919,-1,-1,-1
37,2,608.41,445.01,90.14,269.82,0.7701,-1,-1,-1
37,3,476.64,444.45,112.89,294.46,0.6660,-1,-1,-1
37,4,1773.84,419.72,144.09,400.55,0.6046,-1,-1,-1
37,5,716.95,453.86,42.71,123.33,0.3138,-1,-1,-1
37,6,919.65,433.75,52.52,155.09,0.2170,-1,-1,-1
37,8,1250.16,439.75,31.45,103.15,0.2016,-1,-1,-1
37,12,1081.79,450.56,49.04,145.44,0.1799,-1,-1,-1
37,13,803.96,466.66,29.83,82.13,0.1544,-1,-1,-1
37,34,1460.84,433.33,43.25,125.58,0.5478,-1,-1,-1
38,1,1629.13,403.05,254.74,472.25,0.8539,-1,-1,-1
38,2,608.43,443.91,90.81,271.45,0.7669,-1,-1,-1
38,3,477.08,444.59,114.69,288.76,0.6854,-1,-1,-1
38,4,1791.50,427.42,127.22,391.80,0.2764,-1,-1,-1
38,5,712.84,453.37,45.25,129.42,0.3079,-1,-1,-1
38,6,919.19,433.05,53.32,155.63,0.1768,-1,-1,-1
38,8,1256.60,431.67,38.91,112.41,0.3234,-1,-1,-1
38,12,1083.68,453.76,48.18,142.42,0.1876,-1,-1,-1
38,34,1462.18,431.92,44.39,126.34,0.6031,-1,-1,-1
39,1,1630.19,404.40,262.65,470.68,0.8708,-1,-1,-1
39,2,608.63,442.98,92.68,272.58,0.7795,-1,-1,-1
39,3,477.87,444.62,114.23,294.05,0.7068,-1,-1,-1
39,4,1812.11,429.99,105.43,376.06,0.5203,-1,-1,-1
39,5,716.64,452.04,43.16,126.60,0.2409,-1,-1,-1
39,8,1256.31,430.80,40.47,114.61,0.4198,-1,-1,-1
39,12,1081.78,452.52,50.53,142.58,0.2785,-1,-1,-1
39,13,804.58,466.36,31.18,82.74,0.2075,-1,-1,-1
39,32,700.04,448.07,43.45,132.26,0.1975,-1,-1,-1
39,34,1463.18,431.71,45.97,125.76,0.5847,-1,-1,-1
40,1,1630.48,404.43,271.46,472.74,0.8623,-1,-1,-1
40,2,609.64,443.82,91.85,272.30,0.7744,-1,-1,-1
40,3,476.50,446.05,117.15,295.62,0.6822,-1,-1,-1
40,4,1818.82,422.98,100.46,388.79,0.5967,-1,-1,-1
40,8,1256.07,431.73,38.92,114.08,0.4410,-1,-1,-1
40,12,1083.45,453.01,47.77,142.29,0.1895,-1,-1,-1
40,13,804.34,468.08,29.94,81.87,0.2146,-1,-1,-1
40,32,700.68,448.45,42.12,129.54,0.2609,-1,-1,-1
40,34,1465.17,433.11,47.77,123.66,0.5644,-1,-1,-1
41,1,1637.07,400.56,281.69,484.16,0.8654,-1,-1,-1
41,2,612.49,443.57,91.93,272.73,0.7916,-1,-1,-1
41,3,479.15,447.42,113.36,294.94,0.6836,-1,-1,-1
41,4,1831.70,397.06,87.50,419.32,0.6853,-1,-1,-1
41,8,1256.42,430.47,39.87,115.23,0.4800,-1,-1,-1
41,12,1082.38,455.21,48.19,141.00,0.1922,-1,-1,-1
41,13,804.04,467.24,29.89,81.95,0.2426,-1,-1,-1
41,18,1306.82,420.00,35.96,127.53,0.1591,-1,-1,-1
41,32,703.37,451.69,51.79,127.71,0.3105,-1,-1,-1
41,34,1464.54,434.32,52.22,121.13,0.5073,-1,-1,-1
42,1,1643.35,400.98,270.50,477.99,0.8417,-1,-1,-1
42,2,613.91,442.71,90.21,272.02,0.7989,-1,-1,-1
42,3,474.84,447.70,118.43,303.13,0.6607,-1,-1,-1
42,4,1841.81,391.15,77.58,427.25,0.6501,-1,-1,-1
42,6,917.40,433.42,55.01,155.83,0.1638,-1,-1,-1
42,8,1256.51,429.96,40.69,115.68,0.4901,-1,-1,-1
42,12,1082.18,455.01,50.46,140.97,0.3293,-1,-1,-1
42,13,803.86,467.09,29.53,81.89,0.2352,-1,-1,-1
42,18,1305.41,418.86,38.88,127.80,0.1846,-1,-1,-1
42,20,689.73,459.56,56.84,206.57,0.1524,-1,-1,-1
42,32,701.60,449.36,42.24,129.32,0.2360,-1,-1,-1
42,34,1467.33,434.69,50.75,120.97,0.5555,-1,-1,-1
43,1,1654.94,403.76,261.16,479.27,0.8502,-1,-1,-1
43,2,615.49,443.50,89.76,271.54,0.7886,-1,-1,-1
43,3,467.07,445.49,123.77,308.35,0.6245,-1,-1,-1
43,4,1851.72,393.76,67.78,426.24,0.5923,-1,-1,-1
43,6,919.85,434.11,52.53,155.88,0.2598,-1,-1,-1
43,8,1257.02,426.34,42.29,118.81,0.4712,-1,-1,-1
43,12,1083.52,450.53,48.86,146.68,0.2816,-1,-1,-1
43,13,804.25,466.69,28.83,81.87,0.2205,-1,-1,-1
43,18,1305.33,416.88,39.00,129.59,0.1886,-1,-1,-1
43,20,696.82,452.17,59.25,210.51,0.1603,-1,-1,-1
43,32,701.66,447.80,39.59,126.40,0.1797,-1,-1,-1
43,34,1469.35,433.14,51.73,122.15,0.5796,-1,-1,-1
44,1,1667.03,392.70,245.52,485.85,0.8459,-1,-1,-1
44,2,615.14,443.73,91.09,271.19,0.7991,-1,-1,-1
44,3,468.57,446.20,124.21,314.12,0.6482,-1,-1,-1
44,4,1863.46,416.44,56.36,399.30,0.4907,-1,-1,-1
44,6,920.42,433.97,51.71,156.22,0.2361,-1,-1,-1
44,8,1256.81,426.85,41.80,118.92,0.4571,-1,-1,-1
44,11,931.75,434.49,32.64,84.20,0.1714,-1,-1,-1
44,12,1082.72,450.22,49.69,148.05,0.3550,-1,-1,-1
44,13,803.82,467.41,29.03,81.22,0.2397,-1,-1,-1
44,18,1305.06,416.67,39.10,130.12,0.1545,-1,-1,-1
44,20,693.86,449.16,54.83,212.88,0.1623,-1,-1,-1
44,32,703.16,448.25,38.46,130.15,0.2387,-1,-1,-1
44,34,1472.98,435.44,49.19,120.56,0.5327,-1,-1,-1
45,1,1690.75,393.33,219.01,483.78,0.7947,-1,-1,-1
45,2,616.42,442.90,91.26,271.57,0.7778,-1,-1,-1
45,3,467.67,443.23,123.17,315.26,0.6359,-1,-1,-1
45,4,1869.45,424.22,49.99,391.49,0.3513,-1,-1,-1
45,6,920.00,433.17,52.62,156.31,0.2507,-1,-1,-1
45,8,1257.77,425.88,41.98,119.60,0.4575,-1,-1,-1
45,11,931.44,434.45,33.87,84.65,0.1892,-1,-1,-1
45,12,1081.21,449.19,51.17,148.95,0.3829,-1,-1,-1
45,13,803.66,468.82,30.66,80.33,0.2792,-1,-1,-1
45,18,1304.74,417.67,39.25,129.32,0.1547,-1,-1,-1
45,20,698.39,453.62,56.64,207.99,0.3517,-1,-1,-1
45,34,1479.14,433.55,41.44,121.61,0.4935,-1,-1,-1
46,1,1715.29,391.82,201.81,487.03,0.6314,-1,-1,-1
46,2,616.96,442.09,94.24,272.77,0.7589,-1,-1,-1
46,3,465.89,445.10,126.61,318.59,0.6336,-1,-1,-1
46,4,1877.26,398.40,42.07,434.13,0.3968,-1,-1,-1
46,5,725.91,448.30,42.14,120.61,0.2851,-1,-1,-1
46,6,919.70,433.62,52.69,156.12,0.2483,-1,-1,-1
46,8,1258.48,423.94,42.07,121.55,0.4614,-1,-1,-1
46,11,931.39,434.93,33.51,83.53,0.1736,-1,-1,-1
46,12,1081.37,448.71,50.64,148.22,0.3024,-1,-1,-1
46,13,804.61,468.59,28.20,80.10,0.2345,-1,-1,-1
46,18,1305.67,417.75,38.31,129.07,0.1715,-1,-1,-1
46,20,696.25,450.43,58.91,210.49,0.2510,-1,-1,-1
46,27,1707.44,446.05,64.33,188.63,0.1714,-1,-1,-1
46,32,708.37,447.56,32.90,114.35,0.1978,-1,-1,-1
46,34,1484.82,435.31,35.09,119.65,0.5206,-1,-1,-1
47,1,1774.71,385.34,140.76,495.19,0.7068,-1,-1,-1
47,2,616.59,441.50,93.08,272.91,0.7759,-1,-1,-1
47,3,464.18,444.28,127.97,320.22,0.6296,-1,-1,-1
47,4,1880.91,402.80,37.76,447.01,0.1501,-1,-1,-1
47,5,727.50,448.83,40.46,116.49,0.2230,-1,-1,-1
47,6,918.70,432.98,53.50,156.56,0.2075,-1,-1,-1
47,8,1258.69,424.22,43.21,121.07,0.4927,-1,-1,-1
47,12,1080.04,450.09,51.94,146.52,0.2798,-1,-1,-1
47,13,804.44,468.10,27.53,80.26,0.2424,-1,-1,-1
47,18,1304.96,417.09,39.27,129.42,0.1801,-1,-1,-1
47,20,696.66,455.08,57.31,206.08,0.5483,-1,-1,-1
47,27,1673.27,430.26,103.98,171.90,0.1544,-1,-1,-1
47,34,1488.93,431.55,33.35,121.09,0.5148,-1,-1,-1
48,1,1776.11,386.08,142.22,489.88,0.7899,-1,-1,-1
48,2,618.45,441.15,93.78,272.50,0.7452,-1,-1,-1
48,3,470.12,443.60,120.96,318.34,0.6477,-1,-1,-1
48,5,732.78,451.41,38.06,116.84,0.2951,-1,-1,-1
48,6,918.88,435.43,54.38,154.44,0.2111,-1,-1,-1
48,8,1258.89,427.04,40.72,118.45,0.4476,-1,-1,-1
48,12,1079.65,454.16,52.73,142.44,0.2935,-1,-1,-1
48,13,804.83,468.52,29.59,80.57,0.2831,-1,-1,-1
48,18,1306.25,419.39,37.68,128.42,0.1767,-1,-1,-1
48,20,698.50,453.34,62.28,207.67,0.3833,-1,-1,-1
48,34,1496.05,438.30,30.89,115.89,0.2992,-1,-1,-1
48,46,581.14,436.10,48.84,150.70,0.2973,-1,-1,-1
49,1,1797.16,385.33,121.94,491.94,0.8007,-1,-1,-1
49,2,619.22,442.00,94.58,271.96,0.7551,-1,-1,-1
49,3,471.76,444.36,118.98,317.34,0.6378,-1,-1,-1
49,5,734.37,451.38,37.42,116.25,0.2388,-1,-1,-1
49,8,1258.94,434.33,40.74,113.30,0.4594,-1,-1,-1
49,12,1079.25,459.50,52.69,136.95,0.2704,-1,-1,-1
49,13,806.00,467.20,30.16,82.22,0.3124,-1,-1,-1
49,18,1306.10,420.36,37.15,127.61,0.1754,-1,-1,-1
49,20,698.59,454.91,63.77,207.26,0.4391,-1,-1,-1
49,46,580.06,436.95,52.77,148.85,0.3311,-1,-1,-1
50,1,1809.59,385.75,110.20,497.22,0.8413,-1,-1,-1
50,2,617.68,441.80,99.39,272.30,0.7557,-1,-1,-1
50,3,463.52,443.51,125.93,315.91,0.6200,-1,-1,-1
50,5,734.45,451.41,39.61,119.15,0.2557,-1,-1,-1
50,8,1259.40,438.02,39.16,109.48,0.4423,-1,-1,-1
50,12,1079.36,452.43,52.78,142.43,0.2753,-1,-1,-1
50,13,805.41,466.83,31.16,82.58,0.3113,-1,-1,-1
50,18,1306.33,422.40,37.19,125.50,0.1660,-1,-1,-1
50,20,703.26,451.37,63.76,210.55,0.3783,-1,-1,-1
50,46,580.24,436.37,48.89,149.17,0.3446,-1,-1,-1
50,47,1009.55,458.01,43.89,66.79,0.1751,-1,-1,-1
51,1,1816.51,383.84,102.48,498.67,0.8290,-1,-1,-1
51,2,618.47,441.46,100.08,272.40,0.7624,-1,-1,-1
51,3,451.17,443.23,138.54,314.43,0.6072,-1,-1,-1
51,5,735.25,457.34,39.00,114.45,0.2169,-1,-1,-1
51,8,1259.83,435.08,39.29,111.73,0.4807,-1,-1,-1
51,12,1078.20,453.14,54.72,142.17,0.2884,-1,-1,-1
51,13,806.01,467.26,29.83,82.96,0.2915,-1,-1,-1
51,20,701.98,457.24,66.60,206.03,0.3371,-1,-1,-1
51,34,1500.50,438.67,42.42,115.86,0.4205,-1,-1,-1
51,46,582.52,439.93,50.58,145.14,0.3441,-1,-1,-1
51,47,1011.06,454.33,43.37,70.35,0.2038,-1,-1,-1
52,1,1824.95,386.31,93.90,493.18,0.8111,-1,-1,-1
52,2,619.90,442.77,98.70,271.36,0.7492,-1,-1,-1
52,3,468.16,444.95,122.85,314.71,0.6581,-1,-1,-1
52,5,735.04,455.29,40.00,114.16,0.2570,-1,-1,-1
52,8,1259.66,432.26,38.20,113.30,0.4705,-1,-1,-1
52,12,1080.22,452.80,52.45,142.33,0.3606,-1,-1,-1
52,13,805.75,470.13,32.26,81.28,0.2859,-1,-1,-1
52,20,701.93,456.67,69.24,206.17,0.3029,-1,-1,-1
52,34,1501.02,437.07,46.21,118.24,0.4085,-1,-1,-1
52,46,588.67,444.80,46.00,139.87,0.3515,-1,-1,-1
52,47,1010.53,454.80,44.08,70.36,0.1632,-1,-1,-1
52,49,1521.65,435.90,37.33,113.32,0.3430,-1,-1,-1
53,1,1825.89,384.09,93.44,500.75,0.7788,-1,-1,-1
53,2,621.12,443.60,96.20,270.00,0.7479,-1,-1,-1
53,3,464.41,446.27,127.43,311.91,0.6524,-1,-1,-1
53,5,732.19,451.59,43.55,115.97,0.3244,-1,-1,-1
53,8,1259.65,430.35,40.67,115.45,0.5283,-1,-1,-1
53,12,1082.39,451.51,50.92,142.76,0.2597,-1,-1,-1
53,13,805.40,469.54,31.22,80.75,0.2669,-1,-1,-1
53,18,1305.62,421.21,37.28,126.62,0.2306,-1,-1,-1
53,20,693.85,454.54,70.13,207.07,0.4774,-1,-1,-1
53,34,1500.27,433.62,52.40,121.06,0.3681,-1,-1,-1
53,46,590.87,449.05,44.48,135.64,0.3011,-1,-1,-1
53,47,1012.49,454.31,43.11,72.92,0.2038,-1,-1,-1
53,49,1524.28,434.32,36.98,118.39,0.3646,-1,-1,-1
54,1,1820.90,391.14,98.99,496.04,0.7337,-1,-1,-1
54,2,623.52,442.57,95.85,272.47,0.7379,-1,-1,-1
54,3,468.32,445.94,123.82,314.13,0.6937,-1,-1,-1
54,5,730.56,451.73,45.45,116.74,0.2650,-1,-1,-1
54,8,1259.47,430.27,40.23,115.20,0.5064,-1,-1,-1
54,12,1082.08,454.36,50.21,140.22,0.2678,-1,-1,-1
54,13,806.03,469.22,31.51,81.02,0.2472,-1,-1,-1
54,18,1305.89,422.31,36.49,125.67,0.2132,-1,-1,-1
54,20,693.63,452.79,79.98,208.75,0.3705,-1,-1,-1
54,34,1499.62,442.41,53.27,113.66,0.2755,-1,-1,-1
54,46,589.01,448.00,45.97,136.12,0.2936,-1,-1,-1
54,49,1527.28,442.70,35.45,111.46,0.4728,-1,-1,-1
55,1,1822.16,421.22,97.96,466.78,0.7188,-1,-1,-1
55,2,623.45,441.94,92.07,273.15,0.7449,-1,-1,-1
55,3,470.65,444.96,120.48,315.28,0.7045,-1,-1,-1
55,5,733.96,452.93,43.67,114.47,0.2016,-1,-1,-1
55,6,921.19,431.98,51.59,156.66,0.1589,-1,-1,-1
55,8,1259.75,429.49,40.25,116.40,0.5007,-1,-1,-1
55,12,1082.13,454.32,49.90,139.94,0.2885,-1,-1,-1
55,13,806.60,469.95,30.44,80.53,0.2476,-1,-1,-1
55,18,1305.82,421.84,36.93,126.28,0.2014,-1,-1,-1
55,20,692.98,455.65,75.44,206.95,0.3835,-1,-1,-1
55,34,1499.50,437.72,52.08,115.58,0.3279,-1,-1,-1
55,46,586.10,448.77,48.51,135.17,0.3503,-1,-1,-1
55,49,1530.02,436.99,36.90,115.30,0.4746,-1,-1,-1
56,1,1825.02,435.58,94.49,451.90,0.5922,-1,-1,-1
56,2,623.51,441.45,92.46,273.61,0.7333,-1,-1,-1
56,3,472.58,445.41,118.71,314.00,0.7117,-1,-1,-1
56,5,735.50,452.36,39.70,113.36,0.1703,-1,-1,-1
56,6,920.42,432.46,52.69,156.68,0.1851,-1,-1,-1
56,8,1260.08,426.28,40.45,118.99,0.5103,-1,-1,-1
56,12,1082.37,455.48,50.24,139.34,0.3268,-1,-1,-1
56,13,806.89,470.44,31.33,80.71,0.2603,-1,-1,-1
56,18,1305.42,420.72,37.36,126.62,0.1896,-1,-1,-1
56,20,695.54,455.87,67.25,206.24,0.4715,-1,-1,-1
56,34,1498.87,440.66,45.08,112.49,0.2926,-1,-1,-1
56,46,584.94,446.03,49.75,137.27,0.3660,-1,-1,-1
56,47,1008.34,454.47,39.23,70.42,0.1543,-1,-1,-1
56,49,1531.49,441.79,34.86,111.07,0.4984,-1,-1,-1
57,1,1828.91,403.21,89.96,481.97,0.3798,-1,-1,-1
57,2,623.54,442.67,90.63,272.80,0.7315,-1,-1,-1
57,3,470.42,447.19,121.59,312.47,0.6684,-1,-1,-1
57,6,919.60,432.38,53.86,156.65,0.1722,-1,-1,-1
57,8,1260.15,432.03,40.04,113.53,0.5178,-1,-1,-1
57,12,1083.43,456.02,48.86,138.53,0.2474,-1,-1,-1
57,13,806.02,470.82,31.57,80.56,0.2535,-1,-1,-1
57,18,1304.85,422.15,38.58,125.43,0.2888,-1,-1,-1
57,20,694.98,455.61,68.77,209.56,0.5814,-1,-1,-1
57,34,1500.39,439.84,44.05,111.48,0.1558,-1,-1,-1
57,46,583.28,441.70,47.98,142.86,0.4221,-1,-1,-1
57,47,1009.38,461.34,36.48,64.74,0.1542,-1,-1,-1
57,49,1533.48,437.34,35.28,114.42,0.4884,-1,-1,-1
58,1,1829.44,433.20,90.44,454.45,0.3323,-1,-1,-1
58,2,625.76,443.85,93.48,271.31,0.7339,-1,-1,-1
58,3,473.96,445.30,118.63,312.21,0.6646,-1,-1,-1
58,8,1260.51,432.94,40.71,112.54,0.5225,-1,-1,-1
58,12,1084.47,461.39,47.69,133.34,0.2559,-1,-1,-1
58,13,805.04,468.31,31.47,82.04,0.2635,-1,-1,-1
58,18,1304.72,420.44,37.96,127.03,0.2448,-1,-1,-1
58,20,695.04,468.14,69.06,201.79,0.2254,-1,-1,-1
58,46,582.48,446.87,48.19,138.71,0.3945,-1,-1,-1
58,49,1533.67,435.35,33.75,116.72,0.4179,-1,-1,-1
58,50,836.15,470.40,36.96,77.27,0.1701,-1,-1,-1
59,1,1830.36,515.58,91.49,375.63,0.2095,-1,-1,-1
59,2,626.21,442.89,92.76,272.01,0.7176,-1,-1,-1
59,3,474.95,443.15,119.65,316.89,0.7116,-1,-1,-1
59,8,1260.02,432.69,43.05,112.49,0.5374,-1,-1,-1
59,12,1084.63,468.14,46.94,126.54,0.2037,-1,-1,-1
59,13,805.81,469.36,33.54,80.49,0.2407,-1,-1,-1
59,18,1304.10,419.54,41.37,126.96,0.2056,-1,-1,-1
59,20,697.42,460.43,68.92,210.50,0.4744,-1,-1,-1
59,27,1673.09,434.40,93.90,160.59,0.1568,-1,-1,-1
59,46,584.04,449.09,49.63,134.91,0.3647,-1,-1,-1
59,49,1536.98,434.16,32.63,119.00,0.3592,-1,-1,-1
60,1,1841.27,425.80,77.75,451.97,0.1654,-1,-1,-1
60,2,625.31,443.27,93.10,274.94,0.7131,-1,-1,-1
60,3,472.82,441.37,127.94,319.37,0.7235,-1,-1,-1
60,8,1259.96,435.16,42.43,110.99,0.5480,-1,-1,-1
60,12,1084.83,464.08,46.45,129.34,0.2501,-1,-1,-1
60,13,806.32,466.82,32.74,81.50,0.2176,-1,-1,-1
60,18,1304.87,421.17,38.02,126.61,0.2061,-1,-1,-1
60,20,698.32,455.60,68.18,215.97,0.5755,-1,-1,-1
60,46,584.25,450.55,50.11,133.38,0.3240,-1,-1,-1
60,49,1537.40,428.39,33.21,122.90,0.2521,-1,-1,-1
61,2,624.40,443.84,93.82,277.47,0.7077,-1,-1,-1
61,3,473.73,443.59,134.86,316.07,0.6857,-1,-1,-1
61,8,1259.90,428.17,42.19,117.19,0.5334,-1,-1,-1
61,12,1084.49,453.93,47.59,139.45,0.3029,-1,-1,-1
61,13,807.37,467.61,31.30,82.70,0.2025,-1,-1,-1
61,18,1304.49,420.42,38.11,127.04,0.2518,-1,-1,-1
61,20,699.81,455.64,67.61,216.86,0.5456,-1,-1,-1
61,34,1524.52,433.99,41.20,118.27,0.2073,-1,-1,-1
61,46,584.89,455.36,45.62,129.93,0.2861,-1,-1,-1
61,49,1545.39,431.15,34.20,117.80,0.2597,-1,-1,-1
62,2,623.79,444.77,90.73,275.41,0.7230,-1,-1,-1
62,3,480.53,442.92,135.91,318.57,0.7254,-1,-1,-1
62,6,920.70,430.54,52.46,159.71,0.2384,-1,-1,-1
62,8,1259.62,430.27,40.86,115.21,0.5518,-1,-1,-1
62,12,1088.59,441.30,44.06,151.92,0.1811,-1,-1,-1
62,13,807.67,468.10,30.26,82.90,0.2411,-1,-1,-1
62,18,1304.65,420.85,37.24,126.60,0.2658,-1,-1,-1
62,20,699.18,453.88,67.11,218.80,0.6208,-1,-1,-1
62,21,1830.61,470.95,58.00,177.53,0.2559,-1,-1,-1
62,27,1668.30,431.56,63.94,156.73,0.1511,-1,-1,-1
62,34,1531.06,441.54,31.39,110.69,0.1874,-1,-1,-1
62,46,588.41,457.49,44.69,127.58,0.2779,-1,-1,-1
62,49,1547.99,439.06,33.34,111.14,0.2696,-1,-1,-1
63,2,621.40,445.04,90.75,275.62,0.7394,-1,-1,-1
63,3,479.49,440.34,139.28,320.12,0.7257,-1,-1,-1
63,6,920.72,433.50,51.76,157.02,0.2767,-1,-1,-1
63,8,1259.80,431.32,40.41,113.50,0.5327,-1,-1,-1
63,11,931.48,434.66,34.83,85.17,0.1567,-1,-1,-1
63,12,1087.90,438.41,45.05,156.68,0.2180,-1,-1,-1
63,13,806.08,468.33,28.76,82.23,0.2556,-1,-1,-1
63,18,1304.62,420.33,37.65,126.77,0.2753,-1,-1,-1
63,20,696.78,458.41,70.13,213.80,0.6622,-1,-1,-1
63,21,1831.83,469.17,59.47,176.07,0.1562,-1,-1,-1
63,34,1535.47,441.49,29.15,109.97,0.1665,-1,-1,-1
63,46,583.92,455.95,46.51,128.83,0.2191,-1,-1,-1
64,2,619.03,444.34,93.31,278.22,0.7434,-1,-1,-1
64,3,484.71,442.31,138.80,318.30,0.7207,-1,-1,-1
64,6,922.36,433.75,50.75,155.60,0.2897,-1,-1,-1
64,8,1259.35,433.96,40.20,110.34,0.5249,-1,-1,-1
64,11,931.55,434.12,33.09,86.96,0.2081,-1,-1,-1
64,12,1087.61,438.97,44.32,155.77,0.2177,-1,-1,-1
64,13,806.55,469.91,26.89,79.50,0.1967,-1,-1,-1
64,18,1304.12,419.15,38.63,127.76,0.2757,-1,-1,-1
64,20,697.12,451.94,69.40,221.34,0.6381,-1,-1,-1
64,21,1831.05,470.62,59.99,177.63,0.1645,-1,-1,-1
64,46,582.89,450.42,47.67,134.54,0.1948,-1,-1,-1
65,2,619.25,447.47,92.35,276.12,0.7431,-1,-1,-1
65,3,496.20,445.77,131.63,315.83,0.7893,-1,-1,-1
65,6,922.26,432.87,50.64,155.16,0.3202,-1,-1,-1
65,8,1259.01,438.97,40.45,106.00,0.5286,-1,-1,-1
65,11,930.95,432.61,36.03,89.45,0.2173,-1,-1,-1
65,12,1086.25,435.86,47.64,158.37,0.3380,-1,-1,-1
65,13,805.56,469.03,27.75,80.35,0.2203,-1,-1,-1
65,18,1304.54,421.81,37.80,125.66,0.2409,-1,-1,-1
65,20,696.09,449.73,68.83,226.42,0.6809,-1,-1,-1
65,21,1830.90,469.87,61.86,179.28,0.2235,-1,-1,-1
65,59,1007.75,444.48,33.93,83.12,0.1806,-1,-1,-1
66,2,620.52,448.13,90.77,275.64,0.7597,-1,-1,-1
66,3,495.51,447.54,139.70,316.95,0.7292,-1,-1,-1
66,6,921.41,432.66,51.84,156.13,0.3086,-1,-1,-1
66,8,1258.92,439.33,40.44,105.44,0.5297,-1,-1,-1
66,11,930.47,432.33,36.89,92.88,0.2179,-1,-1,-1
66,12,1088.16,434.59,46.58,137.06,0.2601,-1,-1,-1
66,13,804.62,468.47,28.57,80.99,0.2194,-1,-1,-1
66,18,1304.89,421.92,37.78,125.49,0.2689,-1,-1,-1
66,20,698.13,453.23,69.00,222.88,0.6784,-1,-1,-1
66,21,1832.65,467.47,64.29,180.68,0.1755,-1,-1,-1
66,34,1539.26,432.04,32.25,119.26,0.2113,-1,-1,-1
66,59,1006.39,440.83,34.92,85.22,0.2261,-1,-1,-1
66,60,1034.55,450.14,29.61,78.61,0.1533,-1,-1,-1
67,2,619.03,447.07,92.80,275.11,0.7471,-1,-1,-1
67,3,486.58,447.53,149.93,322.05,0.6453,-1,-1,-1
67,6,923.21,434.09,49.71,154.56,0.2759,-1,-1,-1
67,8,1260.20,441.36,38.55,103.02,0.5144,-1,-1,-1
67,11,931.17,433.58,35.22,90.45,0.2007,-1,-1,-1
67,12,1093.16,436.80,40.62,126.34,0.2018,-1,-1,-1
67,13,804.84,469.13,28.68,80.89,0.2299,-1,-1,-1
67,18,1304.44,421.56,37.87,125.55,0.2420,-1,-1,-1
67,20,698.27,453.83,71.30,223.43,0.6750,-1,-1,-1
67,21,1832.04,467.25,59.84,180.01,0.1604,-1,-1,-1
67,34,1543.19,423.05,40.07,127.35,0.4060,-1,-1,-1
67,59,1007.18,440.17,34.05,87.01,0.2264,-1,-1,-1
67,60,1034.29,450.99,29.60,77.61,0.1642,-1,-1,-1
68,2,615.77,446.15,96.65,275.43,0.7350,-1,-1,-1
68,3,486.80,448.87,152.12,317.57,0.6447,-1,-1,-1
68,6,923.32,433.15,50.52,155.69,0.2585,-1,-1,-1
68,8,1260.06,435.94,39.13,108.15,0.4910,-1,-1,-1
68,11,931.95,433.06,36.27,88.18,0.1778,-1,-1,-1
68,12,1087.16,439.23,46.04,152.36,0.3228,-1,-1,-1
68,13,805.21,470.01,29.99,80.20,0.1631,-1,-1,-1
68,18,1304.38,419.86,38.68,127.22,0.2900,-1,-1,-1
68,20,699.78,455.59,71.27,220.01,0.6770,-1,-1,-1
68,21,1829.19,469.68,57.45,178.35,0.2217,-1,-1,-1
68,34,1543.57,429.69,40.11,122.68,0.3747,-1,-1,-1
68,59,1006.47,444.78,33.56,82.73,0.2978,-1,-1,-1
69,2,614.08,446.85,97.78,275.15,0.7569,-1,-1,-1
69,3,488.52,446.10,153.65,320.97,0.6181,-1,-1,-1
69,6,922.76,433.03,51.16,155.73,0.2357,-1,-1,-1
69,8,1259.85,436.67,39.21,107.74,0.5127,-1,-1,-1
69,11,931.96,433.55,35.77,86.90,0.1625,-1,-1,-1
69,12,1087.43,438.15,46.45,156.60,0.2480,-1,-1,-1
69,13,806.69,471.33,28.89,78.51,0.1992,-1,-1,-1
69,18,1304.27,419.29,38.31,128.16,0.2917,-1,-1,-1
69,20,697.54,456.59,72.67,220.56,0.6662,-1,-1,-1
69,21,1829.09,471.67,53.97,176.72,0.2549,-1,-1,-1
69,34,1541.81,420.87,43.72,130.46,0.4741,-1,-1,-1
70,2,610.90,445.75,100.76,275.11,0.7601,-1,-1,-1
70,3,492.55,442.99,147.82,322.65,0.7277,-1,-1,-1
70,6,921.55,432.96,52.58,156.22,0.2305,-1,-1,-1
70,8,1259.63,437.77,39.24,106.81,0.5125,-1,-1,-1
70,11,931.62,433.46,36.18,86.52,0.1538,-1,-1,-1
70,12,1086.15,437.37,47.92,157.59,0.2496,-1,-1,-1
70,13,807.04,472.00,29.30,78.04,0.1785,-1,-1,-1
70,18,1304.61,419.13,38.02,128.29,0.2564,-1,-1,-1
70,20,698.25,457.82,71.66,219.94,0.6310,-1,-1,-1
70,21,1829.55,471.61,53.14,176.56,0.2487,-1,-1,-1
70,34,1542.34,420.00,46.51,132.73,0.5874,-1,-1,-1
70,59,1006.97,443.76,34.85,82.41,0.1780,-1,-1,-1
71,2,611.02,445.52,99.91,276.44,0.7685,-1,-1,-1
71,3,497.64,442.95,144.85,324.04,0.7341,-1,-1,-1
71,5,757.47,456.14,45.49,109.81,0.2439,-1,-1,-1
71,6,921.08,432.14,53.70,157.09,0.2233,-1,-1,-1
71,8,1259.63,437.04,39.26,107.42,0.5173,-1,-1,-1
71,11,931.14,432.20,36.37,87.57,0.1581,-1,-1,-1
71,12,1075.50,445.50,53.65,151.17,0.2022,-1,-1,-1
71,13,806.73,470.74,28.87,78.40,0.1625,-1,-1,-1
71,18,1304.22,419.33,37.49,127.92,0.2501,-1,-1,-1
71,20,698.65,458.96,68.08,219.65,0.5871,-1,-1,-1
71,21,1830.04,470.67,54.94,176.95,0.2255,-1,-1,-1
71,34,1542.08,420.56,47.51,132.48,0.5762,-1,-1,-1
72,2,612.62,444.30,97.19,277.60,0.7655,-1,-1,-1
72,3,498.64,444.06,144.19,323.09,0.7412,-1,-1,-1
72,5,760.61,460.43,43.88,107.33,0.1712,-1,-1,-1
72,6,921.22,428.83,53.68,157.66,0.2638,-1,-1,-1
72,8,1259.88,429.87,40.02,114.09,0.5150,-1,-1,-1
72,11,930.72,432.64,37.30,91.84,0.1694,-1,-1,-1
72,12,1089.01,438.05,44.67,155.39,0.2429,-1,-1,-1
72,13,808.48,470.99,28.80,78.13,0.1624,-1,-1,-1
72,18,1304.38,418.98,37.50,128.08,0.2610,-1,-1,-1
72,20,699.11,458.39,70.49,221.23,0.5846,-1,-1,-1
72,21,1829.32,469.72,56.27,178.21,0.2246,-1,-1,-1
72,34,1542.54,420.68,46.00,132.00,0.5698,-1,-1,-1
73,2,615.85,443.47,95.07,278.36,0.7675,-1,-1,-1
73,3,503.10,444.81,139.78,323.26,0.7758,-1,-1,-1
73,5,761.00,465.20,45.47,102.65,0.1624,-1,-1,-1
73,6,919.54,429.57,54.39,157.70,0.3376,-1,-1,-1
73,8,1259.82,430.81,40.44,113.44,0.5072,-1,-1,-1
73,11,930.15,431.88,37.89,89.72,0.1948,-1,-1,-1
73,12,1079.83,440.94,51.66,153.74,0.2791,-1,-1,-1
73,18,1304.35,418.71,37.35,128.11,0.2396,-1,-1,-1
73,20,700.59,458.24,71.10,220.23,0.5999,-1,-1,-1
73,21,1829.24,468.98,58.43,179.08,0.2338,-1,-1,-1
73,34,1545.84,419.20,43.54,132.84,0.5326,-1,-1,-1
74,2,619.49,442.45,91.07,280.95,0.7757,-1,-1,-1
74,3,507.20,444.16,138.59,327.25,0.7379,-1,-1,-1
74,5,763.52,458.47,43.39,104.35,0.1762,-1,-1,-1
74,6,920.93,432.29,53.56,156.90,0.2226,-1,-1,-1
74,8,1260.44,428.28,40.51,116.29,0.5177,-1,-1,-1
74,11,931.21,431.95,35.14,88.73,0.1896,-1,-1,-1
74,12,1076.92,441.61,53.39,153.47,0.3239,-1,-1,-1
74,18,1304.63,419.14,36.90,127.66,0.2184,-1,-1,-1
74,20,702.20,454.56,76.54,222.53,0.5746,-1,-1,-1
74,27,1666.05,430.86,52.60,159.53,0.1538,-1,-1,-1
74,34,1545.79,418.62,41.20,130.67,0.2980,-1,-1,-1
75,2,620.62,440.21,87.86,283.31,0.7707,-1,-1,-1
75,3,506.71,441.91,138.39,326.10,0.7343,-1,-1,-1
75,5,760.17,457.28,48.52,107.82,0.1797,-1,-1,-1
75,6,920.76,432.66,53.51,156.59,0.2287,-1,-1,-1
75,8,1259.45,428.17,41.14,117.13,0.5281,-1,-1,-1
75,11,931.04,432.81,35.86,88.79,0.1591,-1,-1,-1
75,12,1075.70,442.17,54.43,152.76,0.3300,-1,-1,-1
75,18,1304.40,417.25,37.92,129.50,0.2568,-1,-1,-1
75,20,702.50,454.41,76.22,221.58,0.6335,-1,-1,-1
75,64,1043.85,446.07,50.62,113.52,0.1556,-1,-1,-1
76,2,622.53,441.69,86.48,281.67,0.7708,-1,-1,-1
76,3,513.94,446.67,129.02,319.43,0.7662,-1,-1,-1
76,5,758.10,455.99,53.35,109.24,0.1773,-1,-1,-1
76,6,920.00,427.99,54.57,158.82,0.2194,-1,-1,-1
76,8,1259.75,427.72,41.41,117.08,0.5215,-1,-1,-1
76,11,931.12,430.70,35.24,91.60,0.1613,-1,-1,-1
76,12,1076.16,441.20,53.86,153.42,0.3036,-1,-1,-1
76,18,1304.26,416.77,38.03,130.00,0.2516,-1,-1,-1
76,20,702.27,450.82,80.62,225.49,0.6648,-1,-1,-1
76,21,1831.96,466.14,61.80,182.91,0.1559,-1,-1,-1
76,59,1002.18,441.91,36.77,81.29,0.1590,-1,-1,-1
76,64,1044.13,447.63,49.15,114.07,0.1611,-1,-1,-1
77,2,622.65,441.14,84.71,284.36,0.7673,-1,-1,-1
77,3,518.65,447.09,124.95,319.49,0.7641,-1,-1,-1
77,5,763.93,458.38,46.67,103.49,0.1528,-1,-1,-1
77,6,921.46,431.13,53.16,157.78,0.2244,-1,-1,-1
77,8,1259.84,427.73,41.27,117.03,0.5269,-1,-1,-1
77,11,931.02,430.73,35.19,93.03,0.1699,-1,-1,-1
77,12,1075.93,441.18,54.37,153.74,0.2722,-1,-1,-1
77,18,1304.25,416.82,38.02,130.05,0.2621,-1,-1,-1
77,20,701.20,446.78,84.21,229.50,0.6316,-1,-1,-1
77,21,1829.93,466.04,62.39,183.19,0.1761,-1,-1,-1
77,59,1002.00,442.81,38.83,81.18,0.1909,-1,-1,-1
77,64,1045.81,447.11,48.62,91.12,0.1516,-1,-1,-1
78,2,628.24,441.63,80.34,280.70,0.7764,-1,-1,-1
78,3,515.82,445.22,127.23,322.11,0.7213,-1,-1,-1
78,6,915.68,430.68,60.04,156.19,0.2038,-1,-1,-1
78,8,1260.62,442.95,40.41,102.59,0.4768,-1,-1,-1
78,12,1075.26,451.28,55.66,144.96,0.2536,-1,-1,-1
78,18,1303.84,418.58,38.20,128.19,0.1923,-1,-1,-1
78,20,702.46,453.01,87.46,224.58,0.6612,-1,-1,-1
78,21,1830.06,469.38,58.27,178.86,0.1762,-1,-1,-1
78,27,1693.63,439.19,84.00,150.60,0.1772,-1,-1,-1
78,59,1001.98,444.29,37.87,83.07,0.2716,-1,-1,-1
79,2,629.86,440.38,78.29,282.27,0.7685,-1,-1,-1
79,3,514.44,446.23,128.16,322.78,0.5526,-1,-1,-1
79,6,915.69,430.80,59.47,155.85,0.2692,-1,-1,-1
79,8,1261.01,439.04,40.44,105.04,0.4630,-1,-1,-1
79,12,1075.73,460.22,53.70,136.92,0.2227,-1,-1,-1
79,18,1304.13,417.93,38.03,128.72,0.2096,-1,-1,-1
79,20,704.33,457.70,93.04,219.38,0.6624,-1,-1,-1
79,21,1829.20,469.61,58.14,177.63,0.2175,-1,-1,-1
79,59,1003.10,444.65,36.59,82.40,0.2061,-1,-1,-1
79,65,483.67,449.25,49.91,129.93,0.2072,-1,-1,-1
79,66,835.36,468.01,45.67,80.34,0.1755,-1,-1,-1
80,2,630.19,439.43,80.05,284.27,0.7419,-1,-1,-1
80,3,508.75,445.72,136.64,325.40,0.5077,-1,-1,-1
80,6,916.18,429.63,59.40,156.96,0.2106,-1,-1,-1
80,8,1260.95,436.46,40.96,107.71,0.4885,-1,-1,-1
80,12,1071.37,463.82,56.64,132.95,0.1596,-1,-1,-1
80,18,1304.50,418.86,37.16,128.07,0.2368,-1,-1,-1
80,20,707.32,458.45,96.62,219.25,0.7268,-1,-1,-1
80,21,1830.72,470.42,55.12,176.10,0.2094,-1,-1,-1
80,59,1003.53,445.15,35.83,82.12,0.2378,-1,-1,-1
80,65,484.35,449.85,53.40,131.84,0.2349,-1,-1,-1
81,2,631.63,436.39,81.55,289.22,0.7149,-1,-1,-1
81,3,506.48,445.54,140.06,328.58,0.4913,-1,-1,-1
81,6,915.57,430.68,60.69,156.21,0.2431,-1,-1,-1
81,8,1260.98,434.42,41.12,109.72,0.4970,-1,-1,-1
81,12,1070.22,458.14,57.77,137.22,0.1742,-1,-1,-1
81,18,1304.41,418.15,36.90,128.15,0.1895,-1,-1,-1
81,20,708.14,458.55,99.36,220.24,0.7118,-1,-1,-1
81,21,1831.03,470.31,57.11,177.37,0.1979,-1,-1,-1
81,27,1691.96,440.20,84.16,148.83,0.1793,-1,-1,-1
81,59,1001.83,447.43,39.17,77.57,0.1747,-1,-1,-1
81,65,486.29,448.47,51.76,132.63,0.3714,-1,-1,-1
82,2,632.31,439.46,79.86,288.27,0.6817,-1,-1,-1
82,3,556.02,447.57,88.77,332.06,0.5210,-1,-1,-1
82,6,914.93,427.62,59.81,158.71,0.2765,-1,-1,-1
82,8,1260.91,439.54,40.76,105.62,0.4999,-1,-1,-1
82,12,1077.84,455.56,51.75,140.14,0.2736,-1,-1,-1
82,18,1304.02,418.10,37.80,128.81,0.2319,-1,-1,-1
82,20,708.21,458.58,105.07,220.66,0.7306,-1,-1,-1
82,21,1832.68,470.66,52.78,176.98,0.2095,-1,-1,-1
82,59,1004.01,443.54,37.15,82.27,0.2961,-1,-1,-1
82,65,488.25,447.59,51.76,132.19,0.3797,-1,-1,-1
83,2,633.35,441.44,81.09,287.96,0.6487,-1,-1,-1
83,3,563.89,444.74,82.74,336.13,0.4478,-1,-1,-1
83,6,918.47,428.30,57.02,160.42,0.2068,-1,-1,-1
83,8,1261.90,434.02,41.22,110.47,0.4575,-1,-1,-1
83,12,1081.22,445.13,52.60,150.29,0.3027,-1,-1,-1
83,18,1304.49,418.84,37.19,128.14,0.1890,-1,-1,-1
83,20,711.12,458.01,104.39,222.85,0.7130,-1,-1,-1
83,21,1828.05,469.63,74.41,178.57,0.1597,-1,-1,-1
83,59,1002.35,445.24,39.07,79.18,0.3306,-1,-1,-1
83,65,489.49,447.71,50.08,128.02,0.3085,-1,-1,-1
83,66,834.80,469.81,42.83,81.09,0.1737,-1,-1,-1
83,67,501.88,451.03,100.22,302.84,0.5314,-1,-1,-1
84,2,632.37,442.66,87.95,288.05,0.5868,-1,-1,-1
84,3,565.83,442.18,83.43,339.57,0.5381,-1,-1,-1
84,6,918.11,428.39,57.41,160.65,0.2313,-1,-1,-1
84,8,1262.31,435.55,40.34,109.65,0.4271,-1,-1,-1
84,12,1077.08,452.52,54.20,144.48,0.2700,-1,-1,-1
84,18,1304.02,419.22,37.54,127.94,0.2011,-1,-1,-1
84,20,711.81,460.60,108.23,220.69,0.7032,-1,-1,-1
84,21,1829.67,469.62,63.18,179.01,0.2033,-1,-1,-1
84,27,1669.07,433.33,59.09,155.42,0.1736,-1,-1,-1
84,50,834.03,469.22,42.22,82.31,0.1605,-1,-1,-1
84,59,1001.58,446.93,40.72,77.23,0.2834,-1,-1,-1
84,65,487.66,449.07,50.70,131.64,0.3263,-1,-1,-1
84,67,506.84,450.93,94.58,291.46,0.4676,-1,-1,-1
84,68,1051.20,443.16,43.95,123.48,0.1713,-1,-1,-1
85,2,631.78,444.34,87.61,287.81,0.5717,-1,-1,-1
85,3,556.06,438.66,92.75,346.35,0.4764,-1,-1,-1
85,6,919.37,429.92,55.51,159.34,0.2135,-1,-1,-1
85,8,1262.95,440.12,39.85,105.15,0.3926,-1,-1,-1
85,12,1079.09,456.44,52.29,140.31,0.3134,-1,-1,-1
85,18,1304.51,420.20,37.47,127.07,0.1749,-1,-1,-1
85,20,718.82,458.05,101.26,224.56,0.7239,-1,-1,-1
85,21,1829.13,466.59,67.70,182.73,0.2415,-1,-1,-1
85,59,1002.07,446.22,38.77,78.80,0.3336,-1,-1,-1
85,65,487.01,448.12,53.13,133.65,0.3928,-1,-1,-1
85,67,510.46,452.54,92.83,299.72,0.4017,-1,-1,-1
85,68,1050.93,446.74,43.45,116.71,0.1542,-1,-1,-1
85,69,625.75,446.84,43.55,281.98,0.2363,-1,-1,-1
86,2,632.19,444.28,93.78,288.36,0.5461,-1,-1,-1
86,3,551.63,440.47,93.66,343.54,0.3972,-1,-1,-1
86,6,919.28,429.51,55.01,160.15,0.2611,-1,-1,-1
86,8,1263.53,440.28,39.24,104.23,0.4198,-1,-1,-1
86,12,1083.09,458.38,47.74,138.07,0.2338,-1,-1,-1
86,18,1304.81,421.41,36.74,125.86,0.1928,-1,-1,-1
86,20,720.19,456.42,99.95,225.93,0.7348,-1,-1,-1
86,21,1828.53,466.32,67.44,184.04,0.2520,-1,-1,-1
86,59,1005.20,444.82,33.86,80.45,0.2278,-1,-1,-1
86,65,488.82,449.26,52.17,134.98,0.4018,-1,-1,-1
86,67,515.50,452.67,91.83,304.97,0.4527,-1,-1,-1
86,69,598.59,445.10,64.61,288.43,0.2909,-1,-1,-1
86,70,427.51,482.82,32.31,73.17,0.1763,-1,-1,-1
87,2,634.99,443.54,89.35,288.43,0.5315,-1,-1,-1
87,3,549.77,441.03,97.52,342.81,0.4053,-1,-1,-1
87,6,920.36,428.34,54.11,160.70,0.3118,-1,-1,-1
87,8,1262.86,432.26,39.11,110.92,0.4073,-1,-1,-1
87,11,932.04,427.21,36.99,109.21,0.1535,-1,-1,-1
87,18,1304.76,418.73,37.56,127.79,0.1927,-1,-1,-1
87,20,720.38,455.84,100.76,225.33,0.7201,-1,-1,-1
87,21,1827.18,465.31,79.54,185.39,0.2926,-1,-1,-1
87,27,1688.33,441.31,89.89,147.00,0.1539,-1,-1,-1
87,59,1005.83,449.72,34.80,76.65,0.2115,-1,-1,-1
87,65,488.28,450.88,50.56,133.88,0.3496,-1,-1,-1
87,67,514.45,452.62,94.56,308.14,0.4481,-1,-1,-1
87,69,588.66,447.19,73.58,286.63,0.3604,-1,-1,-1
87,70,427.08,475.34,32.95,80.11,0.2024,-1,-1,-1
88,2,636.37,446.94,94.37,285.73,0.5833,-1,-1,-1
88,3,555.53,441.14,94.27,342.09,0.4498,-1,-1,-1
88,6,918.48,428.47,55.49,161.06,0.2577,-1,-1,-1
88,8,1262.69,430.24,40.16,113.64,0.4244,-1,-1,-1
88,12,1083.85,455.78,46.39,138.86,0.1747,-1,-1,-1
88,18,1303.34,418.53,40.65,127.87,0.1949,-1,-1,-1
88,20,724.03,453.42,97.40,228.41,0.6864,-1,-1,-1
88,21,1828.86,465.93,71.13,185.29,0.2675,-1,-1,-1
88,59,1007.79,453.79,32.92,72.66,0.1595,-1,-1,-1
88,65,487.39,451.00,59.22,138.95,0.2515,-1,-1,-1
88,67,513.42,450.90,95.64,308.01,0.4861,-1,-1,-1
88,69,589.96,449.40,72.89,280.66,0.3933,-1,-1,-1
89,2,639.18,449.70,93.74,283.63,0.5883,-1,-1,-1
89,6,916.36,427.95,57.58,162.34,0.2591,-1,-1,-1
89,8,1262.42,431.18,40.94,113.56,0.4330,-1,-1,-1
89,12,1081.19,459.94,48.31,136.07,0.1903,-1,-1,-1
89,18,1304.69,418.45,37.78,128.61,0.1929,-1,-1,-1
89,20,724.60,451.12,98.35,231.03,0.7354,-1,-1,-1
89,21,1829.38,465.12,62.19,185.76,0.1748,-1,-1,-1
89,65,485.48,450.15,53.58,136.41,0.2742,-1,-1,-1
89,67,509.39,450.14,96.60,306.47,0.5518,-1,-1,-1
89,69,588.15,450.36,74.30,280.07,0.4555,-1,-1,-1
90,2,642.91,445.50,88.64,286.67,0.6023,-1,-1,-1
90,3,563.52,438.97,85.72,344.92,0.3949,-1,-1,-1
90,6,914.82,425.41,60.60,161.88,0.3180,-1,-1,-1
90,8,1261.72,435.90,41.44,108.81,0.4306,-1,-1,-1
90,11,931.34,426.90,37.96,115.18,0.1563,-1,-1,-1
90,12,1076.57,460.43,53.97,135.61,0.3303,-1,-1,-1
90,18,1304.65,419.61,37.70,127.60,0.2121,-1,-1,-1
90,20,729.14,451.72,94.48,230.59,0.7266,-1,-1,-1
90,21,1829.99,465.85,63.12,184.54,0.2335,-1,-1,-1
90,65,488.44,453.77,56.19,168.95,0.2489,-1,-1,-1
90,67,515.07,448.73,95.93,305.60,0.5640,-1,-1,-1
90,69,591.64,449.17,72.29,281.07,0.4334,-1,-1,-1
91,2,643.94,441.61,92.02,292.50,0.6817,-1,-1,-1
91,6,919.59,430.87,54.56,159.09,0.2362,-1,-1,-1
91,8,1261.26,438.08,38.24,108.03,0.3939,-1,-1,-1
91,12,1074.11,462.70,57.21,132.84,0.3908,-1,-1,-1
91,18,1304.13,416.97,38.03,130.19,0.1726,-1,-1,-1
91,20,732.38,454.37,91.68,228.05,0.6910,-1,-1,-1
91,21,1830.33,468.04,72.42,182.53,0.2060,-1,-1,-1
91,59,1007.61,454.89,33.73,71.33,0.2182,-1,-1,-1
91,65,485.46,446.81,55.88,147.88,0.2198,-1,-1,-1
91,67,512.23,449.01,98.25,298.87,0.6323,-1,-1,-1
91,69,582.56,446.68,81.89,284.82,0.5620,-1,-1,-1
92,2,641.77,437.73,95.66,296.57,0.6772,-1,-1,-1
92,6,918.81,431.66,55.64,158.44,0.2111,-1,-1,-1
92,8,1260.27,436.41,39.89,109.15,0.4561,-1,-1,-1
92,12,1076.95,457.73,54.03,135.84,0.3440,-1,-1,-1
92,18,1303.74,417.54,38.39,130.32,0.2090,-1,-1,-1
92,20,732.56,454.35,93.17,227.53,0.6878,-1,-1,-1
92,21,1829.65,467.20,76.98,182.13,0.2425,-1,-1,-1
92,59,1008.62,453.56,31.32,70.84,0.1641,-1,-1,-1
92,65,486.69,448.96,53.66,140.20,0.2130,-1,-1,-1
92,67,511.07,448.07,99.00,302.05,0.6143,-1,-1,-1
92,69,582.77,445.57,81.98,286.29,0.4989,-1,-1,-1
93,2,640.75,438.37,97.33,296.27,0.6731,-1,-1,-1
93,6,920.51,432.01,53.66,157.31,0.1823,-1,-1,-1
93,8,1260.28,435.73,39.86,109.81,0.4622,-1,-1,-1
93,12,1077.00,458.49,54.68,136.34,0.4072,-1,-1,-1
93,18,1303.82,417.28,38.39,130.45,0.2079,-1,-1,-1
93,20,735.58,457.75,91.49,223.81,0.7078,-1,-1,-1
93,21,1827.26,468.52,74.97,181.97,0.2837,-1,-1,-1
93,59,1007.14,457.79,31.90,68.41,0.1989,-1,-1,-1
93,65,488.32,450.25,50.09,138.49,0.1828,-1,-1,-1
93,67,511.63,447.88,99.17,302.85,0.6229,-1,-1,-1
93,69,584.46,445.80,80.23,286.07,0.4922,-1,-1,-1
94,2,643.92,440.05,93.90,297.41,0.7240,-1,-1,-1
94,3,565.37,434.42,84.16,363.11,0.4401,-1,-1,-1
94,6,920.57,432.43,53.99,156.48,0.2024,-1,-1,-1
94,8,1260.25,437.18,40.17,108.72,0.4621,-1,-1,-1
94,12,1075.72,463.93,54.68,131.58,0.3347,-1,-1,-1
94,18,1303.47,416.78,38.55,131.06,0.2153,-1,-1,-1
94,20,738.31,454.09,90.97,227.40,0.7050,-1,-1,-1
94,21,1828.39,467.01,75.40,183.33,0.2460,-1,-1,-1
94,59,1007.04,454.33,31.85,71.37,0.2307,-1,-1,-1
94,67,516.62,448.79,93.57,302.73,0.5701,-1,-1,-1
94,69,590.92,446.61,72.91,287.20,0.4789,-1,-1,-1
95,2,642.83,440.29,98.32,297.78,0.7414,-1,-1,-1
95,3,558.94,433.46,89.92,365.88,0.4045,-1,-1,-1
95,6,918.25,430.16,56.43,159.72,0.2462,-1,-1,-1
95,8,1258.16,435.47,42.41,110.60,0.5239,-1,-1,-1
95,12,1074.94,468.10,54.64,127.24,0.1938,-1,-1,-1
95,18,1304.24,418.26,37.93,130.07,0.2526,-1,-1,-1
95,20,740.40,452.14,89.59,230.80,0.6683,-1,-1,-1
95,21,1825.46,467.68,79.61,182.85,0.2032,-1,-1,-1
95,27,1685.55,440.37,94.89,149.62,0.1550,-1,-1,-1
95,59,1007.28,451.26,31.84,74.52,0.1992,-1,-1,-1
95,67,512.15,448.19,97.57,302.15,0.5604,-1,-1,-1
95,69,587.27,446.25,77.56,282.58,0.4525,-1,-1,-1
96,2,641.91,441.48,98.41,296.73,0.7595,-1,-1,-1
96,3,546.79,439.99,110.21,360.69,0.3819,-1,-1,-1
96,6,916.47,425.59,59.58,161.77,0.2645,-1,-1,-1
96,8,1258.06,434.84,41.63,111.57,0.4774,-1,-1,-1
96,18,1304.30,419.25,38.35,128.73,0.2356,-1,-1,-1
96,20,745.04,455.19,86.73,228.15,0.6824,-1,-1,-1
96,21,1825.88,467.44,80.83,183.84,0.1943,-1,-1,-1
96,67,509.09,446.79,98.34,304.04,0.5007,-1,-1,-1
96,69,586.86,446.36,78.55,279.87,0.4054,-1,-1,-1
96,75,965.25,444.01,49.02,133.38,0.2020,-1,-1,-1
97,2,644.76,441.68,97.61,296.18,0.7521,-1,-1,-1
97,3,528.69,445.29,130.09,346.86,0.3684,-1,-1,-1
97,6,916.93,425.02,58.97,162.12,0.2470,-1,-1,-1
97,8,1258.13,432.76,41.06,113.06,0.4491,-1,-1,-1
97,18,1304.64,418.52,37.60,128.75,0.1881,-1,-1,-1
97,20,747.59,456.46,87.85,229.21,0.6977,-1,-1,-1
97,21,1825.79,468.02,81.40,183.96,0.1778,-1,-1,-1
97,59,1007.64,446.59,31.85,79.78,0.1894,-1,-1,-1
97,65,488.23,451.56,58.86,137.61,0.2014,-1,-1,-1
97,67,508.57,446.47,99.48,303.62,0.5038,-1,-1,-1
97,69,585.84,446.55,78.62,280.83,0.3895,-1,-1,-1
97,75,964.64,443.14,48.90,135.75,0.1524,-1,-1,-1
98,2,646.45,442.80,98.78,295.47,0.7794,-1,-1,-1
98,3,551.70,441.34,113.61,357.05,0.5220,-1,-1,-1
98,6,916.69,426.42,59.31,160.56,0.2111,-1,-1,-1
98,8,1257.32,438.13,42.48,108.76,0.5487,-1,-1,-1
98,12,1078.44,468.37,51.70,125.32,0.1976,-1,-1,-1
98,18,1304.59,418.52,37.38,128.89,0.2550,-1,-1,-1
98,20,751.73,458.16,87.62,228.21,0.7153,-1,-1,-1
98,21,1825.11,466.32,81.40,184.90,0.2090,-1,-1,-1
98,59,1006.01,444.64,33.59,84.19,0.2051,-1,-1,-1
98,65,487.95,450.77,57.31,141.47,0.1606,-1,-1,-1
98,67,505.31,446.65,101.06,304.83,0.5054,-1,-1,-1
99,2,647.31,442.73,99.43,295.48,0.7606,-1,-1,-1
99,3,562.79,443.24,103.11,356.20,0.5674,-1,-1,-1
99,8,1257.89,440.42,40.71,106.22,0.5309,-1,-1,-1
99,12,1080.48,459.10,48.92,133.39,0.2427,-1,-1,-1
99,18,1305.00,420.31,36.39,127.36,0.1751,-1,-1,-1
99,20,750.47,456.15,90.10,230.07,0.7761,-1,-1,-1
99,21,1824.98,466.67,80.02,183.76,0.2033,-1,-1,-1
99,27,1690.29,439.60,90.47,149.11,0.1608,-1,-1,-1
99,59,1006.81,442.51,32.73,83.37,0.2358,-1,-1,-1
99,67,500.22,444.07,107.05,305.18,0.5339,-1,-1,-1
99,76,450.88,466.62,43.22,94.57,0.1591,-1,-1,-1
100,2,648.17,441.92,101.45,297.07,0.6838,-1,-1,-1
100,3,571.03,444.25,96.54,353.49,0.5903,-1,-1,-1
100,6,916.29,432.81,59.32,156.08,0.1512,-1,-1,-1
100,8,1257.84,441.70,40.23,105.13,0.5528,-1,-1,-1
100,12,1083.09,452.84,47.98,140.30,0.2850,-1,-1,-1
100,20,753.39,453.39,86.07,232.54,0.7638,-1,-1,-1
100,21,1829.52,470.10,79.40,181.34,0.1573,-1,-1,-1
100,59,1005.42,447.74,34.26,79.16,0.2144,-1,-1,-1
100,67,496.83,439.81,105.15,303.98,0.5653,-1,-1,-1
100,69,589.95,439.71,76.21,218.55,0.2005,-1,-1,-1
100,76,452.24,468.15,40.03,92.29,0.1695,-1,-1,-1
101,2,647.86,442.67,105.55,296.64,0.7110,-1,-1,-1
101,3,560.92,442.24,108.58,358.70,0.6095,-1,-1,-1
101,8,1257.75,441.73,39.39,104.87,0.5546,-1,-1,-1
101,12,1077.10,454.22,51.77,141.14,0.2592,-1,-1,-1
101,20,754.60,456.16,84.86,232.13,0.7580,-1,-1,-1
101,21,1828.90,468.70,71.08,180.67,0.1694,-1,-1,-1
101,27,1673.21,429.34,112.43,156.63,0.1560,-1,-1,-1
101,67,495.95,443.11,109.74,305.45,0.5476,-1,-1,-1
101,76,450.50,467.89,38.82,91.72,0.2681,-1,-1,-1
101,78,1851.55,389.05,66.52,260.69,0.1763,-1,-1,-1
102,2,650.53,441.47,102.46,293.22,0.7175,-1,-1,-1
102,3,565.83,444.17,103.35,357.78,0.6219,-1,-1,-1
102,6,917.72,434.18,57.50,153.66,0.1511,-1,-1,-1
102,8,1256.66,440.49,36.79,106.34,0.5567,-1,-1,-1
102,12,1075.09,447.15,53.42,147.04,0.2816,-1,-1,-1
102,20,753.63,457.01,89.01,230.42,0.7435,-1,-1,-1
102,21,1833.09,443.73,84.84,203.59,0.1639,-1,-1,-1
102,27,1673.82,429.66,111.28,157.92,0.1633,-1,-1,-1
102,59,1005.38,445.80,34.40,80.03,0.2317,-1,-1,-1
102,65,489.52,450.58,45.59,128.87,0.1556,-1,-1,-1
102,67,498.20,440.94,101.57,305.53,0.5788,-1,-1,-1
102,76,450.88,464.73,38.08,94.16,0.1834,-1,-1,-1
102,78,1874.43,389.80,45.87,256.25,0.1748,-1,-1,-1
102,79,1103.88,446.13,31.84,139.56,0.1751,-1,-1,-1
103,2,651.07,440.42,106.33,294.45,0.7069,-1,-1,-1
103,3,566.70,444.28,105.40,357.81,0.5750,-1,-1,-1
103,8,1258.55,443.18,37.32,103.68,0.4837,-1,-1,-1
103,12,1075.19,443.33,55.15,150.80,0.2260,-1,-1,-1
103,20,753.51,457.15,87.74,227.57,0.7246,-1,-1,-1
103,21,1828.03,462.62,79.93,190.97,0.2031,-1,-1,-1
103,59,1005.08,444.88,33.44,81.16,0.2760,-1,-1,-1
103,67,499.19,444.31,99.71,301.56,0.5502,-1,-1,-1
103,76,448.35,464.07,40.57,95.31,0.1859,-1,-1,-1
103,79,1104.95,444.97,31.72,137.45,0.1633,-1,-1,-1
104,2,654.61,440.41,104.93,296.03,0.7207,-1,-1,-1
104,3,546.25,439.06,126.96,362.84,0.6639,-1,-1,-1
104,8,1256.50,442.36,36.42,105.07,0.4854,-1,-1,-1
104,12,1075.61,443.38,54.13,150.36,0.2427,-1,-1,-1
104,20,755.18,458.07,87.32,229.65,0.7324,-1,-1,-1
104,21,1831.91,458.18,85.43,192.42,0.2098,-1,-1,-1
104,59,1005.74,445.84,33.35,80.09,0.3035,-1,-1,-1
104,67,499.45,445.85,107.75,305.77,0.3814,-1,-1,-1
104,76,447.61,468.38,41.57,92.15,0.2346,-1,-1,-1
104,79,1104.77,443.95,31.28,132.96,0.1682,-1,-1,-1
105,2,655.91,439.82,105.36,297.93,0.7536,-1,-1,-1
105,3,535.68,436.50,138.61,363.88,0.7291,-1,-1,-1
105,8,1256.89,442.78,36.79,104.67,0.4583,-1,-1,-1
105,12,1077.04,448.33,52.90,146.33,0.1902,-1,-1,-1
105,20,759.59,460.04,84.80,232.71,0.7589,-1,-1,-1
105,21,1825.39,466.07,79.74,185.59,0.2278,-1,-1,-1
105,59,1005.06,450.87,34.78,75.30,0.2245,-1,-1,-1
105,67,501.84,446.62,105.68,306.46,0.2083,-1,-1,-1
105,76,447.82,470.85,40.35,89.27,0.1918,-1,-1,-1
106,2,657.05,441.86,105.69,294.39,0.7513,-1,-1,-1
106,3,533.59,438.40,142.02,363.04,0.6724,-1,-1,-1
106,8,1255.22,442.10,38.91,106.13,0.4395,-1,-1,-1
106,12,1076.28,464.03,54.07,132.83,0.1789,-1,-1,-1
106,20,759.98,458.73,85.47,234.46,0.7376,-1,-1,-1
106,21,1826.76,465.30,76.00,185.10,0.2493,-1,-1,-1
106,59,1006.49,447.32,33.03,77.38,0.1668,-1,-1,-1
106,67,501.40,443.78,105.91,308.74,0.2752,-1,-1,-1
106,76,447.79,470.94,38.72,89.25,0.2173,-1,-1,-1
106,80,489.43,473.17,45.30,114.89,0.2643,-1,-1,-1
106,81,527.94,443.18,74.19,167.18,0.1606,-1,-1,-1
107,2,658.11,441.27,109.89,295.11,0.7628,-1,-1,-1
107,3,533.85,438.86,144.54,361.96,0.6667,-1,-1,-1
107,8,1255.75,445.06,32.74,101.32,0.3547,-1,-1,-1
107,12,1076.12,455.10,53.08,138.94,0.2385,-1,-1,-1
107,20,761.76,459.70,85.14,235.76,0.7345,-1,-1,-1
107,21,1830.55,466.68,71.26,182.87,0.1808,-1,-1,-1
107,67,501.86,447.02,107.41,306.40,0.2598,-1,-1,-1
107,76,446.11,472.88,40.92,87.06,0.1537,-1,-1,-1
107,80,491.15,472.43,46.31,117.25,0.1737,-1,-1,-1
107,81,526.80,444.20,77.37,142.29,0.2537,-1,-1,-1
108,2,660.24,438.37,105.69,296.71,0.7571,-1,-1,-1
108,3,539.76,437.01,140.76,366.85,0.6898,-1,-1,-1
108,8,1258.25,445.41,36.42,103.04,0.2841,-1,-1,-1
108,11,932.27,432.83,35.01,85.14,0.1519,-1,-1,-1
108,12,1076.40,455.33,52.56,140.38,0.1894,-1,-1,-1
108,20,760.16,454.07,88.40,244.69,0.7146,-1,-1,-1
108,21,1830.96,467.19,70.04,182.04,0.1733,-1,-1,-1
108,59,1005.65,447.77,33.61,75.23,0.1744,-1,-1,-1
108,67,502.45,448.07,107.75,306.72,0.2172,-1,-1,-1
108,81,529.23,447.97,73.61,127.98,0.3151,-1,-1,-1
109,2,660.64,438.29,108.58,298.96,0.7365,-1,-1,-1
109,3,541.34,437.17,143.25,367.57,0.6966,-1,-1,-1
109,8,1255.09,447.86,31.43,98.95,0.2315,-1,-1,-1
109,12,1076.43,452.88,52.86,142.70,0.1889,-1,-1,-1
109,20,761.69,454.88,87.94,243.85,0.6722,-1,-1,-1
109,21,1834.20,465.11,78.84,184.20,0.2145,-1,-1,-1
109,27,1669.50,433.19,58.27,155.45,0.1654,-1,-1,-1
109,59,1005.97,451.43,32.99,73.61,0.2340,-1,-1,-1
109,67,504.52,462.72,88.65,287.84,0.2209,-1,-1,-1
109,81,529.89,451.14,73.25,125.24,0.2919,-1,-1,-1
110,2,662.26,437.78,103.52,302.16,0.7534,-1,-1,-1
110,3,541.45,438.27,144.49,367.06,0.6863,-1,-1,-1
110,6,921.17,429.69,52.55,158.20,0.1594,-1,-1,-1
110,8,1248.74,443.52,34.39,101.62,0.2949,-1,-1,-1
110,12,1074.66,448.67,54.85,146.46,0.1960,-1,-1,-1
110,20,760.05,457.45,89.73,241.63,0.7080,-1,-1,-1
110,21,1828.57,463.40,86.06,186.48,0.1985,-1,-1,-1
110,67,504.83,459.62,87.09,288.56,0.2874,-1,-1,-1
110,76,442.65,473.95,40.62,83.57,0.1516,-1,-1,-1
110,81,528.45,450.89,74.94,132.01,0.1752,-1,-1,-1
111,2,662.67,438.07,106.98,306.79,0.7665,-1,-1,-1
111,3,540.99,441.29,148.50,366.25,0.6626,-1,-1,-1
111,8,1246.88,439.64,34.26,105.47,0.4360,-1,-1,-1
111,11,932.68,432.84,36.32,86.24,0.1510,-1,-1,-1
111,12,1075.85,443.14,55.51,153.41,0.2735,-1,-1,-1
111,20,760.36,455.40,88.81,242.90,0.7137,-1,-1,-1
111,21,1831.99,459.98,84.88,189.74,0.1725,-1,-1,-1
111,67,503.82,448.71,90.84,297.60,0.3630,-1,-1,-1
111,76,443.40,472.64,38.28,86.09,0.1696,-1,-1,-1
111,79,1100.84,443.20,34.09,142.23,0.1597,-1,-1,-1
112,2,666.29,438.04,104.45,307.01,0.7775,-1,-1,-1
112,3,541.28,436.59,146.06,368.61,0.6824,-1,-1,-1
112,6,924.16,428.09,50.91,158.92,0.1603,-1,-1,-1
112,8,1254.25,445.79,43.60,103.29,0.1868,-1,-1,-1
112,11,932.51,431.43,36.93,87.75,0.1656,-1,-1,-1
112,12,1075.07,442.96,56.82,153.62,0.2467,-1,-1,-1
112,20,761.25,451.52,87.89,247.90,0.7238,-1,-1,-1
112,21,1827.97,465.99,74.31,184.19,0.1641,-1,-1,-1
112,67,506.25,449.39,85.21,297.73,0.2018,-1,-1,-1
112,83,1244.11,439.51,37.56,106.69,0.4787,-1,-1,-1
113,2,666.94,438.06,106.02,313.91,0.7863,-1,-1,-1
113,3,550.33,435.54,136.59,370.51,0.6974,-1,-1,-1
113,6,923.55,428.62,50.79,159.05,0.1779,-1,-1,-1
113,8,1244.91,440.99,35.81,105.10,0.4764,-1,-1,-1
113,11,932.71,431.97,35.61,85.97,0.2019,-1,-1,-1
113,12,1075.95,441.48,56.93,155.53,0.3543,-1,-1,-1
113,20,763.84,451.27,86.50,247.73,0.7147,-1,-1,-1
113,78,1872.96,391.39,46.35,255.07,0.1708,-1,-1,-1
113,83,1256.68,447.94,41.09,100.59,0.1963,-1,-1,-1
114,2,668.82,439.56,102.20,315.41,0.7900,-1,-1,-1
114,3,537.46,434.15,151.45,371.71,0.6817,-1,-1,-1
114,6,922.13,429.06,51.05,157.05,0.1643,-1,-1,-1
114,8,1243.28,441.05,36.63,104.19,0.5741,-1,-1,-1
114,11,932.57,432.88,35.41,84.82,0.1784,-1,-1,-1
114,12,1077.98,440.69,55.86,155.58,0.3855,-1,-1,-1
114,20,764.60,454.08,87.93,244.27,0.7038,-1,-1,-1
114,21,1832.92,442.79,84.96,205.48,0.1635,-1,-1,-1
114,67,508.27,442.51,105.23,314.35,0.1910,-1,-1,-1
114,76,442.32,473.81,34.93,86.07,0.1510,-1,-1,-1
114,83,1256.86,448.76,36.72,98.60,0.1570,-1,-1,-1
115,2,669.72,438.96,100.63,313.47,0.7875,-1,-1,-1
115,3,566.11,436.21,122.37,370.16,0.6538,-1,-1,-1
115,8,1241.83,440.83,37.05,102.73,0.5543,-1,-1,-1
115,11,933.66,435.28,37.68,83.00,0.1780,-1,-1,-1
115,12,1081.62,439.59,54.40,155.48,0.3436,-1,-1,-1
115,20,766.71,455.11,89.24,243.55,0.6933,-1,-1,-1
115,27,1673.82,433.41,105.24,160.61,0.1602,-1,-1,-1
115,67,515.90,435.86,95.04,245.86,0.1727,-1,-1,-1
115,76,443.33,472.82,36.98,87.03,0.1917,-1,-1,-1
115,78,1869.09,391.19,50.09,255.80,0.1773,-1,-1,-1
116,2,672.84,438.86,96.75,310.81,0.7855,-1,-1,-1
116,3,560.25,435.46,128.86,372.38,0.6317,-1,-1,-1
116,8,1240.62,441.40,37.68,102.08,0.5969,-1,-1,-1
116,11,934.50,435.54,36.51,81.95,0.1993,-1,-1,-1
116,12,1083.14,442.26,52.72,153.44,0.4028,-1,-1,-1
116,20,767.51,450.96,88.73,248.12,0.6743,-1,-1,-1
116,21,1830.19,464.38,70.73,186.65,0.1849,-1,-1,-1
116,27,1672.75,428.06,111.50,160.67,0.1568,-1,-1,-1
116,67,517.43,442.72,91.39,218.12,0.2903,-1,-1,-1
116,76,444.84,475.06,37.16,86.33,0.1803,-1,-1,-1
116,78,1874.40,389.99,45.27,255.53,0.1627,-1,-1,-1
116,85,844.36,464.06,33.12,93.62,0.2545,-1,-1,-1
117,2,672.30,440.44,98.84,311.23,0.7959,-1,-1,-1
117,3,545.29,434.32,143.38,373.01,0.6798,-1,-1,-1
117,8,1241.99,441.46,35.32,100.67,0.5701,-1,-1,-1
117,11,934.83,435.33,35.94,81.00,0.2277,-1,-1,-1
117,12,1082.40,443.17,52.84,151.22,0.4227,-1,-1,-1
117,20,771.00,452.35,85.90,246.15,0.6475,-1,-1,-1
117,21,1832.25,467.69,70.34,182.42,0.1671,-1,-1,-1
117,67,516.79,441.20,89.26,220.52,0.1634,-1,-1,-1
117,76,445.18,475.56,35.51,86.10,0.1695,-1,-1,-1
117,85,838.32,460.80,41.15,99.21,0.1793,-1,-1,-1
118,2,674.98,440.27,93.42,314.15,0.7997,-1,-1,-1
118,3,539.75,435.78,148.51,378.12,0.6853,-1,-1,-1
118,6,925.77,431.37,50.37,155.84,0.1994,-1,-1,-1
118,8,1241.34,442.56,35.86,99.50,0.5434,-1,-1,-1
118,11,934.48,434.39,36.44,82.69,0.2890,-1,-1,-1
118,12,1082.31,440.53,53.89,154.84,0.4556,-1,-1,-1
118,20,769.30,455.43,81.92,243.85,0.6585,-1,-1,-1
118,27,1673.09,433.88,104.38,160.28,0.1520,-1,-1,-1
118,76,445.10,475.05,36.69,86.92,0.2172,-1,-1,-1
118,78,1852.27,388.64,66.19,262.16,0.1852,-1,-1,-1
119,2,674.96,440.80,94.66,319.47,0.8144,-1,-1,-1
119,3,521.54,441.55,169.55,379.57,0.7316,-1,-1,-1
119,6,923.84,433.26,53.66,155.17,0.2008,-1,-1,-1
119,8,1239.40,442.98,37.21,97.45,0.5293,-1,-1,-1
119,11,934.23,434.88,38.13,81.30,0.2580,-1,-1,-1
119,12,1082.92,443.99,53.43,150.94,0.4186,-1,-1,-1
119,20,768.34,451.57,91.52,245.57,0.7132,-1,-1,-1
119,76,443.67,476.80,40.02,85.67,0.2302,-1,-1,-1
119,78,1872.81,389.02,47.44,259.36,0.1633,-1,-1,-1
120,2,677.56,441.62,94.60,319.67,0.8121,-1,-1,-1
120,3,522.70,444.00,169.20,377.99,0.7663,-1,-1,-1
120,6,921.05,434.75,58.10,153.68,0.2524,-1,-1,-1
120,8,1237.77,443.20,37.43,100.78,0.5370,-1,-1,-1
120,11,934.39,435.07,39.91,78.62,0.2150,-1,-1,-1
120,12,1082.24,444.88,52.92,150.15,0.3532,-1,-1,-1
120,20,770.24,451.82,93.69,247.27,0.7127,-1,-1,-1
120,76,442.79,481.33,40.89,83.51,0.1680,-1,-1,-1
120,78,1855.10,389.56,63.13,261.67,0.1542,-1,-1,-1
120,87,490.35,462.98,40.49,105.74,0.1895,-1,-1,-1
120,88,918.34,504.81,57.99,81.85,0.1561,-1,-1,-1
121,2,678.58,441.12,93.91,320.64,0.8157,-1,-1,-1
121,3,520.89,445.33,174.35,378.17,0.7730,-1,-1,-1
121,6,923.71,436.62,55.60,151.11,0.2628,-1,-1,-1
121,8,1239.30,443.28,33.78,101.45,0.4970,-1,-1,-1
121,11,934.97,435.53,41.10,78.98,0.2284,-1,-1,-1
121,12,1082.80,445.93,52.73,149.49,0.3515,-1,-1,-1
121,20,767.87,454.19,101.22,245.20,0.6845,-1,-1,-1
121,76,441.79,480.13,38.44,85.86,0.2406,-1,-1,-1
121,78,1850.02,389.19,69.15,263.07,0.1952,-1,-1,-1
121,87,488.31,464.90,42.50,104.49,0.2775,-1,-1,-1
122,2,680.74,439.90,96.40,320.20,0.8004,-1,-1,-1
122,3,523.87,446.27,173.92,380.66,0.8126,-1,-1,-1
122,6,925.49,436.88,53.82,149.48,0.2639,-1,-1,-1
122,8,1236.51,446.35,34.16,99.74,0.4605,-1,-1,-1
122,11,935.11,436.85,40.06,81.77,0.2020,-1,-1,-1
122,12,1083.96,450.32,51.55,145.11,0.3730,-1,-1,-1
122,20,775.88,452.60,104.51,248.68,0.5893,-1,-1,-1
122,76,441.03,479.18,37.73,88.19,0.2409,-1,-1,-1
122,78,1872.47,389.21,47.83,259.46,0.1702,-1,-1,-1
122,87,490.24,461.32,39.38,108.89,0.2738,-1,-1,-1
123,2,683.40,439.11,93.38,323.15,0.8126,-1,-1,-1
123,3,527.10,442.41,172.94,388.15,0.8010,-1,-1,-1
123,6,924.94,438.39,54.91,148.35,0.2350,-1,-1,-1
123,8,1235.80,452.56,35.60,95.12,0.5369,-1,-1,-1
123,11,939.07,437.69,40.07,84.23,0.2723,-1,-1,-1
123,12,1084.47,448.45,50.37,146.23,0.3631,-1,-1,-1
123,20,773.24,458.62,110.20,243.37,0.7213,-1,-1,-1
123,21,1832.45,467.74,73.15,182.54,0.1508,-1,-1,-1
123,27,1673.97,427.71,112.44,158.58,0.1801,-1,-1,-1
123,76,440.29,477.36,37.42,90.50,0.2574,-1,-1,-1
123,78,1854.75,387.32,63.52,262.60,0.1667,-1,-1,-1
123,87,491.33,461.24,38.35,110.11,0.2874,-1,-1,-1
124,2,684.73,438.14,92.74,325.69,0.8051,-1,-1,-1
124,3,528.49,442.03,173.13,393.10,0.6885,-1,-1,-1
124,8,1235.38,454.81,35.83,92.60,0.5575,-1,-1,-1
124,11,940.50,437.27,39.68,82.95,0.3172,-1,-1,-1
124,12,1085.99,449.10,49.15,144.74,0.3523,-1,-1,-1
124,20,774.55,457.10,110.04,245.40,0.7235,-1,-1,-1
124,27,1675.31,431.78,101.97,159.10,0.1696,-1,-1,-1
124,67,521.58,451.36,93.04,225.90,0.1901,-1,-1,-1
124,76,438.82,475.40,38.13,93.18,0.2325,-1,-1,-1
124,78,1853.53,391.45,65.92,261.01,0.1908,-1,-1,-1
124,87,493.00,464.59,36.71,108.46,0.3368,-1,-1,-1
124,88,920.41,501.33,54.66,86.16,0.1537,-1,-1,-1
125,2,684.84,437.44,92.37,327.33,0.8168,-1,-1,-1
125,3,527.39,441.83,176.59,391.25,0.7673,-1,-1,-1
125,8,1233.21,454.63,36.50,94.21,0.5475,-1,-1,-1
125,11,942.59,437.11,37.87,83.26,0.2823,-1,-1,-1
125,12,1082.07,455.26,50.82,139.25,0.3694,-1,-1,-1
125,20,780.23,460.61,107.18,243.38,0.7430,-1,-1,-1
125,27,1673.85,429.76,110.95,158.02,0.1942,-1,-1,-1
125,76,437.34,476.09,41.27,93.12,0.2186,-1,-1,-1
125,87,492.60,461.61,35.53,112.92,0.2511,-1,-1,-1
125,88,921.21,490.97,52.04,95.15,0.2235,-1,-1,-1
125,89,833.12,448.97,60.98,119.91,0.1505,-1,-1,-1
126,2,685.10,437.80,95.47,326.88,0.8113,-1,-1,-1
126,3,554.67,441.96,144.09,390.57,0.6421,-1,-1,-1
126,8,1229.63,452.48,39.08,96.84,0.5452,-1,-1,-1
126,11,943.65,437.64,37.63,86.72,0.1596,-1,-1,-1
126,12,1081.87,457.44,48.87,137.03,0.3074,-1,-1,-1
126,20,780.72,456.72,103.19,247.26,0.7284,-1,-1,-1
126,27,1674.38,430.46,109.27,157.91,0.1631,-1,-1,-1
126,76,433.22,475.49,44.61,93.28,0.1757,-1,-1,-1
126,78,1852.83,392.35,66.69,259.40,0.1579,-1,-1,-1
126,87,490.64,463.28,37.46,109.09,0.2658,-1,-1,-1
126,88,918.29,490.24,57.03,96.71,0.2807,-1,-1,-1
127,2,683.96,438.21,98.04,327.95,0.8123,-1,-1,-1
127,3,550.72,440.17,150.43,392.26,0.6711,-1,-1,-1
127,8,1226.84,451.74,41.84,98.62,0.5222,-1,-1,-1
127,11,947.62,436.19,33.84,87.22,0.1637,-1,-1,-1
127,12,1080.77,458.62,50.37,135.98,0.3097,-1,-1,-1
127,20,782.73,456.42,100.77,248.88,0.7182,-1,-1,-1
127,76,435.18,475.70,45.24,93.31,0.2469,-1,-1,-1
127,78,1849.42,390.29,69.87,261.59,0.1859,-1,-1,-1
127,87,488.61,461.84,39.07,108.54,0.2585,-1,-1,-1
127,89,838.17,445.35,63.25,133.04,0.2220,-1,-1,-1
128,2,684.27,437.66,103.39,328.80,0.8133,-1,-1,-1
128,3,559.74,440.57,145.57,391.47,0.6724,-1,-1,-1
128,8,1224.99,454.86,43.08,98.47,0.5053,-1,-1,-1
128,11,950.98,435.76,33.37,89.34,0.1836,-1,-1,-1
128,12,1079.17,459.24,53.71,135.59,0.3467,-1,-1,-1
128,20,783.14,463.41,99.82,241.17,0.6856,-1,-1,-1
128,27,1672.11,430.47,55.93,157.36,0.1534,-1,-1,-1
128,87,490.04,462.05,39.00,109.39,0.3043,-1,-1,-1
128,89,840.11,442.24,63.03,138.90,0.2142,-1,-1,-1
129,2,682.26,437.80,104.47,328.12,0.8328,-1,-1,-1
129,3,557.68,441.77,150.74,390.20,0.6802,-1,-1,-1
129,8,1222.41,464.31,45.47,91.26,0.4228,-1,-1,-1
129,11,951.90,436.15,34.29,88.82,0.1985,-1,-1,-1
129,12,1084.45,458.08,50.74,137.33,0.3198,-1,-1,-1
129,20,785.81,459.11,101.74,244.43,0.6778,-1,-1,-1
129,21,1833.50,456.72,84.31,192.85,0.2044,-1,-1,-1
129,76,433.43,472.66,40.67,95.24,0.2042,-1,-1,-1
129,87,492.23,462.64,38.00,106.81,0.3017,-1,-1,-1
130,2,681.37,437.49,105.69,328.52,0.8316,-1,-1,-1
130,3,548.00,442.15,162.34,389.42,0.6639,-1,-1,-1
130,8,1223.73,454.30,41.82,99.08,0.4331,-1,-1,-1
130,11,953.09,436.31,35.07,89.04,0.2371,-1,-1,-1
130,12,1080.36,461.00,53.04,134.36,0.3691,-1,-1,-1
130,20,787.12,458.94,100.52,245.32,0.7440,-1,-1,-1
130,21,1832.48,455.56,86.02,194.56,0.1887,-1,-1,-1
130,76,432.22,474.38,45.02,93.83,0.2111,-1,-1,-1
130,87,490.91,463.78,38.34,107.47,0.3345,-1,-1,-1
131,2,681.64,436.92,104.30,330.58,0.8231,-1,-1,-1
131,3,572.89,440.14,137.69,391.04,0.5514,-1,-1,-1
131,8,1222.60,464.10,45.75,91.91,0.3966,-1,-1,-1
131,11,954.33,434.94,34.53,89.60,0.2566,-1,-1,-1
131,12,1085.87,457.87,50.39,137.06,0.3085,-1,-1,-1
131,20,790.52,458.72,100.09,247.51,0.7647,-1,-1,-1
131,21,1832.90,457.67,86.08,192.79,0.1632,-1,-1,-1
131,67,538.09,447.70,100.89,236.82,0.2242,-1,-1,-1
131,87,490.23,459.07,41.46,105.91,0.3131,-1,-1,-1
132,2,683.99,435.84,101.66,331.49,0.8130,-1,-1,-1
132,3,571.64,440.12,144.97,389.79,0.5694,-1,-1,-1
132,8,1223.51,465.63,43.91,89.00,0.2660,-1,-1,-1
132,11,956.51,434.18,32.93,88.48,0.2474,-1,-1,-1
132,12,1085.07,457.10,53.31,138.14,0.2265,-1,-1,-1
132,20,792.37,456.25,100.49,249.81,0.7882,-1,-1,-1
132,21,1832.54,455.09,86.52,195.33,0.1610,-1,-1,-1
132,67,538.87,446.91,101.11,236.68,0.2584,-1,-1,-1
132,87,491.29,462.45,39.93,107.74,0.2794,-1,-1,-1
133,2,684.27,435.58,101.76,331.53,0.8009,-1,-1,-1
133,3,589.21,438.18,127.55,391.53,0.6248,-1,-1,-1
133,8,1222.44,464.92,44.52,90.04,0.2900,-1,-1,-1
133,11,956.59,434.32,32.23,87.66,0.2361,-1,-1,-1
133,12,1082.24,459.37,50.51,136.27,0.2498,-1,-1,-1
133,20,793.29,458.24,99.32,248.33,0.7894,-1,-1,-1
133,21,1829.22,465.00,70.04,185.59,0.2266,-1,-1,-1
133,27,1673.76,433.33,96.46,159.93,0.1591,-1,-1,-1
133,67,537.86,445.91,100.46,236.25,0.3555,-1,-1,-1
133,87,491.15,461.19,41.14,109.07,0.3526,-1,-1,-1
134,2,685.55,434.05,103.12,333.13,0.7909,-1,-1,-1
134,3,582.75,439.85,137.16,390.15,0.6258,-1,-1,-1
134,8,1220.15,460.89,45.49,93.72,0.3007,-1,-1,-1
134,11,956.44,433.98,33.38,89.56,0.2439,-1,-1,-1
134,12,1081.55,454.83,53.89,140.12,0.2156,-1,-1,-1
134,20,795.12,453.32,101.51,252.06,0.7736,-1,-1,-1
134,21,1830.98,465.49,75.03,184.57,0.1897,-1,-1,-1
134,27,1672.91,434.78,92.79,159.59,0.1544,-1,-1,-1
134,67,539.54,446.49,101.30,236.35,0.2770,-1,-1,-1
134,76,426.07,474.72,48.36,91.56,0.1633,-1,-1,-1
134,87,491.29,456.96,41.56,112.91,0.3048,-1,-1,-1
134,88,921.01,490.27,54.00,98.94,0.1639,-1,-1,-1
135,2,685.23,432.54,104.71,332.89,0.7844,-1,-1,-1
135,3,577.71,440.20,143.48,391.35,0.6396,-1,-1,-1
135,11,955.41,434.30,34.21,90.39,0.2615,-1,-1,-1
135,12,1080.44,452.67,54.70,142.99,0.2056,-1,-1,-1
135,20,791.95,450.59,104.28,255.99,0.7169,-1,-1,-1
135,21,1827.11,465.97,77.94,184.22,0.2331,-1,-1,-1
135,27,1668.68,432.67,58.18,157.05,0.1525,-1,-1,-1
135,67,531.59,455.21,108.45,317.16,0.2130,-1,-1,-1
135,76,425.64,476.43,43.70,88.04,0.1603,-1,-1,-1
135,87,488.38,461.13,42.64,109.57,0.3707,-1,-1,-1
135,88,921.08,493.36,53.52,94.83,0.1500,-1,-1,-1
136,2,685.61,433.24,105.11,331.72,0.7738,-1,-1,-1
136,3,572.54,439.42,149.16,397.03,0.6528,-1,-1,-1
136,11,955.24,434.49,35.44,91.44,0.2888,-1,-1,-1
136,12,1092.18,447.36,52.68,146.98,0.2684,-1,-1,-1
136,20,794.42,450.75,99.89,256.58,0.7076,-1,-1,-1
136,21,1828.08,466.61,76.95,183.97,0.2536,-1,-1,-1
136,27,1668.63,431.46,60.77,157.61,0.1781,-1,-1,-1
136,87,490.33,456.95,40.36,113.22,0.3799,-1,-1,-1
136,88,920.32,501.04,53.55,88.44,0.1717,-1,-1,-1
137,2,694.51,434.04,101.83,328.46,0.7813,-1,-1,-1
137,3,590.49,436.82,129.75,413.39,0.6711,-1,-1,-1
137,11,955.15,434.42,35.97,90.15,0.2794,-1,-1,-1
137,12,1080.11,452.31,54.26,143.65,0.2134,-1,-1,-1
137,20,797.18,453.38,96.89,254.95,0.7602,-1,-1,-1
137,21,1827.52,466.33,73.86,184.22,0.2205,-1,-1,-1
137,27,1671.76,435.06,87.27,157.66,0.1998,-1,-1,-1
137,67,551.42,435.62,96.58,255.16,0.1858,-1,-1,-1
137,87,490.23,460.32,40.31,109.91,0.3782,-1,-1,-1
137,88,920.18,503.06,53.22,85.44,0.2029,-1,-1,-1
138,2,690.34,434.26,107.59,330.67,0.7633,-1,-1,-1
138,3,588.25,437.08,134.08,421.02,0.6509,-1,-1,-1
138,8,1220.41,467.71,33.43,85.31,0.1559,-1,-1,-1
138,11,956.33,434.57,36.23,89.70,0.2586,-1,-1,-1
138,12,1076.68,457.29,53.78,139.39,0.1938,-1,-1,-1
138,20,802.69,450.90,93.39,259.64,0.7549,-1,-1,-1
138,21,1828.81,470.96,65.13,177.79,0.2483,-1,-1,-1
138,27,1673.67,433.60,95.88,160.06,0.1641,-1,-1,-1
138,87,490.06,459.91,40.50,109.97,0.3533,-1,-1,-1
139,2,693.84,433.49,106.96,332.39,0.7558,-1,-1,-1
139,3,568.47,439.17,155.28,417.02,0.6136,-1,-1,-1
139,8,1219.72,452.34,33.78,97.72,0.1811,-1,-1,-1
139,11,956.49,434.45,36.17,89.08,0.2695,-1,-1,-1
139,12,1081.30,456.84,48.54,138.00,0.2189,-1,-1,-1
139,20,807.55,449.69,91.36,262.02,0.7275,-1,-1,-1
139,21,1829.22,475.33,74.96,174.77,0.1723,-1,-1,-1
139,27,1674.28,432.03,101.42,162.23,0.2032,-1,-1,-1
139,76,423.81,476.06,41.42,88.71,0.1570,-1,-1,-1
139,78,1853.34,391.91,66.12,259.78,0.1899,-1,-1,-1
139,87,492.50,459.71,38.96,111.16,0.4723,-1,-1,-1
139,89,866.79,438.31,46.47,129.63,0.1671,-1,-1,-1
140,2,692.09,434.30,113.21,331.46,0.7594,-1,-1,-1
140,3,565.91,438.31,158.41,416.76,0.5620,-1,-1,-1
140,8,1217.02,450.09,33.93,102.25,0.3419,-1,-1,-1
140,11,958.30,434.45,35.02,89.56,0.2312,-1,-1,-1
140,12,1083.01,456.72,46.77,138.28,0.2338,-1,-1,-1
140,20,813.07,452.65,78.63,263.05,0.6998,-1,-1,-1
140,21,1830.88,467.51,84.41,181.91,0.1992,-1,-1,-1
140,27,1674.56,432.17,99.22,161.82,0.1915,-1,-1,-1
140,87,492.09,460.41,38.65,111.61,0.4326,-1,-1,-1
140,89,865.40,458.26,54.39,218.00,0.2305,-1,-1,-1
140,93,461.69,457.62,28.99,102.61,0.1652,-1,-1,-1
141,2,691.97,432.86,115.98,334.85,0.7575,-1,-1,-1
141,3,560.23,438.44,163.17,418.57,0.5602,-1,-1,-1
141,8,1213.55,448.33,37.14,105.01,0.4125,-1,-1,-1
141,11,959.56,434.95,35.17,90.00,0.2080,-1,-1,-1
141,12,1083.79,453.93,48.87,140.40,0.2526,-1,-1,-1
141,20,815.96,451.67,83.02,261.79,0.6510,-1,-1,-1
141,21,1829.53,469.94,84.01,179.76,0.2170,-1,-1,-1
141,27,1673.89,431.63,103.91,161.82,0.1709,-1,-1,-1
141,87,491.57,459.20,40.05,112.35,0.3640,-1,-1,-1
141,88,922.46,504.52,52.98,82.29,0.1748,-1,-1,-1
142,2,692.91,433.52,126.15,331.56,0.7615,-1,-1,-1
142,3,554.58,438.52,169.02,413.66,0.5181,-1,-1,-1
142,8,1210.82,447.79,37.48,104.89,0.4058,-1,-1,-1
142,11,961.99,434.93,36.71,90.47,0.2797,-1,-1,-1
142,12,1081.53,456.56,48.80,138.77,0.2699,-1,-1,-1
142,20,815.97,447.07,88.31,269.37,0.6420,-1,-1,-1
142,21,1826.99,475.17,72.39,174.45,0.1677,-1,-1,-1
142,27,1674.73,432.77,101.53,160.75,0.1700,-1,-1,-1
142,87,490.66,460.82,39.47,111.08,0.3088,-1,-1,-1
142,88,923.78,503.78,51.94,83.51,0.1727,-1,-1,-1
143,2,695.06,436.37,129.22,329.73,0.7711,-1,-1,-1
143,3,579.89,434.85,140.54,430.07,0.5325,-1,-1,-1
143,8,1210.31,445.00,36.20,107.26,0.3847,-1,-1,-1
143,11,961.61,439.81,49.38,111.60,0.2379,-1,-1,-1
143,12,1080.56,454.01,50.58,140.76,0.3191,-1,-1,-1
143,20,817.83,447.34,86.05,267.72,0.6269,-1,-1,-1
143,21,1826.60,466.43,74.08,181.51,0.2291,-1,-1,-1
143,87,482.19,464.76,43.87,106.69,0.2275,-1,-1,-1
144,2,693.46,436.71,138.44,331.74,0.7509,-1,-1,-1
144,3,541.54,437.75,183.30,434.89,0.5175,-1,-1,-1
144,8,1207.76,443.87,34.87,109.70,0.3249,-1,-1,-1
144,11,959.87,433.82,35.23,96.64,0.2234,-1,-1,-1
144,12,1080.16,462.05,50.45,134.07,0.3112,-1,-1,-1
144,20,820.70,448.72,85.04,264.38,0.5452,-1,-1,-1
144,21,1830.20,463.30,87.47,185.72,0.2112,-1,-1,-1
144,27,1673.86,435.41,99.42,156.94,0.1613,-1,-1,-1
144,76,419.82,473.68,41.21,86.82,0.1632,-1,-1,-1
144,87,475.21,463.48,48.87,110.47,0.3227,-1,-1,-1
144,94,874.33,439.56,84.31,245.71,0.3077,-1,-1,-1
145,2,693.57,438.57,143.20,330.25,0.7512,-1,-1,-1
145,3,540.63,437.35,182.18,440.82,0.6339,-1,-1,-1
145,8,1206.72,443.04,34.19,110.33,0.3649,-1,-1,-1
145,11,960.36,436.87,33.90,90.25,0.2051,-1,-1,-1
145,12,1080.70,461.02,48.66,134.02,0.2612,-1,-1,-1
145,20,823.47,455.31,82.62,256.07,0.5680,-1,-1,-1
145,21,1829.80,460.46,87.14,188.93,0.2181,-1,-1,-1
145,27,1675.00,435.35,97.13,156.36,0.1523,-1,-1,-1
145,76,419.11,474.84,41.92,87.84,0.1740,-1,-1,-1
145,87,476.25,470.11,49.34,104.96,0.3482,-1,-1,-1
145,94,879.46,439.05,79.21,243.01,0.3474,-1,-1,-1
145,95,497.19,458.05,38.31,113.54,0.1584,-1,-1,-1
146,2,697.21,438.37,141.21,331.27,0.7430,-1,-1,-1
146,3,540.46,439.15,181.75,444.80,0.7286,-1,-1,-1
146,8,1206.93,443.48,33.60,107.39,0.4386,-1,-1,-1
146,11,963.09,437.95,35.41,89.34,0.2456,-1,-1,-1
146,12,1079.64,463.57,49.59,132.23,0.3146,-1,-1,-1
146,20,826.14,454.77,81.78,255.31,0.6560,-1,-1,-1
146,21,1828.70,463.42,86.77,187.06,0.1890,-1,-1,-1
146,27,1673.62,436.06,96.05,156.28,0.1654,-1,-1,-1
146,76,416.16,473.28,44.84,86.97,0.1801,-1,-1,-1
146,87,476.24,472.67,47.72,101.53,0.3685,-1,-1,-1
146,94,877.56,433.51,79.36,247.11,0.3558,-1,-1,-1
146,95,495.96,458.64,39.64,111.27,0.2304,-1,-1,-1
147,2,701.33,437.64,136.79,334.68,0.7977,-1,-1,-1
147,3,541.19,440.67,179.68,448.23,0.7200,-1,-1,-1
147,8,1203.09,447.64,36.25,101.65,0.4764,-1,-1,-1
147,11,965.10,440.34,42.13,95.70,0.2861,-1,-1,-1
147,12,1081.55,460.39,49.32,134.12,0.3541,-1,-1,-1
147,20,827.25,457.88,81.90,252.31,0.6120,-1,-1,-1
147,21,1829.72,463.54,86.53,186.64,0.1962,-1,-1,-1
147,27,1673.12,435.86,97.30,156.60,0.1700,-1,-1,-1
147,76,417.22,474.53,42.73,89.36,0.1532,-1,-1,-1
147,87,475.37,468.90,47.22,103.71,0.3382,-1,-1,-1
147,94,879.51,432.41,80.99,248.38,0.4336,-1,-1,-1
147,95,494.71,459.23,40.27,109.03,0.2438,-1,-1,-1
147,97,785.66,453.31,51.67,146.23,0.2222,-1,-1,-1
148,2,702.59,437.41,135.74,333.38,0.7745,-1,-1,-1
148,3,539.92,440.78,181.41,451.74,0.7251,-1,-1,-1
148,8,1203.40,446.89,35.17,104.34,0.4495,-1,-1,-1
148,11,962.92,439.09,45.14,98.75,0.2481,-1,-1,-1
148,12,1082.40,457.98,49.38,136.29,0.3646,-1,-1,-1
148,20,827.77,456.80,84.48,254.41,0.6531,-1,-1,-1
148,21,1829.49,467.95,78.94,184.64,0.2045,-1,-1,-1
148,27,1673.24,434.72,99.11,157.56,0.1656,-1,-1,-1
148,76,416.43,473.46,43.77,90.89,0.1636,-1,-1,-1
148,87,475.21,470.77,46.68,102.87,0.3712,-1,-1,-1
148,94,882.56,431.84,80.80,247.34,0.3682,-1,-1,-1
148,95,494.68,457.58,41.86,111.14,0.2029,-1,-1,-1
149,2,707.23,437.35,131.57,337.21,0.8077,-1,-1,-1
149,3,544.30,438.61,171.87,455.23,0.7300,-1,-1,-1
149,8,1199.71,448.08,39.17,101.38,0.4543,-1,-1,-1
149,11,962.85,439.06,48.25,101.40,0.2187,-1,-1,-1
149,12,1079.23,459.69,49.17,135.58,0.3016,-1,-1,-1
149,20,830.30,455.97,83.94,253.31,0.6592,-1,-1,-1
149,21,1832.59,468.74,79.75,182.45,0.2785,-1,-1,-1
149,27,1672.83,433.85,98.87,158.32,0.1545,-1,-1,-1
149,76,416.68,473.00,44.06,90.46,0.1925,-1,-1,-1
149,87,474.72,469.17,46.15,103.32,0.2924,-1,-1,-1
149,94,885.33,439.63,85.93,240.23,0.5617,-1,-1,-1
149,95,501.38,459.60,36.51,108.68,0.2812,-1,-1,-1
150,2,710.51,435.97,127.83,338.91,0.8110,-1,-1,-1
150,3,546.07,436.66,172.54,458.15,0.7687,-1,-1,-1
150,6,960.53,439.19,51.19,127.25,0.2250,-1,-1,-1
150,8,1196.74,450.39,41.75,98.59,0.4429,-1,-1,-1
150,12,1078.05,464.25,50.11,131.53,0.3428,-1,-1,-1
150,20,831.43,451.17,85.68,258.62,0.6492,-1,-1,-1
150,21,1828.88,464.10,80.77,185.84,0.2671,-1,-1,-1
150,27,1668.36,431.31,69.37,156.39,0.1690,-1,-1,-1
150,76,418.64,474.30,44.38,89.56,0.1859,-1,-1,-1
150,87,472.03,470.80,43.12,102.12,0.3353,-1,-1,-1
150,94,889.23,440.30,78.34,238.80,0.6122,-1,-1,-1
150,95,501.95,456.09,37.40,110.70,0.3043,-1,-1,-1
150,99,1129.95,462.01,29.66,83.31,0.2181,-1,-1,-1
151,2,714.29,436.55,126.74,340.11,0.8000,-1,-1,-1
151,3,544.13,438.46,170.17,456.21,0.7588,-1,-1,-1
151,8,1197.30,451.24,40.18,98.24,0.4643,-1,-1,-1
151,11,960.66,440.04,50.97,110.01,0.2313,-1,-1,-1
151,12,1080.05,456.81,50.79,136.34,0.3186,-1,-1,-1
151,20,830.01,448.60,89.69,263.49,0.6707,-1,-1,-1
151,21,1828.15,467.05,81.45,183.69,0.2759,-1,-1,-1
151,27,1668.36,431.65,69.48,157.40,0.1700,-1,-1,-1
151,87,471.00,472.24,43.44,100.99,0.3665,-1,-1,-1
151,94,890.41,438.12,84.07,239.49,0.6621,-1,-1,-1
151,95,501.23,455.29,39.12,111.13,0.2640,-1,-1,-1
151,99,1130.05,460.10,29.46,85.91,0.2730,-1,-1,-1
152,2,714.91,435.92,117.72,339.42,0.8057,-1,-1,-1
152,3,544.34,438.37,175.41,457.80,0.7523,-1,-1,-1
152,6,959.44,439.64,51.97,128.40,0.2409,-1,-1,-1
152,8,1195.65,451.10,40.93,98.29,0.4822,-1,-1,-1
152,12,1080.18,456.46,51.19,137.03,0.2946,-1,-1,-1
152,20,830.00,444.85,89.40,273.62,0.7109,-1,-1,-1
152,21,1833.08,466.02,71.68,179.67,0.2181,-1,-1,-1
152,87,470.94,472.91,44.40,99.04,0.1859,-1,-1,-1
152,94,890.64,438.04,81.05,240.83,0.4474,-1,-1,-1
152,95,500.32,456.11,38.26,108.86,0.2467,-1,-1,-1
152,99,1128.60,459.52,30.74,85.59,0.3563,-1,-1,-1
153,2,715.09,435.02,123.63,341.67,0.8436,-1,-1,-1
153,3,538.76,437.39,163.86,456.58,0.7398,-1,-1,-1
153,6,959.86,439.15,51.83,136.75,0.2631,-1,-1,-1
153,8,1194.25,451.28,39.43,96.56,0.4861,-1,-1,-1
153,12,1079.04,452.22,51.44,141.15,0.3179,-1,-1,-1
153,20,830.91,445.31,89.19,271.50,0.7249,-1,-1,-1
153,21,1829.52,467.82,70.77,180.91,0.2695,-1,-1,-1
153,27,1671.49,434.18,100.85,156.06,0.1627,-1,-1,-1
153,76,417.83,474.68,43.37,89.11,0.1600,-1,-1,-1
153,87,469.25,472.82,45.15,98.06,0.1947,-1,-1,-1
153,94,884.47,426.72,96.06,169.18,0.2313,-1,-1,-1
153,95,502.15,461.90,36.62,101.95,0.2464,-1,-1,-1
153,99,1130.20,458.37,29.79,86.48,0.2716,-1,-1,-1
153,100,1141.56,462.46,26.13,80.59,0.1862,-1,-1,-1
153,101,1153.61,460.59,24.57,82.26,0.1910,-1,-1,-1
154,2,717.42,435.55,122.45,340.59,0.8572,-1,-1,-1
154,3,537.31,431.86,163.21,462.31,0.7487,-1,-1,-1
154,6,961.16,440.07,49.83,139.90,0.2367,-1,-1,-1
154,8,1193.97,451.51,37.85,96.08,0.5309,-1,-1,-1
154,12,1076.36,453.66,52.90,139.89,0.2060,-1,-1,-1
154,20,832.42,450.65,86.38,274.98,0.6949,-1,-1,-1
154,21,1829.54,464.36,75.42,184.58,0.1904,-1,-1,-1
154,27,1670.11,433.27,100.66,159.25,0.1650,-1,-1,-1
154,87,466.96,476.12,45.50,94.70,0.1715,-1,-1,-1
154,94,895.11,438.33,72.86,235.22,0.5449,-1,-1,-1
154,95,500.10,466.85,37.87,96.32,0.1847,-1,-1,-1
154,99,1131.45,458.44,30.88,86.59,0.3165,-1,-1,-1
154,101,1152.31,460.32,24.99,83.27,0.2248,-1,-1,-1
155,2,719.44,436.61,123.54,340.06,0.8591,-1,-1,-1
155,3,531.60,433.61,169.39,462.14,0.7408,-1,-1,-1
155,6,961.46,437.47,49.57,135.25,0.3259,-1,-1,-1
155,8,1192.62,452.18,37.85,96.28,0.5440,-1,-1,-1
155,12,1076.39,456.76,52.20,137.04,0.2681,-1,-1,-1
155,20,833.36,448.32,86.88,279.09,0.6800,-1,-1,-1
155,21,1831.54,465.46,69.07,179.87,0.1946,-1,-1,-1
155,27,1667.51,432.11,106.77,159.89,0.1989,-1,-1,-1
155,78,1877.36,387.07,42.00,246.35,0.1586,-1,-1,-1
155,87,466.32,477.17,44.14,94.40,0.2756,-1,-1,-1
155,94,897.22,436.64,74.11,244.24,0.6242,-1,-1,-1
155,95,498.23,466.66,38.21,95.66,0.1640,-1,-1,-1
155,99,1132.19,458.44,32.27,87.43,0.2659,-1,-1,-1
155,101,1146.80,458.03,27.21,86.82,0.1965,-1,-1,-1
156,2,722.34,433.49,120.96,342.24,0.8375,-1,-1,-1
156,3,531.64,434.55,164.67,461.13,0.7563,-1,-1,-1
156,6,962.53,438.50,47.58,133.06,0.3099,-1,-1,-1
156,8,1191.70,449.37,36.52,97.40,0.5352,-1,-1,-1
156,12,1077.52,457.51,50.99,135.91,0.2945,-1,-1,-1
156,20,834.16,444.68,89.06,283.58,0.6887,-1,-1,-1
156,21,1828.99,466.43,71.40,178.35,0.1648,-1,-1,-1
156,27,1668.07,431.65,115.03,154.97,0.1838,-1,-1,-1
156,76,419.41,477.54,40.82,86.34,0.1657,-1,-1,-1
156,78,1877.88,387.05,41.41,245.54,0.2267,-1,-1,-1
156,87,465.61,476.00,42.92,94.09,0.2781,-1,-1,-1
156,94,899.48,437.02,70.42,248.83,0.5884,-1,-1,-1
156,102,660.98,440.65,86.04,337.98,0.3816,-1,-1,-1
157,2,722.62,433.39,127.30,342.03,0.8117,-1,-1,-1
157,3,529.29,434.78,166.24,461.98,0.7260,-1,-1,-1
157,6,960.52,438.62,49.47,140.70,0.4030,-1,-1,-1
157,8,1190.92,453.29,33.90,94.61,0.4865,-1,-1,-1
157,12,1076.71,458.55,52.18,135.14,0.2781,-1,-1,-1
157,20,838.01,444.50,87.71,282.09,0.6966,-1,-1,-1
157,21,1828.77,469.33,72.36,176.83,0.2180,-1,-1,-1
157,27,1668.28,431.95,112.98,153.55,0.2105,-1,-1,-1
157,76,419.92,477.10,40.66,83.30,0.1765,-1,-1,-1
157,78,1877.85,388.27,41.39,247.14,0.2033,-1,-1,-1
157,87,466.27,474.27,41.41,96.12,0.2348,-1,-1,-1
157,94,902.81,437.16,71.58,251.23,0.4401,-1,-1,-1
157,102,660.54,439.22,85.29,341.16,0.4333,-1,-1,-1
158,2,726.23,433.06,129.97,341.07,0.7639,-1,-1,-1
158,3,530.65,431.77,168.99,464.83,0.7493,-1,-1,-1
158,6,963.88,438.10,47.42,141.18,0.2690,-1,-1,-1
158,8,1191.49,458.13,30.67,89.71,0.3832,-1,-1,-1
158,12,1077.12,458.73,52.92,135.38,0.2950,-1,-1,-1
158,20,842.14,444.84,91.25,283.97,0.7171,-1,-1,-1
158,21,1829.19,465.55,73.65,183.51,0.2166,-1,-1,-1
158,27,1669.30,433.84,99.81,157.90,0.1842,-1,-1,-1
158,76,419.98,476.76,40.68,82.83,0.1703,-1,-1,-1
158,78,1877.61,387.34,41.56,252.25,0.1609,-1,-1,-1
158,87,465.50,474.07,41.24,94.35,0.2614,-1,-1,-1
158,94,897.02,443.15,87.43,245.27,0.2388,-1,-1,-1
158,102,664.97,438.15,81.57,343.83,0.5350,-1,-1,-1
159,2,732.21,435.48,128.94,338.45,0.7617,-1,-1,-1
159,3,522.46,431.43,177.66,464.13,0.7793,-1,-1,-1
159,6,966.92,438.59,43.62,141.59,0.2149,-1,-1,-1
159,8,1191.07,456.47,30.31,89.58,0.2545,-1,-1,-1
159,12,1078.96,458.29,49.57,135.31,0.3050,-1,-1,-1
159,20,844.17,445.16,86.22,285.24,0.7386,-1,-1,-1
159,21,1829.12,468.09,71.66,182.16,0.2409,-1,-1,-1
159,27,1668.32,433.09,97.63,160.72,0.2037,-1,-1,-1
159,87,465.47,471.02,40.27,95.67,0.2070,-1,-1,-1
159,94,899.31,441.86,90.84,244.61,0.4188,-1,-1,-1
159,95,497.97,457.43,42.59,103.14,0.2317,-1,-1,-1
159,99,1137.24,463.02,35.20,81.36,0.1722,-1,-1,-1
159,102,667.37,437.28,82.86,345.39,0.5180,-1,-1,-1
159,103,910.78,440.10,68.50,140.31,0.2298,-1,-1,-1
160,2,738.70,430.61,118.20,344.39,0.7585,-1,-1,-1
160,3,527.49,432.64,169.83,461.13,0.7847,-1,-1,-1
160,6,967.58,437.69,41.22,138.35,0.2257,-1,-1,-1
160,8,1190.74,455.80,30.77,89.57,0.1511,-1,-1,-1
160,12,1077.73,458.53,50.05,135.29,0.2996,-1,-1,-1
160,20,845.48,447.68,85.44,280.89,0.7416,-1,-1,-1
160,21,1828.23,464.78,76.31,185.15,0.2054,-1,-1,-1
160,27,1667.77,433.29,101.39,160.18,0.1799,-1,-1,-1
160,87,465.31,471.72,40.03,97.18,0.2207,-1,-1,-1
160,94,901.70,442.04,92.64,254.54,0.1991,-1,-1,-1
160,95,496.14,459.43,46.88,102.00,0.2185,-1,-1,-1
160,99,1137.73,452.17,37.33,91.46,0.2263,-1,-1,-1
160,102,668.70,437.69,81.87,345.80,0.5326,-1,-1,-1
160,103,913.53,439.19,68.97,142.35,0.3846,-1,-1,-1
160,104,1093.47,457.53,36.44,95.33,0.1954,-1,-1,-1
161,2,741.35,429.84,117.43,345.55,0.7790,-1,-1,-1
161,3,528.05,434.81,169.98,457.22,0.7808,-1,-1,-1
161,8,1189.56,456.33,31.49,88.39,0.1518,-1,-1,-1
161,12,1077.84,459.16,49.90,134.07,0.3062,-1,-1,-1
161,20,847.41,448.01,87.01,280.74,0.7505,-1,-1,-1
161,21,1827.83,463.67,77.02,186.98,0.2045,-1,-1,-1
161,87,465.23,470.41,37.57,96.65,0.1983,-1,-1,-1
161,95,494.91,458.71,45.63,102.37,0.2153,-1,-1,-1
161,99,1137.36,442.23,41.87,101.37,0.2703,-1,-1,-1
161,102,668.36,440.20,83.38,347.29,0.6253,-1,-1,-1
161,103,917.91,440.08,69.29,143.86,0.3997,-1,-1,-1
161,104,1093.95,457.89,35.53,96.76,0.1822,-1,-1,-1
162,2,744.17,429.65,116.08,348.73,0.7775,-1,-1,-1
162,3,525.76,432.92,179.04,459.85,0.7732,-1,-1,-1
162,8,1189.60,454.59,29.82,88.77,0.2638,-1,-1,-1
162,12,1077.97,459.71,49.11,133.66,0.2254,-1,-1,-1
162,20,848.70,449.34,89.30,281.64,0.7439,-1,-1,-1
162,21,1832.95,464.98,70.60,180.93,0.1733,-1,-1,-1
162,27,1667.67,433.83,106.79,158.97,0.1570,-1,-1,-1
162,87,463.99,472.95,37.28,92.77,0.1573,-1,-1,-1
162,94,914.69,444.91,91.90,250.20,0.1999,-1,-1,-1
162,95,495.18,457.58,45.79,102.50,0.2396,-1,-1,-1
162,99,1138.17,440.45,41.58,103.13,0.3197,-1,-1,-1
162,102,669.70,440.81,82.26,350.41,0.6214,-1,-1,-1
162,103,917.33,441.29,80.12,142.53,0.3188,-1,-1,-1
163,2,745.79,431.87,115.87,347.28,0.7897,-1,-1,-1
163,3,528.18,432.64,179.45,462.20,0.8000,-1,-1,-1
163,8,1189.32,444.92,29.85,99.89,0.4376,-1,-1,-1
163,12,1079.03,460.26,47.98,132.87,0.2131,-1,-1,-1
163,20,851.45,449.86,92.68,281.75,0.7395,-1,-1,-1
163,21,1828.36,465.85,80.23,184.48,0.1992,-1,-1,-1
163,27,1668.08,431.24,113.22,156.73,0.1995,-1,-1,-1
163,94,921.36,439.80,80.98,257.36,0.5746,-1,-1,-1
163,99,1138.13,438.03,45.93,105.81,0.3613,-1,-1,-1
163,102,670.81,440.84,80.89,360.08,0.5956,-1,-1,-1
163,104,1095.11,457.88,33.95,95.31,0.1571,-1,-1,-1
164,2,748.70,431.89,116.17,351.10,0.7864,-1,-1,-1
164,3,527.55,431.37,184.88,466.88,0.7892,-1,-1,-1
164,8,1187.04,443.29,31.62,101.61,0.5073,-1,-1,-1
164,12,1080.13,461.38,47.62,131.49,0.2829,-1,-1,-1
164,20,852.29,449.96,101.55,283.20,0.7082,-1,-1,-1
164,21,1828.91,466.78,75.50,184.61,0.2447,-1,-1,-1
164,27,1668.14,431.75,113.99,156.27,0.1743,-1,-1,-1
164,94,921.93,439.55,83.36,256.11,0.5590,-1,-1,-1
164,99,1137.87,438.05,45.90,108.54,0.3954,-1,-1,-1
164,102,671.35,438.82,84.34,362.81,0.5997,-1,-1,-1
165,2,748.82,430.59,116.52,352.78,0.7891,-1,-1,-1
165,3,528.85,431.26,188.58,469.03,0.8058,-1,-1,-1
165,8,1186.19,454.58,31.71,92.41,0.3328,-1,-1,-1
165,12,1079.52,461.06,49.00,131.98,0.2436,-1,-1,-1
165,20,854.94,450.84,112.45,282.19,0.6621,-1,-1,-1
165,21,1829.63,467.04,79.57,184.33,0.3084,-1,-1,-1
165,27,1669.87,434.22,99.85,157.76,0.1745,-1,-1,-1
165,94,920.61,438.64,86.69,259.97,0.5201,-1,-1,-1
165,99,1144.26,442.53,39.23,103.45,0.2556,-1,-1,-1
165,102,672.09,441.02,90.25,347.74,0.6941,-1,-1,-1
166,2,750.54,430.84,116.30,356.59,0.7905,-1,-1,-1
166,3,528.78,431.68,190.98,470.99,0.7935,-1,-1,-1
166,8,1186.44,456.81,31.72,89.38,0.2952,-1,-1,-1
166,12,1079.63,457.76,49.44,135.27,0.2464,-1,-1,-1
166,20,856.35,454.00,108.29,284.07,0.6404,-1,-1,-1
166,21,1832.66,463.19,80.00,186.84,0.2047,-1,-1,-1
166,27,1667.22,430.17,62.34,158.14,0.1708,-1,-1,-1
166,94,926.69,434.96,80.79,256.73,0.5086,-1,-1,-1
166,99,1144.76,442.73,40.99,102.73,0.2402,-1,-1,-1
166,102,673.07,442.03,91.94,350.38,0.7231,-1,-1,-1
167,2,750.48,431.35,116.54,356.24,0.7968,-1,-1,-1
167,3,530.63,432.74,195.78,471.09,0.8013,-1,-1,-1
167,8,1186.58,458.64,32.03,88.71,0.2271,-1,-1,-1
167,12,1079.20,456.97,50.25,136.91,0.2495,-1,-1,-1
167,20,859.86,449.98,126.25,283.18,0.7057,-1,-1,-1
167,21,1832.27,463.10,82.57,186.79,0.2119,-1,-1,-1
167,27,1670.43,433.56,92.63,158.07,0.1549,-1,-1,-1
167,94,931.89,435.73,76.22,250.31,0.5912,-1,-1,-1
167,99,1145.64,442.92,40.41,103.37,0.2482,-1,-1,-1
167,102,674.11,441.88,91.00,351.45,0.7099,-1,-1,-1
167,106,1000.45,444.22,32.23,84.69,0.1766,-1,-1,-1
168,2,752.27,432.79,116.38,356.57,0.7932,-1,-1,-1
168,3,531.62,434.43,210.72,467.60,0.8078,-1,-1,-1
168,8,1187.25,455.57,28.42,89.81,0.1904,-1,-1,-1
168,12,1078.67,457.71,50.26,135.98,0.2528,-1,-1,-1
168,20,862.07,446.74,128.44,286.65,0.7509,-1,-1,-1
168,21,1832.05,467.97,73.70,183.44,0.2503,-1,-1,-1
168,27,1705.02,435.90,79.85,152.59,0.1988,-1,-1,-1
168,94,937.65,434.14,72.87,245.19,0.5952,-1,-1,-1
168,99,1145.47,441.02,45.92,104.01,0.3478,-1,-1,-1
168,102,674.25,442.50,90.61,353.99,0.7276,-1,-1,-1
168,106,1000.95,441.70,30.33,84.34,0.1898,-1,-1,-1
169,2,753.10,434.73,114.98,355.25,0.7998,-1,-1,-1
169,3,532.29,428.66,223.66,471.67,0.8084,-1,-1,-1
169,8,1187.31,457.99,28.25,88.21,0.1680,-1,-1,-1
169,12,1078.99,456.31,49.69,137.69,0.2566,-1,-1,-1
169,20,864.52,446.54,120.70,288.98,0.7803,-1,-1,-1
169,21,1830.82,466.19,65.29,182.72,0.2299,-1,-1,-1
169,87,467.91,469.51,41.98,105.30,0.2498,-1,-1,-1
169,94,942.41,433.90,68.88,239.58,0.5912,-1,-1,-1
169,99,1147.14,440.70,44.43,104.38,0.3552,-1,-1,-1
169,102,675.96,442.53,89.98,355.01,0.7359,-1,-1,-1
169,106,1000.14,440.94,30.11,84.83,0.2228,-1,-1,-1
170,2,755.96,435.22,114.28,355.54,0.7813,-1,-1,-1
170,3,532.16,429.46,234.06,470.96,0.8297,-1,-1,-1
170,8,1187.07,454.59,30.28,90.50,0.1739,-1,-1,-1
170,12,1078.34,456.14,50.58,137.64,0.2528,-1,-1,-1
170,20,869.11,446.27,117.65,290.32,0.7986,-1,-1,-1
170,21,1831.75,465.46,61.74,184.25,0.2415,-1,-1,-1
170,87,468.65,468.22,38.05,108.30,0.2702,-1,-1,-1
170,94,943.64,433.96,70.08,235.22,0.6176,-1,-1,-1
170,99,1147.16,442.30,44.79,103.17,0.4362,-1,-1,-1
170,102,677.85,442.24,87.70,356.26,0.7286,-1,-1,-1
171,2,757.49,435.47,112.68,348.03,0.7893,-1,-1,-1
171,3,534.86,430.35,239.87,470.54,0.8573,-1,-1,-1
171,8,1187.71,454.99,29.77,90.24,0.1921,-1,-1,-1
171,12,1079.69,454.30,49.39,138.76,0.2227,-1,-1,-1
171,20,870.77,446.71,116.38,291.41,0.7916,-1,-1,-1
171,21,1832.52,466.51,63.01,183.77,0.2573,-1,-1,-1
171,87,468.08,466.94,37.20,109.73,0.2758,-1,-1,-1
171,94,946.21,436.39,71.68,246.65,0.6679,-1,-1,-1
171,99,1145.94,444.54,46.94,101.10,0.4404,-1,-1,-1
171,102,677.96,442.26,89.84,360.71,0.7302,-1,-1,-1
172,2,760.17,436.46,117.17,345.95,0.8124,-1,-1,-1
172,3,536.85,433.67,239.35,469.85,0.8475,-1,-1,-1
172,8,1188.49,460.01,29.94,86.43,0.1644,-1,-1,-1
172,12,1079.99,454.42,49.40,139.69,0.2853,-1,-1,-1
172,20,870.37,447.40,117.48,291.02,0.7949,-1,-1,-1
172,21,1831.10,464.51,67.72,184.87,0.2711,-1,-1,-1
172,27,1670.83,434.74,100.72,158.31,0.1662,-1,-1,-1
172,87,470.26,466.31,37.15,110.81,0.3011,-1,-1,-1
172,94,950.67,435.56,74.56,251.29,0.6845,-1,-1,-1
172,99,1146.91,445.60,43.22,100.68,0.4059,-1,-1,-1
172,102,680.17,444.95,84.73,357.10,0.7012,-1,-1,-1
173,2,761.78,437.50,117.95,344.55,0.8191,-1,-1,-1
173,3,538.66,432.50,231.62,469.71,0.8567,-1,-1,-1
173,8,1165.92,453.39,37.50,92.35,0.2020,-1,-1,-1
173,12,1085.93,455.04,44.78,140.24,0.3415,-1,-1,-1
173,20,872.81,444.98,116.57,293.77,0.7877,-1,-1,-1
173,21,1831.47,466.97,61.38,182.51,0.2310,-1,-1,-1
173,27,1670.36,432.19,98.85,160.25,0.2164,-1,-1,-1
173,87,469.97,468.74,36.80,108.75,0.2836,-1,-1,-1
173,94,951.65,434.70,76.32,258.13,0.6620,-1,-1,-1
173,99,1147.32,446.37,40.96,100.40,0.3460,-1,-1,-1
173,102,681.28,446.52,89.32,350.22,0.6245,-1,-1,-1
174,2,762.00,439.41,121.09,348.93,0.8228,-1,-1,-1
174,3,543.51,432.74,229.24,472.06,0.8521,-1,-1,-1
174,8,1169.54,454.06,36.82,92.87,0.2591,-1,-1,-1
174,12,1084.63,455.48,46.60,140.28,0.4158,-1,-1,-1
174,20,874.69,444.80,118.08,293.82,0.7878,-1,-1,-1
174,21,1830.56,465.93,66.80,184.13,0.2765,-1,-1,-1
174,27,1668.82,430.20,112.82,156.84,0.2214,-1,-1,-1
174,87,468.55,467.71,36.21,106.24,0.2820,-1,-1,-1
174,94,953.82,435.64,74.67,258.93,0.6316,-1,-1,-1
174,99,1148.53,448.57,40.41,98.79,0.2840,-1,-1,-1
174,102,687.00,450.61,84.11,348.50,0.4763,-1,-1,-1
174,110,492.66,469.57,36.54,90.78,0.1970,-1,-1,-1
175,2,767.32,439.86,116.93,350.74,0.8432,-1,-1,-1
175,3,551.55,433.91,223.34,471.23,0.8354,-1,-1,-1
175,8,1151.26,453.30,54.63,94.24,0.4231,-1,-1,-1
175,12,1084.62,456.16,45.84,139.76,0.3241,-1,-1,-1
175,20,876.17,444.11,116.32,294.32,0.7923,-1,-1,-1
175,21,1830.33,468.59,62.49,181.31,0.2907,-1,-1,-1
175,27,1669.58,429.98,112.34,155.71,0.2096,-1,-1,-1
175,87,467.24,463.35,36.80,109.80,0.3296,-1,-1,-1
175,94,957.19,435.21,76.18,260.50,0.6017,-1,-1,-1
175,102,695.68,466.82,79.39,337.38,0.2067,-1,-1,-1
175,110,492.08,469.01,36.91,92.09,0.1851,-1,-1,-1
176,2,767.96,441.64,115.14,356.39,0.8305,-1,-1,-1
176,3,560.26,432.90,213.67,475.03,0.7967,-1,-1,-1
176,8,1153.73,455.63,53.05,90.79,0.4384,-1,-1,-1
176,12,1081.48,455.38,48.85,139.88,0.3483,-1,-1,-1
176,20,877.81,443.75,114.32,294.33,0.7982,-1,-1,-1
176,21,1829.57,466.48,67.12,182.68,0.2432,-1,-1,-1
176,27,1669.63,429.10,111.95,157.37,0.2001,-1,-1,-1
176,87,469.26,466.23,37.85,110.69,0.3225,-1,-1,-1
176,94,960.30,434.35,81.68,259.00,0.5879,-1,-1,-1
177,2,767.68,440.98,118.36,355.51,0.8227,-1,-1,-1
177,3,558.82,436.82,214.20,472.23,0.7982,-1,-1,-1
177,8,1156.19,450.50,49.51,97.27,0.3971,-1,-1,-1
177,12,1083.86,454.60,46.43,140.31,0.2484,-1,-1,-1
177,20,880.51,446.41,114.56,291.85,0.7897,-1,-1,-1
177,21,1829.24,466.88,69.69,181.93,0.2491,-1,-1,-1
177,87,467.37,468.46,37.48,109.39,0.3347,-1,-1,-1
177,94,962.19,434.33,84.79,260.99,0.5193,-1,-1,-1
178,2,773.76,440.33,111.34,356.19,0.8097,-1,-1,-1
178,3,562.07,433.32,212.89,474.91,0.8391,-1,-1,-1
178,8,1154.92,446.61,45.32,99.70,0.4755,-1,-1,-1
178,12,1079.69,451.83,50.40,142.84,0.2772,-1,-1,-1
178,20,887.73,447.65,108.37,289.53,0.7654,-1,-1,-1
178,21,1830.18,468.82,62.99,177.10,0.1986,-1,-1,-1
178,27,1670.41,430.12,112.19,156.52,0.1524,-1,-1,-1
178,78,1879.11,392.37,40.17,239.28,0.2115,-1,-1,-1
178,87,464.68,463.43,40.82,112.30,0.3355,-1,-1,-1
178,94,962.88,433.07,92.99,265.05,0.4587,-1,-1,-1
178,110,495.51,452.73,45.08,110.69,0.2041,-1,-1,-1
178,112,574.10,436.26,53.87,104.95,0.2531,-1,-1,-1
179,2,774.63,439.08,113.68,355.20,0.7899,-1,-1,-1
179,3,571.72,432.52,203.82,477.87,0.8621,-1,-1,-1
179,8,1157.38,451.35,44.94,96.84,0.4626,-1,-1,-1
179,12,1077.08,454.19,51.01,140.65,0.2653,-1,-1,-1
179,20,891.58,445.69,104.93,292.20,0.7732,-1,-1,-1
179,21,1826.85,467.35,68.73,181.86,0.1617,-1,-1,-1
179,27,1671.37,431.83,111.08,153.59,0.1815,-1,-1,-1
179,78,1880.86,398.41,38.56,238.37,0.1592,-1,-1,-1
179,87,464.33,460.58,40.47,115.71,0.3516,-1,-1,-1
179,94,964.10,434.77,94.88,263.97,0.5240,-1,-1,-1
179,110,495.30,451.38,47.73,112.38,0.2164,-1,-1,-1
179,112,571.37,442.35,57.69,102.70,0.2527,-1,-1,-1
179,114,962.38,435.63,46.83,266.60,0.2543,-1,-1,-1
180,2,777.36,437.89,118.79,357.76,0.7649,-1,-1,-1
180,3,577.90,430.02,197.90,479.57,0.8399,-1,-1,-1
180,8,1157.71,449.89,40.02,98.12,0.4493,-1,-1,-1
180,12,1078.84,452.96,50.22,141.44,0.3253,-1,-1,-1
180,20,896.68,445.00,99.09,293.13,0.7768,-1,-1,-1
180,78,1877.19,392.06,41.81,239.19,0.2179,-1,-1,-1
180,87,465.33,464.53,38.68,111.50,0.4751,-1,-1,-1
180,94,969.25,434.00,105.42,261.90,0.4873,-1,-1,-1
180,110,498.13,453.73,44.27,110.60,0.1987,-1,-1,-1
180,112,572.34,443.66,56.65,112.10,0.3412,-1,-1,-1
180,114,964.39,442.29,42.97,269.73,0.1819,-1,-1,-1
181,2,778.74,436.20,115.82,358.46,0.7561,-1,-1,-1
181,3,582.72,423.96,195.67,486.95,0.8644,-1,-1,-1
181,8,1156.95,446.63,38.90,99.74,0.4799,-1,-1,-1
181,12,1078.95,446.09,51.26,149.90,0.3514,-1,-1,-1
181,20,902.90,443.51,95.86,295.91,0.7275,-1,-1,-1
181,78,1877.11,391.77,42.13,237.24,0.1909,-1,-1,-1
181,87,466.66,467.21,37.33,107.78,0.3698,-1,-1,-1
181,94,971.41,437.06,89.67,263.33,0.6199,-1,-1,-1
181,110,496.82,455.98,42.67,107.43,0.1637,-1,-1,-1
181,112,570.86,449.93,59.90,111.37,0.4076,-1,-1,-1
182,2,780.95,435.31,116.36,364.19,0.7531,-1,-1,-1
182,3,583.33,423.97,198.57,486.41,0.8652,-1,-1,-1
182,8,1157.30,446.59,37.85,100.14,0.5439,-1,-1,-1
182,12,1081.62,444.86,49.69,152.43,0.3733,-1,-1,-1
182,20,912.56,445.94,89.24,296.71,0.7130,-1,-1,-1
182,76,415.13,475.93,39.59,85.34,0.2012,-1,-1,-1
182,78,1877.29,391.76,42.02,234.08,0.1762,-1,-1,-1
182,87,466.89,471.08,37.73,103.83,0.4216,-1,-1,-1
182,94,977.30,435.06,88.16,268.42,0.6126,-1,-1,-1
182,112,571.15,444.60,58.67,121.10,0.4493,-1,-1,-1
183,2,783.13,434.44,118.16,367.39,0.7694,-1,-1,-1
183,3,587.15,424.76,194.94,485.91,0.8583,-1,-1,-1
183,8,1158.08,449.12,35.97,97.85,0.5405,-1,-1,-1
183,12,1082.56,444.76,48.80,152.56,0.3266,-1,-1,-1
183,20,916.83,442.96,90.22,298.18,0.7464,-1,-1,-1
183,76,413.76,475.65,40.99,86.79,0.1879,-1,-1,-1
183,78,1876.89,391.89,42.34,234.65,0.2099,-1,-1,-1
183,87,466.44,472.18,39.01,103.28,0.3820,-1,-1,-1
183,94,980.22,436.65,86.62,261.25,0.6251,-1,-1,-1
183,112,570.60,448.51,60.00,130.73,0.4808,-1,-1,-1
184,2,783.88,433.75,118.69,367.98,0.7831,-1,-1,-1
184,3,591.32,425.95,191.71,484.13,0.8523,-1,-1,-1
184,8,1154.89,451.08,40.55,97.95,0.6057,-1,-1,-1
184,12,1082.60,442.17,50.26,154.54,0.3377,-1,-1,-1
184,20,923.99,441.23,86.71,299.62,0.7690,-1,-1,-1
184,76,413.35,475.28,41.94,87.67,0.2012,-1,-1,-1
184,78,1876.97,391.67,42.27,236.09,0.1987,-1,-1,-1
184,87,466.06,472.20,38.82,102.82,0.4029,-1,-1,-1
184,94,982.71,439.94,85.90,246.01,0.6322,-1,-1,-1
184,112,571.97,444.78,58.60,146.77,0.4362,-1,-1,-1
185,2,785.95,434.55,118.26,368.99,0.7815,-1,-1,-1
185,3,599.41,427.95,185.49,482.07,0.8411,-1,-1,-1
185,8,1155.63,451.60,40.00,95.34,0.5549,-1,-1,-1
185,12,1082.08,438.29,50.67,158.50,0.3232,-1,-1,-1
185,20,925.73,441.56,86.43,303.05,0.7595,-1,-1,-1
185,76,414.59,476.34,42.00,87.01,0.2149,-1,-1,-1
185,78,1877.31,392.38,41.98,237.08,0.1893,-1,-1,-1
185,87,466.41,474.70,40.63,101.24,0.4629,-1,-1,-1
185,94,986.29,441.29,84.42,252.44,0.6335,-1,-1,-1
185,112,571.12,445.19,61.46,157.15,0.4478,-1,-1,-1
186,2,786.58,435.04,115.13,367.46,0.8026,-1,-1,-1
186,3,603.51,426.14,184.04,483.87,0.8440,-1,-1,-1
186,8,1153.63,447.88,45.37,98.49,0.5953,-1,-1,-1
186,12,1077.39,443.20,52.26,153.41,0.2453,-1,-1,-1
186,20,928.41,445.32,85.66,305.61,0.7449,-1,-1,-1
186,76,412.47,476.46,42.85,84.15,0.1911,-1,-1,-1
186,78,1877.44,392.54,41.80,238.09,0.1886,-1,-1,-1
186,87,467.18,477.49,41.39,98.46,0.4713,-1,-1,-1
186,94,988.64,442.16,84.44,244.02,0.5733,-1,-1,-1
186,112,571.83,438.13,56.36,174.19,0.4868,-1,-1,-1
187,2,790.22,435.31,113.82,367.79,0.8031,-1,-1,-1
187,3,609.24,428.42,177.95,483.69,0.8413,-1,-1,-1
187,8,1155.11,450.32,44.91,96.02,0.5452,-1,-1,-1
187,12,1076.36,442.56,53.22,153.66,0.2556,-1,-1,-1
187,20,928.65,445.37,90.77,307.59,0.7310,-1,-1,-1
187,76,414.73,477.25,40.42,83.75,0.1757,-1,-1,-1
187,78,1877.07,390.30,42.11,235.59,0.1582,-1,-1,-1
187,87,467.06,477.21,41.21,98.38,0.4651,-1,-1,-1
187,94,995.52,442.78,81.72,251.16,0.6259,-1,-1,-1
187,95,511.71,452.84,36.43,110.44,0.2025,-1,-1,-1
187,112,572.15,433.26,56.94,176.31,0.4805,-1,-1,-1
188,2,792.39,434.53,114.22,364.41,0.8120,-1,-1,-1
188,3,609.50,426.59,180.61,495.42,0.8356,-1,-1,-1
188,8,1156.24,452.12,42.65,95.96,0.5014,-1,-1,-1
188,12,1091.79,441.30,41.18,154.28,0.2257,-1,-1,-1
188,20,931.79,441.85,93.33,310.32,0.6868,-1,-1,-1
188,76,413.68,476.85,41.59,83.52,0.1559,-1,-1,-1
188,78,1877.70,391.63,41.52,238.80,0.1513,-1,-1,-1
188,87,467.38,477.78,37.73,97.29,0.3659,-1,-1,-1
188,94,997.85,444.18,79.12,250.29,0.5067,-1,-1,-1
188,95,511.38,449.51,37.83,113.13,0.2851,-1,-1,-1
188,112,570.70,434.04,61.00,180.81,0.4448,-1,-1,-1
189,2,794.66,433.11,112.03,367.82,0.8098,-1,-1,-1
189,3,611.61,426.08,178.92,505.10,0.7961,-1,-1,-1
189,8,1156.54,446.75,42.30,100.48,0.4805,-1,-1,-1
189,12,1092.73,442.02,40.17,153.90,0.2089,-1,-1,-1
189,20,932.83,441.79,106.92,311.78,0.7791,-1,-1,-1
189,76,414.14,476.74,39.02,86.37,0.1666,-1,-1,-1
189,87,466.31,476.77,39.83,99.18,0.4110,-1,-1,-1
189,94,1005.60,438.74,81.80,264.97,0.5326,-1,-1,-1
189,95,512.00,449.84,37.04,112.57,0.2178,-1,-1,-1
189,112,569.37,432.93,59.67,180.08,0.5284,-1,-1,-1
190,2,796.88,432.42,118.48,372.61,0.8022,-1,-1,-1
190,3,616.15,426.37,182.57,511.67,0.7026,-1,-1,-1
190,8,1152.28,448.99,46.25,99.53,0.4186,-1,-1,-1
190,12,1081.30,443.20,48.25,154.01,0.2758,-1,-1,-1
190,20,936.40,442.81,110.19,309.75,0.7573,-1,-1,-1
190,87,467.86,476.69,37.48,98.85,0.3892,-1,-1,-1
190,94,1009.76,440.42,79.33,267.62,0.4662,-1,-1,-1
190,95,513.14,454.15,36.49,108.08,0.2454,-1,-1,-1
190,112,569.26,438.57,63.19,172.85,0.5403,-1,-1,-1
191,2,799.05,432.53,115.73,371.36,0.7812,-1,-1,-1
191,3,620.44,425.98,178.98,516.87,0.7481,-1,-1,-1
191,8,1152.47,445.84,48.88,102.12,0.4994,-1,-1,-1
191,12,1083.51,441.87,46.99,155.93,0.2239,-1,-1,-1
191,20,941.09,443.59,115.60,310.42,0.7602,-1,-1,-1
191,27,1670.48,432.81,109.45,154.11,0.1518,-1,-1,-1
191,87,465.51,477.03,36.18,98.27,0.3550,-1,-1,-1
191,94,1011.82,436.32,77.32,273.02,0.3275,-1,-1,-1
191,95,513.12,452.96,35.77,107.17,0.2049,-1,-1,-1
191,112,568.52,446.80,60.90,168.71,0.5810,-1,-1,-1
191,116,1101.77,439.81,32.06,100.73,0.2409,-1,-1,-1
192,2,800.86,429.25,115.17,380.11,0.7871,-1,-1,-1
192,3,625.14,426.50,176.57,526.06,0.7263,-1,-1,-1
192,8,1150.26,447.30,50.32,101.81,0.4783,-1,-1,-1
192,12,1087.71,442.18,43.02,156.39,0.2349,-1,-1,-1
192,20,943.24,449.14,114.23,304.23,0.7594,-1,-1,-1
192,87,464.75,476.74,36.45,97.48,0.3433,-1,-1,-1
192,94,1010.80,435.96,84.46,277.37,0.2953,-1,-1,-1
192,95,516.25,448.04,32.63,111.13,0.1766,-1,-1,-1
192,112,568.29,442.89,64.54,171.68,0.5895,-1,-1,-1
192,116,1101.19,440.69,32.78,98.78,0.2041,-1,-1,-1
193,2,803.06,426.04,112.33,380.87,0.7854,-1,-1,-1
193,3,631.29,427.07,167.93,527.55,0.7651,-1,-1,-1
193,8,1149.29,442.55,49.62,105.94,0.4480,-1,-1,-1
193,20,944.55,442.74,114.99,311.15,0.7560,-1,-1,-1
193,21,1826.95,467.20,67.40,183.10,0.1648,-1,-1,-1
193,87,463.54,477.78,39.15,97.76,0.3077,-1,-1,-1
193,94,1014.61,437.01,92.94,264.79,0.5392,-1,-1,-1
193,95,514.04,444.41,35.60,114.78,0.2461,-1,-1,-1
193,112,570.20,442.52,62.55,172.33,0.6290,-1,-1,-1
193,116,1103.00,438.98,31.61,99.37,0.1712,-1,-1,-1
194,2,804.45,424.80,119.08,383.75,0.7887,-1,-1,-1
194,3,632.22,425.51,180.99,538.86,0.7598,-1,-1,-1
194,8,1147.26,447.87,46.08,101.22,0.3698,-1,-1,-1
194,12,1090.60,438.84,40.05,158.95,0.1582,-1,-1,-1
194,20,946.38,443.48,108.25,310.64,0.7486,-1,-1,-1
194,21,1826.29,464.24,73.84,186.72,0.1585,-1,-1,-1
194,87,460.78,475.78,36.76,99.95,0.3320,-1,-1,-1
194,94,1015.85,434.22,96.05,276.46,0.6470,-1,-1,-1
194,95,517.02,444.84,33.41,114.86,0.2167,-1,-1,-1
194,112,570.42,442.40,62.66,174.00,0.6703,-1,-1,-1
195,2,805.09,424.12,126.73,382.61,0.7891,-1,-1,-1
195,3,636.34,422.39,178.58,540.81,0.7843,-1,-1,-1
195,8,1147.31,444.49,41.06,103.52,0.4056,-1,-1,-1
195,20,945.16,448.31,116.46,308.62,0.7597,-1,-1,-1
195,78,1877.81,392.54,41.48,249.62,0.1650,-1,-1,-1
195,87,458.43,473.55,46.26,100.96,0.2969,-1,-1,-1
195,94,1020.80,433.19,95.70,278.43,0.6931,-1,-1,-1
195,95,512.20,440.54,37.89,120.27,0.3769,-1,-1,-1
195,99,1162.67,444.12,40.46,104.49,0.1823,-1,-1,-1
195,112,569.58,441.40,64.20,174.83,0.6825,-1,-1,-1
195,116,1100.34,440.31,30.69,106.90,0.1678,-1,-1,-1
196,2,807.19,426.46,136.23,379.80,0.8252,-1,-1,-1
196,3,643.65,424.35,171.97,536.43,0.8009,-1,-1,-1
196,8,1146.40,440.79,42.61,106.80,0.4138,-1,-1,-1
196,20,946.56,449.15,115.24,308.16,0.7278,-1,-1,-1
196,21,1825.94,462.85,71.17,187.76,0.1754,-1,-1,-1
196,27,1666.58,432.23,58.73,155.20,0.1554,-1,-1,-1
196,87,456.16,473.15,45.73,102.07,0.3469,-1,-1,-1
196,94,1025.76,432.25,96.26,280.28,0.6814,-1,-1,-1
196,95,512.70,439.71,38.75,121.75,0.4382,-1,-1,-1
196,112,569.77,442.74,65.41,173.85,0.6701,-1,-1,-1
197,2,809.91,428.04,148.88,378.68,0.8146,-1,-1,-1
197,3,646.21,421.95,164.19,551.25,0.8225,-1,-1,-1
197,8,1145.86,443.89,43.13,104.34,0.3625,-1,-1,-1
197,20,951.44,447.05,110.61,310.15,0.7519,-1,-1,-1
197,21,1826.09,465.18,71.48,186.07,0.2479,-1,-1,-1
197,87,455.67,470.96,43.87,104.05,0.3355,-1,-1,-1
197,94,1030.43,431.54,95.42,281.49,0.4687,-1,-1,-1
197,95,512.77,439.67,38.70,121.47,0.4479,-1,-1,-1
197,110,488.63,467.90,31.59,98.08,0.1610,-1,-1,-1
197,112,569.46,440.92,66.91,174.56,0.6703,-1,-1,-1
198,2,813.86,433.17,151.84,374.22,0.8299,-1,-1,-1
198,3,649.08,423.08,164.59,540.55,0.8328,-1,-1,-1
198,8,1146.61,441.07,42.56,106.57,0.3866,-1,-1,-1
198,20,958.67,447.36,104.48,311.38,0.7686,-1,-1,-1
198,21,1827.40,463.80,66.99,186.48,0.2301,-1,-1,-1
198,87,458.81,471.44,37.25,103.45,0.3183,-1,-1,-1
198,94,1036.81,433.53,91.56,280.22,0.6465,-1,-1,-1
198,95,515.58,444.03,36.83,119.01,0.3386,-1,-1,-1
198,112,570.42,441.93,66.61,174.19,0.6825,-1,-1,-1
199,2,816.54,433.61,158.51,374.97,0.8462,-1,-1,-1
199,3,647.57,423.65,173.31,538.42,0.8390,-1,-1,-1
199,8,1144.61,443.94,40.34,105.10,0.3753,-1,-1,-1
199,20,965.90,447.99,103.52,312.98,0.7580,-1,-1,-1
199,21,1828.10,461.98,64.91,187.78,0.1780,-1,-1,-1
199,27,1669.48,436.22,111.03,197.44,0.1501,-1,-1,-1
199,78,1877.83,391.66,41.50,250.41,0.1819,-1,-1,-1
199,87,457.13,472.29,38.23,103.29,0.2779,-1,-1,-1
199,94,1040.49,437.42,92.48,279.14,0.6363,-1,-1,-1
199,95,514.31,447.28,37.64,116.04,0.3015,-1,-1,-1
199,99,1182.62,441.71,35.97,101.60,0.2062,-1,-1,-1
199,112,572.04,444.05,64.06,171.38,0.6888,-1,-1,-1
200,2,817.28,436.00,158.85,374.06,0.8427,-1,-1,-1
200,3,651.35,422.47,172.99,539.70,0.8591,-1,-1,-1
200,8,1145.67,442.33,35.76,106.59,0.3226,-1,-1,-1
200,20,970.72,448.68,102.79,311.62,0.7220,-1,-1,-1
200,21,1826.62,465.17,66.11,185.50,0.1975,-1,-1,-1
200,27,1668.79,434.66,114.10,201.91,0.2075,-1,-1,-1
200,78,1877.45,391.67,41.78,251.35,0.1509,-1,-1,-1
200,87,456.37,467.89,36.56,100.55,0.2896,-1,-1,-1
200,94,1042.32,434.04,93.40,284.72,0.6061,-1,-1,-1
200,95,511.93,444.01,38.41,117.51,0.3386,-1,-1,-1
200,112,572.10,446.66,64.59,169.97,0.6773,-1,-1,-1
200,117,658.96,459.98,32.76,75.43,0.2792,-1,-1,-1
201,2,820.59,437.58,157.53,373.38,0.8391,-1,-1,-1
201,3,657.82,423.16,174.14,537.57,0.8445,-1,-1,-1
201,8,1142.73,440.39,36.46,108.69,0.3226,-1,-1,-1
201,20,979.67,451.63,91.03,309.25,0.7079,-1,-1,-1
201,21,1828.26,466.61,60.35,183.38,0.1756,-1,-1,-1
201,87,454.62,468.35,37.47,105.97,0.2767,-1,-1,-1
201,94,1047.82,436.05,91.99,287.98,0.6137,-1,-1,-1
201,95,510.40,440.28,39.74,120.92,0.2785,-1,-1,-1
201,112,574.01,444.23,63.42,169.64,0.6635,-1,-1,-1
201,117,661.46,461.30,38.53,77.15,0.2081,-1,-1,-1
202,2,822.31,437.65,153.85,375.06,0.8451,-1,-1,-1
202,3,657.81,421.35,179.66,542.21,0.8546,-1,-1,-1
202,8,1141.99,438.24,35.06,109.68,0.3474,-1,-1,-1
202,20,986.82,449.28,88.98,313.19,0.7739,-1,-1,-1
202,87,453.76,472.10,36.34,100.40,0.2491,-1,-1,-1
202,94,1049.94,436.12,95.61,282.01,0.6835,-1,-1,-1
202,95,512.67,438.59,38.09,122.28,0.2164,-1,-1,-1
202,99,1184.60,438.43,35.01,106.87,0.2087,-1,-1,-1
202,112,573.21,447.04,66.56,167.38,0.6782,-1,-1,-1
202,117,660.47,466.49,28.29,72.61,0.2108,-1,-1,-1
203,2,823.86,437.74,150.66,375.94,0.8437,-1,-1,-1
203,3,667.87,426.35,174.69,548.86,0.8227,-1,-1,-1
203,8,1143.76,436.90,32.44,110.34,0.2444,-1,-1,-1
203,20,988.28,449.40,93.22,314.27,0.7716,-1,-1,-1
203,21,1828.08,466.17,63.99,178.22,0.1979,-1,-1,-1
203,78,1878.95,395.95,40.46,235.91,0.1732,-1,-1,-1
203,87,451.36,474.61,42.54,99.82,0.2245,-1,-1,-1
203,94,1053.87,434.32,95.01,282.91,0.6937,-1,-1,-1
203,95,508.81,439.58,41.13,122.85,0.3397,-1,-1,-1
203,99,1185.00,436.91,37.43,110.36,0.2045,-1,-1,-1
203,112,573.79,443.55,68.14,171.10,0.7084,-1,-1,-1
204,2,824.40,437.14,150.44,376.09,0.8426,-1,-1,-1
204,3,662.85,423.96,181.55,558.46,0.8435,-1,-1,-1
204,8,1146.07,439.14,30.83,107.50,0.1520,-1,-1,-1
204,20,991.64,449.23,92.60,316.49,0.7720,-1,-1,-1
204,21,1825.95,469.01,63.71,180.53,0.2675,-1,-1,-1
204,27,1681.77,432.45,102.22,157.45,0.1590,-1,-1,-1
204,78,1880.14,399.65,39.25,233.04,0.1632,-1,-1,-1
204,87,451.95,473.18,42.39,101.89,0.2987,-1,-1,-1
204,94,1060.69,434.68,88.24,283.01,0.6993,-1,-1,-1
204,95,510.14,447.40,39.06,116.26,0.1523,-1,-1,-1
204,99,1185.42,443.05,39.38,106.23,0.2176,-1,-1,-1
204,112,576.81,449.81,65.21,165.64,0.7257,-1,-1,-1
205,2,825.30,433.61,150.51,379.34,0.8317,-1,-1,-1
205,3,669.18,424.06,175.40,568.23,0.8478,-1,-1,-1
205,20,994.44,447.38,94.09,317.24,0.7863,-1,-1,-1
205,21,1828.28,467.56,65.13,179.12,0.1828,-1,-1,-1
205,27,1682.19,434.70,99.17,153.25,0.2151,-1,-1,-1
205,78,1876.61,395.07,42.27,239.97,0.1818,-1,-1,-1
205,87,450.86,474.38,42.90,101.16,0.3195,-1,-1,-1
205,94,1063.57,439.48,87.41,276.70,0.7153,-1,-1,-1
205,95,509.85,443.97,38.93,118.08,0.2063,-1,-1,-1
205,99,1185.12,466.08,42.36,87.24,0.1837,-1,-1,-1
205,112,575.38,446.32,66.06,170.00,0.7469,-1,-1,-1
206,2,830.34,435.50,148.19,377.10,0.8327,-1,-1,-1
206,3,674.17,422.81,172.50,570.28,0.8387,-1,-1,-1
206,20,999.90,447.57,92.81,317.36,0.7751,-1,-1,-1
206,21,1828.98,467.01,66.25,178.81,0.2190,-1,-1,-1
206,27,1685.44,436.37,96.18,150.49,0.1837,-1,-1,-1
206,78,1879.77,397.97,39.80,233.48,0.1799,-1,-1,-1
206,87,450.77,474.89,42.64,98.17,0.2296,-1,-1,-1
206,94,1065.70,436.39,86.42,281.85,0.6803,-1,-1,-1
206,95,510.60,441.68,39.10,120.59,0.2854,-1,-1,-1
206,99,1186.66,454.75,39.61,94.80,0.3291,-1,-1,-1
206,112,575.74,446.91,66.94,170.54,0.7255,-1,-1,-1
207,2,830.92,435.51,148.90,376.70,0.8275,-1,-1,-1
207,3,675.83,419.48,173.21,573.85,0.8416,-1,-1,-1
207,8,1136.37,440.21,32.81,102.05,0.1546,-1,-1,-1
207,20,1005.95,448.80,95.41,313.83,0.7189,-1,-1,-1
207,21,1830.71,465.14,69.97,181.42,0.1734,-1,-1,-1
207,78,1877.14,396.73,41.81,243.05,0.1618,-1,-1,-1
207,87,450.60,472.25,39.37,97.19,0.2639,-1,-1,-1
207,94,1074.24,435.08,78.52,285.14,0.6522,-1,-1,-1
207,95,509.86,448.81,40.22,113.64,0.2338,-1,-1,-1
207,99,1187.41,450.79,40.54,99.05,0.3584,-1,-1,-1
207,112,580.22,455.64,63.65,161.52,0.7391,-1,-1,-1
208,2,833.20,434.56,147.62,379.85,0.8234,-1,-1,-1
208,3,679.07,420.27,172.17,572.31,0.8344,-1,-1,-1
208,20,1008.80,450.79,92.57,310.29,0.6925,-1,-1,-1
208,21,1830.89,466.72,69.76,180.86,0.1531,-1,-1,-1
208,87,448.37,470.47,39.99,101.92,0.2038,-1,-1,-1
208,94,1076.92,434.14,75.46,302.39,0.5925,-1,-1,-1
208,95,510.53,444.95,40.14,116.26,0.3969,-1,-1,-1
208,99,1187.49,447.59,39.92,102.57,0.4095,-1,-1,-1
208,112,581.50,454.66,63.05,162.71,0.7306,-1,-1,-1
209,2,836.11,434.43,145.43,380.62,0.8074,-1,-1,-1
209,3,683.60,415.58,170.89,577.75,0.8193,-1,-1,-1
209,20,1011.33,445.35,137.62,317.16,0.6001,-1,-1,-1
209,87,447.70,471.47,41.05,102.08,0.1577,-1,-1,-1
209,94,1083.14,432.77,78.10,284.16,0.6140,-1,-1,-1
209,95,511.00,444.04,40.60,117.66,0.4150,-1,-1,-1
209,99,1188.99,448.66,40.23,103.09,0.4838,-1,-1,-1
209,112,582.46,457.46,66.43,160.01,0.7434,-1,-1,-1
210,2,840.62,427.59,147.95,386.28,0.8140,-1,-1,-1
210,3,685.84,415.55,171.88,577.52,0.7952,-1,-1,-1
210,20,1016.64,443.63,151.09,319.57,0.8152,-1,-1,-1
210,21,1828.44,471.20,68.71,176.66,0.2344,-1,-1,-1
210,78,1878.28,395.01,41.03,239.46,0.1563,-1,-1,-1
210,87,444.61,474.66,41.90,99.17,0.1796,-1,-1,-1
210,94,1086.44,431.23,82.07,267.85,0.2480,-1,-1,-1
210,95,511.00,442.25,40.31,118.48,0.4129,-1,-1,-1
210,99,1190.27,445.47,39.77,106.46,0.4824,-1,-1,-1
210,112,584.71,457.00,67.12,159.78,0.7274,-1,-1,-1
210,122,970.21,443.28,45.20,96.83,0.1683,-1,-1,-1
211,2,847.41,430.52,149.12,386.11,0.7886,-1,-1,-1
211,3,684.73,420.27,175.60,573.74,0.8111,-1,-1,-1
211,20,1018.80,443.42,157.58,320.00,0.8010,-1,-1,-1
211,21,1828.98,471.68,67.97,175.44,0.2316,-1,-1,-1
211,27,1687.19,436.00,94.67,149.61,0.1515,-1,-1,-1
211,78,1877.35,393.51,41.81,240.59,0.1662,-1,-1,-1
211,94,1089.21,432.47,85.09,259.13,0.3133,-1,-1,-1
211,95,510.75,441.24,40.00,119.78,0.4341,-1,-1,-1
211,99,1192.12,445.14,38.57,107.49,0.4642,-1,-1,-1
211,112,584.81,451.39,71.02,165.15,0.7424,-1,-1,-1
211,122,970.61,444.07,42.88,96.77,0.1799,-1,-1,-1
212,2,853.22,430.84,146.58,385.73,0.7877,-1,-1,-1
212,3,687.58,415.61,173.35,577.98,0.8253,-1,-1,-1
212,20,1019.61,445.40,162.85,319.28,0.7905,-1,-1,-1
212,21,1829.42,471.79,68.72,175.57,0.1942,-1,-1,-1
212,78,1877.19,393.03,42.06,242.49,0.1638,-1,-1,-1
212,94,1096.35,429.34,81.17,252.04,0.3563,-1,-1,-1
212,95,511.00,440.18,40.82,120.29,0.4648,-1,-1,-1
212,99,1193.15,447.05,38.84,105.31,0.5083,-1,-1,-1
212,112,587.84,450.81,67.69,165.00,0.7130,-1,-1,-1
212,122,971.59,444.86,41.84,104.35,0.2065,-1,-1,-1
213,2,863.42,430.80,138.23,386.57,0.8085,-1,-1,-1
213,3,687.53,413.89,177.76,579.13,0.8219,-1,-1,-1
213,20,1019.45,448.25,163.67,318.44,0.8070,-1,-1,-1
213,21,1829.15,471.04,66.81,175.08,0.1709,-1,-1,-1
213,87,438.27,475.07,46.03,99.51,0.1908,-1,-1,-1
213,94,1100.10,434.99,78.77,269.72,0.5044,-1,-1,-1
213,95,510.81,439.11,41.56,121.38,0.4534,-1,-1,-1
213,99,1194.37,446.81,38.18,103.64,0.3674,-1,-1,-1
213,112,588.08,452.30,67.92,164.59,0.7384,-1,-1,-1
214,2,871.49,429.28,136.26,385.14,0.8162,-1,-1,-1
214,3,689.52,413.59,175.70,578.95,0.8243,-1,-1,-1
214,20,1019.00,448.51,164.22,319.11,0.7731,-1,-1,-1
214,21,1829.33,468.18,68.48,176.75,0.1555,-1,-1,-1
214,87,439.55,474.47,43.90,99.43,0.2508,-1,-1,-1
214,94,1105.45,431.51,78.15,277.91,0.5422,-1,-1,-1
214,95,510.38,439.05,42.76,120.99,0.4714,-1,-1,-1
214,99,1195.09,445.10,40.90,103.99,0.3775,-1,-1,-1
214,112,589.29,450.86,67.07,167.13,0.7257,-1,-1,-1
215,2,879.29,429.11,127.33,387.27,0.8099,-1,-1,-1
215,3,693.04,411.69,176.12,581.99,0.8178,-1,-1,-1
215,20,1019.61,446.67,160.16,321.64,0.8160,-1,-1,-1
215,21,1829.83,470.17,65.34,174.38,0.2371,-1,-1,-1
215,78,1879.48,393.48,39.89,236.58,0.1721,-1,-1,-1
215,87,439.33,475.69,42.99,98.30,0.2234,-1,-1,-1
215,94,1112.93,426.68,76.53,290.63,0.5564,-1,-1,-1
215,95,510.77,437.63,41.71,121.47,0.4792,-1,-1,-1
215,99,1197.71,441.16,40.87,109.24,0.3528,-1,-1,-1
215,112,591.25,454.99,66.68,162.44,0.6825,-1,-1,-1
216,2,882.17,427.27,125.49,388.98,0.8193,-1,-1,-1
216,3,695.03,415.30,176.55,578.01,0.7931,-1,-1,-1
216,20,1020.46,446.02,166.41,324.18,0.8255,-1,-1,-1
216,21,1831.22,468.67,64.20,176.39,0.1926,-1,-1,-1
216,78,1880.14,394.86,39.20,231.95,0.1672,-1,-1,-1
216,87,430.81,478.29,50.36,94.60,0.1683,-1,-1,-1
216,94,1121.75,430.22,68.79,289.46,0.4634,-1,-1,-1
216,95,510.00,438.05,43.23,121.18,0.4927,-1,-1,-1
216,99,1198.98,440.01,41.09,111.86,0.4072,-1,-1,-1
216,112,594.70,456.29,64.73,166.23,0.6858,-1,-1,-1
217,2,883.48,428.96,125.38,391.54,0.8150,-1,-1,-1
217,3,693.59,413.49,182.75,579.27,0.7479,-1,-1,-1
217,20,1023.30,446.53,163.99,322.86,0.7896,-1,-1,-1
217,21,1830.07,468.77,64.33,175.36,0.1794,-1,-1,-1
217,78,1880.40,395.44,38.80,234.11,0.1594,-1,-1,-1
217,87,429.30,477.33,51.09,95.87,0.2396,-1,-1,-1
217,94,1123.76,423.73,68.12,216.73,0.3330,-1,-1,-1
217,95,509.70,438.21,43.33,120.84,0.4859,-1,-1,-1
217,99,1199.41,437.31,42.29,114.16,0.4765,-1,-1,-1
217,112,595.19,457.60,65.73,165.56,0.7143,-1,-1,-1
217,125,679.77,472.06,49.97,130.82,0.1827,-1,-1,-1
217,126,1036.18,430.84,48.41,95.57,0.1792,-1,-1,-1
218,2,887.09,427.27,125.34,396.94,0.8201,-1,-1,-1
218,3,698.27,410.61,185.77,583.17,0.7670,-1,-1,-1
218,20,1028.06,440.91,160.15,329.06,0.7872,-1,-1,-1
218,78,1879.94,396.58,39.26,235.49,0.1756,-1,-1,-1
218,87,425.49,475.93,54.48,96.56,0.2303,-1,-1,-1
218,94,1134.96,436.54,68.15,279.42,0.2308,-1,-1,-1
218,95,509.09,439.47,42.42,120.03,0.5041,-1,-1,-1
218,99,1201.33,441.23,43.64,111.17,0.4354,-1,-1,-1
218,110,472.71,448.10,39.36,107.85,0.1890,-1,-1,-1
218,112,598.09,457.76,64.41,165.12,0.6982,-1,-1,-1
218,126,1037.75,432.65,51.07,91.35,0.2188,-1,-1,-1
219,2,889.44,425.55,128.20,401.94,0.8413,-1,-1,-1
219,3,701.81,411.31,187.37,582.07,0.7601,-1,-1,-1
219,20,1038.12,437.14,149.64,332.25,0.7946,-1,-1,-1
219,21,1831.34,469.97,67.46,174.62,0.1577,-1,-1,-1
219,87,424.78,470.12,55.09,102.41,0.2632,-1,-1,-1
219,94,1138.39,429.96,70.31,301.63,0.2695,-1,-1,-1
219,95,509.05,439.21,42.82,119.82,0.5118,-1,-1,-1
219,99,1201.79,439.50,43.59,112.02,0.4274,-1,-1,-1
219,112,595.19,461.22,65.91,165.34,0.6771,-1,-1,-1
219,126,1038.92,431.62,49.56,87.22,0.1842,-1,-1,-1
220,2,891.78,426.11,127.77,406.88,0.8423,-1,-1,-1
220,3,711.51,409.76,192.93,582.77,0.8120,-1,-1,-1
220,20,1047.07,439.06,142.47,330.15,0.8070,-1,-1,-1
220,21,1832.06,470.52,66.60,174.49,0.1702,-1,-1,-1
220,87,434.60,476.11,45.69,100.07,0.2749,-1,-1,-1
220,95,508.69,438.58,43.16,120.27,0.5421,-1,-1,-1
220,99,1207.12,445.85,40.47,105.98,0.3042,-1,-1,-1
220,112,596.60,461.46,65.41,164.85,0.7005,-1,-1,-1
220,125,683.08,495.31,45.84,112.41,0.1510,-1,-1,-1
220,126,1039.93,433.12,50.64,86.69,0.1785,-1,-1,-1
220,128,1034.94,432.78,61.77,158.43,0.3827,-1,-1,-1
221,2,895.39,424.78,129.20,408.35,0.8385,-1,-1,-1
221,3,716.01,410.80,212.60,583.36,0.8602,-1,-1,-1
221,20,1054.92,438.76,135.88,330.58,0.8092,-1,-1,-1
221,21,1829.33,469.35,64.01,174.19,0.2094,-1,-1,-1
221,27,1692.71,435.54,88.22,149.66,0.1563,-1,-1,-1
221,87,432.58,473.32,46.37,101.68,0.2233,-1,-1,-1
221,94,1149.67,437.11,68.75,295.33,0.5502,-1,-1,-1
221,95,509.10,439.56,42.53,120.38,0.5022,-1,-1,-1
221,99,1206.71,453.24,43.75,98.70,0.1569,-1,-1,-1
221,110,470.93,446.75,38.82,107.27,0.1729,-1,-1,-1
221,112,598.36,460.26,61.90,163.43,0.7228,-1,-1,-1
221,125,682.04,483.55,45.18,125.51,0.1853,-1,-1,-1
221,126,1039.97,434.86,48.05,70.82,0.1706,-1,-1,-1
221,128,1035.77,436.87,59.27,151.85,0.3137,-1,-1,-1
222,2,896.00,425.06,131.33,408.93,0.8376,-1,-1,-1
222,3,716.47,410.83,225.58,583.52,0.8615,-1,-1,-1
222,20,1068.26,440.11,122.91,329.43,0.8168,-1,-1,-1
222,21,1829.21,468.58,67.09,176.65,0.2383,-1,-1,-1
222,78,1877.80,390.71,41.42,241.70,0.2283,-1,-1,-1
222,87,434.80,474.84,44.33,99.47,0.1606,-1,-1,-1
222,94,1155.17,433.20,79.44,295.74,0.5989,-1,-1,-1
222,95,508.99,439.18,42.27,121.02,0.4929,-1,-1,-1
222,112,600.80,461.00,58.87,163.18,0.7403,-1,-1,-1
222,125,682.45,496.84,49.17,115.61,0.2088,-1,-1,-1
222,126,1041.77,435.59,47.01,67.86,0.1587,-1,-1,-1
222,128,1040.30,435.32,55.52,147.86,0.2667,-1,-1,-1
223,2,899.52,427.44,130.19,410.80,0.8241,-1,-1,-1
223,3,716.18,406.34,248.82,588.41,0.8501,-1,-1,-1
223,20,1081.06,439.53,110.43,330.93,0.7981,-1,-1,-1
223,21,1832.60,468.69,68.18,177.75,0.1776,-1,-1,-1
223,78,1876.32,388.61,42.81,245.78,0.1984,-1,-1,-1
223,87,432.69,473.12,49.15,99.39,0.2101,-1,-1,-1
223,94,1169.64,429.86,66.63,300.51,0.2284,-1,-1,-1
223,95,507.07,439.70,45.61,121.04,0.4912,-1,-1,-1
223,99,1216.10,445.20,37.76,105.39,0.1861,-1,-1,-1
223,112,601.36,457.96,58.28,168.34,0.6913,-1,-1,-1
223,125,681.67,497.45,50.82,114.72,0.1948,-1,-1,-1
223,126,1043.40,436.38,47.96,65.98,0.1586,-1,-1,-1
223,128,1041.69,436.91,53.24,141.11,0.2727,-1,-1,-1
224,2,900.72,427.92,128.05,412.67,0.8209,-1,-1,-1
224,3,721.53,406.73,263.08,586.27,0.8502,-1,-1,-1
224,20,1096.86,441.51,106.48,333.55,0.7632,-1,-1,-1
224,21,1830.09,466.43,67.92,179.16,0.2425,-1,-1,-1
224,78,1878.62,389.99,40.97,239.22,0.1865,-1,-1,-1
224,87,432.97,467.50,48.67,103.82,0.2112,-1,-1,-1
224,94,1175.55,437.55,61.56,293.40,0.1635,-1,-1,-1
224,95,506.94,440.19,46.50,120.69,0.5185,-1,-1,-1
224,99,1218.13,441.22,36.18,110.58,0.1904,-1,-1,-1
224,112,603.59,459.28,56.66,165.07,0.6902,-1,-1,-1
224,125,680.36,501.84,53.99,109.89,0.1933,-1,-1,-1
224,128,1043.55,440.10,53.38,144.82,0.3283,-1,-1,-1
224,130,576.09,454.96,27.40,65.76,0.1525,-1,-1,-1
225,2,902.73,428.42,129.21,414.16,0.8178,-1,-1,-1
225,3,724.98,409.92,270.48,586.01,0.8307,-1,-1,-1
225,20,1103.48,439.96,95.88,336.48,0.7243,-1,-1,-1
225,21,1830.06,469.34,69.59,178.28,0.2088,-1,-1,-1
225,78,1877.73,390.58,41.45,243.84,0.1754,-1,-1,-1
225,87,429.73,473.23,47.04,103.00,0.2738,-1,-1,-1
225,94,1169.12,428.20,62.95,306.76,0.3159,-1,-1,-1
225,95,508.43,440.17,44.99,120.60,0.4952,-1,-1,-1
225,99,1219.73,453.44,37.17,101.23,0.1509,-1,-1,-1
225,110,472.39,449.82,36.13,105.35,0.1711,-1,-1,-1
225,112,603.42,461.03,59.10,166.74,0.6748,-1,-1,-1
225,125,682.39,502.13,53.66,111.45,0.2557,-1,-1,-1
225,128,1045.32,442.00,50.66,144.26,0.2195,-1,-1,-1
226,2,904.31,428.80,134.30,415.05,0.8178,-1,-1,-1
226,3,727.75,403.87,283.22,592.28,0.8565,-1,-1,-1
226,20,1108.70,437.10,95.07,341.92,0.6921,-1,-1,-1
226,21,1828.53,469.08,70.40,177.26,0.2127,-1,-1,-1
226,27,1670.31,433.88,103.65,153.43,0.1547,-1,-1,-1
226,78,1878.99,394.30,40.42,242.34,0.1600,-1,-1,-1
226,87,430.63,473.76,45.11,101.18,0.2320,-1,-1,-1
226,94,1174.34,431.45,63.76,304.49,0.5219,-1,-1,-1
226,95,507.48,439.70,45.77,121.01,0.5073,-1,-1,-1
226,99,1219.69,447.36,37.16,103.62,0.1794,-1,-1,-1
226,112,604.49,462.36,57.54,167.40,0.6739,-1,-1,-1
227,2,905.80,428.37,137.36,416.32,0.8111,-1,-1,-1
227,3,729.81,405.06,291.75,589.67,0.8731,-1,-1,-1
227,20,1114.01,438.39,99.33,342.66,0.7433,-1,-1,-1
227,21,1825.83,469.88,70.53,174.04,0.2004,-1,-1,-1
227,78,1876.88,389.70,42.28,241.76,0.2230,-1,-1,-1
227,87,427.82,477.08,46.02,97.14,0.2398,-1,-1,-1
227,94,1178.70,428.14,68.81,310.07,0.5518,-1,-1,-1
227,95,506.83,438.47,45.91,122.16,0.4673,-1,-1,-1
227,112,607.09,458.81,55.08,168.35,0.6646,-1,-1,-1
228,2,906.54,425.19,139.50,418.60,0.7918,-1,-1,-1
228,3,735.04,408.10,291.05,586.85,0.8739,-1,-1,-1
228,20,1116.34,439.02,101.85,350.28,0.7538,-1,-1,-1
228,21,1825.15,469.15,73.19,174.92,0.1831,-1,-1,-1
228,78,1878.36,387.97,41.05,242.12,0.2346,-1,-1,-1
228,87,426.36,478.52,45.32,97.93,0.2768,-1,-1,-1
228,94,1184.97,428.59,69.60,307.48,0.4422,-1,-1,-1
228,95,505.93,439.07,46.16,122.27,0.4947,-1,-1,-1
228,112,607.53,460.61,54.10,166.62,0.6634,-1,-1,-1
228,132,722.70,455.91,51.24,111.29,0.2522,-1,-1,-1
229,2,906.09,426.66,140.23,417.70,0.7789,-1,-1,-1
229,3,739.28,408.57,296.30,587.01,0.8632,-1,-1,-1
229,20,1116.58,441.64,103.07,347.71,0.7590,-1,-1,-1
229,78,1877.08,388.46,42.17,243.34,0.2640,-1,-1,-1
229,87,425.80,477.70,43.91,100.43,0.3817,-1,-1,-1
229,94,1187.50,415.14,79.94,203.19,0.5812,-1,-1,-1
229,95,506.59,438.71,46.19,122.86,0.4471,-1,-1,-1
229,110,470.07,448.17,38.00,107.81,0.1599,-1,-1,-1
229,112,608.37,456.08,55.94,175.32,0.6666,-1,-1,-1
229,128,1047.66,434.88,50.31,137.81,0.1870,-1,-1,-1
229,132,722.53,452.22,56.72,118.85,0.1869,-1,-1,-1
230,2,907.36,425.76,144.98,416.87,0.7786,-1,-1,-1
230,3,745.72,412.14,290.05,582.62,0.8319,-1,-1,-1
230,20,1118.43,442.74,111.29,348.53,0.7173,-1,-1,-1
230,78,1877.82,387.80,41.45,246.94,0.1530,-1,-1,-1
230,87,425.85,478.29,46.42,99.49,0.4626,-1,-1,-1
230,94,1193.96,417.53,74.01,191.60,0.5679,-1,-1,-1
230,95,506.53,440.41,45.22,120.87,0.4375,-1,-1,-1
230,112,611.14,457.63,56.85,175.17,0.6642,-1,-1,-1
230,128,1051.68,437.41,59.17,145.77,0.3250,-1,-1,-1
230,132,722.71,450.02,61.14,107.45,0.1884,-1,-1,-1
231,2,910.95,425.40,135.64,416.79,0.7761,-1,-1,-1
231,3,752.03,411.37,283.86,585.43,0.8496,-1,-1,-1
231,20,1125.86,440.00,127.61,350.48,0.7976,-1,-1,-1
231,78,1878.05,388.75,41.25,247.30,0.1607,-1,-1,-1
231,87,425.70,477.26,45.11,100.71,0.4682,-1,-1,-1
231,94,1199.26,418.73,72.27,187.58,0.5552,-1,-1,-1
231,95,508.08,439.86,44.00,121.28,0.4871,-1,-1,-1
231,112,610.17,463.09,60.70,168.57,0.6850,-1,-1,-1
231,128,1056.19,439.45,55.94,149.56,0.2606,-1,-1,-1
231,132,746.01,450.91,47.41,137.11,0.1732,-1,-1,-1
232,2,913.43,425.00,131.43,419.12,0.7988,-1,-1,-1
232,3,761.86,409.61,276.09,586.57,0.8218,-1,-1,-1
232,20,1132.62,440.19,131.48,351.13,0.7952,-1,-1,-1
232,21,1827.97,468.90,71.63,177.59,0.1775,-1,-1,-1
232,87,425.76,477.68,46.11,100.11,0.4853,-1,-1,-1
232,94,1204.18,418.87,69.26,183.83,0.4756,-1,-1,-1
232,95,508.05,440.78,43.49,120.75,0.5418,-1,-1,-1
232,112,611.05,454.95,60.57,175.74,0.6764,-1,-1,-1
232,125,678.49,463.01,52.31,143.05,0.1596,-1,-1,-1
232,128,1058.50,440.14,54.05,150.70,0.1859,-1,-1,-1
232,132,750.29,437.38,81.18,182.79,0.3000,-1,-1,-1
232,134,704.95,453.51,103.37,185.89,0.2168,-1,-1,-1
233,2,920.52,424.89,126.46,422.75,0.7579,-1,-1,-1
233,3,768.03,412.24,271.54,584.42,0.8233,-1,-1,-1
233,20,1132.33,442.93,133.98,350.81,0.8317,-1,-1,-1
233,21,1828.54,467.06,71.99,177.96,0.1516,-1,-1,-1
233,78,1878.32,388.78,41.06,244.29,0.1661,-1,-1,-1
233,87,425.91,477.65,42.57,99.30,0.4401,-1,-1,-1
233,94,1208.57,427.26,68.16,177.64,0.3821,-1,-1,-1
233,95,508.84,440.45,41.25,120.55,0.5224,-1,-1,-1
233,112,611.09,453.63,63.75,177.18,0.6707,-1,-1,-1
233,125,676.92,460.75,54.00,144.46,0.1565,-1,-1,-1
233,128,1061.18,437.72,61.47,154.28,0.3273,-1,-1,-1
233,132,709.39,454.00,77.09,188.33,0.1898,-1,-1,-1
233,134,749.59,432.09,89.62,194.39,0.2859,-1,-1,-1
234,2,923.66,424.56,125.01,425.72,0.7377,-1,-1,-1
234,3,777.16,417.42,265.20,580.35,0.7895,-1,-1,-1
234,20,1132.85,445.11,133.83,352.96,0.8438,-1,-1,-1
234,21,1828.46,466.31,72.60,180.08,0.1794,-1,-1,-1
234,87,425.09,476.62,41.25,99.96,0.4595,-1,-1,-1
234,94,1212.61,424.68,67.89,180.71,0.3029,-1,-1,-1
234,95,508.53,440.18,42.03,120.85,0.5273,-1,-1,-1
234,112,612.53,456.68,64.64,172.09,0.6643,-1,-1,-1
234,125,670.58,477.29,55.57,132.49,0.1800,-1,-1,-1
234,128,1062.38,436.61,63.34,154.84,0.3795,-1,-1,-1
234,132,712.06,458.91,64.51,181.29,0.1647,-1,-1,-1
234,134,749.92,431.94,97.40,193.43,0.3086,-1,-1,-1
234,135,570.53,470.60,22.25,49.73,0.1804,-1,-1,-1
235,2,924.51,423.80,125.30,432.31,0.6976,-1,-1,-1
235,3,789.47,418.73,252.58,578.32,0.8167,-1,-1,-1
235,20,1132.65,445.01,137.76,356.24,0.8149,-1,-1,-1
235,21,1830.03,464.56,71.41,181.62,0.1626,-1,-1,-1
235,87,424.97,476.42,40.25,99.09,0.4734,-1,-1,-1
235,94,1215.91,429.73,68.09,176.64,0.4322,-1,-1,-1
235,95,508.74,440.57,40.51,120.43,0.5101,-1,-1,-1
235,112,616.67,454.35,59.53,175.85,0.6710,-1,-1,-1
235,125,671.95,483.20,53.48,126.36,0.1553,-1,-1,-1
235,134,751.81,434.27,102.48,194.79,0.2194,-1,-1,-1
235,135,568.62,464.88,22.92,54.50,0.1779,-1,-1,-1
235,136,737.08,427.41,155.96,435.53,0.5510,-1,-1,-1
236,2,934.80,423.15,114.79,429.19,0.6905,-1,-1,-1
236,3,789.57,410.60,252.54,586.68,0.8125,-1,-1,-1
236,20,1133.48,444.11,138.45,358.40,0.8209,-1,-1,-1
236,87,425.08,474.49,38.60,100.33,0.4678,-1,-1,-1
236,94,1221.60,431.01,66.00,177.61,0.4836,-1,-1,-1
236,95,508.40,440.16,40.16,120.32,0.4783,-1,-1,-1
236,112,620.88,457.36,55.75,173.14,0.6883,-1,-1,-1
236,125,676.32,464.92,52.91,140.52,0.1798,-1,-1,-1
236,128,1065.02,439.12,62.14,150.16,0.2533,-1,-1,-1
236,134,756.04,434.37,104.72,196.17,0.1960,-1,-1,-1
236,135,567.35,463.72,24.90,56.74,0.1760,-1,-1,-1
236,136,745.28,431.38,139.33,433.71,0.5298,-1,-1,-1
237,2,939.83,422.62,116.60,419.51,0.5455,-1,-1,-1
237,3,791.21,416.63,249.50,581.02,0.8146,-1,-1,-1
237,8,1114.83,439.30,35.21,105.55,0.2483,-1,-1,-1
237,20,1136.32,441.72,138.80,361.29,0.8085,-1,-1,-1
237,78,1878.16,388.21,41.11,256.96,0.1778,-1,-1,-1
237,87,424.21,471.61,39.48,100.71,0.2569,-1,-1,-1
237,94,1231.33,430.12,63.81,181.08,0.4658,-1,-1,-1
237,95,509.31,439.85,40.01,119.47,0.4452,-1,-1,-1
237,110,467.41,448.62,37.25,107.91,0.1629,-1,-1,-1
237,112,621.75,454.68,54.99,175.37,0.6503,-1,-1,-1
237,128,1067.45,438.59,61.00,150.01,0.2841,-1,-1,-1
237,135,567.52,464.26,25.81,56.15,0.1730,-1,-1,-1
237,136,755.64,433.14,129.39,430.62,0.5868,-1,-1,-1
238,2,943.17,421.28,117.39,407.28,0.5797,-1,-1,-1
238,3,788.45,409.83,252.59,587.47,0.8136,-1,-1,-1
238,8,1116.62,441.05,34.49,104.96,0.2668,-1,-1,-1
238,20,1140.34,437.10,136.44,366.14,0.7702,-1,-1,-1
238,78,1878.14,387.49,41.21,257.87,0.1943,-1,-1,-1
238,87,424.12,473.38,39.55,100.22,0.2813,-1,-1,-1
238,94,1233.14,429.47,73.70,182.40,0.4725,-1,-1,-1
238,95,509.56,441.53,39.68,116.69,0.3341,-1,-1,-1
238,112,624.33,459.56,50.54,175.05,0.6747,-1,-1,-1
238,125,669.74,468.24,56.88,146.75,0.2436,-1,-1,-1
238,128,1067.84,440.69,61.51,149.07,0.2087,-1,-1,-1
238,134,760.68,439.19,105.76,191.39,0.1780,-1,-1,-1
238,136,758.47,436.78,125.54,428.59,0.4341,-1,-1,-1
239,2,948.26,421.20,115.78,366.71,0.4366,-1,-1,-1
239,3,791.84,407.61,247.78,590.58,0.8385,-1,-1,-1
239,8,1119.04,443.35,32.71,102.38,0.2052,-1,-1,-1
239,20,1148.35,437.53,128.62,366.75,0.7497,-1,-1,-1
239,78,1877.56,387.25,41.72,260.21,0.1734,-1,-1,-1
239,87,423.78,475.08,38.42,98.53,0.2393,-1,-1,-1
239,94,1240.24,430.09,67.62,185.15,0.3084,-1,-1,-1
239,95,509.42,441.64,39.67,116.59,0.3980,-1,-1,-1
239,112,625.96,461.11,53.10,173.64,0.6682,-1,-1,-1
239,125,670.54,483.16,57.08,127.09,0.1997,-1,-1,-1
239,134,764.92,440.20,108.51,191.72,0.1664,-1,-1,-1
239,136,715.80,438.72,159.95,427.61,0.5463,-1,-1,-1
240,2,955.45,426.15,114.60,412.45,0.6241,-1,-1,-1
240,3,795.97,411.94,244.22,586.75,0.8481,-1,-1,-1
240,8,1120.98,445.90,32.17,100.37,0.1732,-1,-1,-1
240,20,1162.00,437.49,116.56,371.22,0.7141,-1,-1,-1
240,78,1877.01,387.17,42.37,257.05,0.2350,-1,-1,-1
240,87,421.53,475.12,37.73,98.08,0.1995,-1,-1,-1
240,95,509.08,441.28,39.82,117.50,0.4041,-1,-1,-1
240,112,627.56,460.54,51.60,172.40,0.5955,-1,-1,-1
240,125,673.59,496.28,52.30,121.19,0.2053,-1,-1,-1
240,128,1068.20,442.97,56.31,151.92,0.2172,-1,-1,-1
240,136,717.03,438.07,163.49,430.39,0.6310,-1,-1,-1
240,138,1244.37,431.82,70.77,323.50,0.5409,-1,-1,-1
241,2,960.39,425.67,109.13,416.95,0.6741,-1,-1,-1
241,3,810.70,416.26,231.48,583.71,0.8194,-1,-1,-1
241,8,1119.19,445.90,34.56,100.68,0.2007,-1,-1,-1
241,20,1172.69,438.08,109.14,370.65,0.7356,-1,-1,-1
241,78,1878.43,388.95,41.06,256.78,0.1756,-1,-1,-1
241,95,508.82,441.96,39.82,116.96,0.4084,-1,-1,-1
241,112,628.77,457.00,56.84,174.74,0.5833,-1,-1,-1
241,125,674.90,489.12,50.40,118.22,0.1893,-1,-1,-1
241,128,1068.98,448.65,54.49,146.13,0.2560,-1,-1,-1
241,136,722.18,437.12,161.37,429.45,0.6224,-1,-1,-1
241,138,1251.60,429.88,64.77,325.75,0.5442,-1,-1,-1
242,2,957.45,425.60,115.12,412.63,0.5612,-1,-1,-1
242,3,823.83,423.58,216.47,579.79,0.8239,-1,-1,-1
242,8,1119.95,445.34,34.28,101.68,0.1889,-1,-1,-1
242,20,1181.07,437.26,110.25,366.83,0.6819,-1,-1,-1
242,78,1878.00,388.67,41.39,252.23,0.1974,-1,-1,-1
242,94,1256.13,434.87,56.89,176.63,0.1836,-1,-1,-1
242,95,508.27,444.48,39.86,114.92,0.3896,-1,-1,-1
242,112,628.19,459.22,58.29,170.87,0.5866,-1,-1,-1
242,125,677.85,460.39,52.94,136.26,0.1962,-1,-1,-1
242,128,1068.55,448.24,57.04,143.63,0.2413,-1,-1,-1
242,136,756.70,437.35,127.94,434.46,0.6461,-1,-1,-1
242,138,1254.73,429.32,63.48,336.65,0.2635,-1,-1,-1
243,2,976.31,427.30,96.83,409.00,0.4634,-1,-1,-1
243,3,829.50,403.21,212.51,601.74,0.8008,-1,-1,-1
243,8,1121.70,446.61,31.40,102.50,0.2016,-1,-1,-1
243,20,1188.91,435.36,107.57,368.14,0.6394,-1,-1,-1
243,78,1878.84,394.32,40.65,246.55,0.1647,-1,-1,-1
243,94,1260.22,427.06,54.97,189.94,0.1580,-1,-1,-1
243,95,507.72,449.60,40.64,110.01,0.3384,-1,-1,-1
243,110,457.55,449.25,46.37,111.24,0.1849,-1,-1,-1
243,112,630.02,461.40,61.05,168.10,0.5669,-1,-1,-1
243,125,677.44,457.45,55.12,142.09,0.2113,-1,-1,-1
243,128,1069.27,448.98,56.23,143.06,0.2466,-1,-1,-1
243,136,735.67,436.98,152.80,432.70,0.6694,-1,-1,-1
243,138,1255.55,426.49,64.09,350.79,0.1967,-1,-1,-1
243,140,722.47,453.79,53.27,190.00,0.1905,-1,-1,-1
244,2,981.07,423.08,95.74,416.46,0.4878,-1,-1,-1
244,3,840.90,395.25,203.41,613.38,0.7916,-1,-1,-1
244,8,1120.80,450.02,32.54,99.90,0.2074,-1,-1,-1
244,20,1199.15,433.37,114.22,369.91,0.7684,-1,-1,-1
244,78,1877.90,393.62,41.37,245.24,0.1882,-1,-1,-1
244,94,1267.02,424.39,58.67,204.28,0.1558,-1,-1,-1
244,95,507.63,447.63,40.68,111.46,0.3741,-1,-1,-1
244,110,455.91,449.01,48.21,111.11,0.1562,-1,-1,-1
244,112,631.14,462.34,65.86,168.86,0.5955,-1,-1,-1
244,125,679.56,459.13,52.67,138.29,0.2061,-1,-1,-1
244,128,1070.38,449.77,55.82,142.60,0.2633,-1,-1,-1
244,136,734.32,436.06,154.06,432.86,0.6904,-1,-1,-1
244,140,721.87,453.50,49.07,134.15,0.1633,-1,-1,-1
245,2,984.04,420.62,94.99,419.55,0.2534,-1,-1,-1
245,3,848.11,400.71,202.09,615.21,0.7378,-1,-1,-1
245,8,1120.34,453.78,33.01,96.76,0.1947,-1,-1,-1
245,20,1204.64,431.76,117.34,372.26,0.7982,-1,-1,-1
245,21,1829.22,465.99,69.65,180.43,0.1687,-1,-1,-1
245,78,1879.05,394.46,40.36,244.06,0.2040,-1,-1,-1
245,94,1271.23,419.09,62.41,218.10,0.2649,-1,-1,-1
245,95,507.03,446.37,41.49,112.22,0.3854,-1,-1,-1
245,110,455.19,447.62,48.45,110.76,0.1608,-1,-1,-1
245,112,631.19,463.03,65.83,168.71,0.5917,-1,-1,-1
245,125,681.73,459.02,51.03,139.44,0.2110,-1,-1,-1
245,128,1069.08,450.56,56.17,141.74,0.2627,-1,-1,-1
245,136,735.45,437.65,157.99,434.59,0.6433,-1,-1,-1
246,2,984.95,423.00,104.16,421.12,0.2662,-1,-1,-1
246,3,856.34,412.28,197.73,615.36,0.7832,-1,-1,-1
246,8,1122.99,453.06,30.09,96.47,0.2052,-1,-1,-1
246,20,1208.06,431.40,112.63,370.78,0.7651,-1,-1,-1
246,21,1829.98,463.48,69.71,182.92,0.2003,-1,-1,-1
246,78,1879.28,394.38,40.05,244.62,0.2034,-1,-1,-1
246,94,1278.15,420.65,60.54,217.08,0.4108,-1,-1,-1
246,95,507.81,441.71,41.04,116.79,0.3775,-1,-1,-1
246,110,458.42,446.10,45.85,113.02,0.1814,-1,-1,-1
246,112,632.42,461.05,64.16,169.56,0.5924,-1,-1,-1
246,125,683.78,459.16,47.60,140.71,0.2731,-1,-1,-1
246,128,1071.43,449.23,55.32,144.48,0.3275,-1,-1,-1
246,136,735.46,439.25,164.68,433.84,0.5699,-1,-1,-1
247,2,990.07,428.17,110.88,419.41,0.2785,-1,-1,-1
247,3,867.08,421.06,188.55,614.00,0.7728,-1,-1,-1
247,8,1120.65,449.32,30.01,98.97,0.1841,-1,-1,-1
247,20,1211.13,430.63,120.57,369.60,0.7322,-1,-1,-1
247,21,1824.52,466.02,75.75,186.62,0.1835,-1,-1,-1
247,78,1877.88,390.42,41.34,244.25,0.2585,-1,-1,-1
247,87,415.24,472.13,41.45,99.93,0.1586,-1,-1,-1
247,94,1283.70,426.28,54.98,205.34,0.2144,-1,-1,-1
247,95,504.55,441.28,44.38,117.87,0.4360,-1,-1,-1
247,110,459.21,446.51,44.72,113.48,0.2797,-1,-1,-1
247,112,632.11,458.21,68.98,173.18,0.5078,-1,-1,-1
247,125,682.31,457.27,49.99,142.11,0.2842,-1,-1,-1
247,128,1072.34,447.27,51.75,148.22,0.2392,-1,-1,-1
247,135,569.53,463.20,24.74,56.41,0.1567,-1,-1,-1
247,136,771.06,436.61,135.57,439.88,0.5571,-1,-1,-1
247,142,722.16,471.82,42.89,119.19,0.1876,-1,-1,-1
248,2,992.13,440.40,122.59,410.37,0.2510,-1,-1,-1
248,3,877.55,420.19,186.22,619.28,0.7380,-1,-1,-1
248,20,1215.05,431.50,136.33,371.13,0.8023,-1,-1,-1
248,21,1824.74,461.84,75.93,190.43,0.1806,-1,-1,-1
248,27,1668.20,433.40,108.42,155.57,0.1856,-1,-1,-1
248,78,1877.64,390.71,41.58,250.07,0.2780,-1,-1,-1
248,87,414.14,474.02,42.80,98.62,0.1857,-1,-1,-1
248,94,1290.36,428.31,52.53,214.10,0.1558,-1,-1,-1
248,95,503.85,440.36,45.04,118.80,0.3947,-1,-1,-1
248,110,459.69,446.45,44.35,114.84,0.2571,-1,-1,-1
248,112,637.96,461.13,59.14,171.21,0.5886,-1,-1,-1
248,125,689.29,460.32,42.74,139.77,0.2320,-1,-1,-1
248,128,1071.23,438.64,65.02,153.07,0.3618,-1,-1,-1
248,136,771.76,434.30,136.68,443.00,0.5745,-1,-1,-1
248,142,723.18,484.01,44.88,108.26,0.2144,-1,-1,-1
249,2,994.47,433.69,114.55,415.25,0.2459,-1,-1,-1
249,3,884.75,422.90,182.63,620.68,0.7139,-1,-1,-1
249,20,1217.39,431.35,154.09,371.60,0.7004,-1,-1,-1
249,87,415.43,474.59,41.65,98.56,0.2159,-1,-1,-1
249,94,1296.17,423.21,52.16,224.44,0.2652,-1,-1,-1
249,95,505.02,443.27,44.50,116.68,0.4019,-1,-1,-1
249,110,459.67,447.38,44.05,111.24,0.2054,-1,-1,-1
249,112,637.16,452.93,61.19,179.72,0.5778,-1,-1,-1
249,125,690.57,458.58,41.12,141.74,0.2115,-1,-1,-1
249,128,1069.08,441.88,60.06,153.29,0.2699,-1,-1,-1
249,136,779.76,431.07,142.00,446.45,0.7508,-1,-1,-1
249,142,724.21,481.32,41.40,107.36,0.1623,-1,-1,-1
250,2,991.47,430.53,120.05,418.67,0.2062,-1,-1,-1
250,3,889.99,423.07,222.58,615.51,0.7196,-1,-1,-1
250,20,1218.46,432.33,175.07,372.36,0.7414,-1,-1,-1
250,87,410.19,472.45,47.38,99.18,0.1869,-1,-1,-1
250,94,1302.52,433.72,51.84,215.13,0.1670,-1,-1,-1
250,95,507.81,444.21,41.93,115.49,0.3405,-1,-1,-1
250,110,462.11,449.91,43.06,109.04,0.1818,-1,-1,-1
250,112,643.21,450.00,65.71,183.66,0.6457,-1,-1,-1
250,125,695.17,455.91,37.37,145.36,0.1723,-1,-1,-1
250,128,1092.73,436.37,55.03,156.17,0.3147,-1,-1,-1
250,136,779.71,427.56,147.64,450.21,0.7529,-1,-1,-1
250,142,726.74,487.35,41.43,104.40,0.2140,-1,-1,-1
250,145,600.37,462.65,27.78,55.31,0.2097,-1,-1,-1
251,3,902.04,409.78,216.98,634.04,0.7893,-1,-1,-1
251,20,1216.43,430.03,192.13,374.84,0.8486,-1,-1,-1
251,87,410.73,472.30,44.79,99.21,0.2606,-1,-1,-1
251,95,507.55,445.76,42.83,114.50,0.3453,-1,-1,-1
251,110,468.37,450.32,37.47,104.65,0.1603,-1,-1,-1
251,112,647.96,449.68,67.61,182.10,0.6701,-1,-1,-1
251,125,695.18,452.80,37.76,145.73,0.1623,-1,-1,-1
251,128,1074.66,443.83,55.22,152.53,0.2222,-1,-1,-1
251,136,784.30,428.75,140.89,449.50,0.7636,-1,-1,-1
251,142,727.36,480.06,44.28,108.93,0.1886,-1,-1,-1
251,145,599.45,463.22,26.84,55.44,0.2064,-1,-1,-1
251,148,1849.34,471.57,69.85,311.55,0.3456,-1,-1,-1
252,3,909.18,403.30,217.76,636.21,0.8473,-1,-1,-1
252,20,1216.83,427.11,201.82,378.94,0.8415,-1,-1,-1
252,87,410.64,472.33,44.14,99.85,0.3846,-1,-1,-1
252,95,507.47,443.22,43.70,116.89,0.3642,-1,-1,-1
252,110,463.46,455.45,42.29,104.67,0.1899,-1,-1,-1
252,112,649.86,447.80,67.39,183.93,0.7185,-1,-1,-1
252,125,695.60,454.58,37.30,145.54,0.1685,-1,-1,-1
252,128,1076.72,445.60,51.84,150.04,0.2333,-1,-1,-1
252,136,784.44,429.66,143.38,450.04,0.7429,-1,-1,-1
252,142,729.76,487.33,45.08,109.75,0.2964,-1,-1,-1
252,148,1847.47,528.33,72.09,253.43,0.4946,-1,-1,-1
252,149,1097.26,441.53,41.19,123.46,0.2258,-1,-1,-1
252,150,1115.87,443.62,39.23,108.41,0.1705,-1,-1,-1
253,3,917.46,404.33,210.94,636.25,0.8429,-1,-1,-1
253,20,1217.74,427.29,204.28,380.21,0.8539,-1,-1,-1
253,87,410.60,471.03,44.67,100.69,0.3770,-1,-1,-1
253,95,508.41,444.08,43.32,116.84,0.3319,-1,-1,-1
253,110,463.67,455.15,43.21,103.31,0.2090,-1,-1,-1
253,112,652.04,446.87,65.62,185.51,0.6940,-1,-1,-1
253,125,697.45,453.47,35.90,147.55,0.1681,-1,-1,-1
253,128,1078.19,445.72,52.80,149.54,0.1991,-1,-1,-1
253,136,789.09,432.26,136.38,444.73,0.7414,-1,-1,-1
253,142,728.99,482.25,48.26,111.70,0.3694,-1,-1,-1
253,148,1848.16,481.19,70.93,296.12,0.5934,-1,-1,-1
253,149,1099.83,441.88,43.42,121.18,0.2826,-1,-1,-1
254,3,921.37,409.29,203.79,631.21,0.8355,-1,-1,-1
254,20,1217.27,424.10,201.60,385.44,0.8596,-1,-1,-1
254,87,411.57,468.07,40.74,103.71,0.3537,-1,-1,-1
254,95,508.67,446.35,42.80,115.00,0.3841,-1,-1,-1
254,110,463.99,457.84,42.77,100.78,0.2103,-1,-1,-1
254,112,655.38,448.34,62.45,183.73,0.7196,-1,-1,-1
254,128,1079.16,449.02,54.10,146.88,0.2008,-1,-1,-1
254,136,786.70,433.18,139.22,444.27,0.7463,-1,-1,-1
254,142,731.46,485.53,44.89,112.27,0.3836,-1,-1,-1
254,148,1840.52,398.72,77.92,377.49,0.5202,-1,-1,-1
254,149,1100.92,444.22,46.06,142.80,0.2917,-1,-1,-1
254,151,600.15,472.38,20.34,46.41,0.1743,-1,-1,-1
255,3,925.15,405.16,191.41,637.59,0.8328,-1,-1,-1
255,20,1217.81,427.64,209.15,384.21,0.8621,-1,-1,-1
255,87,410.39,470.99,40.58,102.89,0.3809,-1,-1,-1
255,95,511.98,446.03,39.94,114.72,0.3664,-1,-1,-1
255,110,467.68,463.61,38.73,98.04,0.2099,-1,-1,-1
255,112,656.90,449.42,64.04,183.34,0.6829,-1,-1,-1
255,125,700.54,457.58,32.17,138.58,0.1664,-1,-1,-1
255,128,1073.71,459.08,45.59,139.39,0.1876,-1,-1,-1
255,135,571.40,461.32,20.70,57.50,0.1529,-1,-1,-1
255,136,799.59,430.76,133.86,446.07,0.7033,-1,-1,-1
255,142,731.10,483.73,45.93,113.60,0.3562,-1,-1,-1
255,148,1813.62,388.62,105.68,391.23,0.7462,-1,-1,-1
255,149,1101.68,435.03,49.72,124.08,0.3303,-1,-1,-1
255,151,600.35,472.64,23.11,45.64,0.1698,-1,-1,-1
255,152,1022.68,446.28,61.46,141.29,0.2155,-1,-1,-1
256,3,928.28,408.29,195.82,631.08,0.8420,-1,-1,-1
256,20,1223.20,428.28,207.45,385.61,0.8680,-1,-1,-1
256,27,1683.23,436.79,98.90,150.92,0.1524,-1,-1,-1
256,87,408.25,474.69,41.94,100.18,0.3768,-1,-1,-1
256,95,510.61,440.87,42.13,120.02,0.4507,-1,-1,-1
256,110,465.58,461.94,39.06,100.01,0.2168,-1,-1,-1
256,112,657.85,450.42,68.87,183.50,0.7109,-1,-1,-1
256,135,570.13,461.42,21.97,57.71,0.1508,-1,-1,-1
256,136,806.80,432.39,129.02,449.39,0.7442,-1,-1,-1
256,142,730.43,483.67,44.82,114.85,0.3395,-1,-1,-1
256,148,1805.56,393.86,114.01,386.64,0.7645,-1,-1,-1
256,149,1099.80,435.74,51.08,121.34,0.3241,-1,-1,-1
256,151,600.39,467.53,24.78,49.59,0.1883,-1,-1,-1
257,3,930.01,407.73,189.12,633.57,0.8271,-1,-1,-1
257,20,1228.18,428.94,206.32,385.39,0.8661,-1,-1,-1
257,27,1668.66,431.82,113.86,152.03,0.1656,-1,-1,-1
257,87,407.56,474.66,42.35,100.76,0.3679,-1,-1,-1
257,95,509.96,440.22,42.52,120.72,0.4334,-1,-1,-1
257,110,463.75,462.93,40.22,99.59,0.2193,-1,-1,-1
257,112,657.72,452.50,71.53,182.44,0.7089,-1,-1,-1
257,135,568.74,461.02,23.42,58.46,0.1745,-1,-1,-1
257,136,810.18,433.85,128.08,460.22,0.7058,-1,-1,-1
257,142,730.57,484.11,44.51,113.83,0.3062,-1,-1,-1
257,145,600.27,464.38,27.41,53.46,0.1877,-1,-1,-1
257,148,1811.61,394.20,108.05,386.90,0.7880,-1,-1,-1
257,149,1101.46,435.45,49.80,121.12,0.3594,-1,-1,-1
257,152,1038.01,472.66,56.71,120.79,0.1784,-1,-1,-1
257,153,553.05,452.65,31.70,65.24,0.1766,-1,-1,-1
258,3,935.10,398.08,185.15,642.62,0.8025,-1,-1,-1
258,20,1240.72,427.56,194.92,385.41,0.8649,-1,-1,-1
258,27,1668.07,428.49,114.61,154.92,0.1857,-1,-1,-1
258,87,406.60,472.69,43.57,99.44,0.2298,-1,-1,-1
258,95,509.83,446.26,43.58,114.82,0.2761,-1,-1,-1
258,110,466.72,465.05,37.47,96.03,0.1567,-1,-1,-1
258,112,659.30,448.20,72.07,191.47,0.7456,-1,-1,-1
258,135,571.54,460.23,21.02,59.42,0.1672,-1,-1,-1
258,136,793.98,433.47,144.96,472.33,0.6282,-1,-1,-1
258,142,733.71,486.33,42.70,114.85,0.2520,-1,-1,-1
258,148,1806.12,396.61,112.71,383.18,0.7383,-1,-1,-1
258,149,1101.21,434.14,52.34,122.04,0.3994,-1,-1,-1
258,152,1043.09,458.05,66.54,140.89,0.2974,-1,-1,-1
258,153,553.92,452.43,31.29,65.49,0.1695,-1,-1,-1
259,3,934.46,394.89,182.69,647.26,0.7603,-1,-1,-1
259,20,1251.11,427.36,184.59,385.37,0.8002,-1,-1,-1
259,27,1668.14,426.91,113.95,156.31,0.1574,-1,-1,-1
259,87,405.85,474.39,43.99,98.93,0.2674,-1,-1,-1
259,95,509.03,442.83,43.17,117.02,0.2416,-1,-1,-1
259,110,465.31,459.20,37.91,100.83,0.2059,-1,-1,-1
259,112,659.47,450.29,73.51,188.02,0.7309,-1,-1,-1
259,135,568.43,456.86,25.38,61.30,0.1797,-1,-1,-1
259,136,809.94,432.06,127.72,474.03,0.6538,-1,-1,-1
259,142,733.58,487.30,44.88,111.73,0.2253,-1,-1,-1
259,148,1781.52,400.36,137.17,376.18,0.7978,-1,-1,-1
259,149,1101.72,432.57,52.79,123.35,0.4002,-1,-1,-1
259,152,1044.15,457.69,68.59,146.74,0.3078,-1,-1,-1
259,153,554.51,452.31,32.41,65.52,0.1579,-1,-1,-1
260,3,937.19,395.95,177.22,644.21,0.7713,-1,-1,-1
260,20,1262.22,426.06,175.41,386.82,0.7871,-1,-1,-1
260,78,1880.03,398.15,39.38,258.81,0.2142,-1,-1,-1
260,87,404.76,473.02,44.43,102.02,0.3156,-1,-1,-1
260,95,506.86,446.97,44.95,113.77,0.2549,-1,-1,-1
260,112,662.70,452.18,70.44,185.10,0.7028,-1,-1,-1
260,136,812.85,432.56,127.99,477.66,0.5795,-1,-1,-1
260,142,735.42,489.66,43.29,109.12,0.2703,-1,-1,-1
260,148,1748.22,402.05,171.12,374.96,0.7757,-1,-1,-1
260,149,1101.48,433.61,55.86,120.85,0.2858,-1,-1,-1
260,152,1046.68,460.32,72.12,138.22,0.2810,-1,-1,-1
261,3,939.35,399.98,176.68,641.03,0.7813,-1,-1,-1
261,20,1278.24,426.29,159.14,386.89,0.7392,-1,-1,-1
261,78,1875.49,395.11,43.59,261.99,0.3080,-1,-1,-1
261,87,403.20,470.11,46.23,102.78,0.2709,-1,-1,-1
261,95,505.85,443.89,45.64,116.37,0.3154,-1,-1,-1
261,110,462.14,451.27,40.99,110.55,0.2230,-1,-1,-1
261,112,663.54,450.95,70.25,188.75,0.7249,-1,-1,-1
261,136,779.91,441.92,155.93,473.72,0.5589,-1,-1,-1
261,142,734.89,492.46,44.70,107.51,0.2659,-1,-1,-1
261,148,1711.29,393.84,206.87,383.43,0.7869,-1,-1,-1
261,149,1104.60,436.51,55.50,117.75,0.2113,-1,-1,-1
261,152,1049.89,461.61,68.34,134.76,0.2949,-1,-1,-1
262,3,939.44,396.20,175.76,645.38,0.7997,-1,-1,-1
262,20,1306.44,424.32,135.12,391.44,0.7774,-1,-1,-1
262,78,1857.88,399.99,60.43,259.35,0.2655,-1,-1,-1
262,87,400.74,470.12,49.22,98.84,0.3279,-1,-1,-1
262,95,505.41,439.35,46.01,120.66,0.4137,-1,-1,-1
262,110,459.29,449.23,43.54,113.25,0.2145,-1,-1,-1
262,112,663.99,450.56,70.17,189.61,0.6882,-1,-1,-1
262,136,819.19,434.12,126.96,480.45,0.6395,-1,-1,-1
262,142,732.20,489.02,47.27,112.01,0.2446,-1,-1,-1
262,148,1681.23,413.29,236.78,366.39,0.8119,-1,-1,-1
262,149,1104.10,435.72,56.17,120.18,0.3308,-1,-1,-1
262,152,1052.53,446.22,63.74,154.31,0.2237,-1,-1,-1
262,156,1291.86,428.98,49.11,121.59,0.2484,-1,-1,-1
263,3,942.71,396.20,176.16,645.23,0.8204,-1,-1,-1
263,20,1315.29,424.50,136.63,391.60,0.7905,-1,-1,-1
263,78,1851.32,415.32,68.38,244.98,0.2331,-1,-1,-1
263,87,401.02,470.48,49.04,96.95,0.3303,-1,-1,-1
263,95,503.14,438.85,47.81,121.77,0.4044,-1,-1,-1
263,110,457.95,453.33,44.40,110.09,0.1800,-1,-1,-1
263,112,664.03,452.74,72.61,186.33,0.6495,-1,-1,-1
263,136,821.17,433.74,125.44,481.85,0.6636,-1,-1,-1
263,142,728.65,486.81,50.10,115.20,0.2526,-1,-1,-1
263,148,1668.76,424.15,249.79,354.33,0.8337,-1,-1,-1
263,149,1106.60,437.55,53.77,118.24,0.3358,-1,-1,-1
263,152,1054.01,440.71,68.70,159.59,0.1678,-1,-1,-1
263,156,1294.35,429.52,46.12,121.01,0.4678,-1,-1,-1
264,3,944.73,399.44,181.64,641.38,0.8214,-1,-1,-1
264,20,1331.30,420.50,127.17,397.54,0.8136,-1,-1,-1
264,78,1849.19,397.92,69.76,257.59,0.2554,-1,-1,-1
264,87,402.72,468.73,44.38,99.16,0.3452,-1,-1,-1
264,95,504.53,439.59,47.43,121.09,0.4160,-1,-1,-1
264,110,458.45,454.09,42.79,108.29,0.1688,-1,-1,-1
264,112,666.01,452.62,73.54,186.67,0.6319,-1,-1,-1
264,136,823.70,433.36,119.81,481.67,0.6325,-1,-1,-1
264,142,728.17,490.92,51.15,112.84,0.2554,-1,-1,-1
264,148,1663.20,425.90,252.84,352.65,0.8500,-1,-1,-1
264,149,1107.87,438.60,52.69,113.83,0.2282,-1,-1,-1
264,152,1051.78,446.98,75.94,152.68,0.1580,-1,-1,-1
264,156,1297.62,432.24,42.24,118.49,0.3468,-1,-1,-1
265,3,946.06,402.07,183.58,639.88,0.8285,-1,-1,-1
265,20,1340.60,421.97,120.53,398.46,0.8056,-1,-1,-1
265,21,1832.97,470.23,67.45,177.95,0.1638,-1,-1,-1
265,87,401.19,468.28,48.32,102.04,0.3565,-1,-1,-1
265,95,504.85,438.83,47.44,121.62,0.4099,-1,-1,-1
265,110,456.02,459.05,42.87,101.79,0.2134,-1,-1,-1
265,112,669.38,452.10,73.07,187.04,0.6310,-1,-1,-1
265,136,824.84,433.04,120.47,483.36,0.5962,-1,-1,-1
265,142,732.84,496.48,46.69,105.74,0.1983,-1,-1,-1
265,148,1660.48,427.35,245.47,350.09,0.8362,-1,-1,-1
265,149,1110.70,438.41,50.32,118.23,0.3253,-1,-1,-1
265,152,1061.32,471.67,72.47,131.20,0.1703,-1,-1,-1
265,156,1298.56,434.48,46.55,114.13,0.3180,-1,-1,-1
266,3,948.50,402.99,176.89,638.77,0.8175,-1,-1,-1
266,20,1346.33,422.27,123.21,404.82,0.8192,-1,-1,-1
266,21,1830.80,471.90,69.57,176.02,0.2103,-1,-1,-1
266,87,402.12,467.80,47.18,105.66,0.3037,-1,-1,-1
266,95,505.24,438.68,47.43,121.86,0.4101,-1,-1,-1
266,110,456.69,456.88,43.20,104.21,0.2047,-1,-1,-1
266,112,674.53,453.95,70.45,184.84,0.5932,-1,-1,-1
266,136,825.17,431.76,120.49,485.23,0.6311,-1,-1,-1
266,142,735.83,501.95,42.62,99.03,0.1503,-1,-1,-1
266,148,1658.49,413.68,233.60,360.84,0.8503,-1,-1,-1
266,149,1110.68,438.00,51.83,120.37,0.4101,-1,-1,-1
266,152,1069.90,478.55,65.53,118.77,0.2001,-1,-1,-1
267,3,950.04,402.49,175.64,639.05,0.8105,-1,-1,-1
267,20,1351.53,418.84,122.56,414.51,0.8199,-1,-1,-1
267,21,1829.60,465.15,64.59,185.98,0.2814,-1,-1,-1
267,87,400.49,464.56,49.71,109.03,0.3751,-1,-1,-1
267,95,505.14,438.95,47.56,121.44,0.4299,-1,-1,-1
267,110,457.15,463.31,40.96,97.68,0.2268,-1,-1,-1
267,112,675.07,453.29,70.91,183.81,0.6217,-1,-1,-1
267,136,824.84,428.30,120.14,490.76,0.7040,-1,-1,-1
267,148,1656.88,418.50,218.28,347.83,0.8301,-1,-1,-1
267,149,1115.19,438.45,47.73,119.14,0.3501,-1,-1,-1
267,152,1057.37,436.94,71.40,165.91,0.1601,-1,-1,-1
267,158,775.41,484.61,64.44,169.24,0.1750,-1,-1,-1
268,3,950.60,403.86,171.84,638.27,0.8181,-1,-1,-1
268,20,1353.77,423.92,141.15,408.39,0.8309,-1,-1,-1
268,21,1823.79,470.30,74.23,184.00,0.2291,-1,-1,-1
268,87,397.00,463.46,52.52,110.94,0.3046,-1,-1,-1
268,95,506.30,437.84,46.36,123.36,0.4165,-1,-1,-1
268,110,457.65,461.74,37.87,97.12,0.1949,-1,-1,-1
268,112,677.27,454.05,68.47,182.94,0.6811,-1,-1,-1
268,136,824.05,429.66,126.12,488.57,0.5944,-1,-1,-1
268,148,1658.62,415.90,187.84,340.46,0.8203,-1,-1,-1
268,149,1124.73,447.75,36.62,110.64,0.2915,-1,-1,-1
268,152,1055.99,446.35,96.20,196.19,0.3112,-1,-1,-1
269,3,950.79,403.54,178.10,639.03,0.8197,-1,-1,-1
269,20,1358.46,424.24,163.17,413.09,0.8575,-1,-1,-1
269,21,1823.50,470.53,75.43,183.31,0.2223,-1,-1,-1
269,87,393.52,461.87,54.20,110.45,0.2998,-1,-1,-1
269,95,505.33,436.09,47.15,124.87,0.4432,-1,-1,-1
269,110,458.37,454.91,35.93,101.87,0.1989,-1,-1,-1
269,112,678.94,453.26,67.05,183.03,0.6685,-1,-1,-1
269,136,822.33,428.74,126.55,491.63,0.5656,-1,-1,-1
269,142,734.98,497.94,45.78,101.49,0.1630,-1,-1,-1
269,148,1657.15,417.66,167.66,338.49,0.8104,-1,-1,-1
269,149,1121.90,444.05,39.98,111.74,0.3669,-1,-1,-1
269,152,1051.97,438.91,102.58,210.30,0.3075,-1,-1,-1
270,3,952.50,404.55,172.85,638.54,0.8080,-1,-1,-1
270,20,1361.10,424.24,178.62,414.57,0.8497,-1,-1,-1
270,21,1826.31,468.93,66.82,182.42,0.2628,-1,-1,-1
270,87,390.37,460.83,57.74,111.08,0.1938,-1,-1,-1
270,95,505.77,436.07,46.84,125.10,0.4098,-1,-1,-1
270,112,681.76,452.25,65.71,186.54,0.7002,-1,-1,-1
270,136,825.84,426.75,135.07,494.05,0.5992,-1,-1,-1
270,142,740.08,491.88,41.03,105.54,0.1947,-1,-1,-1
270,148,1657.57,410.54,136.80,343.33,0.8017,-1,-1,-1
270,149,1120.49,440.60,41.45,113.35,0.2588,-1,-1,-1
270,152,1050.98,429.78,105.56,218.21,0.3158,-1,-1,-1
271,3,955.52,405.20,166.08,638.33,0.7717,-1,-1,-1
271,20,1360.18,423.53,196.65,414.43,0.8314,-1,-1,-1
271,21,1826.20,470.85,64.26,179.64,0.2514,-1,-1,-1
271,87,391.96,459.41,55.90,113.69,0.2412,-1,-1,-1
271,95,507.28,437.53,47.03,123.66,0.3784,-1,-1,-1
271,112,685.63,448.07,64.81,192.71,0.6164,-1,-1,-1
271,136,826.17,426.27,137.32,495.11,0.6082,-1,-1,-1
271,142,740.63,480.56,39.97,115.80,0.2386,-1,-1,-1
271,148,1656.77,415.60,109.86,338.37,0.7667,-1,-1,-1
271,149,1122.85,439.23,37.75,114.98,0.1950,-1,-1,-1
271,152,1058.78,427.33,100.96,218.64,0.3357,-1,-1,-1
272,3,959.98,403.95,158.76,639.11,0.8078,-1,-1,-1
272,20,1360.30,426.03,200.00,415.07,0.8647,-1,-1,-1
272,21,1825.17,465.43,74.94,184.81,0.2433,-1,-1,-1
272,78,1879.85,388.90,39.68,244.37,0.1538,-1,-1,-1
272,87,393.95,461.81,56.08,113.24,0.3115,-1,-1,-1
272,95,507.07,440.72,48.21,120.68,0.3851,-1,-1,-1
272,110,455.42,455.06,39.42,102.76,0.2156,-1,-1,-1
272,112,687.65,445.79,66.98,197.77,0.6513,-1,-1,-1
272,135,573.08,459.59,21.99,59.24,0.1520,-1,-1,-1
272,136,829.34,426.69,133.43,494.04,0.6616,-1,-1,-1
272,142,741.15,476.91,40.37,119.58,0.2287,-1,-1,-1
272,148,1642.66,416.36,96.69,335.72,0.7027,-1,-1,-1
272,152,1061.65,421.20,101.38,221.50,0.2980,-1,-1,-1
273,3,963.31,403.08,158.61,640.04,0.8124,-1,-1,-1
273,20,1361.81,427.70,201.17,419.57,0.8806,-1,-1,-1
273,21,1825.01,470.87,73.82,183.01,0.2030,-1,-1,-1
273,87,393.11,463.73,53.82,110.13,0.3630,-1,-1,-1
273,95,507.89,449.56,47.22,112.30,0.2807,-1,-1,-1
273,110,454.64,460.33,40.15,98.36,0.2247,-1,-1,-1
273,112,688.12,443.53,67.66,201.46,0.6533,-1,-1,-1
273,135,574.29,460.55,19.91,57.78,0.1662,-1,-1,-1
273,136,830.73,424.19,132.87,495.71,0.6600,-1,-1,-1
273,142,742.33,473.30,39.08,120.41,0.2765,-1,-1,-1
273,148,1637.40,430.12,85.53,323.55,0.7105,-1,-1,-1
273,152,1061.06,423.52,100.05,185.63,0.2501,-1,-1,-1
273,161,791.04,452.89,37.77,78.80,0.1631,-1,-1,-1
273,162,803.45,472.56,33.98,73.30,0.2276,-1,-1,-1
273,163,1305.63,427.72,51.85,122.94,0.2245,-1,-1,-1
274,3,964.42,403.19,155.50,640.21,0.8157,-1,-1,-1
274,20,1364.29,425.50,204.53,428.05,0.8753,-1,-1,-1
274,21,1825.02,465.51,70.45,184.34,0.1719,-1,-1,-1
274,87,393.86,467.17,52.53,106.40,0.3270,-1,-1,-1
274,95,508.59,447.73,46.02,112.38,0.2935,-1,-1,-1
274,110,455.12,459.86,39.83,97.81,0.2111,-1,-1,-1
274,112,688.07,449.46,68.13,191.94,0.5841,-1,-1,-1
274,135,573.86,460.67,18.66,57.50,0.1656,-1,-1,-1
274,136,831.96,424.65,133.88,494.69,0.6798,-1,-1,-1
274,142,742.96,471.36,37.78,122.50,0.2980,-1,-1,-1
274,148,1622.79,438.75,96.99,311.95,0.7957,-1,-1,-1
274,152,1070.26,428.01,99.08,217.84,0.3296,-1,-1,-1
274,161,789.30,452.42,35.93,79.63,0.2124,-1,-1,-1
274,162,802.93,472.76,34.23,70.25,0.2044,-1,-1,-1
274,163,1305.59,424.61,55.17,125.67,0.1994,-1,-1,-1
275,3,965.80,404.70,153.71,639.15,0.7984,-1,-1,-1
275,20,1369.18,424.14,202.44,430.21,0.8780,-1,-1,-1
275,21,1825.25,467.53,74.85,183.19,0.2114,-1,-1,-1
275,87,392.83,465.15,55.48,107.99,0.3168,-1,-1,-1
275,95,509.71,449.09,45.74,111.74,0.2951,-1,-1,-1
275,110,455.37,457.59,40.11,98.57,0.1773,-1,-1,-1
275,112,692.18,449.35,73.72,193.48,0.5688,-1,-1,-1
275,136,832.11,422.58,134.34,495.94,0.7003,-1,-1,-1
275,142,743.09,464.34,36.51,136.51,0.1538,-1,-1,-1
275,148,1588.26,438.83,131.57,313.09,0.7851,-1,-1,-1
275,152,1067.69,425.55,104.22,225.00,0.4198,-1,-1,-1
275,161,788.06,452.44,34.95,80.37,0.1702,-1,-1,-1
275,162,804.79,468.94,35.27,86.52,0.1633,-1,-1,-1
275,163,1305.15,424.79,55.46,125.98,0.2661,-1,-1,-1
276,3,967.33,401.21,155.65,642.22,0.8143,-1,-1,-1
276,20,1375.23,425.22,195.03,429.18,0.8332,-1,-1,-1
276,21,1826.07,464.60,74.61,184.99,0.1552,-1,-1,-1
276,87,391.41,464.80,58.72,108.56,0.2715,-1,-1,-1
276,95,508.10,453.29,46.47,107.01,0.2128,-1,-1,-1
276,112,698.35,449.20,66.76,192.36,0.5452,-1,-1,-1
276,136,830.00,423.63,131.38,495.06,0.7016,-1,-1,-1
276,142,731.72,463.63,49.53,168.68,0.2004,-1,-1,-1
276,148,1567.43,437.85,149.95,316.31,0.8036,-1,-1,-1
276,152,1071.40,422.56,102.02,230.08,0.4050,-1,-1,-1
276,161,792.20,453.63,32.14,79.72,0.2478,-1,-1,-1
276,163,1304.54,427.52,57.26,123.67,0.4027,-1,-1,-1
277,3,971.03,403.68,156.62,640.48,0.8281,-1,-1,-1
277,20,1378.87,425.47,192.51,429.32,0.8148,-1,-1,-1
277,21,1828.24,463.96,72.44,183.35,0.1528,-1,-1,-1
277,87,389.28,468.69,61.27,105.20,0.1772,-1,-1,-1
277,95,508.08,453.39,45.73,106.07,0.1941,-1,-1,-1
277,112,694.70,453.08,65.30,191.81,0.4537,-1,-1,-1
277,136,827.12,423.68,131.18,495.46,0.6844,-1,-1,-1
277,142,745.12,457.29,38.60,175.68,0.2340,-1,-1,-1
277,148,1551.52,417.94,165.21,335.76,0.8514,-1,-1,-1
277,152,1077.00,425.51,97.73,228.30,0.3679,-1,-1,-1
277,161,793.10,452.51,31.73,80.60,0.3153,-1,-1,-1
277,162,802.16,463.78,38.03,80.83,0.1807,-1,-1,-1
277,163,1304.28,429.94,60.00,120.55,0.2545,-1,-1,-1
278,3,970.15,401.48,160.44,643.34,0.8238,-1,-1,-1
278,20,1388.23,425.84,208.41,425.82,0.8073,-1,-1,-1
278,87,389.78,467.97,60.31,105.52,0.1965,-1,-1,-1
278,95,506.18,456.54,45.39,102.47,0.2723,-1,-1,-1
278,112,705.57,451.73,69.12,193.38,0.4964,-1,-1,-1
278,136,830.35,423.21,129.98,495.59,0.7097,-1,-1,-1
278,148,1536.54,459.43,180.21,291.14,0.8509,-1,-1,-1
278,152,1091.69,439.37,84.88,219.06,0.2769,-1,-1,-1
278,161,792.16,453.21,35.71,81.35,0.1765,-1,-1,-1
279,3,974.16,401.01,158.97,644.73,0.8244,-1,-1,-1
279,20,1445.48,430.66,140.57,419.35,0.5476,-1,-1,-1
279,87,388.72,461.36,58.80,111.57,0.3224,-1,-1,-1
279,95,503.82,457.39,43.98,101.56,0.3380,-1,-1,-1
279,112,708.56,452.23,76.58,192.72,0.4313,-1,-1,-1
279,125,679.94,471.22,52.07,163.39,0.1786,-1,-1,-1
279,136,828.31,420.78,132.70,498.48,0.7354,-1,-1,-1
279,142,749.99,473.46,38.18,169.77,0.1803,-1,-1,-1
279,148,1535.70,421.15,177.83,327.84,0.8377,-1,-1,-1
279,152,1090.05,444.25,87.08,216.46,0.2682,-1,-1,-1
279,161,791.64,448.68,36.50,85.80,0.1887,-1,-1,-1
280,3,975.24,401.15,164.87,643.27,0.8129,-1,-1,-1
280,20,1452.13,428.53,137.19,422.03,0.7807,-1,-1,-1
280,27,1689.29,437.97,91.57,148.59,0.1853,-1,-1,-1
280,87,387.43,461.51,56.62,113.60,0.3615,-1,-1,-1
280,95,503.12,457.60,45.26,101.15,0.3203,-1,-1,-1
280,112,712.87,452.11,75.81,193.31,0.5385,-1,-1,-1
280,125,678.89,473.41,46.92,151.47,0.1764,-1,-1,-1
280,136,825.15,419.45,136.82,499.69,0.7229,-1,-1,-1
280,148,1557.05,450.37,149.44,294.65,0.7797,-1,-1,-1
280,152,1098.42,460.18,78.65,201.44,0.2538,-1,-1,-1
280,161,791.82,448.01,38.81,88.11,0.2397,-1,-1,-1
280,167,702.24,454.92,47.37,187.77,0.1991,-1,-1,-1
281,3,977.48,398.27,167.03,645.54,0.8157,-1,-1,-1
281,20,1458.23,428.29,123.03,421.16,0.7883,-1,-1,-1
281,27,1687.64,435.63,95.73,148.64,0.2283,-1,-1,-1
281,78,1877.15,388.46,42.15,238.11,0.1519,-1,-1,-1
281,87,387.01,460.73,60.44,113.00,0.3631,-1,-1,-1
281,95,503.44,455.94,45.24,102.03,0.3048,-1,-1,-1
281,110,453.17,458.51,35.10,95.82,0.1887,-1,-1,-1
281,112,714.71,456.15,76.87,190.78,0.6096,-1,-1,-1
281,125,681.07,466.95,43.15,132.65,0.2400,-1,-1,-1
281,136,826.63,420.11,144.66,498.99,0.7254,-1,-1,-1
281,148,1554.92,416.75,138.06,331.27,0.6385,-1,-1,-1
281,152,1100.75,457.67,73.90,202.66,0.2408,-1,-1,-1
281,161,793.01,449.58,35.84,87.16,0.3174,-1,-1,-1
281,169,1342.51,442.11,30.62,103.76,0.1861,-1,-1,-1
282,3,978.73,400.31,169.86,643.44,0.7954,-1,-1,-1
282,20,1466.37,434.79,122.06,416.53,0.7366,-1,-1,-1
282,27,1691.77,438.58,89.47,148.05,0.1962,-1,-1,-1
282,87,385.60,463.59,52.21,111.47,0.3586,-1,-1,-1
282,95,504.69,454.93,43.54,103.80,0.3270,-1,-1,-1
282,112,713.08,459.25,82.14,185.71,0.5093,-1,-1,-1
282,125,677.93,497.61,45.96,107.16,0.2316,-1,-1,-1
282,136,825.98,419.43,153.77,497.33,0.7453,-1,-1,-1
282,148,1546.35,418.33,128.66,323.75,0.5463,-1,-1,-1
282,152,1098.26,456.43,77.36,205.16,0.1944,-1,-1,-1
282,161,794.98,450.63,34.19,85.06,0.2549,-1,-1,-1
282,167,707.32,481.53,47.26,161.54,0.1516,-1,-1,-1
282,169,1341.83,440.80,32.60,105.40,0.2866,-1,-1,-1
283,3,983.28,399.44,168.65,644.33,0.7816,-1,-1,-1
283,20,1470.32,431.59,143.55,421.82,0.7703,-1,-1,-1
283,27,1693.45,439.40,87.23,147.48,0.1890,-1,-1,-1
283,87,385.67,463.48,51.93,111.95,0.4534,-1,-1,-1
283,95,504.14,455.58,43.36,103.64,0.3473,-1,-1,-1
283,110,452.92,461.26,35.69,94.54,0.1768,-1,-1,-1
283,112,716.06,458.63,79.84,185.36,0.6092,-1,-1,-1
283,125,681.98,495.14,42.97,105.33,0.2748,-1,-1,-1
283,136,825.10,421.00,169.03,496.85,0.7567,-1,-1,-1
283,152,1103.80,470.29,113.38,311.78,0.2319,-1,-1,-1
283,161,795.67,452.39,32.26,85.45,0.1839,-1,-1,-1
283,167,707.52,479.71,48.11,160.96,0.1737,-1,-1,-1
283,169,1342.72,442.68,33.92,103.33,0.2889,-1,-1,-1
284,3,991.61,401.30,156.56,641.33,0.7640,-1,-1,-1
284,20,1478.15,427.98,147.69,423.28,0.7979,-1,-1,-1
284,27,1687.27,438.61,94.91,148.80,0.1942,-1,-1,-1
284,78,1875.52,388.74,43.78,237.83,0.1625,-1,-1,-1
284,87,383.64,466.33,57.56,109.21,0.4319,-1,-1,-1
284,95,505.35,456.62,41.61,103.39,0.3519,-1,-1,-1
284,110,453.05,461.36,34.81,95.04,0.1970,-1,-1,-1
284,112,717.17,457.29,80.09,187.42,0.6900,-1,-1,-1
284,125,680.09,494.31,45.47,103.81,0.2979,-1,-1,-1
284,135,553.10,460.15,27.91,55.90,0.1532,-1,-1,-1
284,136,824.83,421.06,180.01,498.43,0.7646,-1,-1,-1
284,161,797.19,452.99,31.70,87.28,0.1816,-1,-1,-1
284,169,1345.32,443.84,34.38,102.24,0.3800,-1,-1,-1
284,175,959.02,442.31,54.31,146.34,0.2852,-1,-1,-1
285,3,992.86,404.50,154.96,638.47,0.7922,-1,-1,-1
285,20,1486.96,435.79,142.20,416.38,0.7755,-1,-1,-1
285,27,1685.75,436.16,96.39,150.27,0.1957,-1,-1,-1
285,78,1874.47,388.22,44.76,241.29,0.1516,-1,-1,-1
285,87,381.54,467.23,56.66,107.88,0.4215,-1,-1,-1
285,95,504.57,456.45,42.33,103.63,0.3976,-1,-1,-1
285,110,453.72,460.19,35.15,96.15,0.1606,-1,-1,-1
285,112,715.46,455.30,83.57,189.20,0.7345,-1,-1,-1
285,125,676.76,497.80,50.21,103.09,0.2945,-1,-1,-1
285,135,552.21,457.70,29.82,57.79,0.1767,-1,-1,-1
285,136,825.84,428.22,185.64,495.65,0.7772,-1,-1,-1
285,152,1093.74,413.96,85.01,257.20,0.1607,-1,-1,-1
285,169,1346.26,444.41,36.55,102.08,0.4809,-1,-1,-1
285,175,962.31,444.38,49.62,139.92,0.3333,-1,-1,-1
286,3,995.11,406.58,154.04,636.84,0.7905,-1,-1,-1
286,20,1494.92,434.46,157.84,417.25,0.8168,-1,-1,-1
286,27,1686.99,436.12,94.25,150.75,0.2275,-1,-1,-1
286,78,1876.24,386.91,43.22,243.83,0.1742,-1,-1,-1
286,87,380.44,468.55,54.57,106.37,0.3753,-1,-1,-1
286,95,504.47,457.12,42.25,102.98,0.3726,-1,-1,-1
286,112,715.68,453.82,87.30,190.77,0.7746,-1,-1,-1
286,125,676.36,498.95,52.02,102.89,0.2545,-1,-1,-1
286,135,552.45,458.21,29.93,57.33,0.1765,-1,-1,-1
286,136,825.74,425.24,190.54,498.90,0.7843,-1,-1,-1
286,152,1100.68,430.35,75.78,228.82,0.2239,-1,-1,-1
286,162,803.04,462.91,31.20,81.09,0.1614,-1,-1,-1
286,169,1349.57,442.82,35.79,102.99,0.4338,-1,-1,-1
286,175,966.46,446.40,45.96,134.23,0.2281,-1,-1,-1
287,3,994.47,406.61,156.47,636.97,0.7840,-1,-1,-1
287,20,1496.48,429.80,186.78,422.52,0.8299,-1,-1,-1
287,27,1686.31,435.38,96.37,151.00,0.1592,-1,-1,-1
287,78,1874.60,386.29,44.54,251.88,0.1859,-1,-1,-1
287,87,380.52,469.71,50.41,104.45,0.3056,-1,-1,-1
287,95,504.59,457.20,41.82,103.26,0.3376,-1,-1,-1
287,112,718.35,454.87,84.67,188.96,0.7629,-1,-1,-1
287,125,679.85,491.42,46.80,106.76,0.1662,-1,-1,-1
287,135,553.71,461.74,27.04,54.26,0.1553,-1,-1,-1
287,136,829.60,420.92,191.34,500.48,0.8053,-1,-1,-1
287,169,1351.02,444.23,34.80,104.31,0.4862,-1,-1,-1
287,175,965.12,448.25,47.58,135.04,0.2823,-1,-1,-1
287,176,1477.92,441.99,59.62,193.65,0.5658,-1,-1,-1
288,3,996.77,406.49,154.15,637.81,0.7844,-1,-1,-1
288,20,1500.43,429.18,213.17,428.22,0.8565,-1,-1,-1
288,27,1687.15,436.48,94.98,150.02,0.1596,-1,-1,-1
288,78,1873.54,385.13,45.76,253.68,0.1690,-1,-1,-1
288,87,381.40,470.80,47.54,103.86,0.3559,-1,-1,-1
288,95,504.88,456.21,41.26,104.48,0.3751,-1,-1,-1
288,110,451.63,464.86,33.57,93.46,0.1536,-1,-1,-1
288,112,721.92,446.79,81.23,195.64,0.7400,-1,-1,-1
288,125,678.36,489.96,49.09,108.34,0.1559,-1,-1,-1
288,135,554.34,461.78,26.20,53.74,0.1598,-1,-1,-1
288,136,830.80,421.02,191.52,500.51,0.8140,-1,-1,-1
288,152,1104.82,435.49,68.79,214.20,0.1750,-1,-1,-1
288,169,1350.91,443.64,40.11,103.16,0.2482,-1,-1,-1
288,175,965.30,449.07,46.77,133.69,0.1993,-1,-1,-1
288,176,1485.57,437.10,60.00,209.77,0.2323,-1,-1,-1
289,3,998.89,408.15,152.71,635.36,0.7846,-1,-1,-1
289,20,1501.95,438.06,228.53,421.43,0.8818,-1,-1,-1
289,78,1875.11,384.10,44.46,248.74,0.1709,-1,-1,-1
289,87,380.97,472.00,47.80,102.28,0.2899,-1,-1,-1
289,95,506.41,456.01,39.92,104.61,0.3570,-1,-1,-1
289,112,726.36,446.42,79.89,197.50,0.6600,-1,-1,-1
289,125,677.96,490.03,51.62,109.99,0.1871,-1,-1,-1
289,136,836.19,423.74,186.29,496.37,0.8088,-1,-1,-1
289,149,1153.03,439.76,42.65,99.61,0.1820,-1,-1,-1
289,152,1102.81,431.82,68.90,186.94,0.1696,-1,-1,-1
289,169,1353.68,442.38,41.90,105.07,0.3067,-1,-1,-1
289,176,1482.70,435.23,68.38,228.55,0.1540,-1,-1,-1
290,3,1002.42,404.80,151.14,639.01,0.8122,-1,-1,-1
290,20,1500.78,436.33,242.03,429.79,0.8745,-1,-1,-1
290,27,1715.24,437.13,67.83,148.64,0.1577,-1,-1,-1
290,87,378.53,474.03,46.96,98.29,0.2485,-1,-1,-1
290,95,506.25,456.19,38.91,102.56,0.3476,-1,-1,-1
290,110,450.17,463.36,35.06,94.71,0.1547,-1,-1,-1
290,112,730.66,448.85,79.54,195.15,0.6350,-1,-1,-1
290,125,675.56,496.41,52.95,107.80,0.3406,-1,-1,-1
290,136,841.05,417.40,180.86,503.46,0.8087,-1,-1,-1
290,169,1356.76,440.01,42.88,106.90,0.2758,-1,-1,-1
290,178,1432.84,415.37,140.37,309.39,0.4379,-1,-1,-1
291,3,1003.17,403.02,154.61,639.74,0.7854,-1,-1,-1
291,20,1498.55,433.79,254.34,435.47,0.8359,-1,-1,-1
291,27,1693.64,436.12,88.57,150.82,0.1539,-1,-1,-1
291,87,381.11,473.96,46.99,98.78,0.1508,-1,-1,-1
291,95,505.75,457.03,39.54,101.88,0.2589,-1,-1,-1
291,112,733.74,454.88,78.09,191.13,0.6253,-1,-1,-1
291,125,678.86,481.74,51.11,120.87,0.3434,-1,-1,-1
291,135,555.90,462.44,25.01,52.55,0.1503,-1,-1,-1
291,136,832.46,421.35,190.71,500.46,0.8187,-1,-1,-1
291,169,1357.62,442.08,45.84,105.71,0.3000,-1,-1,-1
291,178,1414.22,424.77,154.24,293.34,0.6329,-1,-1,-1
292,3,1002.13,403.54,156.23,638.73,0.7560,-1,-1,-1
292,20,1497.50,435.56,255.36,437.97,0.8561,-1,-1,-1
292,87,381.01,473.16,49.42,99.55,0.1512,-1,-1,-1
292,95,505.59,456.42,40.06,103.25,0.2617,-1,-1,-1
292,112,743.98,452.47,66.90,193.21,0.6019,-1,-1,-1
292,125,680.67,482.48,50.73,122.58,0.2978,-1,-1,-1
292,136,834.64,422.92,189.18,496.94,0.8117,-1,-1,-1
292,148,1401.43,429.09,158.54,315.28,0.3364,-1,-1,-1
292,169,1358.25,442.48,44.81,103.87,0.1930,-1,-1,-1
292,175,963.91,444.42,53.61,136.09,0.1932,-1,-1,-1
292,178,1485.64,434.67,82.47,343.99,0.2412,-1,-1,-1
293,3,1006.75,404.66,155.30,637.63,0.8019,-1,-1,-1
293,20,1498.44,437.01,260.58,442.39,0.8687,-1,-1,-1
293,21,1824.11,470.41,73.57,176.60,0.1924,-1,-1,-1
293,87,379.22,471.78,48.73,100.70,0.1779,-1,-1,-1
293,95,505.00,454.46,40.29,104.73,0.3587,-1,-1,-1
293,112,745.07,449.35,68.22,197.56,0.6660,-1,-1,-1
293,125,681.07,487.66,48.85,118.71,0.2649,-1,-1,-1
293,136,841.03,417.15,181.85,503.99,0.8222,-1,-1,-1
293,148,1401.30,429.41,130.92,280.35,0.7029,-1,-1,-1
293,152,1106.73,432.00,63.43,185.71,0.1509,-1,-1,-1
293,175,966.01,442.61,51.20,111.56,0.1616,-1,-1,-1
293,178,1494.36,429.58,104.14,332.08,0.2134,-1,-1,-1
294,3,1007.72,402.47,154.82,641.42,0.8146,-1,-1,-1
294,20,1499.47,435.21,265.12,445.79,0.8660,-1,-1,-1
294,21,1825.73,472.59,70.84,174.85,0.2059,-1,-1,-1
294,87,378.43,470.68,48.54,102.41,0.1835,-1,-1,-1
294,95,504.53,457.57,40.76,101.42,0.3390,-1,-1,-1
294,112,747.05,452.12,63.43,194.45,0.6552,-1,-1,-1
294,125,681.44,484.43,50.22,121.35,0.3565,-1,-1,-1
294,135,555.70,462.36,26.47,54.66,0.1590,-1,-1,-1
294,136,843.12,414.24,180.70,506.96,0.8318,-1,-1,-1
294,148,1399.25,429.67,137.84,280.54,0.7576,-1,-1,-1
294,179,1530.15,437.57,70.02,218.83,0.4484,-1,-1,-1
294,180,1156.75,436.00,42.70,115.06,0.3377,-1,-1,-1
295,3,1009.25,402.94,151.12,640.57,0.8107,-1,-1,-1
295,20,1499.20,430.00,265.65,448.38,0.8549,-1,-1,-1
295,21,1826.37,470.91,70.64,175.22,0.1705,-1,-1,-1
295,78,1878.85,391.83,40.50,243.16,0.1810,-1,-1,-1
295,87,378.63,470.46,49.15,103.52,0.1866,-1,-1,-1
295,95,504.12,458.54,40.14,99.71,0.2811,-1,-1,-1
295,112,746.74,451.90,71.40,196.43,0.6380,-1,-1,-1
295,125,683.28,486.85,47.41,119.02,0.2560,-1,-1,-1
295,135,555.94,463.54,25.71,53.97,0.1550,-1,-1,-1
295,136,845.91,412.72,178.50,507.73,0.8263,-1,-1,-1
295,148,1393.96,429.00,152.05,281.41,0.7585,-1,-1,-1
295,179,1538.14,431.60,69.54,219.86,0.4276,-1,-1,-1
295,180,1156.81,437.26,45.31,113.98,0.3212,-1,-1,-1
296,3,1008.25,403.95,156.05,638.71,0.8181,-1,-1,-1
296,20,1513.40,429.09,249.31,450.25,0.8340,-1,-1,-1
296,21,1827.03,470.45,70.64,175.83,0.2376,-1,-1,-1
296,78,1879.24,389.68,40.10,242.78,0.2087,-1,-1,-1
296,87,377.90,468.64,48.97,105.43,0.2046,-1,-1,-1
296,95,504.80,460.02,39.59,98.08,0.2662,-1,-1,-1
296,112,750.54,449.15,76.70,196.83,0.6587,-1,-1,-1
296,125,680.35,491.25,52.29,116.04,0.2996,-1,-1,-1
296,135,555.70,463.29,25.78,53.88,0.1502,-1,-1,-1
296,136,849.61,412.79,175.30,508.50,0.8370,-1,-1,-1
296,148,1398.00,427.36,141.70,282.92,0.7694,-1,-1,-1
296,175,970.83,446.81,45.38,113.17,0.1722,-1,-1,-1
296,179,1544.54,430.82,78.27,220.87,0.3585,-1,-1,-1
296,180,1156.44,436.68,46.57,114.52,0.3718,-1,-1,-1
297,3,1010.95,405.11,155.11,636.86,0.8148,-1,-1,-1
297,20,1532.63,429.95,228.03,448.77,0.7892,-1,-1,-1
297,21,1826.56,471.15,72.55,175.69,0.2083,-1,-1,-1
297,78,1878.53,388.51,40.76,240.67,0.2118,-1,-1,-1
297,87,378.38,469.48,47.18,105.44,0.2290,-1,-1,-1
297,95,506.31,458.03,38.43,100.39,0.2772,-1,-1,-1
297,112,759.14,447.86,70.04,200.07,0.7290,-1,-1,-1
297,125,679.54,491.84,51.40,114.73,0.3196,-1,-1,-1
297,136,853.96,408.92,170.85,512.41,0.8349,-1,-1,-1
297,148,1401.81,434.12,133.44,276.81,0.7835,-1,-1,-1
297,179,1553.81,440.64,78.44,214.07,0.4019,-1,-1,-1
297,180,1157.45,437.03,46.75,115.68,0.3649,-1,-1,-1
298,3,1009.63,406.04,158.53,635.62,0.8085,-1,-1,-1
298,20,1544.24,431.29,219.23,445.29,0.7482,-1,-1,-1
298,21,1826.59,471.47,71.16,175.42,0.2311,-1,-1,-1
298,78,1878.71,388.72,40.66,236.86,0.2631,-1,-1,-1
298,87,378.71,467.51,46.98,107.22,0.2840,-1,-1,-1
298,95,506.71,455.60,39.13,103.67,0.3010,-1,-1,-1
298,112,756.34,447.31,72.16,200.07,0.7160,-1,-1,-1
298,125,679.33,493.00,52.41,112.81,0.2636,-1,-1,-1
298,136,855.46,410.69,169.65,512.51,0.8061,-1,-1,-1
298,148,1399.05,440.96,121.53,267.33,0.7830,-1,-1,-1
298,179,1564.95,424.64,74.40,223.32,0.3781,-1,-1,-1
298,180,1157.33,436.59,48.33,116.90,0.4038,-1,-1,-1
299,3,1009.82,404.95,161.91,635.10,0.8109,-1,-1,-1
299,20,1558.16,423.65,215.48,456.38,0.7704,-1,-1,-1
299,21,1827.80,470.26,69.73,176.08,0.1686,-1,-1,-1
299,87,378.79,469.85,45.02,104.50,0.2900,-1,-1,-1
299,95,506.94,457.00,37.81,103.04,0.2107,-1,-1,-1
299,112,762.71,452.09,70.66,198.46,0.7054,-1,-1,-1
299,125,682.58,488.00,45.64,115.93,0.3249,-1,-1,-1
299,136,869.48,415.67,155.79,512.17,0.7730,-1,-1,-1
299,142,730.47,485.43,36.02,109.92,0.1787,-1,-1,-1
299,148,1396.76,450.51,106.82,257.26,0.7396,-1,-1,-1
299,179,1572.58,421.19,89.68,227.25,0.3316,-1,-1,-1
299,180,1156.82,437.32,49.93,116.01,0.2420,-1,-1,-1
300,3,1011.84,405.31,162.58,630.88,0.8217,-1,-1,-1
300,20,1580.17,422.33,184.61,457.57,0.6958,-1,-1,-1
300,21,1831.12,465.83,69.14,180.41,0.1716,-1,-1,-1
300,87,379.02,469.74,44.52,104.00,0.3173,-1,-1,-1
300,95,505.55,456.69,39.30,102.87,0.3018,-1,-1,-1
300,112,765.04,451.07,70.59,198.70,0.7141,-1,-1,-1
300,125,683.06,495.42,46.69,110.56,0.3333,-1,-1,-1
300,136,878.65,419.63,144.30,513.37,0.7723,-1,-1,-1
300,142,734.02,474.58,39.36,121.76,0.1855,-1,-1,-1
300,148,1385.15,421.94,99.23,284.81,0.7880,-1,-1,-1
300,179,1579.86,425.36,81.71,223.90,0.4267,-1,-1,-1
300,180,1161.07,439.78,47.02,113.72,0.2243,-1,-1,-1
300,182,830.29,458.54,46.06,84.68,0.2029,-1,-1,-1
300,183,-0.18,726.17,104.53,132.62,0.5759,-1,-1,-1
301,3,1009.74,404.76,160.74,628.77,0.8168,-1,-1,-1
301,20,1613.66,421.79,176.13,456.63,0.7297,-1,-1,-1
301,87,379.07,468.08,44.47,105.61,0.3905,-1,-1,-1
301,95,506.15,458.16,37.39,101.50,0.3101,-1,-1,-1
301,112,769.95,449.54,67.17,199.95,0.7477,-1,-1,-1
301,125,681.49,491.18,50.73,115.37,0.2729,-1,-1,-1
301,136,886.28,419.45,135.81,523.11,0.7651,-1,-1,-1
301,142,736.68,478.28,39.18,119.07,0.2423,-1,-1,-1
301,148,1381.76,448.65,84.78,258.38,0.8122,-1,-1,-1
301,152,1114.92,434.12,55.41,158.68,0.1956,-1,-1,-1
301,179,1582.74,425.96,88.36,222.34,0.3798,-1,-1,-1
301,180,1159.74,440.39,50.70,112.01,0.2099,-1,-1,-1
301,183,4.60,623.87,100.45,224.42,0.3010,-1,-1,-1
302,3,1006.81,406.26,165.67,623.81,0.8146,-1,-1,-1
302,20,1632.98,415.19,158.70,465.09,0.7633,-1,-1,-1
302,21,1829.57,466.65,71.75,181.20,0.1507,-1,-1,-1
302,78,1878.64,393.36,40.63,246.21,0.1500,-1,-1,-1
302,87,379.74,468.69,44.00,104.56,0.4012,-1,-1,-1
302,95,506.80,459.96,36.10,99.10,0.3998,-1,-1,-1
302,112,770.15,456.24,72.91,195.07,0.7885,-1,-1,-1
302,125,681.52,492.28,50.44,114.64,0.2408,-1,-1,-1
302,136,889.43,419.37,133.72,529.54,0.7534,-1,-1,-1
302,142,737.76,479.31,39.64,118.41,0.2605,-1,-1,-1
302,148,1371.13,454.28,86.34,253.62,0.8321,-1,-1,-1
302,179,1588.47,422.06,95.67,227.89,0.3662,-1,-1,-1
302,180,1161.22,438.00,55.20,116.84,0.2751,-1,-1,-1
302,183,-4.61,674.40,124.00,190.25,0.5678,-1,-1,-1
303,3,1011.99,404.66,162.28,621.44,0.8101,-1,-1,-1
303,20,1648.55,408.90,149.62,480.34,0.7716,-1,-1,-1
303,21,1829.71,465.21,71.88,182.38,0.1533,-1,-1,-1
303,78,1878.89,391.58,40.50,245.75,0.1779,-1,-1,-1
303,87,378.97,466.02,44.48,107.22,0.4218,-1,-1,-1
303,95,506.24,459.48,36.49,100.22,0.4123,-1,-1,-1
303,112,771.00,454.06,72.28,198.03,0.7771,-1,-1,-1
303,125,681.77,492.03,50.54,114.67,0.2345,-1,-1,-1
303,136,873.15,421.10,150.89,528.23,0.7568,-1,-1,-1
303,142,739.98,477.14,39.12,118.43,0.2842,-1,-1,-1
303,148,1358.01,420.59,90.74,284.93,0.7918,-1,-1,-1
303,152,1112.52,434.63,57.80,156.83,0.1953,-1,-1,-1
303,163,1299.71,415.98,46.77,131.74,0.1797,-1,-1,-1
303,179,1594.35,418.75,93.00,229.77,0.3894,-1,-1,-1
303,180,1163.58,437.91,53.77,114.33,0.2623,-1,-1,-1
303,183,0.23,648.53,117.33,210.13,0.6847,-1,-1,-1
304,3,1012.65,403.85,171.05,623.27,0.8101,-1,-1,-1
304,20,1660.32,410.45,156.42,489.71,0.7763,-1,-1,-1
304,21,1830.12,465.71,70.59,180.54,0.1518,-1,-1,-1
304,78,1878.78,392.02,40.61,242.76,0.1626,-1,-1,-1
304,87,378.48,466.55,44.83,106.97,0.3865,-1,-1,-1
304,95,505.36,459.00,38.24,101.72,0.4886,-1,-1,-1
304,112,773.53,453.76,75.97,199.07,0.7694,-1,-1,-1
304,125,682.02,489.03,51.17,117.74,0.2554,-1,-1,-1
304,136,866.31,420.00,159.01,530.90,0.7954,-1,-1,-1
304,142,738.92,477.24,41.45,119.12,0.3332,-1,-1,-1
304,148,1343.38,420.37,99.99,285.77,0.7749,-1,-1,-1
304,152,1113.04,434.88,56.86,153.14,0.2296,-1,-1,-1
304,163,1298.21,414.61,48.52,132.42,0.2511,-1,-1,-1
304,179,1603.65,419.50,91.74,230.27,0.3352,-1,-1,-1
304,180,1178.11,438.70,40.95,111.88,0.3283,-1,-1,-1
304,183,1.37,554.81,117.37,301.07,0.7206,-1,-1,-1
304,185,416.83,480.94,50.72,89.02,0.1903,-1,-1,-1
305,3,1012.26,404.20,184.81,620.30,0.7974,-1,-1,-1
305,20,1668.07,414.81,152.01,492.46,0.7425,-1,-1,-1
305,87,377.66,466.39,45.77,107.30,0.3844,-1,-1,-1
305,95,505.72,457.41,37.30,103.05,0.4556,-1,-1,-1
305,112,774.24,450.10,76.55,204.94,0.7745,-1,-1,-1
305,125,688.38,473.60,45.75,128.34,0.2186,-1,-1,-1
305,136,873.74,420.88,151.14,530.15,0.7792,-1,-1,-1
305,142,739.33,479.11,40.79,118.62,0.3203,-1,-1,-1
305,148,1336.29,425.24,104.02,280.78,0.7662,-1,-1,-1
305,152,1112.10,435.39,57.04,152.15,0.2362,-1,-1,-1
305,163,1301.13,416.10,46.41,134.32,0.2532,-1,-1,-1
305,179,1612.72,410.05,92.08,240.09,0.3241,-1,-1,-1
305,180,1183.79,439.40,37.78,109.92,0.3829,-1,-1,-1
305,183,2.75,494.07,116.23,362.61,0.6241,-1,-1,-1
306,3,1014.67,405.03,197.44,615.83,0.8194,-1,-1,-1
306,20,1669.84,417.88,176.74,494.70,0.8635,-1,-1,-1
306,87,377.32,466.11,46.49,107.96,0.3832,-1,-1,-1
306,95,503.99,457.41,40.04,103.55,0.4757,-1,-1,-1
306,112,776.14,447.04,76.09,208.13,0.7661,-1,-1,-1
306,125,683.00,481.08,50.13,123.85,0.2343,-1,-1,-1
306,136,874.89,420.06,151.16,531.43,0.7989,-1,-1,-1
306,142,737.77,480.82,42.99,117.12,0.3089,-1,-1,-1
306,148,1318.90,439.83,121.33,263.21,0.8031,-1,-1,-1
306,152,1109.10,434.40,62.15,153.71,0.2070,-1,-1,-1
306,163,1305.21,418.13,43.44,150.33,0.3345,-1,-1,-1
306,179,1617.57,421.80,99.82,338.97,0.3466,-1,-1,-1
306,180,1183.34,441.76,41.22,107.58,0.5473,-1,-1,-1
306,183,0.49,470.14,123.23,390.59,0.7374,-1,-1,-1
307,3,1016.60,401.92,204.40,617.85,0.8296,-1,-1,-1
307,20,1675.03,413.62,217.32,502.29,0.8522,-1,-1,-1
307,87,378.80,466.75,45.06,107.25,0.3604,-1,-1,-1
307,95,503.73,461.14,38.80,100.25,0.4177,-1,-1,-1
307,112,779.47,451.97,73.04,202.03,0.7218,-1,-1,-1
307,125,683.72,488.78,49.76,118.62,0.2353,-1,-1,-1
307,136,872.10,419.60,154.38,531.64,0.8148,-1,-1,-1
307,142,732.43,481.35,44.91,113.77,0.3363,-1,-1,-1
307,148,1310.30,450.58,130.13,250.17,0.8038,-1,-1,-1
307,163,1301.06,418.36,47.32,152.67,0.2873,-1,-1,-1
307,179,1613.72,411.62,117.36,393.92,0.5691,-1,-1,-1
307,180,1184.74,442.62,41.05,105.86,0.5619,-1,-1,-1
307,183,1.60,414.83,122.42,446.19,0.7494,-1,-1,-1
308,3,1016.16,401.32,214.79,616.21,0.8432,-1,-1,-1
308,20,1674.32,418.53,238.34,497.74,0.8351,-1,-1,-1
308,87,377.76,466.98,47.17,107.03,0.3471,-1,-1,-1
308,95,502.17,462.34,40.87,98.96,0.4128,-1,-1,-1
308,112,782.19,449.42,71.41,203.65,0.7508,-1,-1,-1
308,125,686.14,491.35,47.21,115.10,0.2549,-1,-1,-1
308,136,874.17,420.41,152.80,531.07,0.8197,-1,-1,-1
308,142,731.75,478.95,46.52,116.42,0.3393,-1,-1,-1
308,148,1301.35,432.29,136.20,267.73,0.8114,-1,-1,-1
308,163,1299.25,411.04,44.66,150.18,0.1518,-1,-1,-1
308,179,1605.05,402.36,132.89,404.53,0.6372,-1,-1,-1
308,180,1186.35,442.42,43.72,105.79,0.4960,-1,-1,-1
308,183,1.38,405.15,123.70,456.01,0.7872,-1,-1,-1
309,3,1016.56,399.21,223.59,616.82,0.8482,-1,-1,-1
309,20,1673.56,418.05,240.00,502.51,0.8585,-1,-1,-1
309,87,378.35,465.34,45.85,108.07,0.3291,-1,-1,-1
309,95,500.85,461.22,42.13,99.63,0.4342,-1,-1,-1
309,112,790.77,446.77,66.71,207.90,0.7215,-1,-1,-1
309,125,682.90,492.07,49.49,112.46,0.2238,-1,-1,-1
309,136,872.41,421.32,154.01,529.28,0.8313,-1,-1,-1
309,142,732.16,477.92,49.57,118.56,0.3720,-1,-1,-1
309,148,1295.28,431.40,139.34,269.85,0.8019,-1,-1,-1
309,179,1609.17,405.32,137.74,403.95,0.5930,-1,-1,-1
309,180,1189.43,443.50,39.93,104.15,0.4221,-1,-1,-1
309,183,1.25,398.85,123.83,462.52,0.8110,-1,-1,-1
310,3,1017.42,400.01,229.65,615.20,0.8571,-1,-1,-1
310,20,1670.63,418.21,248.05,510.77,0.8810,-1,-1,-1
310,87,376.78,464.19,45.29,108.42,0.2789,-1,-1,-1
310,95,499.29,460.01,43.26,100.96,0.4626,-1,-1,-1
310,112,795.14,444.66,63.92,210.31,0.7221,-1,-1,-1
310,125,692.44,475.85,42.71,124.43,0.1687,-1,-1,-1
310,136,874.57,421.78,151.31,529.19,0.8077,-1,-1,-1
310,142,732.71,480.38,49.73,117.75,0.3742,-1,-1,-1
310,148,1290.62,429.03,138.39,270.92,0.7630,-1,-1,-1
310,179,1616.50,408.13,140.54,403.06,0.5090,-1,-1,-1
310,180,1190.44,445.40,41.62,102.92,0.4921,-1,-1,-1
310,183,1.15,397.20,123.96,463.89,0.8048,-1,-1,-1
311,3,1016.07,402.60,231.71,612.66,0.8585,-1,-1,-1
311,20,1668.66,419.68,250.81,514.70,0.8749,-1,-1,-1
311,87,375.73,466.15,46.35,107.20,0.2410,-1,-1,-1
311,95,499.31,455.95,45.02,104.39,0.4798,-1,-1,-1
311,112,798.74,444.55,63.91,211.27,0.7320,-1,-1,-1
311,125,692.93,475.02,42.31,126.64,0.1905,-1,-1,-1
311,136,873.20,420.64,153.24,530.30,0.8187,-1,-1,-1
311,142,732.68,479.56,51.23,119.00,0.4492,-1,-1,-1
311,148,1289.48,432.10,126.46,263.23,0.7594,-1,-1,-1
311,179,1647.03,408.47,116.17,408.50,0.4780,-1,-1,-1
311,180,1190.06,446.54,41.67,101.02,0.5118,-1,-1,-1
311,183,1.66,393.97,120.36,463.57,0.8183,-1,-1,-1
312,3,1020.16,403.91,227.12,611.30,0.8612,-1,-1,-1
312,20,1671.10,420.21,248.55,514.69,0.8618,-1,-1,-1
312,87,375.69,462.17,47.24,109.84,0.2191,-1,-1,-1
312,95,498.80,455.20,45.29,105.89,0.4223,-1,-1,-1
312,112,799.37,448.09,67.42,208.32,0.7320,-1,-1,-1
312,125,691.79,472.64,43.07,128.67,0.1676,-1,-1,-1
312,136,870.95,420.17,156.22,531.48,0.8328,-1,-1,-1
312,142,732.25,479.90,52.62,118.68,0.4643,-1,-1,-1
312,148,1279.88,430.01,117.23,260.15,0.7648,-1,-1,-1
312,179,1619.55,410.71,152.01,407.46,0.5104,-1,-1,-1
312,180,1191.62,442.92,40.35,106.07,0.4677,-1,-1,-1
312,183,-0.43,391.89,127.38,468.23,0.8305,-1,-1,-1
313,3,1020.04,402.68,228.09,612.58,0.8614,-1,-1,-1
313,20,1677.76,422.22,241.20,514.52,0.8692,-1,-1,-1
313,78,1873.66,385.24,45.72,242.56,0.2050,-1,-1,-1
313,87,375.87,460.15,46.35,113.05,0.2309,-1,-1,-1
313,95,498.29,457.89,45.17,104.07,0.3893,-1,-1,-1
313,112,799.76,445.38,76.61,211.56,0.7274,-1,-1,-1
313,125,692.84,472.79,42.38,126.96,0.1743,-1,-1,-1
313,136,869.92,419.49,157.44,532.47,0.8133,-1,-1,-1
313,142,732.62,478.65,51.75,118.87,0.4909,-1,-1,-1
313,148,1274.61,432.56,108.23,256.57,0.7863,-1,-1,-1
313,179,1617.77,412.13,168.02,402.18,0.4775,-1,-1,-1
313,180,1191.24,440.61,43.49,110.02,0.4886,-1,-1,-1
313,183,-1.24,392.64,141.32,468.09,0.8574,-1,-1,-1
314,3,1022.32,402.35,224.81,611.93,0.8651,-1,-1,-1
314,20,1688.47,419.07,230.28,518.07,0.8701,-1,-1,-1
314,78,1871.52,381.91,48.25,223.26,0.1502,-1,-1,-1
314,87,375.47,465.07,47.63,109.27,0.2102,-1,-1,-1
314,95,496.86,456.00,46.40,105.79,0.4151,-1,-1,-1
314,112,801.58,445.56,76.47,211.56,0.7234,-1,-1,-1
314,125,690.87,478.91,45.13,123.67,0.1740,-1,-1,-1
314,136,868.94,418.98,159.48,533.24,0.8202,-1,-1,-1
314,142,733.27,482.17,49.83,115.88,0.4097,-1,-1,-1
314,148,1277.41,427.11,90.50,261.52,0.8068,-1,-1,-1
314,179,1623.58,414.07,169.18,398.63,0.3581,-1,-1,-1
314,180,1191.87,438.92,44.80,112.47,0.5541,-1,-1,-1
314,183,2.90,394.18,154.95,463.57,0.8539,-1,-1,-1
315,3,1029.19,399.47,218.27,616.14,0.8600,-1,-1,-1
315,20,1776.16,422.03,142.87,516.25,0.7136,-1,-1,-1
315,87,377.43,463.14,44.76,110.71,0.3025,-1,-1,-1
315,95,497.58,454.08,44.70,106.74,0.4377,-1,-1,-1
315,112,805.05,443.38,77.70,214.32,0.7222,-1,-1,-1
315,125,681.51,494.10,48.89,112.65,0.1680,-1,-1,-1
315,136,867.78,417.09,162.15,534.88,0.8151,-1,-1,-1
315,142,731.73,480.81,50.37,116.86,0.3641,-1,-1,-1
315,148,1274.43,426.84,82.36,260.61,0.7804,-1,-1,-1
315,179,1631.27,421.53,214.13,457.03,0.4210,-1,-1,-1
315,180,1193.53,434.54,42.70,116.15,0.5375,-1,-1,-1
315,183,9.78,398.07,185.46,463.50,0.8670,-1,-1,-1
316,3,1034.57,401.62,211.07,612.05,0.8603,-1,-1,-1
316,20,1788.66,416.69,130.54,518.61,0.7916,-1,-1,-1
316,87,378.00,462.96,44.27,110.66,0.2970,-1,-1,-1
316,95,498.06,453.12,43.90,108.07,0.4589,-1,-1,-1
316,112,804.96,444.36,79.69,214.94,0.6920,-1,-1,-1
316,125,691.84,482.23,42.49,117.83,0.1612,-1,-1,-1
316,136,866.78,415.67,161.13,536.27,0.8043,-1,-1,-1
316,142,730.72,481.12,51.41,116.07,0.3193,-1,-1,-1
316,148,1272.98,428.33,73.22,261.84,0.7537,-1,-1,-1
316,179,1640.47,414.48,214.52,475.08,0.6291,-1,-1,-1
316,180,1194.97,436.06,45.41,115.01,0.6061,-1,-1,-1
316,183,14.36,405.89,222.05,456.84,0.8803,-1,-1,-1
316,185,415.88,479.45,41.23,86.96,0.1659,-1,-1,-1
317,3,1036.64,399.87,209.58,614.68,0.8566,-1,-1,-1
317,20,1799.85,415.75,119.94,517.66,0.7090,-1,-1,-1
317,87,378.24,463.90,44.90,111.20,0.3885,-1,-1,-1
317,95,498.09,451.42,42.74,109.96,0.4668,-1,-1,-1
317,112,806.94,443.79,68.33,216.87,0.6837,-1,-1,-1
317,125,694.32,481.88,40.63,116.93,0.1649,-1,-1,-1
317,136,865.32,417.66,166.39,533.63,0.8189,-1,-1,-1
317,142,731.67,481.88,50.53,115.59,0.3404,-1,-1,-1
317,148,1265.38,421.81,75.79,264.76,0.7733,-1,-1,-1
317,179,1648.46,408.65,199.59,473.97,0.5938,-1,-1,-1
317,180,1196.17,437.52,43.87,113.65,0.5815,-1,-1,-1
317,183,16.23,402.99,250.37,459.34,0.8819,-1,-1,-1
317,185,416.24,478.31,42.86,90.40,0.1812,-1,-1,-1
318,3,1039.55,400.02,207.82,613.37,0.8525,-1,-1,-1
318,20,1783.61,421.57,134.72,525.23,0.6356,-1,-1,-1
318,87,377.15,463.04,45.96,110.95,0.3309,-1,-1,-1
318,95,497.16,453.21,42.40,108.15,0.4919,-1,-1,-1
318,112,807.87,443.76,69.33,216.47,0.6698,-1,-1,-1
318,125,695.19,480.78,39.53,117.45,0.1519,-1,-1,-1
318,136,868.07,417.12,164.82,534.73,0.8159,-1,-1,-1
318,142,730.60,481.51,51.15,115.64,0.3316,-1,-1,-1
318,148,1257.41,429.42,80.71,257.39,0.7975,-1,-1,-1
318,179,1683.29,405.93,160.69,441.59,0.3691,-1,-1,-1
318,180,1199.02,437.52,45.07,111.99,0.5599,-1,-1,-1
318,183,16.32,402.63,274.31,460.87,0.9009,-1,-1,-1
318,185,415.37,480.30,43.30,87.44,0.1812,-1,-1,-1
318,186,1437.45,439.29,32.88,107.81,0.1645,-1,-1,-1
319,3,1041.42,400.50,206.04,611.82,0.8537,-1,-1,-1
319,20,1813.34,415.67,105.74,525.26,0.6742,-1,-1,-1
319,87,377.26,462.83,46.27,111.40,0.3380,-1,-1,-1
319,95,496.59,454.06,41.39,107.46,0.4816,-1,-1,-1
319,112,814.41,444.73,70.67,214.13,0.6718,-1,-1,-1
319,136,866.37,416.17,166.71,535.62,0.8182,-1,-1,-1
319,142,729.74,481.93,51.57,114.75,0.2263,-1,-1,-1
319,148,1244.01,427.86,93.54,259.51,0.7730,-1,-1,-1
319,179,1717.95,401.40,132.39,445.15,0.4391,-1,-1,-1
319,180,1201.06,439.42,44.78,109.37,0.5842,-1,-1,-1
319,183,17.57,401.04,282.60,462.73,0.8974,-1,-1,-1
319,185,415.74,480.60,43.78,86.78,0.1949,-1,-1,-1
319,186,1435.23,437.81,38.81,109.39,0.2698,-1,-1,-1
320,3,1045.55,401.64,201.20,610.67,0.8578,-1,-1,-1
320,20,1830.59,417.86,88.81,522.23,0.7310,-1,-1,-1
320,87,377.03,464.21,46.82,109.83,0.2700,-1,-1,-1
320,95,496.57,450.40,40.75,110.39,0.4493,-1,-1,-1
320,112,816.16,445.36,73.02,213.93,0.6272,-1,-1,-1
320,125,693.50,480.94,42.25,118.40,0.1577,-1,-1,-1
320,136,865.59,416.60,169.53,534.38,0.8256,-1,-1,-1
320,142,737.21,486.65,42.88,110.39,0.2580,-1,-1,-1
320,148,1230.82,436.56,107.67,252.42,0.7423,-1,-1,-1
320,179,1705.88,397.74,150.04,457.97,0.5103,-1,-1,-1
320,180,1203.07,441.03,44.15,107.68,0.4234,-1,-1,-1
320,183,20.40,403.85,287.93,458.05,0.8933,-1,-1,-1
320,185,415.65,479.80,43.59,87.57,0.1764,-1,-1,-1
320,186,1437.77,434.86,40.94,114.10,0.4443,-1,-1,-1
321,3,1047.70,400.64,199.12,611.74,0.8621,-1,-1,-1
321,20,1844.88,428.91,74.54,512.14,0.7349,-1,-1,-1
321,87,377.88,464.07,45.17,109.83,0.2798,-1,-1,-1
321,95,495.31,448.18,40.16,112.61,0.4155,-1,-1,-1
321,112,818.64,448.26,68.86,210.65,0.6443,-1,-1,-1
321,125,693.18,481.79,42.09,117.99,0.1831,-1,-1,-1
321,136,868.24,417.37,164.78,533.91,0.8209,-1,-1,-1
321,142,734.83,486.82,45.57,110.03,0.2861,-1,-1,-1
321,148,1234.74,435.32,104.06,251.82,0.7711,-1,-1,-1
321,179,1715.94,400.12,147.27,443.90,0.5453,-1,-1,-1
321,180,1206.25,441.95,42.48,97.88,0.3213,-1,-1,-1
321,183,22.31,403.57,289.66,457.56,0.8873,-1,-1,-1
321,185,415.62,478.38,43.29,88.98,0.1662,-1,-1,-1
321,186,1437.85,435.33,43.75,114.41,0.5417,-1,-1,-1
322,3,1048.77,404.26,197.52,609.08,0.8587,-1,-1,-1
322,20,1855.97,428.14,63.38,511.86,0.6970,-1,-1,-1
322,87,376.62,462.71,46.64,111.33,0.3769,-1,-1,-1
322,95,493.21,446.20,42.25,115.01,0.4479,-1,-1,-1
322,112,819.70,448.94,71.47,210.44,0.6701,-1,-1,-1
322,125,692.67,482.87,43.13,115.98,0.1505,-1,-1,-1
322,136,868.63,416.67,163.02,534.66,0.8248,-1,-1,-1
322,142,735.74,486.45,44.54,110.32,0.2857,-1,-1,-1
322,148,1231.83,443.25,106.45,242.68,0.7587,-1,-1,-1
322,179,1731.65,394.37,141.60,449.98,0.5513,-1,-1,-1
322,183,24.92,405.03,295.53,447.56,0.8863,-1,-1,-1
322,185,415.31,479.03,44.04,87.73,0.2147,-1,-1,-1
322,186,1436.82,434.57,46.23,114.87,0.5468,-1,-1,-1
322,188,1666.38,419.88,99.20,166.37,0.2300,-1,-1,-1
323,3,1051.20,402.17,194.59,610.05,0.8646,-1,-1,-1
323,20,1859.90,464.04,59.40,478.91,0.6181,-1,-1,-1
323,87,376.56,463.02,46.59,111.45,0.4022,-1,-1,-1
323,95,492.78,446.10,43.05,114.95,0.4651,-1,-1,-1
323,112,820.35,453.00,74.47,206.18,0.6410,-1,-1,-1
323,136,870.69,415.52,165.16,535.83,0.8172,-1,-1,-1
323,142,735.94,487.59,44.78,108.78,0.1843,-1,-1,-1
323,148,1231.85,441.03,101.05,243.54,0.7668,-1,-1,-1
323,179,1738.37,392.74,142.64,450.07,0.6870,-1,-1,-1
323,183,25.92,407.49,299.12,443.91,0.8895,-1,-1,-1
323,185,415.05,479.26,46.94,87.35,0.2477,-1,-1,-1
323,186,1436.77,438.15,51.60,110.98,0.4972,-1,-1,-1
324,3,1054.99,399.46,191.13,613.10,0.8561,-1,-1,-1
324,20,1858.71,435.17,60.29,506.54,0.5791,-1,-1,-1
324,87,376.53,464.11,46.17,110.60,0.4080,-1,-1,-1
324,95,491.81,446.71,43.19,114.49,0.4747,-1,-1,-1
324,112,820.60,457.06,74.80,201.56,0.6246,-1,-1,-1
324,136,872.51,416.02,164.28,535.51,0.8080,-1,-1,-1
324,142,736.86,486.92,43.39,108.48,0.2607,-1,-1,-1
324,148,1222.80,437.72,103.67,247.47,0.7491,-1,-1,-1
324,179,1749.68,392.74,141.28,453.46,0.6027,-1,-1,-1
324,183,32.86,408.01,293.21,439.03,0.8971,-1,-1,-1
324,185,414.83,477.75,44.14,89.56,0.1995,-1,-1,-1
324,186,1440.14,440.83,52.00,108.16,0.5524,-1,-1,-1
325,3,1056.41,398.04,190.88,614.48,0.8534,-1,-1,-1
325,20,1863.26,402.21,56.02,537.82,0.5332,-1,-1,-1
325,87,375.99,464.32,47.64,110.51,0.4271,-1,-1,-1
325,95,491.91,447.04,42.10,115.44,0.4748,-1,-1,-1
325,112,826.91,444.66,75.66,215.97,0.4451,-1,-1,-1
325,125,683.85,494.41,46.89,107.32,0.1527,-1,-1,-1
325,136,874.52,415.42,162.44,535.95,0.8056,-1,-1,-1
325,142,734.21,487.68,46.00,109.05,0.2416,-1,-1,-1
325,148,1218.41,444.14,102.09,240.59,0.6806,-1,-1,-1
325,152,1150.96,407.92,75.38,188.32,0.1708,-1,-1,-1
325,179,1759.23,392.22,157.17,469.84,0.5503,-1,-1,-1
325,183,43.07,406.34,283.91,441.14,0.9014,-1,-1,-1
325,185,414.46,477.13,45.06,90.65,0.2161,-1,-1,-1
325,186,1445.12,439.46,50.72,108.54,0.5734,-1,-1,-1
325,189,841.98,448.57,59.42,122.71,0.1639,-1,-1,-1
325,190,1669.69,429.12,101.99,159.24,0.1911,-1,-1,-1
326,3,1057.20,398.47,191.10,614.48,0.8585,-1,-1,-1
326,20,1861.47,405.90,57.05,537.20,0.3081,-1,-1,-1
326,87,376.73,465.83,46.95,109.62,0.4039,-1,-1,-1
326,95,490.30,445.56,44.22,116.29,0.4506,-1,-1,-1
326,112,828.80,440.63,81.14,222.29,0.3753,-1,-1,-1
326,136,875.84,415.85,161.75,535.85,0.7935,-1,-1,-1
326,142,731.54,486.29,50.83,111.08,0.2555,-1,-1,-1
326,148,1212.34,454.71,97.31,226.54,0.5426,-1,-1,-1
326,179,1764.80,395.00,154.29,502.15,0.6153,-1,-1,-1
326,183,60.12,406.48,266.66,437.09,0.8901,-1,-1,-1
326,185,414.61,478.36,49.78,90.49,0.2422,-1,-1,-1
326,186,1447.12,441.53,49.80,107.19,0.5907,-1,-1,-1
326,189,842.87,443.93,63.98,133.58,0.3370,-1,-1,-1
327,3,1057.59,395.67,190.73,617.99,0.8637,-1,-1,-1
327,20,1860.86,399.11,57.79,540.95,0.1847,-1,-1,-1
327,87,376.22,466.66,48.17,108.40,0.4005,-1,-1,-1
327,95,489.69,445.36,43.52,116.16,0.5024,-1,-1,-1
327,112,835.83,441.92,76.84,226.05,0.1939,-1,-1,-1
327,136,879.98,417.19,157.23,534.31,0.7848,-1,-1,-1
327,142,733.82,485.43,48.72,111.68,0.2874,-1,-1,-1
327,148,1206.37,431.13,65.02,197.77,0.4024,-1,-1,-1
327,179,1768.95,392.61,150.35,537.40,0.7192,-1,-1,-1
327,183,85.99,403.69,240.06,435.67,0.8739,-1,-1,-1
327,185,414.19,478.08,45.75,90.92,0.2479,-1,-1,-1
327,186,1448.14,441.47,53.24,106.85,0.5943,-1,-1,-1
327,189,847.16,443.48,60.86,136.38,0.3478,-1,-1,-1
328,3,1057.31,395.97,192.67,617.95,0.8601,-1,-1,-1
328,87,377.45,467.20,47.37,108.55,0.4552,-1,-1,-1
328,95,489.70,450.39,41.68,111.94,0.3995,-1,-1,-1
328,112,842.62,440.12,74.60,224.40,0.1706,-1,-1,-1
328,125,684.87,485.98,48.97,110.06,0.1557,-1,-1,-1
328,136,879.90,415.72,157.36,536.18,0.7551,-1,-1,-1
328,142,733.82,484.97,48.79,112.21,0.3386,-1,-1,-1
328,148,1203.85,446.45,78.42,220.78,0.3386,-1,-1,-1
328,179,1768.56,387.99,150.91,551.14,0.7893,-1,-1,-1
328,183,105.35,392.36,221.83,438.43,0.8825,-1,-1,-1
328,185,415.45,477.49,44.14,90.50,0.2342,-1,-1,-1
328,186,1453.60,442.44,45.44,105.39,0.6213,-1,-1,-1
328,189,855.33,444.36,56.32,131.23,0.3224,-1,-1,-1
329,3,1057.45,399.47,192.45,615.08,0.8601,-1,-1,-1
329,87,377.34,467.06,47.46,107.87,0.4086,-1,-1,-1
329,95,489.75,453.48,42.44,108.83,0.3898,-1,-1,-1
329,136,873.78,418.21,164.39,535.77,0.7763,-1,-1,-1
329,142,733.59,484.52,49.15,113.43,0.3474,-1,-1,-1
329,179,1765.60,396.04,153.99,542.10,0.8197,-1,-1,-1
329,183,127.16,393.40,198.49,431.95,0.8312,-1,-1,-1
329,185,415.26,477.41,45.08,90.12,0.2334,-1,-1,-1
329,186,1457.90,441.27,40.33,104.24,0.5397,-1,-1,-1
329,189,858.93,445.63,55.52,127.54,0.2292,-1,-1,-1
329,190,1691.09,435.24,88.16,151.86,0.1547,-1,-1,-1
330,3,1057.57,396.37,191.99,618.25,0.8640,-1,-1,-1
330,87,377.72,466.47,46.74,107.54,0.4273,-1,-1,-1
330,95,488.92,452.71,42.73,109.15,0.4435,-1,-1,-1
330,136,867.93,419.76,172.33,533.28,0.8044,-1,-1,-1
330,142,735.30,484.88,47.14,112.52,0.3624,-1,-1,-1
330,179,1766.17,397.15,153.55,533.44,0.7419,-1,-1,-1
330,183,151.03,401.33,172.97,422.86,0.8069,-1,-1,-1
330,185,415.05,476.07,44.60,90.87,0.2209,-1,-1,-1
330,186,1460.67,441.04,38.52,103.56,0.4591,-1,-1,-1
330,189,862.99,448.67,53.43,122.11,0.1911,-1,-1,-1
331,3,1057.89,395.43,194.04,618.96,0.8649,-1,-1,-1
331,87,377.18,465.41,47.33,108.58,0.4195,-1,-1,-1
331,95,487.86,453.16,43.11,108.93,0.3923,-1,-1,-1
331,136,868.79,420.36,172.43,532.30,0.8023,-1,-1,-1
331,142,734.75,483.65,47.03,114.16,0.3461,-1,-1,-1
331,179,1766.30,390.69,153.82,463.10,0.7399,-1,-1,-1
331,183,177.47,394.63,148.64,429.29,0.7996,-1,-1,-1
331,185,414.70,475.01,44.27,92.97,0.2068,-1,-1,-1
331,186,1464.51,440.53,37.24,105.20,0.5803,-1,-1,-1
331,189,865.15,440.01,59.89,130.39,0.1555,-1,-1,-1
331,190,1693.89,434.30,82.50,153.07,0.1674,-1,-1,-1
331,191,1176.09,424.02,80.78,199.05,0.2375,-1,-1,-1
332,3,1058.77,396.85,194.14,618.75,0.8637,-1,-1,-1
332,87,377.88,462.84,46.83,112.81,0.4436,-1,-1,-1
332,95,489.19,450.81,41.01,111.19,0.4046,-1,-1,-1
332,125,684.26,480.96,51.12,115.58,0.1550,-1,-1,-1
332,136,871.70,420.24,174.69,532.32,0.8235,-1,-1,-1
332,142,736.58,484.28,46.43,113.68,0.3065,-1,-1,-1
332,152,1180.71,418.14,88.25,266.77,0.1664,-1,-1,-1
332,179,1768.17,394.44,151.61,458.49,0.7844,-1,-1,-1
332,183,203.14,393.57,134.02,430.83,0.7745,-1,-1,-1
332,185,415.53,469.22,42.03,98.20,0.1640,-1,-1,-1
332,186,1467.15,439.88,40.40,106.82,0.5812,-1,-1,-1
332,189,867.11,439.04,53.93,133.43,0.2268,-1,-1,-1
332,194,-12.82,597.45,86.35,195.23,0.4912,-1,-1,-1
333,3,1059.55,397.43,195.50,617.64,0.8717,-1,-1,-1
333,87,371.30,468.25,56.24,106.10,0.2876,-1,-1,-1
333,95,490.93,452.86,39.93,109.12,0.3878,-1,-1,-1
333,125,684.55,479.02,50.24,119.07,0.1819,-1,-1,-1
333,136,871.98,419.41,176.09,533.29,0.8293,-1,-1,-1
333,142,738.88,481.82,44.88,116.35,0.3109,-1,-1,-1
333,152,1188.46,447.45,85.55,195.25,0.2102,-1,-1,-1
333,179,1768.13,394.22,151.55,460.86,0.7829,-1,-1,-1
333,183,217.46,391.19,135.11,433.10,0.7508,-1,-1,-1
333,186,1471.41,440.12,38.67,104.34,0.5665,-1,-1,-1
333,189,869.41,438.59,59.20,123.22,0.1602,-1,-1,-1
333,194,-17.48,591.00,114.61,197.83,0.3765,-1,-1,-1
333,196,832.04,451.57,40.25,101.60,0.1605,-1,-1,-1
333,197,804.57,467.33,32.33,81.49,0.1763,-1,-1,-1
334,3,1060.88,396.63,193.13,618.61,0.8759,-1,-1,-1
334,87,371.68,470.84,55.04,103.17,0.2703,-1,-1,-1
334,95,491.17,453.29,39.16,108.49,0.3502,-1,-1,-1
334,125,684.35,480.27,50.15,119.56,0.1689,-1,-1,-1
334,136,872.67,420.20,176.73,532.42,0.8306,-1,-1,-1
334,142,739.04,482.35,45.85,116.37,0.3442,-1,-1,-1
334,179,1776.10,392.12,143.53,462.30,0.6605,-1,-1,-1
334,183,222.35,403.95,148.45,419.56,0.7157,-1,-1,-1
334,185,415.67,471.75,43.80,94.96,0.1832,-1,-1,-1
334,186,1472.37,440.43,37.19,106.13,0.4884,-1,-1,-1
334,189,870.62,436.72,59.74,116.19,0.1913,-1,-1,-1
334,194,-6.35,455.52,131.02,333.46,0.6671,-1,-1,-1
334,197,804.69,466.05,30.61,82.45,0.2005,-1,-1,-1
335,3,1061.28,396.87,191.34,617.09,0.8785,-1,-1,-1
335,87,375.17,471.10,51.99,103.28,0.2305,-1,-1,-1
335,95,490.46,448.78,40.12,113.44,0.4445,-1,-1,-1
335,125,686.13,479.90,46.67,118.97,0.1754,-1,-1,-1
335,136,872.92,419.20,177.32,533.23,0.8366,-1,-1,-1
335,142,738.91,481.35,45.45,118.15,0.3819,-1,-1,-1
335,152,1208.39,453.48,62.23,167.51,0.2286,-1,-1,-1
335,179,1781.46,407.15,138.55,450.64,0.6194,-1,-1,-1
335,183,193.00,422.62,197.68,400.31,0.7266,-1,-1,-1
335,186,1473.84,438.35,38.80,107.03,0.5403,-1,-1,-1
335,194,-4.43,455.99,144.84,329.76,0.6944,-1,-1,-1
335,197,803.13,466.92,32.95,82.30,0.1866,-1,-1,-1
336,3,1060.08,396.72,192.79,617.46,0.8792,-1,-1,-1
336,87,378.43,468.13,46.93,105.69,0.1562,-1,-1,-1
336,95,488.84,446.96,40.40,113.76,0.4385,-1,-1,-1
336,125,681.66,494.37,49.26,111.16,0.2532,-1,-1,-1
336,136,873.65,420.84,174.01,531.73,0.8424,-1,-1,-1
336,142,736.55,483.01,47.48,116.06,0.3294,-1,-1,-1
336,152,1204.68,456.43,81.66,213.77,0.1815,-1,-1,-1
336,179,1790.66,437.93,129.89,422.51,0.5102,-1,-1,-1
336,183,205.20,415.39,195.29,403.74,0.6272,-1,-1,-1
336,186,1475.26,437.81,37.25,106.84,0.5236,-1,-1,-1
336,194,0.46,442.51,146.85,346.38,0.8056,-1,-1,-1
336,197,800.63,466.68,34.07,82.15,0.1550,-1,-1,-1
336,199,1828.86,468.54,56.00,176.67,0.3440,-1,-1,-1
337,3,1060.62,397.37,195.26,617.53,0.8804,-1,-1,-1
337,87,375.45,468.72,49.19,104.87,0.1634,-1,-1,-1
337,95,488.42,449.65,39.16,111.70,0.2599,-1,-1,-1
337,125,679.76,495.31,50.07,109.41,0.2864,-1,-1,-1
337,136,874.56,419.26,173.43,533.34,0.8339,-1,-1,-1
337,142,735.11,483.25,47.45,117.05,0.3872,-1,-1,-1
337,152,1202.78,462.17,99.68,306.63,0.1864,-1,-1,-1
337,179,1807.56,438.66,111.98,419.92,0.3929,-1,-1,-1
337,183,224.00,428.68,196.78,396.16,0.7151,-1,-1,-1
337,186,1475.65,436.26,39.93,109.79,0.5357,-1,-1,-1
337,189,877.05,443.01,53.88,112.30,0.1514,-1,-1,-1
337,194,1.74,441.88,150.41,345.00,0.8234,-1,-1,-1
337,196,833.15,455.59,48.75,94.04,0.2369,-1,-1,-1
338,3,1060.99,397.35,196.41,617.04,0.8736,-1,-1,-1
338,95,488.46,453.31,39.64,108.43,0.1863,-1,-1,-1
338,125,681.93,484.25,49.06,114.49,0.2391,-1,-1,-1
338,136,875.22,418.19,176.06,535.01,0.8205,-1,-1,-1
338,142,734.84,483.54,47.76,116.73,0.3668,-1,-1,-1
338,152,1199.14,440.71,103.90,261.45,0.2080,-1,-1,-1
338,179,1823.73,458.16,96.81,398.06,0.1836,-1,-1,-1
338,183,227.95,440.09,216.79,383.76,0.7954,-1,-1,-1
338,186,1479.25,436.05,41.47,109.73,0.5943,-1,-1,-1
338,194,2.68,448.74,149.25,337.23,0.8323,-1,-1,-1
338,201,1825.78,701.14,93.82,153.25,0.3538,-1,-1,-1
339,3,1062.52,396.46,192.55,617.64,0.8826,-1,-1,-1
339,95,488.26,457.11,39.13,104.86,0.1852,-1,-1,-1
339,125,679.83,491.75,49.51,112.39,0.3510,-1,-1,-1
339,136,875.66,418.27,172.24,535.08,0.8226,-1,-1,-1
339,142,736.93,485.16,45.60,114.39,0.4453,-1,-1,-1
339,152,1206.11,443.66,90.73,241.14,0.3045,-1,-1,-1
339,179,1819.75,457.22,88.29,229.23,0.2055,-1,-1,-1
339,183,236.41,405.42,215.65,417.23,0.8186,-1,-1,-1
339,186,1481.71,437.37,42.28,108.65,0.5212,-1,-1,-1
339,194,2.45,445.44,150.43,339.93,0.8345,-1,-1,-1
339,196,834.63,450.62,46.39,100.41,0.1806,-1,-1,-1
339,201,1844.61,710.70,74.94,147.40,0.2590,-1,-1,-1
340,3,1062.64,398.93,194.80,614.84,0.8841,-1,-1,-1
340,78,1875.01,387.10,44.30,255.79,0.1540,-1,-1,-1
340,95,488.04,455.72,37.95,106.51,0.1896,-1,-1,-1
340,125,679.78,491.64,49.28,112.59,0.3513,-1,-1,-1
340,136,877.50,418.18,169.15,534.90,0.8207,-1,-1,-1
340,142,736.92,485.00,44.93,114.04,0.4510,-1,-1,-1
340,152,1207.84,435.62,89.10,242.87,0.2651,-1,-1,-1
340,179,1829.55,470.04,68.72,177.37,0.1874,-1,-1,-1
340,183,232.80,405.59,227.36,418.06,0.8487,-1,-1,-1
340,186,1484.33,436.97,40.78,109.40,0.4273,-1,-1,-1
340,194,2.64,442.14,148.57,344.59,0.8387,-1,-1,-1
340,196,834.06,456.65,47.28,96.10,0.1639,-1,-1,-1
341,3,1063.89,403.13,194.16,610.81,0.8853,-1,-1,-1
341,95,490.08,454.94,37.73,106.58,0.1886,-1,-1,-1
341,125,679.02,491.92,49.45,111.75,0.3517,-1,-1,-1
341,136,878.45,417.92,168.48,534.64,0.8212,-1,-1,-1
341,142,736.34,483.49,44.95,115.45,0.4490,-1,-1,-1
341,152,1210.63,426.86,86.52,244.10,0.2143,-1,-1,-1
341,179,1832.81,469.48,67.90,170.16,0.1987,-1,-1,-1
341,183,239.41,430.58,220.30,391.95,0.8177,-1,-1,-1
341,186,1484.84,434.30,45.07,111.89,0.2679,-1,-1,-1
341,194,1.72,436.04,150.64,349.12,0.8457,-1,-1,-1
341,196,829.96,461.16,55.23,89.12,0.1604,-1,-1,-1
342,3,1065.58,400.21,197.00,613.21,0.8777,-1,-1,-1
342,95,491.62,455.66,38.82,106.70,0.2256,-1,-1,-1
342,125,679.24,489.70,50.17,114.17,0.3740,-1,-1,-1
342,136,882.59,423.28,172.48,529.25,0.8178,-1,-1,-1
342,142,738.28,483.44,43.45,115.08,0.4754,-1,-1,-1
342,152,1220.40,429.21,76.63,244.55,0.2110,-1,-1,-1
342,179,1833.98,472.20,61.19,167.85,0.1511,-1,-1,-1
342,183,240.08,433.69,222.96,387.37,0.8159,-1,-1,-1
342,186,1484.44,434.64,55.57,112.82,0.2320,-1,-1,-1
342,194,2.18,441.22,151.68,343.74,0.8344,-1,-1,-1
342,197,800.17,472.96,32.57,75.32,0.1598,-1,-1,-1
343,3,1065.29,400.88,193.64,612.70,0.8819,-1,-1,-1
343,95,493.53,455.80,37.67,104.77,0.2119,-1,-1,-1
343,125,676.75,488.96,54.10,113.66,0.3023,-1,-1,-1
343,136,885.02,423.37,168.57,529.22,0.8164,-1,-1,-1
343,142,738.17,485.10,45.27,113.69,0.4109,-1,-1,-1
343,152,1205.01,424.00,92.66,249.25,0.2450,-1,-1,-1
343,179,1833.28,472.19,58.70,168.07,0.2180,-1,-1,-1
343,183,242.73,431.39,218.68,388.63,0.8165,-1,-1,-1
343,186,1487.42,434.18,57.47,113.55,0.2277,-1,-1,-1
343,194,2.69,433.37,151.17,356.73,0.7921,-1,-1,-1
343,197,801.57,473.14,30.53,74.66,0.1520,-1,-1,-1
344,3,1066.08,399.54,195.02,614.32,0.8784,-1,-1,-1
344,95,493.10,457.14,38.26,101.95,0.2276,-1,-1,-1
344,125,676.60,488.30,54.74,115.52,0.3693,-1,-1,-1
344,136,887.03,424.42,167.60,527.96,0.8185,-1,-1,-1
344,142,736.79,485.12,46.62,114.46,0.4689,-1,-1,-1
344,152,1198.08,421.63,101.12,256.72,0.2916,-1,-1,-1
344,179,1834.69,472.09,63.18,169.50,0.2117,-1,-1,-1
344,183,245.82,412.87,214.92,404.93,0.8111,-1,-1,-1
344,194,10.22,435.82,141.78,351.03,0.7778,-1,-1,-1
344,197,802.13,473.85,30.09,73.79,0.1624,-1,-1,-1
345,3,1066.17,401.13,198.92,611.88,0.8807,-1,-1,-1
345,95,493.86,451.61,37.75,107.61,0.2127,-1,-1,-1
345,125,678.60,489.87,53.17,114.60,0.3227,-1,-1,-1
345,136,889.52,424.18,164.30,527.68,0.8059,-1,-1,-1
345,142,734.18,483.74,49.69,114.82,0.3781,-1,-1,-1
345,152,1195.78,411.53,112.19,270.69,0.3114,-1,-1,-1
345,179,1831.45,468.94,68.80,173.52,0.2133,-1,-1,-1
345,183,249.23,407.28,210.47,409.94,0.8545,-1,-1,-1
345,194,13.58,433.67,140.29,354.62,0.8135,-1,-1,-1
346,3,1066.76,400.31,196.53,613.57,0.8778,-1,-1,-1
346,95,490.89,447.38,40.94,112.35,0.2666,-1,-1,-1
346,125,676.05,492.53,54.90,113.03,0.3189,-1,-1,-1
346,136,890.05,424.08,168.38,527.33,0.8131,-1,-1,-1
346,142,733.52,482.98,50.75,115.79,0.4081,-1,-1,-1
346,152,1195.07,408.67,114.64,268.40,0.2812,-1,-1,-1
346,179,1832.45,466.62,69.29,176.37,0.2019,-1,-1,-1
346,183,261.81,401.97,197.66,413.56,0.8382,-1,-1,-1
346,194,34.87,437.13,121.85,348.54,0.8017,-1,-1,-1
346,197,803.46,471.05,27.15,75.21,0.1517,-1,-1,-1
347,3,1067.60,403.00,198.75,611.16,0.8741,-1,-1,-1
347,95,489.59,447.44,42.15,112.73,0.2490,-1,-1,-1
347,125,672.15,488.97,57.92,118.34,0.3355,-1,-1,-1
347,136,891.61,424.21,168.90,526.96,0.8082,-1,-1,-1
347,142,733.50,484.20,50.38,115.00,0.3361,-1,-1,-1
347,152,1195.65,408.92,114.53,266.16,0.2753,-1,-1,-1
347,179,1833.55,467.11,69.28,175.79,0.2434,-1,-1,-1
347,183,273.51,402.64,187.68,414.72,0.8133,-1,-1,-1
347,194,50.20,439.52,120.76,342.72,0.8050,-1,-1,-1
347,203,468.49,440.15,39.93,120.99,0.1782,-1,-1,-1
348,3,1067.12,399.30,200.72,614.39,0.8732,-1,-1,-1
348,95,480.91,447.32,48.32,114.34,0.3005,-1,-1,-1
348,125,670.92,492.45,60.09,116.44,0.2445,-1,-1,-1
348,136,896.35,423.16,158.88,527.68,0.8008,-1,-1,-1
348,142,730.90,481.53,53.90,116.30,0.3810,-1,-1,-1
348,152,1197.22,406.30,114.61,261.86,0.2794,-1,-1,-1
348,179,1832.39,465.59,70.46,179.75,0.2351,-1,-1,-1
348,183,291.75,407.89,172.29,406.89,0.7897,-1,-1,-1
348,186,1500.99,434.52,45.43,112.63,0.2113,-1,-1,-1
348,194,52.53,434.69,131.16,348.51,0.6842,-1,-1,-1
348,197,805.79,471.74,26.04,75.76,0.1976,-1,-1,-1
349,3,1067.27,402.32,201.46,611.82,0.8727,-1,-1,-1
349,95,473.47,442.64,52.57,119.65,0.2748,-1,-1,-1
349,125,672.11,493.59,57.97,115.23,0.2266,-1,-1,-1
349,136,899.12,422.02,158.67,529.25,0.8063,-1,-1,-1
349,142,734.56,483.03,48.34,115.82,0.2588,-1,-1,-1
349,152,1195.34,405.43,117.20,245.65,0.1689,-1,-1,-1
349,179,1830.81,467.15,69.96,179.09,0.2484,-1,-1,-1
349,183,299.76,400.61,157.94,403.51,0.8059,-1,-1,-1
349,194,45.08,433.06,151.72,350.90,0.5195,-1,-1,-1
349,197,805.85,472.14,25.92,75.57,0.1673,-1,-1,-1
349,204,554.67,456.84,27.71,54.64,0.1782,-1,-1,-1
350,3,1066.62,399.64,201.22,613.99,0.8741,-1,-1,-1
350,78,1877.47,389.02,41.87,253.48,0.1657,-1,-1,-1
350,95,474.52,443.79,53.89,118.37,0.4959,-1,-1,-1
350,125,672.78,492.97,54.50,115.12,0.2056,-1,-1,-1
350,136,898.89,421.40,163.60,529.89,0.8088,-1,-1,-1
350,142,735.22,486.96,46.83,112.39,0.2053,-1,-1,-1
350,179,1830.46,466.06,70.43,180.52,0.2509,-1,-1,-1
350,183,316.91,397.64,142.23,406.47,0.8006,-1,-1,-1
350,194,72.33,436.73,139.50,347.09,0.7808,-1,-1,-1
350,197,805.23,473.16,27.33,74.66,0.1861,-1,-1,-1
350,204,552.95,455.52,31.13,56.18,0.2037,-1,-1,-1
351,3,1066.71,399.65,198.79,614.26,0.8754,-1,-1,-1
351,95,476.53,446.49,51.25,115.64,0.4337,-1,-1,-1
351,125,673.10,491.81,52.68,115.80,0.2876,-1,-1,-1
351,136,898.89,421.72,164.04,528.88,0.8006,-1,-1,-1
351,142,735.86,485.86,46.71,112.78,0.2942,-1,-1,-1
351,179,1831.04,465.63,67.96,180.73,0.2605,-1,-1,-1
351,183,343.34,390.03,117.85,408.47,0.7797,-1,-1,-1
351,194,67.67,438.17,177.89,345.33,0.8101,-1,-1,-1
351,196,834.85,467.28,36.53,82.86,0.1559,-1,-1,-1
351,197,805.94,470.43,30.41,77.88,0.1883,-1,-1,-1
351,204,553.64,456.24,29.73,55.88,0.1837,-1,-1,-1
351,206,-0.84,495.60,53.12,358.44,0.5302,-1,-1,-1
352,3,1066.03,400.68,201.77,613.48,0.8788,-1,-1,-1
352,95,477.00,445.46,50.70,115.91,0.4015,-1,-1,-1
352,125,672.47,489.18,54.92,117.54,0.2823,-1,-1,-1
352,136,900.05,422.58,163.53,527.41,0.7985,-1,-1,-1
352,142,732.37,484.45,51.21,113.55,0.2776,-1,-1,-1
352,179,1830.69,465.36,64.87,179.67,0.2362,-1,-1,-1
352,183,358.83,396.45,111.09,401.68,0.7254,-1,-1,-1
352,194,71.03,436.08,193.83,345.77,0.8394,-1,-1,-1
352,197,804.01,472.10,27.92,75.77,0.1522,-1,-1,-1
352,204,553.62,457.55,27.40,54.37,0.1754,-1,-1,-1
352,206,-3.54,505.66,61.46,350.57,0.5706,-1,-1,-1
353,3,1065.35,400.14,200.87,614.23,0.8772,-1,-1,-1
353,95,472.40,445.95,49.11,116.58,0.2846,-1,-1,-1
353,125,671.02,490.12,53.68,116.75,0.2879,-1,-1,-1
353,136,900.46,421.24,161.54,527.65,0.8015,-1,-1,-1
353,142,737.49,486.07,43.77,113.03,0.3164,-1,-1,-1
353,179,1831.92,462.77,66.35,184.37,0.2643,-1,-1,-1
353,183,369.10,414.26,111.78,386.22,0.5817,-1,-1,-1
353,190,1699.11,434.16,83.21,154.92,0.1730,-1,-1,-1
353,194,78.67,434.86,203.81,347.97,0.8505,-1,-1,-1
353,206,-4.48,507.01,72.65,349.51,0.6882,-1,-1,-1
354,3,1065.46,399.01,201.47,615.40,0.8736,-1,-1,-1
354,78,1878.39,388.21,40.94,249.89,0.2289,-1,-1,-1
354,95,472.79,450.71,50.69,111.87,0.2013,-1,-1,-1
354,125,680.20,481.20,54.20,120.95,0.2659,-1,-1,-1
354,136,901.21,421.92,165.01,527.70,0.7946,-1,-1,-1
354,142,734.65,485.41,48.00,112.61,0.3234,-1,-1,-1
354,179,1831.12,464.79,68.55,182.73,0.2646,-1,-1,-1
354,183,365.94,400.28,125.39,400.35,0.5876,-1,-1,-1
354,186,1517.33,427.73,48.74,117.16,0.1927,-1,-1,-1
354,194,83.77,435.86,208.25,346.67,0.8236,-1,-1,-1
354,204,553.01,457.54,28.32,54.23,0.1628,-1,-1,-1
354,206,-3.66,499.00,81.46,354.33,0.6864,-1,-1,-1
355,3,1066.19,400.54,198.75,613.44,0.8756,-1,-1,-1
355,78,1877.00,389.05,42.11,255.10,0.1898,-1,-1,-1
355,95,472.51,450.69,49.02,110.29,0.1583,-1,-1,-1
355,125,679.82,481.99,54.77,120.55,0.2354,-1,-1,-1
355,136,901.47,421.89,165.41,526.15,0.7720,-1,-1,-1
355,142,736.31,484.89,45.08,113.02,0.3878,-1,-1,-1
355,179,1830.47,462.96,68.08,182.91,0.2745,-1,-1,-1
355,183,346.47,392.58,159.53,404.08,0.5680,-1,-1,-1
355,194,86.28,439.52,209.07,337.18,0.8584,-1,-1,-1
355,204,553.54,456.47,28.17,54.93,0.1668,-1,-1,-1
355,206,-7.74,467.88,110.41,384.41,0.7161,-1,-1,-1
356,3,1066.07,401.57,198.46,613.49,0.8681,-1,-1,-1
356,95,473.44,450.72,47.77,109.76,0.1983,-1,-1,-1
356,125,681.10,480.93,54.15,120.47,0.2596,-1,-1,-1
356,136,903.64,421.95,160.02,524.14,0.7563,-1,-1,-1
356,142,739.22,486.72,41.81,112.25,0.4020,-1,-1,-1
356,148,1058.62,435.64,61.60,212.48,0.5828,-1,-1,-1
356,179,1829.42,464.05,70.78,182.44,0.2877,-1,-1,-1
356,183,350.85,401.93,167.46,396.61,0.6160,-1,-1,-1
356,194,100.41,438.98,195.94,332.63,0.8342,-1,-1,-1
356,204,553.37,456.69,28.55,54.88,0.1671,-1,-1,-1
356,206,-9.60,450.60,152.61,402.08,0.8015,-1,-1,-1
357,3,1066.18,399.39,204.46,615.53,0.8535,-1,-1,-1
357,78,1873.57,389.75,45.60,255.33,0.2115,-1,-1,-1
357,95,469.95,444.21,50.87,116.22,0.2186,-1,-1,-1
357,125,679.98,479.28,55.51,121.67,0.3067,-1,-1,-1
357,136,904.54,421.66,157.47,522.71,0.7652,-1,-1,-1
357,142,738.00,490.60,42.21,108.48,0.2822,-1,-1,-1
357,148,1055.18,431.26,65.08,212.85,0.2997,-1,-1,-1
357,179,1829.42,465.20,69.24,180.84,0.2596,-1,-1,-1
357,183,358.58,405.30,189.29,395.30,0.6800,-1,-1,-1
357,194,114.08,437.23,183.34,330.41,0.8125,-1,-1,-1
357,197,803.02,475.03,30.13,71.48,0.1627,-1,-1,-1
357,206,-5.07,451.08,180.87,407.18,0.8446,-1,-1,-1
358,3,1066.90,400.38,204.15,614.43,0.8522,-1,-1,-1
358,78,1874.45,388.82,44.92,256.41,0.2040,-1,-1,-1
358,95,476.40,443.90,50.95,116.99,0.1817,-1,-1,-1
358,125,680.04,478.19,55.73,118.90,0.2451,-1,-1,-1
358,136,904.12,418.97,158.26,524.76,0.7857,-1,-1,-1
358,142,736.21,484.74,45.05,114.34,0.3772,-1,-1,-1
358,148,1053.71,435.59,62.32,209.08,0.5518,-1,-1,-1
358,179,1831.13,463.20,72.19,182.70,0.2575,-1,-1,-1
358,183,391.68,400.88,173.79,395.93,0.6521,-1,-1,-1
358,194,128.20,437.49,168.68,330.02,0.8111,-1,-1,-1
358,204,552.20,453.46,27.00,58.12,0.1567,-1,-1,-1
358,206,-2.42,452.82,205.74,403.17,0.8561,-1,-1,-1
359,3,1067.22,399.14,205.25,615.38,0.8522,-1,-1,-1
359,78,1846.78,402.39,70.76,250.12,0.1522,-1,-1,-1
359,95,478.73,443.09,50.83,115.72,0.2383,-1,-1,-1
359,125,677.61,479.50,58.51,113.70,0.2704,-1,-1,-1
359,136,907.51,419.50,154.97,524.01,0.7900,-1,-1,-1
359,142,735.79,483.37,46.29,116.29,0.3857,-1,-1,-1
359,148,1044.04,428.97,66.06,213.58,0.4381,-1,-1,-1
359,179,1831.08,466.49,70.37,180.45,0.2690,-1,-1,-1
359,183,394.96,407.22,185.29,392.43,0.8124,-1,-1,-1
359,186,1532.90,427.92,44.72,113.28,0.2031,-1,-1,-1
359,194,135.05,435.15,162.48,332.61,0.8214,-1,-1,-1
359,197,807.59,474.22,27.35,72.47,0.1644,-1,-1,-1
359,204,552.30,454.11,27.41,58.38,0.1797,-1,-1,-1
359,206,0.85,445.82,208.29,408.63,0.8451,-1,-1,-1
360,3,1066.93,401.03,207.69,613.86,0.8503,-1,-1,-1
360,78,1869.92,390.82,50.07,253.13,0.1572,-1,-1,-1
360,125,677.53,482.40,57.22,117.37,0.2071,-1,-1,-1
360,136,908.80,420.14,158.85,522.78,0.7898,-1,-1,-1
360,142,737.52,487.03,44.61,113.36,0.3586,-1,-1,-1
360,148,1035.50,430.53,69.74,213.12,0.2366,-1,-1,-1
360,179,1830.54,464.69,69.24,181.44,0.2269,-1,-1,-1
360,183,398.35,411.13,191.18,387.37,0.8066,-1,-1,-1
360,186,1536.79,429.07,41.09,115.14,0.2230,-1,-1,-1
360,194,145.67,436.23,153.78,327.09,0.7772,-1,-1,-1
360,204,552.28,455.08,27.33,57.35,0.1926,-1,-1,-1
360,206,0.77,446.85,215.83,407.13,0.8747,-1,-1,-1
360,212,580.35,460.75,24.59,50.96,0.1617,-1,-1,-1
361,3,1066.97,402.34,209.31,612.30,0.8539,-1,-1,-1
361,125,692.47,459.87,44.82,119.42,0.1790,-1,-1,-1
361,136,908.97,419.16,158.73,519.64,0.7993,-1,-1,-1
361,142,736.19,483.89,45.72,115.29,0.2951,-1,-1,-1
361,179,1831.58,465.01,70.23,179.39,0.2228,-1,-1,-1
361,183,395.60,405.28,203.07,393.07,0.8431,-1,-1,-1
361,194,170.38,435.40,129.14,328.42,0.7520,-1,-1,-1
361,197,802.25,475.55,30.33,71.89,0.1668,-1,-1,-1
361,204,552.22,453.70,26.55,58.20,0.1717,-1,-1,-1
361,206,0.79,443.95,221.05,408.90,0.8765,-1,-1,-1
362,3,1068.36,402.28,209.04,612.65,0.8602,-1,-1,-1
362,78,1876.71,387.64,42.95,246.83,0.2357,-1,-1,-1
362,125,672.74,479.38,60.71,121.03,0.1852,-1,-1,-1
362,136,909.21,416.66,161.28,519.92,0.8061,-1,-1,-1
362,142,732.11,483.80,49.08,114.90,0.2725,-1,-1,-1
362,148,1034.56,432.14,60.59,210.85,0.2992,-1,-1,-1
362,183,394.81,406.51,204.27,392.75,0.8476,-1,-1,-1
362,194,175.25,439.97,123.40,325.28,0.6723,-1,-1,-1
362,197,804.97,475.46,29.30,71.09,0.1565,-1,-1,-1
362,204,550.43,454.57,27.58,57.85,0.1518,-1,-1,-1
362,206,0.34,445.54,232.42,409.59,0.8541,-1,-1,-1
363,3,1068.13,401.56,209.04,613.02,0.8536,-1,-1,-1
363,78,1878.58,386.80,40.97,245.20,0.2029,-1,-1,-1
363,125,676.19,478.54,58.00,119.52,0.1694,-1,-1,-1
363,136,913.53,419.69,161.77,516.78,0.8018,-1,-1,-1
363,142,732.38,482.32,48.22,116.00,0.3876,-1,-1,-1
363,183,390.63,411.41,209.56,387.00,0.8393,-1,-1,-1
363,186,1541.07,426.17,40.75,118.36,0.3504,-1,-1,-1
363,194,183.19,438.10,114.54,327.97,0.7535,-1,-1,-1
363,197,802.86,475.11,30.58,71.56,0.1863,-1,-1,-1
363,204,552.30,453.56,26.94,58.28,0.1736,-1,-1,-1
363,206,1.46,446.79,230.37,406.31,0.8441,-1,-1,-1
364,3,1068.16,401.35,211.05,613.38,0.8541,-1,-1,-1
364,78,1878.21,387.54,41.13,245.98,0.1858,-1,-1,-1
364,125,677.52,478.09,57.77,116.82,0.1884,-1,-1,-1
364,136,914.95,412.66,160.34,521.76,0.8270,-1,-1,-1
364,142,732.83,482.90,48.14,116.11,0.4331,-1,-1,-1
364,183,394.05,415.64,204.81,383.13,0.8503,-1,-1,-1
364,186,1543.07,426.30,40.62,118.44,0.3543,-1,-1,-1
364,194,196.91,442.52,101.53,322.19,0.7325,-1,-1,-1
364,197,801.71,474.83,31.57,71.87,0.1731,-1,-1,-1
364,204,552.53,452.86,27.61,59.46,0.1923,-1,-1,-1
364,206,1.35,440.16,229.51,409.36,0.8535,-1,-1,-1
364,214,578.64,458.29,23.45,52.81,0.1674,-1,-1,-1
364,215,530.11,444.28,22.38,70.09,0.1635,-1,-1,-1
365,3,1068.08,402.85,209.97,611.23,0.8522,-1,-1,-1
365,78,1877.17,387.96,42.06,249.04,0.1735,-1,-1,-1
365,125,677.49,477.13,59.00,114.73,0.1575,-1,-1,-1
365,136,916.78,412.62,160.03,521.94,0.8190,-1,-1,-1
365,142,733.77,481.52,47.67,117.93,0.4257,-1,-1,-1
365,179,1828.29,466.61,73.10,177.42,0.1533,-1,-1,-1
365,183,393.29,412.41,205.22,385.56,0.8574,-1,-1,-1
365,186,1545.90,422.71,38.20,113.68,0.1695,-1,-1,-1
365,194,202.44,437.49,103.19,327.59,0.7419,-1,-1,-1
365,204,551.21,451.00,27.58,60.77,0.1964,-1,-1,-1
365,206,2.50,441.94,233.30,410.38,0.8603,-1,-1,-1
365,214,578.58,457.22,23.37,53.85,0.1967,-1,-1,-1
366,3,1068.22,399.53,209.09,615.41,0.8473,-1,-1,-1
366,78,1876.46,390.28,42.95,243.08,0.1615,-1,-1,-1
366,125,664.14,492.78,55.20,113.38,0.2222,-1,-1,-1
366,136,919.47,412.00,159.91,523.53,0.8290,-1,-1,-1
366,142,733.14,482.07,46.39,116.83,0.4098,-1,-1,-1
366,183,396.60,410.97,202.44,381.94,0.8217,-1,-1,-1
366,186,1545.76,425.88,38.53,113.26,0.1583,-1,-1,-1
366,194,207.69,435.25,104.55,329.27,0.7749,-1,-1,-1
366,206,4.58,442.74,232.10,406.23,0.8590,-1,-1,-1
366,214,578.70,457.92,22.61,53.81,0.1678,-1,-1,-1
367,3,1068.55,401.17,212.48,613.87,0.8216,-1,-1,-1
367,78,1877.44,391.00,41.98,243.14,0.1532,-1,-1,-1
367,125,663.54,490.79,52.62,115.47,0.2653,-1,-1,-1
367,136,922.79,410.37,157.01,525.47,0.8251,-1,-1,-1
367,142,731.96,481.51,46.50,117.16,0.4558,-1,-1,-1
367,179,1827.49,467.84,71.48,175.28,0.1934,-1,-1,-1
367,183,399.22,404.30,195.01,386.95,0.8420,-1,-1,-1
367,194,218.18,436.50,108.30,327.75,0.7569,-1,-1,-1
367,206,28.72,441.68,204.66,394.62,0.7860,-1,-1,-1
368,3,1068.19,398.75,220.24,616.25,0.7875,-1,-1,-1
368,78,1876.83,389.62,42.40,244.91,0.1583,-1,-1,-1
368,125,662.87,492.23,53.66,115.14,0.2039,-1,-1,-1
368,136,924.96,409.64,155.60,525.66,0.8196,-1,-1,-1
368,142,731.14,481.80,47.53,116.76,0.4663,-1,-1,-1
368,179,1828.29,469.62,68.46,174.81,0.1956,-1,-1,-1
368,183,401.70,394.69,190.45,393.59,0.8463,-1,-1,-1
368,190,1717.57,436.65,64.00,147.59,0.1501,-1,-1,-1
368,194,226.83,438.34,122.93,326.72,0.7362,-1,-1,-1
368,206,54.26,435.97,175.42,391.02,0.7835,-1,-1,-1
368,218,688.21,478.90,47.21,99.26,0.2105,-1,-1,-1
369,3,1069.23,400.41,223.30,614.69,0.7461,-1,-1,-1
369,78,1876.55,389.40,42.84,237.71,0.1758,-1,-1,-1
369,136,926.00,415.64,155.42,517.35,0.8219,-1,-1,-1
369,142,731.45,482.50,47.61,116.10,0.4196,-1,-1,-1
369,179,1829.10,471.13,66.60,174.10,0.2412,-1,-1,-1
369,183,408.51,395.90,182.57,393.09,0.8536,-1,-1,-1
369,194,233.51,434.19,139.93,330.31,0.8106,-1,-1,-1
369,206,85.23,432.93,145.37,392.11,0.7699,-1,-1,-1
369,214,579.56,458.08,21.04,52.52,0.1562,-1,-1,-1
369,218,685.07,478.23,50.32,101.81,0.1891,-1,-1,-1
369,219,1068.26,459.85,50.98,132.22,0.1862,-1,-1,-1
370,3,1068.92,397.14,220.04,617.73,0.7954,-1,-1,-1
370,78,1877.62,389.44,41.72,241.21,0.1669,-1,-1,-1
370,125,662.99,492.45,53.54,116.15,0.1510,-1,-1,-1
370,136,929.44,416.77,157.47,519.84,0.8016,-1,-1,-1
370,142,730.92,480.81,47.42,117.55,0.4008,-1,-1,-1
370,179,1831.02,468.28,67.41,177.37,0.1969,-1,-1,-1
370,183,415.65,408.55,175.42,382.27,0.8351,-1,-1,-1
370,190,1710.93,435.93,70.45,148.19,0.1662,-1,-1,-1
370,194,239.62,431.73,155.13,331.65,0.8302,-1,-1,-1
370,206,113.30,436.03,121.45,386.12,0.8107,-1,-1,-1
370,214,582.50,459.91,18.36,50.57,0.1834,-1,-1,-1
370,218,684.83,478.51,50.06,105.47,0.1933,-1,-1,-1
370,219,1065.47,455.10,52.31,135.22,0.2144,-1,-1,-1
370,220,576.51,464.04,14.94,47.53,0.1722,-1,-1,-1
371,3,1069.81,397.93,211.37,616.57,0.7181,-1,-1,-1
371,78,1877.70,389.58,41.59,245.40,0.2751,-1,-1,-1
371,136,933.34,415.71,155.39,521.10,0.7965,-1,-1,-1
371,142,729.97,481.50,48.54,117.98,0.3850,-1,-1,-1
371,179,1829.26,466.25,68.46,178.90,0.1557,-1,-1,-1
371,183,430.28,401.35,163.89,387.66,0.8321,-1,-1,-1
371,194,241.09,432.20,166.07,330.65,0.8394,-1,-1,-1
371,197,803.47,476.10,30.93,71.88,0.1549,-1,-1,-1
371,206,130.71,441.40,119.78,379.27,0.7983,-1,-1,-1
371,214,580.77,460.38,18.87,49.77,0.1699,-1,-1,-1
371,218,686.14,478.03,47.83,111.41,0.1726,-1,-1,-1
371,219,1063.23,451.64,61.30,138.48,0.1615,-1,-1,-1
371,221,-1.22,536.65,43.90,267.98,0.2781,-1,-1,-1
372,3,1070.57,397.32,216.04,616.65,0.8193,-1,-1,-1
372,78,1877.51,388.37,41.78,251.77,0.2853,-1,-1,-1
372,136,935.73,415.65,154.71,520.85,0.7961,-1,-1,-1
372,142,730.95,482.19,46.42,116.55,0.3727,-1,-1,-1
372,183,442.09,425.84,150.91,353.53,0.7978,-1,-1,-1
372,194,240.80,435.56,171.14,326.00,0.8184,-1,-1,-1
372,197,803.07,475.89,30.15,72.06,0.1611,-1,-1,-1
372,206,136.34,438.23,122.34,382.49,0.7602,-1,-1,-1
372,218,684.32,475.90,49.96,110.86,0.1764,-1,-1,-1
372,219,1061.05,452.26,69.49,141.34,0.1532,-1,-1,-1
372,221,-0.91,500.49,45.51,305.94,0.5007,-1,-1,-1
372,223,-0.44,596.96,24.34,210.55,0.1669,-1,-1,-1
373,3,1070.68,397.22,219.32,617.31,0.8387,-1,-1,-1
373,78,1877.21,388.36,42.13,252.17,0.2333,-1,-1,-1
373,125,659.07,501.36,52.70,108.59,0.1855,-1,-1,-1
373,136,938.01,416.54,154.58,521.26,0.7949,-1,-1,-1
373,142,731.84,482.62,47.20,114.85,0.3942,-1,-1,-1
373,179,1829.01,464.99,73.05,180.87,0.1982,-1,-1,-1
373,183,462.01,400.25,141.99,374.52,0.8000,-1,-1,-1
373,194,253.17,435.92,160.63,318.92,0.8035,-1,-1,-1
373,196,833.59,470.67,40.24,75.23,0.1649,-1,-1,-1
373,206,144.75,434.64,147.60,384.41,0.8094,-1,-1,-1
373,218,687.31,478.43,48.00,106.94,0.1545,-1,-1,-1
373,219,1058.02,454.33,70.44,140.73,0.1773,-1,-1,-1
373,221,-0.21,489.05,46.67,319.68,0.6279,-1,-1,-1
374,3,1071.53,398.20,218.00,616.09,0.8100,-1,-1,-1
374,78,1848.97,391.95,68.20,259.44,0.2251,-1,-1,-1
374,136,943.75,417.00,151.00,519.44,0.7882,-1,-1,-1
374,142,732.98,480.17,47.38,117.82,0.3959,-1,-1,-1
374,179,1833.50,461.86,70.74,183.82,0.1976,-1,-1,-1
374,183,473.22,400.43,138.96,371.20,0.7728,-1,-1,-1
374,194,266.52,442.71,152.85,301.31,0.7792,-1,-1,-1
374,196,837.91,469.86,37.99,73.79,0.1562,-1,-1,-1
374,206,154.83,431.23,148.14,386.48,0.7269,-1,-1,-1
374,219,1062.45,450.03,57.08,112.50,0.1703,-1,-1,-1
374,221,-0.48,490.33,51.07,319.01,0.7030,-1,-1,-1
374,225,1256.61,427.19,42.59,115.54,0.2891,-1,-1,-1
375,3,1071.23,400.06,219.33,613.52,0.7953,-1,-1,-1
375,78,1842.58,388.92,76.50,261.93,0.1765,-1,-1,-1
375,136,941.59,412.97,153.28,521.86,0.7756,-1,-1,-1
375,142,733.42,480.08,47.44,118.74,0.3844,-1,-1,-1
375,179,1830.04,461.44,72.84,183.71,0.2813,-1,-1,-1
375,183,482.31,408.76,142.93,362.71,0.7129,-1,-1,-1
375,194,279.42,453.09,140.49,294.56,0.7431,-1,-1,-1
375,197,800.92,472.94,31.04,73.68,0.1531,-1,-1,-1
375,206,156.79,434.41,178.46,382.74,0.8168,-1,-1,-1
375,218,691.17,476.46,44.92,107.53,0.2138,-1,-1,-1
375,219,1064.61,455.04,58.27,134.14,0.1963,-1,-1,-1
375,221,-2.34,485.40,59.93,327.70,0.6593,-1,-1,-1
375,225,1256.90,434.78,39.73,110.12,0.2450,-1,-1,-1
376,3,1071.32,399.80,221.70,613.18,0.8089,-1,-1,-1
376,78,1848.44,391.69,71.18,261.77,0.2431,-1,-1,-1
376,136,944.40,418.03,148.88,521.26,0.7740,-1,-1,-1
376,142,730.71,479.12,48.97,119.98,0.3219,-1,-1,-1
376,183,487.81,403.65,142.45,364.67,0.6940,-1,-1,-1
376,190,1668.71,432.23,106.52,154.83,0.1508,-1,-1,-1
376,194,275.68,435.21,146.36,312.72,0.7425,-1,-1,-1
376,196,832.27,470.30,38.52,74.22,0.1567,-1,-1,-1
376,206,154.12,438.30,195.93,378.51,0.7679,-1,-1,-1
376,218,683.67,476.01,51.68,107.72,0.2286,-1,-1,-1
376,219,1063.82,453.39,52.47,134.75,0.1901,-1,-1,-1
376,221,-3.36,479.82,73.26,332.45,0.7807,-1,-1,-1
376,225,1256.53,439.60,40.32,104.90,0.2048,-1,-1,-1
376,228,413.65,482.01,44.71,85.97,0.1950,-1,-1,-1
377,3,1071.01,400.86,225.66,613.94,0.8122,-1,-1,-1
377,136,946.15,417.59,153.20,521.18,0.7968,-1,-1,-1
377,142,731.33,481.49,47.60,118.50,0.3288,-1,-1,-1
377,179,1828.09,461.45,73.50,183.80,0.1959,-1,-1,-1
377,183,487.75,399.13,146.22,369.61,0.7356,-1,-1,-1
377,194,282.98,442.03,143.23,306.58,0.7061,-1,-1,-1
377,206,152.59,441.08,211.75,376.30,0.7974,-1,-1,-1
377,218,688.70,475.71,46.12,108.31,0.1899,-1,-1,-1
377,219,1062.51,449.44,51.59,134.64,0.1913,-1,-1,-1
377,221,-9.17,441.39,105.80,367.22,0.7790,-1,-1,-1
377,225,1257.08,439.93,40.47,102.04,0.1889,-1,-1,-1
377,228,414.33,481.68,46.36,88.75,0.2240,-1,-1,-1
378,3,1071.75,398.73,222.29,616.32,0.7752,-1,-1,-1
378,136,945.52,411.38,157.57,523.50,0.7805,-1,-1,-1
378,142,731.55,482.30,46.38,115.44,0.3464,-1,-1,-1
378,179,1828.51,462.24,72.88,182.89,0.1795,-1,-1,-1
378,183,493.25,394.77,149.95,376.46,0.7879,-1,-1,-1
378,194,293.50,440.42,131.82,311.04,0.6756,-1,-1,-1
378,206,155.03,440.91,212.84,376.30,0.8197,-1,-1,-1
378,218,690.22,479.04,44.38,105.59,0.2457,-1,-1,-1
378,219,1065.08,450.33,48.98,137.43,0.1571,-1,-1,-1
378,221,-10.28,433.62,141.21,376.02,0.8289,-1,-1,-1
378,225,1257.40,439.20,40.95,102.80,0.1602,-1,-1,-1
378,228,414.10,482.10,46.70,87.90,0.2363,-1,-1,-1
379,3,1070.94,396.30,221.10,617.75,0.8308,-1,-1,-1
379,136,945.28,410.42,157.23,524.27,0.8143,-1,-1,-1
379,142,731.94,482.07,44.79,116.01,0.3894,-1,-1,-1
379,179,1830.84,463.32,70.48,181.06,0.1644,-1,-1,-1
379,183,499.78,397.37,163.73,374.34,0.7933,-1,-1,-1
379,194,314.05,438.85,110.95,310.09,0.6845,-1,-1,-1
379,206,154.93,442.24,215.31,374.58,0.8249,-1,-1,-1
379,218,691.30,479.66,42.21,106.53,0.3112,-1,-1,-1
379,219,1064.39,451.88,48.72,137.01,0.2025,-1,-1,-1
379,221,-2.20,433.05,139.65,374.57,0.8213,-1,-1,-1
379,228,414.67,480.96,49.80,89.76,0.2153,-1,-1,-1
380,3,1071.75,394.93,220.24,619.10,0.8255,-1,-1,-1
380,136,946.24,406.09,160.25,527.61,0.8112,-1,-1,-1
380,142,731.16,480.06,43.30,116.96,0.3589,-1,-1,-1
380,179,1829.27,466.34,72.28,178.08,0.1647,-1,-1,-1
380,183,504.71,399.90,166.57,371.58,0.6396,-1,-1,-1
380,194,323.78,446.71,97.51,305.89,0.6358,-1,-1,-1
380,206,157.64,443.99,220.97,370.67,0.8378,-1,-1,-1
380,218,691.65,471.80,41.26,116.18,0.2481,-1,-1,-1
380,221,-4.42,431.73,162.79,375.16,0.7754,-1,-1,-1
380,225,1257.27,438.49,41.47,104.19,0.2205,-1,-1,-1
380,228,415.23,480.05,50.05,91.23,0.2192,-1,-1,-1
381,3,1072.36,393.35,215.29,621.12,0.7996,-1,-1,-1
381,136,952.17,413.38,156.17,524.93,0.7698,-1,-1,-1
381,142,730.63,479.63,47.44,119.02,0.3086,-1,-1,-1
381,183,518.02,408.70,142.75,363.38,0.5865,-1,-1,-1
381,194,322.99,441.21,98.25,311.47,0.7056,-1,-1,-1
381,206,153.83,444.75,226.10,365.74,0.8608,-1,-1,-1
381,218,692.47,471.58,41.77,119.56,0.2779,-1,-1,-1
381,221,-2.05,440.85,172.99,366.13,0.7526,-1,-1,-1
381,225,1258.02,438.73,42.69,100.76,0.1863,-1,-1,-1
381,228,414.38,480.37,50.80,93.67,0.1714,-1,-1,-1
381,231,662.64,464.38,43.49,133.57,0.1591,-1,-1,-1
382,3,1073.62,398.43,221.31,616.39,0.8142,-1,-1,-1
382,95,471.66,445.92,45.00,116.50,0.2427,-1,-1,-1
382,136,951.45,416.17,159.66,518.70,0.7525,-1,-1,-1
382,142,730.72,479.31,49.70,120.87,0.3575,-1,-1,-1
382,179,1835.53,465.06,68.75,180.82,0.2313,-1,-1,-1
382,183,537.00,405.83,135.90,364.05,0.6060,-1,-1,-1
382,194,334.80,441.82,96.11,306.97,0.6881,-1,-1,-1
382,197,802.17,473.42,30.59,74.26,0.1688,-1,-1,-1
382,206,164.07,442.26,214.31,368.14,0.8293,-1,-1,-1
382,218,691.05,471.12,44.74,118.73,0.3278,-1,-1,-1
382,221,0.30,440.15,177.73,365.56,0.8043,-1,-1,-1
382,225,1257.75,441.80,39.10,99.27,0.1992,-1,-1,-1
383,3,1073.42,397.63,220.39,617.33,0.8288,-1,-1,-1
383,95,469.42,446.39,47.17,117.11,0.1866,-1,-1,-1
383,136,954.12,417.35,156.13,521.81,0.6959,-1,-1,-1
383,142,730.33,477.45,52.09,122.32,0.3677,-1,-1,-1
383,179,1832.23,465.90,70.59,181.03,0.2847,-1,-1,-1
383,183,525.17,413.90,156.04,356.67,0.6917,-1,-1,-1
383,194,345.40,444.23,99.49,300.38,0.5560,-1,-1,-1
383,206,187.52,442.13,191.47,367.57,0.7934,-1,-1,-1
383,218,690.94,464.29,44.16,124.67,0.3420,-1,-1,-1
383,221,-0.24,439.25,190.81,365.80,0.8580,-1,-1,-1
383,225,1258.91,442.23,41.54,95.71,0.2025,-1,-1,-1
383,233,919.73,444.33,52.39,142.23,0.2697,-1,-1,-1
384,3,1073.87,397.07,220.04,617.92,0.8328,-1,-1,-1
384,78,1845.13,382.35,74.28,269.16,0.1501,-1,-1,-1
384,95,473.91,449.91,46.27,113.34,0.1829,-1,-1,-1
384,136,955.76,416.57,151.95,523.28,0.7105,-1,-1,-1
384,142,730.11,475.25,50.28,125.59,0.4521,-1,-1,-1
384,179,1832.66,464.56,69.35,181.72,0.2180,-1,-1,-1
384,183,528.75,407.08,156.83,363.03,0.7506,-1,-1,-1
384,194,364.25,456.64,91.88,287.57,0.6050,-1,-1,-1
384,197,801.81,472.13,30.27,75.16,0.1648,-1,-1,-1
384,206,198.10,434.97,181.37,374.58,0.7937,-1,-1,-1
384,218,686.96,466.39,47.87,125.61,0.3554,-1,-1,-1
384,221,0.47,434.25,198.62,372.42,0.8755,-1,-1,-1
384,225,1258.76,443.46,40.38,91.88,0.1597,-1,-1,-1
384,233,920.40,446.94,46.81,141.05,0.2167,-1,-1,-1
384,235,957.59,439.09,50.22,132.65,0.1578,-1,-1,-1
385,3,1074.14,397.19,218.70,617.81,0.7879,-1,-1,-1
385,95,466.56,443.41,41.90,84.59,0.1721,-1,-1,-1
385,136,958.19,416.42,149.26,524.16,0.7203,-1,-1,-1
385,142,730.62,472.16,49.44,128.67,0.5476,-1,-1,-1
385,148,943.35,435.64,75.44,233.70,0.1510,-1,-1,-1
385,179,1831.79,465.36,69.18,182.26,0.2596,-1,-1,-1
385,183,534.46,407.85,154.30,362.63,0.7875,-1,-1,-1
385,194,363.38,439.10,98.54,304.02,0.7060,-1,-1,-1
385,197,801.10,473.19,31.26,73.79,0.1810,-1,-1,-1
385,206,214.61,432.86,165.91,369.27,0.8058,-1,-1,-1
385,218,686.84,468.38,47.50,126.78,0.3839,-1,-1,-1
385,221,0.17,437.59,210.15,369.02,0.8629,-1,-1,-1
385,233,922.29,449.69,43.53,137.00,0.2357,-1,-1,-1
386,3,1073.71,397.48,220.74,617.09,0.7054,-1,-1,-1
386,95,467.70,449.13,40.55,103.02,0.2167,-1,-1,-1
386,136,960.75,414.26,149.15,527.54,0.7416,-1,-1,-1
386,142,731.06,470.27,48.60,130.12,0.5292,-1,-1,-1
386,179,1831.57,465.36,70.96,181.41,0.2131,-1,-1,-1
386,183,539.55,405.44,154.04,364.20,0.8330,-1,-1,-1
386,194,366.49,437.87,118.46,307.66,0.7072,-1,-1,-1
386,197,800.81,473.64,32.29,73.16,0.2080,-1,-1,-1
386,206,234.90,436.00,143.66,364.55,0.7923,-1,-1,-1
386,218,690.72,468.34,42.80,126.54,0.3452,-1,-1,-1
386,221,1.18,434.39,208.66,373.88,0.8361,-1,-1,-1
387,3,1073.37,397.68,220.52,616.55,0.7753,-1,-1,-1
387,78,1876.83,385.55,43.01,253.38,0.1512,-1,-1,-1
387,95,467.91,449.72,47.68,107.55,0.3293,-1,-1,-1
387,136,959.49,416.88,148.29,523.57,0.7224,-1,-1,-1
387,142,731.29,471.01,48.42,129.58,0.5303,-1,-1,-1
387,148,924.86,429.58,70.63,163.43,0.3180,-1,-1,-1
387,179,1828.00,467.11,75.01,177.77,0.2543,-1,-1,-1
387,183,541.39,407.37,150.32,359.99,0.8457,-1,-1,-1
387,194,365.71,438.21,148.19,309.19,0.8058,-1,-1,-1
387,197,800.55,472.86,32.38,73.67,0.2023,-1,-1,-1
387,206,258.40,430.52,119.81,367.96,0.5766,-1,-1,-1
387,218,690.87,473.14,43.38,119.03,0.3115,-1,-1,-1
387,221,3.45,434.49,204.94,371.08,0.8367,-1,-1,-1
388,3,1055.70,397.01,255.10,618.31,0.7369,-1,-1,-1
388,95,464.24,448.05,54.72,106.33,0.2561,-1,-1,-1
388,136,960.44,417.89,144.19,522.42,0.7213,-1,-1,-1
388,142,730.62,468.98,48.45,133.44,0.4969,-1,-1,-1
388,148,937.40,432.17,54.25,145.86,0.1689,-1,-1,-1
388,179,1828.39,466.25,74.54,178.05,0.2285,-1,-1,-1
388,183,545.44,405.23,146.62,358.24,0.8253,-1,-1,-1
388,194,366.79,440.55,159.44,308.29,0.7893,-1,-1,-1
388,197,800.45,472.11,32.92,74.76,0.2079,-1,-1,-1
388,206,278.62,434.18,100.47,362.71,0.6753,-1,-1,-1
388,215,526.26,441.51,28.61,79.23,0.1922,-1,-1,-1
388,218,691.92,473.36,42.24,120.41,0.3499,-1,-1,-1
388,221,14.48,433.21,192.08,370.22,0.8073,-1,-1,-1
389,3,1054.12,397.49,312.05,617.43,0.7273,-1,-1,-1
389,95,467.52,447.79,46.52,109.60,0.2407,-1,-1,-1
389,136,963.09,418.19,138.13,522.01,0.7019,-1,-1,-1
389,142,730.32,472.15,48.92,130.18,0.5034,-1,-1,-1
389,148,922.38,444.49,61.14,143.94,0.2621,-1,-1,-1
389,179,1832.69,467.50,70.47,176.52,0.2034,-1,-1,-1
389,183,548.16,408.83,145.07,354.57,0.8066,-1,-1,-1
389,194,362.34,441.87,172.27,302.83,0.8016,-1,-1,-1
389,197,800.40,471.78,32.27,75.63,0.2189,-1,-1,-1
389,206,285.22,428.42,101.56,370.83,0.6787,-1,-1,-1
389,215,528.05,443.58,27.43,77.96,0.2000,-1,-1,-1
389,218,692.01,475.02,40.98,117.20,0.3353,-1,-1,-1
389,221,25.10,423.36,182.51,374.88,0.7875,-1,-1,-1
390,3,1058.54,397.14,308.49,618.70,0.7747,-1,-1,-1
390,136,966.07,418.02,134.46,523.62,0.6752,-1,-1,-1
390,142,729.69,474.08,50.37,130.11,0.4868,-1,-1,-1
390,148,920.23,437.23,67.16,151.02,0.4023,-1,-1,-1
390,179,1832.65,467.76,67.55,175.63,0.1904,-1,-1,-1
390,183,555.18,410.00,139.08,351.56,0.8007,-1,-1,-1
390,194,368.15,440.98,172.09,302.79,0.8138,-1,-1,-1
390,197,801.14,470.69,33.02,76.53,0.2006,-1,-1,-1
390,206,281.51,435.22,114.74,363.95,0.5268,-1,-1,-1
390,215,527.44,440.66,26.47,79.70,0.2112,-1,-1,-1
390,218,690.09,477.70,40.55,113.16,0.2990,-1,-1,-1
390,221,36.47,429.17,174.78,368.28,0.7945,-1,-1,-1
391,3,1053.02,397.05,315.44,618.43,0.7779,-1,-1,-1
391,78,1847.07,384.81,71.57,265.18,0.1504,-1,-1,-1
391,136,974.38,416.35,125.44,529.32,0.6589,-1,-1,-1
391,142,728.47,471.22,51.23,131.96,0.4434,-1,-1,-1
391,148,917.65,435.53,67.27,152.99,0.3727,-1,-1,-1
391,179,1831.89,467.78,66.00,175.58,0.2016,-1,-1,-1
391,183,561.05,412.41,133.32,352.19,0.8020,-1,-1,-1
391,194,377.70,441.18,163.81,299.06,0.7849,-1,-1,-1
391,197,800.60,471.37,33.43,75.77,0.1926,-1,-1,-1
391,206,300.35,438.68,103.15,361.14,0.5331,-1,-1,-1
391,215,522.64,437.57,26.16,84.02,0.2699,-1,-1,-1
391,218,689.93,477.59,41.32,111.32,0.3291,-1,-1,-1
391,221,43.39,429.99,169.25,368.10,0.7605,-1,-1,-1
392,3,1052.35,398.19,310.58,618.00,0.7851,-1,-1,-1
392,78,1847.90,390.75,71.70,261.54,0.2213,-1,-1,-1
392,136,980.33,411.12,122.22,528.10,0.6496,-1,-1,-1
392,142,727.90,467.66,51.88,134.64,0.4470,-1,-1,-1
392,148,926.14,435.08,55.64,155.74,0.5643,-1,-1,-1
392,179,1832.56,466.60,66.77,177.70,0.1750,-1,-1,-1
392,183,569.56,407.66,126.26,358.86,0.7869,-1,-1,-1
392,194,392.21,439.06,149.83,298.91,0.7245,-1,-1,-1
392,197,800.68,470.41,34.60,77.03,0.2290,-1,-1,-1
392,206,306.92,437.89,124.83,362.17,0.6570,-1,-1,-1
392,215,526.36,439.66,26.65,83.66,0.3058,-1,-1,-1
392,218,686.97,470.81,43.33,119.58,0.2543,-1,-1,-1
392,221,55.33,434.48,159.01,361.11,0.7633,-1,-1,-1
393,3,1049.09,398.44,313.74,618.26,0.8134,-1,-1,-1
393,78,1847.90,392.64,71.67,259.27,0.1990,-1,-1,-1
393,136,966.60,418.53,134.70,524.29,0.6502,-1,-1,-1
393,142,727.83,467.15,52.38,135.03,0.5307,-1,-1,-1
393,148,924.73,438.15,54.73,163.38,0.6496,-1,-1,-1
393,179,1832.98,467.89,66.65,176.23,0.2089,-1,-1,-1
393,183,577.10,414.89,119.39,339.07,0.7915,-1,-1,-1
393,194,400.99,439.75,141.38,296.36,0.7277,-1,-1,-1
393,197,800.18,469.91,33.74,77.22,0.2163,-1,-1,-1
393,206,308.84,441.45,151.07,358.82,0.7910,-1,-1,-1
393,215,522.75,444.09,25.81,80.25,0.2152,-1,-1,-1
393,218,684.39,470.82,43.67,120.63,0.3079,-1,-1,-1
393,221,82.00,429.53,132.59,365.73,0.6335,-1,-1,-1
393,238,1071.69,434.40,62.51,113.52,0.1924,-1,-1,-1
394,3,1056.48,398.08,266.80,617.21,0.6772,-1,-1,-1
394,78,1847.27,396.24,72.29,255.71,0.2401,-1,-1,-1
394,136,983.40,412.45,116.45,525.65,0.6298,-1,-1,-1
394,142,725.92,476.36,53.19,127.65,0.5975,-1,-1,-1
394,148,921.63,438.65,56.17,164.93,0.6389,-1,-1,-1
394,179,1834.63,465.06,66.00,179.42,0.2090,-1,-1,-1
394,183,583.05,411.91,113.30,340.31,0.7610,-1,-1,-1
394,194,413.15,444.18,132.01,291.37,0.7294,-1,-1,-1
394,197,802.16,467.82,31.96,79.73,0.2051,-1,-1,-1
394,206,310.12,444.50,153.81,356.72,0.7243,-1,-1,-1
394,215,521.80,440.43,27.76,82.41,0.2721,-1,-1,-1
394,218,686.40,480.72,41.56,114.56,0.1886,-1,-1,-1
394,221,66.55,429.29,165.43,367.00,0.7569,-1,-1,-1
394,238,1074.57,433.80,64.39,112.09,0.2272,-1,-1,-1
395,3,1056.51,396.67,263.30,618.72,0.6998,-1,-1,-1
395,78,1848.22,391.11,71.06,260.20,0.2929,-1,-1,-1
395,136,986.68,412.84,112.04,524.15,0.6580,-1,-1,-1
395,142,724.72,470.42,53.46,135.45,0.6124,-1,-1,-1
395,148,919.42,439.67,54.78,162.88,0.5961,-1,-1,-1
395,179,1834.14,463.10,67.01,181.90,0.2004,-1,-1,-1
395,183,587.63,413.70,111.62,335.40,0.7670,-1,-1,-1
395,194,423.17,440.54,121.39,294.92,0.7396,-1,-1,-1
395,197,801.95,467.62,33.42,80.57,0.1873,-1,-1,-1
395,206,309.80,444.18,160.09,357.36,0.7474,-1,-1,-1
395,215,521.22,449.77,28.38,75.00,0.2076,-1,-1,-1
395,221,70.60,431.65,165.08,365.15,0.7786,-1,-1,-1
395,238,1085.05,428.71,61.94,102.74,0.2395,-1,-1,-1
396,3,1058.16,399.04,301.81,617.84,0.7616,-1,-1,-1
396,78,1847.89,392.32,71.54,259.68,0.2126,-1,-1,-1
396,136,983.69,413.80,114.79,523.36,0.6217,-1,-1,-1
396,142,721.82,464.31,57.09,145.46,0.5793,-1,-1,-1
396,148,917.65,442.78,54.45,167.93,0.6765,-1,-1,-1
396,179,1830.87,466.33,68.25,180.37,0.2640,-1,-1,-1
396,183,590.98,427.06,114.53,317.18,0.7560,-1,-1,-1
396,194,436.14,444.05,109.05,287.89,0.6567,-1,-1,-1
396,197,800.18,469.95,33.62,77.77,0.1738,-1,-1,-1
396,206,307.71,442.17,176.69,356.63,0.7601,-1,-1,-1
396,218,679.50,461.84,47.78,139.61,0.2593,-1,-1,-1
396,221,104.04,446.08,129.37,349.83,0.5848,-1,-1,-1
396,238,1087.35,430.71,62.80,97.14,0.2539,-1,-1,-1
397,3,1063.09,398.59,242.97,618.91,0.7908,-1,-1,-1
397,78,1849.12,388.13,70.19,263.63,0.2735,-1,-1,-1
397,136,984.57,413.85,113.82,524.34,0.6775,-1,-1,-1
397,142,719.74,463.67,58.45,145.69,0.5771,-1,-1,-1
397,148,914.89,442.67,56.06,166.78,0.6402,-1,-1,-1
397,179,1832.76,465.32,67.08,180.41,0.2209,-1,-1,-1
397,183,595.52,417.48,114.26,327.35,0.7488,-1,-1,-1
397,194,449.31,474.59,94.73,256.63,0.5735,-1,-1,-1
397,197,800.53,470.64,33.48,76.84,0.1925,-1,-1,-1
397,206,308.82,430.38,174.50,367.93,0.7633,-1,-1,-1
397,218,678.28,455.32,49.70,142.04,0.2277,-1,-1,-1
397,221,130.48,434.81,116.39,361.86,0.6219,-1,-1,-1
397,238,1091.56,431.23,61.55,96.00,0.2026,-1,-1,-1
398,3,1065.33,399.26,239.73,619.25,0.8379,-1,-1,-1
398,78,1844.49,384.41,74.70,266.42,0.1828,-1,-1,-1
398,136,969.83,416.06,129.38,524.72,0.6351,-1,-1,-1
398,142,720.32,460.90,56.81,147.93,0.5433,-1,-1,-1
398,148,916.08,443.90,55.98,162.13,0.4856,-1,-1,-1
398,179,1832.58,467.20,67.17,177.89,0.2408,-1,-1,-1
398,183,598.62,424.32,120.35,318.70,0.7560,-1,-1,-1
398,194,445.53,433.96,99.73,297.23,0.7332,-1,-1,-1
398,197,801.19,470.48,33.84,76.62,0.2136,-1,-1,-1
398,206,310.82,437.73,180.28,358.45,0.8206,-1,-1,-1
398,221,136.11,436.32,127.19,360.20,0.7496,-1,-1,-1
398,238,1089.16,431.03,57.26,95.88,0.2113,-1,-1,-1
398,239,1249.44,443.61,44.09,87.73,0.2483,-1,-1,-1
399,3,1066.30,400.80,239.29,617.31,0.8373,-1,-1,-1
399,136,967.81,415.53,132.83,525.25,0.6614,-1,-1,-1
399,142,719.90,464.23,54.99,144.98,0.5367,-1,-1,-1
399,148,913.91,436.90,57.21,173.34,0.5826,-1,-1,-1
399,179,1832.12,468.22,63.98,177.05,0.2413,-1,-1,-1
399,183,604.92,429.01,126.67,311.09,0.7884,-1,-1,-1
399,194,466.65,440.59,81.35,291.96,0.6282,-1,-1,-1
399,197,800.41,471.94,34.49,75.57,0.2198,-1,-1,-1
399,206,315.23,438.48,173.24,358.61,0.8311,-1,-1,-1
399,221,132.23,432.45,164.31,362.22,0.7642,-1,-1,-1
399,239,1247.44,444.63,43.79,90.64,0.2959,-1,-1,-1
400,3,1068.51,400.31,236.30,618.60,0.8528,-1,-1,-1
400,136,967.90,413.69,131.51,527.21,0.6568,-1,-1,-1
400,142,717.60,470.08,50.96,138.20,0.4775,-1,-1,-1
400,148,910.55,438.03,56.34,170.26,0.5657,-1,-1,-1
400,179,1832.24,465.91,64.18,178.68,0.1983,-1,-1,-1
400,183,605.98,421.48,136.26,319.31,0.7796,-1,-1,-1
400,194,470.89,438.73,82.35,290.92,0.7311,-1,-1,-1
400,197,801.34,472.02,33.55,74.97,0.1609,-1,-1,-1
400,206,313.46,434.85,176.24,360.88,0.8429,-1,-1,-1
400,221,136.75,433.12,179.51,360.62,0.7804,-1,-1,-1
400,239,1244.60,444.73,45.32,90.07,0.3263,-1,-1,-1
401,3,1069.60,399.44,235.11,619.69,0.8463,-1,-1,-1
401,136,984.83,410.40,112.05,527.24,0.6365,-1,-1,-1
401,142,715.44,465.83,52.66,146.16,0.4258,-1,-1,-1
401,148,908.31,437.71,60.98,166.23,0.5767,-1,-1,-1
401,179,1831.88,467.27,65.47,178.24,0.1933,-1,-1,-1
401,183,608.21,423.44,151.12,316.93,0.7724,-1,-1,-1
401,194,480.27,445.60,81.84,286.74,0.7210,-1,-1,-1
401,197,800.27,471.57,33.23,75.09,0.1628,-1,-1,-1
401,206,323.15,437.16,167.43,355.30,0.8149,-1,-1,-1
401,221,138.70,433.51,175.18,360.94,0.8138,-1,-1,-1
401,239,1243.71,445.50,45.70,89.04,0.3013,-1,-1,-1
402,3,1071.96,399.18,230.63,620.18,0.8371,-1,-1,-1
402,78,1847.27,392.27,72.25,260.39,0.2066,-1,-1,-1
402,136,985.64,410.54,111.27,527.22,0.6258,-1,-1,-1
402,142,715.71,462.54,54.19,147.48,0.4930,-1,-1,-1
402,148,903.45,438.60,69.62,170.29,0.5296,-1,-1,-1
402,179,1829.95,465.12,67.75,180.80,0.1904,-1,-1,-1
402,183,616.12,413.50,154.48,327.03,0.8022,-1,-1,-1
402,194,482.27,451.85,90.81,277.06,0.7227,-1,-1,-1
402,197,800.22,470.56,31.39,75.55,0.1688,-1,-1,-1
402,206,338.74,445.37,151.83,345.24,0.8265,-1,-1,-1
402,221,141.89,436.83,172.77,355.93,0.8097,-1,-1,-1
402,239,1243.69,446.37,40.03,87.29,0.2866,-1,-1,-1
403,3,1075.66,399.70,226.42,619.32,0.8374,-1,-1,-1
403,78,1869.21,387.05,50.84,258.04,0.2029,-1,-1,-1
403,136,964.84,417.06,134.99,523.93,0.6181,-1,-1,-1
403,142,715.95,464.83,53.96,145.66,0.4665,-1,-1,-1
403,148,901.10,442.05,76.33,168.77,0.3609,-1,-1,-1
403,179,1830.51,464.34,66.04,181.98,0.2007,-1,-1,-1
403,183,618.66,408.12,160.74,334.65,0.8362,-1,-1,-1
403,194,487.30,444.66,101.14,284.39,0.6049,-1,-1,-1
403,197,802.04,472.40,30.11,74.68,0.1706,-1,-1,-1
403,206,349.53,451.25,143.14,330.78,0.7468,-1,-1,-1
403,221,140.38,440.52,187.20,352.77,0.8042,-1,-1,-1
403,239,1245.24,445.29,34.41,89.40,0.2285,-1,-1,-1
404,3,1076.85,399.82,226.04,620.60,0.8292,-1,-1,-1
404,78,1873.32,386.35,46.20,260.22,0.1644,-1,-1,-1
404,136,963.41,417.66,135.54,524.62,0.6690,-1,-1,-1
404,142,715.68,463.10,51.95,148.11,0.4489,-1,-1,-1
404,148,897.39,448.91,52.45,161.99,0.5266,-1,-1,-1
404,179,1829.22,464.27,70.40,182.92,0.2491,-1,-1,-1
404,183,623.72,406.66,165.32,337.13,0.8026,-1,-1,-1
404,194,488.15,438.91,126.22,288.24,0.6407,-1,-1,-1
404,197,802.25,472.08,29.08,74.17,0.1576,-1,-1,-1
404,206,359.36,441.43,136.51,342.01,0.7212,-1,-1,-1
404,221,150.29,438.49,181.44,350.59,0.8272,-1,-1,-1
404,239,1243.26,444.36,35.12,90.29,0.3161,-1,-1,-1
405,3,1078.49,400.53,209.65,618.52,0.8327,-1,-1,-1
405,136,963.59,416.39,135.50,525.50,0.6857,-1,-1,-1
405,142,716.62,468.32,51.40,144.13,0.3761,-1,-1,-1
405,148,894.95,454.21,52.11,156.46,0.4059,-1,-1,-1
405,179,1830.86,467.59,71.14,177.94,0.2316,-1,-1,-1
405,183,627.23,417.72,166.70,327.03,0.7876,-1,-1,-1
405,194,494.40,445.74,127.34,282.57,0.6790,-1,-1,-1
405,197,802.46,472.07,29.14,75.12,0.1697,-1,-1,-1
405,206,383.43,435.12,110.60,341.26,0.7013,-1,-1,-1
405,221,154.68,436.27,174.21,351.30,0.8181,-1,-1,-1
405,239,1243.16,445.30,35.35,89.94,0.2975,-1,-1,-1
406,3,1076.10,398.74,209.02,621.28,0.8326,-1,-1,-1
406,78,1876.88,386.50,42.54,254.95,0.1881,-1,-1,-1
406,136,960.98,415.73,137.64,525.92,0.6972,-1,-1,-1
406,142,719.83,466.91,46.84,145.50,0.2246,-1,-1,-1
406,148,892.17,454.88,54.16,153.22,0.3654,-1,-1,-1
406,179,1829.90,465.06,70.70,179.05,0.2369,-1,-1,-1
406,183,632.15,423.94,165.35,319.63,0.7934,-1,-1,-1
406,194,498.65,449.34,123.03,278.26,0.6747,-1,-1,-1
406,196,837.42,466.57,32.75,82.07,0.1579,-1,-1,-1
406,197,802.05,470.54,29.80,77.08,0.1771,-1,-1,-1
406,206,399.26,433.30,98.63,337.84,0.7058,-1,-1,-1
406,221,159.47,435.63,168.48,353.37,0.8078,-1,-1,-1
406,239,1242.94,445.69,34.21,91.08,0.2224,-1,-1,-1
407,3,1075.68,396.00,203.05,622.83,0.8345,-1,-1,-1
407,136,957.54,418.28,139.68,522.89,0.7252,-1,-1,-1
407,148,887.84,458.64,56.29,149.54,0.3134,-1,-1,-1
407,179,1828.79,468.05,71.84,177.89,0.2956,-1,-1,-1
407,183,635.78,414.33,160.18,329.72,0.8542,-1,-1,-1
407,194,492.01,445.79,139.74,286.11,0.7085,-1,-1,-1
407,197,803.41,470.00,28.65,77.25,0.1602,-1,-1,-1
407,206,411.93,434.62,91.98,335.76,0.6732,-1,-1,-1
407,221,174.62,432.55,158.51,356.73,0.8025,-1,-1,-1
407,239,1243.57,444.68,33.86,94.36,0.3279,-1,-1,-1
407,242,376.90,463.48,39.35,53.76,0.2170,-1,-1,-1
408,3,1072.18,397.95,202.99,622.33,0.8385,-1,-1,-1
408,136,960.00,417.14,137.96,523.77,0.7102,-1,-1,-1
408,148,877.72,454.61,63.49,155.08,0.4993,-1,-1,-1
408,179,1828.17,463.83,76.59,184.96,0.3111,-1,-1,-1
408,183,641.39,419.70,156.04,325.44,0.8468,-1,-1,-1
408,194,499.83,437.98,139.92,291.89,0.7524,-1,-1,-1
408,197,802.34,467.87,29.21,79.15,0.1580,-1,-1,-1
408,206,404.44,433.75,105.57,336.89,0.6183,-1,-1,-1
408,221,188.81,433.46,146.87,350.79,0.7956,-1,-1,-1
408,239,1243.81,445.84,33.55,93.04,0.2567,-1,-1,-1
408,242,378.96,461.92,39.09,56.88,0.2392,-1,-1,-1
409,3,1073.43,399.55,198.95,619.43,0.8396,-1,-1,-1
409,136,959.63,416.79,140.43,523.47,0.7042,-1,-1,-1
409,148,874.91,444.09,64.89,166.16,0.6139,-1,-1,-1
409,179,1827.23,463.71,80.81,186.97,0.3070,-1,-1,-1
409,183,642.85,417.67,155.42,326.91,0.8314,-1,-1,-1
409,194,496.94,435.16,144.05,295.18,0.7534,-1,-1,-1
409,196,827.93,466.79,30.95,82.52,0.1529,-1,-1,-1
409,206,393.72,438.83,125.16,330.97,0.6158,-1,-1,-1
409,221,205.48,436.76,132.04,333.85,0.7235,-1,-1,-1
409,239,1242.07,446.26,34.34,95.62,0.3692,-1,-1,-1
409,242,381.62,460.78,37.62,59.87,0.1977,-1,-1,-1
409,243,927.09,448.96,55.02,161.93,0.2822,-1,-1,-1
410,3,1072.96,397.88,190.87,621.09,0.8459,-1,-1,-1
410,136,959.98,419.62,138.08,520.15,0.7097,-1,-1,-1
410,148,875.83,445.42,61.32,165.75,0.5706,-1,-1,-1
410,179,1831.70,462.79,73.84,187.42,0.2363,-1,-1,-1
410,183,644.38,410.13,155.41,334.59,0.8196,-1,-1,-1
410,194,514.00,440.03,126.98,281.39,0.7310,-1,-1,-1
410,196,826.84,466.71,32.26,82.48,0.1656,-1,-1,-1
410,206,420.65,439.45,115.47,331.38,0.5813,-1,-1,-1
410,221,226.63,435.50,117.87,335.96,0.6603,-1,-1,-1
410,239,1242.15,444.50,32.95,95.62,0.3118,-1,-1,-1
410,242,383.15,458.21,37.65,61.06,0.1969,-1,-1,-1
410,243,925.87,448.28,54.40,162.28,0.3895,-1,-1,-1
411,3,1071.56,398.27,185.22,620.65,0.8466,-1,-1,-1
411,136,958.32,421.61,140.36,517.61,0.7183,-1,-1,-1
411,148,875.82,441.00,61.69,169.80,0.5414,-1,-1,-1
411,179,1830.65,460.51,74.30,190.21,0.2022,-1,-1,-1
411,183,644.05,418.61,155.16,323.24,0.8266,-1,-1,-1
411,194,523.44,441.60,116.47,281.71,0.6935,-1,-1,-1
411,196,827.46,465.50,35.26,83.27,0.1635,-1,-1,-1
411,206,423.56,435.71,140.34,331.58,0.6699,-1,-1,-1
411,221,251.96,425.89,99.85,343.18,0.5466,-1,-1,-1
411,239,1239.81,443.65,35.56,90.03,0.3013,-1,-1,-1
411,242,382.56,459.10,38.55,60.79,0.1845,-1,-1,-1
411,243,924.64,447.25,56.84,162.50,0.2913,-1,-1,-1
412,3,1070.48,400.45,187.16,617.71,0.8433,-1,-1,-1
412,136,963.02,421.87,135.62,518.25,0.6861,-1,-1,-1
412,148,875.09,441.06,57.23,167.25,0.5160,-1,-1,-1
412,179,1830.25,462.59,74.21,188.10,0.2070,-1,-1,-1
412,183,644.25,402.40,155.39,340.76,0.8271,-1,-1,-1
412,194,529.81,436.86,112.84,283.86,0.7387,-1,-1,-1
412,196,825.64,466.88,30.91,81.78,0.1520,-1,-1,-1
412,197,800.23,467.73,33.88,79.90,0.1642,-1,-1,-1
412,206,415.37,436.10,156.01,331.93,0.6622,-1,-1,-1
412,221,265.18,426.62,99.30,343.70,0.7140,-1,-1,-1
412,239,1239.46,445.60,33.62,86.68,0.3083,-1,-1,-1
412,242,381.88,456.97,39.28,62.15,0.2084,-1,-1,-1
412,243,924.02,448.68,59.89,154.45,0.1738,-1,-1,-1
413,3,1070.91,402.09,186.83,616.60,0.8517,-1,-1,-1
413,136,958.56,421.46,141.56,518.49,0.7358,-1,-1,-1
413,148,876.48,439.97,54.30,167.40,0.4908,-1,-1,-1
413,179,1829.69,462.73,74.26,187.81,0.2477,-1,-1,-1
413,183,647.22,409.44,152.80,331.64,0.8041,-1,-1,-1
413,194,553.32,436.16,95.00,283.26,0.6173,-1,-1,-1
413,206,434.57,434.73,156.56,331.87,0.7120,-1,-1,-1
413,221,267.11,426.34,108.91,345.54,0.7256,-1,-1,-1
413,239,1239.76,445.50,30.71,86.86,0.1813,-1,-1,-1
413,242,380.59,457.34,40.42,60.90,0.1653,-1,-1,-1
413,243,924.28,446.96,47.15,136.43,0.2109,-1,-1,-1
414,3,1064.72,405.27,192.01,613.92,0.8609,-1,-1,-1
414,136,962.56,421.30,136.33,516.49,0.6944,-1,-1,-1
414,148,872.00,440.30,53.12,167.73,0.5953,-1,-1,-1
414,179,1831.22,461.71,76.44,188.96,0.2242,-1,-1,-1
414,183,654.72,427.28,144.14,312.75,0.8022,-1,-1,-1
414,194,559.90,438.13,93.14,282.20,0.6546,-1,-1,-1
414,197,800.29,466.27,32.96,80.86,0.1630,-1,-1,-1
414,206,435.71,437.91,159.77,328.64,0.7424,-1,-1,-1
414,221,269.82,424.47,113.94,348.29,0.6974,-1,-1,-1
414,239,1237.70,447.49,32.55,85.36,0.1534,-1,-1,-1
414,242,381.27,455.97,41.46,61.59,0.1567,-1,-1,-1
414,243,924.38,447.69,44.52,135.75,0.1899,-1,-1,-1
415,3,1063.18,408.98,193.85,610.39,0.8578,-1,-1,-1
415,136,964.82,419.04,131.26,519.46,0.7134,-1,-1,-1
415,148,872.23,441.43,49.79,166.59,0.7089,-1,-1,-1
415,179,1830.54,460.91,74.68,189.92,0.2733,-1,-1,-1
415,183,658.28,426.60,141.58,314.68,0.8065,-1,-1,-1
415,194,561.08,433.50,91.37,288.16,0.6037,-1,-1,-1
415,206,432.52,439.37,163.29,327.44,0.7651,-1,-1,-1
415,221,276.33,434.17,121.55,338.34,0.6673,-1,-1,-1
415,248,1170.13,408.46,120.49,246.95,0.2137,-1,-1,-1
415,249,1002.74,416.92,93.45,218.20,0.2411,-1,-1,-1
416,3,1060.48,412.14,198.32,607.63,0.8635,-1,-1,-1
416,136,964.61,418.90,130.83,519.73,0.7055,-1,-1,-1
416,148,869.73,440.32,51.65,165.96,0.6149,-1,-1,-1
416,179,1830.46,458.91,72.30,191.53,0.2521,-1,-1,-1
416,183,669.46,432.89,130.95,305.00,0.7949,-1,-1,-1
416,194,570.95,433.96,86.16,286.45,0.7328,-1,-1,-1
416,206,432.21,442.00,162.18,325.15,0.8114,-1,-1,-1
416,221,286.72,437.86,115.80,332.61,0.7310,-1,-1,-1
416,248,1168.04,408.25,118.04,256.02,0.2282,-1,-1,-1
416,249,1002.65,417.96,92.31,219.90,0.2067,-1,-1,-1
417,3,1062.26,408.32,198.48,612.32,0.8531,-1,-1,-1
417,136,970.05,416.48,126.63,518.17,0.6687,-1,-1,-1
417,148,868.47,438.71,50.86,167.14,0.6318,-1,-1,-1
417,179,1831.85,458.83,66.20,191.66,0.2814,-1,-1,-1
417,183,678.23,421.24,122.65,312.34,0.8032,-1,-1,-1
417,194,566.12,436.68,101.93,282.79,0.6752,-1,-1,-1
417,206,433.45,453.72,163.06,313.81,0.7914,-1,-1,-1
417,221,285.40,438.98,135.64,329.59,0.5963,-1,-1,-1
417,248,1171.99,424.70,134.41,359.90,0.1658,-1,-1,-1
417,249,1001.62,417.07,91.99,222.39,0.2042,-1,-1,-1
417,251,381.93,450.71,67.91,124.84,0.2006,-1,-1,-1
418,3,1059.15,403.62,201.73,616.82,0.8571,-1,-1,-1
418,136,968.41,418.35,126.48,520.05,0.6733,-1,-1,-1
418,148,867.98,439.87,48.40,164.66,0.5201,-1,-1,-1
418,179,1832.00,460.69,72.18,189.99,0.2818,-1,-1,-1
418,183,682.84,408.14,120.98,322.87,0.7854,-1,-1,-1
418,194,584.45,436.61,93.71,281.84,0.7154,-1,-1,-1
418,196,832.88,464.14,39.98,88.92,0.1687,-1,-1,-1
418,206,436.88,444.31,154.16,321.44,0.8080,-1,-1,-1
418,221,285.77,434.99,150.18,333.94,0.6847,-1,-1,-1
418,243,925.17,444.41,47.28,136.61,0.1693,-1,-1,-1
418,248,1192.83,420.15,120.86,288.91,0.3132,-1,-1,-1
418,251,410.67,459.16,43.18,114.75,0.1845,-1,-1,-1
419,3,1055.98,408.26,207.49,612.12,0.8489,-1,-1,-1
419,136,970.56,420.13,125.55,516.28,0.6839,-1,-1,-1
419,148,865.60,441.25,45.33,163.63,0.5455,-1,-1,-1
419,179,1831.89,459.00,71.45,190.26,0.2537,-1,-1,-1
419,183,688.86,404.15,120.84,327.11,0.8005,-1,-1,-1
419,194,588.62,437.54,90.27,279.63,0.7165,-1,-1,-1
419,206,440.32,435.64,158.61,327.81,0.8021,-1,-1,-1
419,221,287.32,439.04,162.40,330.54,0.7581,-1,-1,-1
419,243,923.03,444.69,49.88,136.62,0.2267,-1,-1,-1
419,248,1166.51,413.80,141.96,275.96,0.2146,-1,-1,-1
419,251,410.17,449.04,43.59,121.17,0.1834,-1,-1,-1
420,3,1053.26,409.71,216.78,611.11,0.8392,-1,-1,-1
420,136,970.92,414.08,123.28,523.32,0.5912,-1,-1,-1
420,148,860.89,444.43,46.37,161.82,0.2586,-1,-1,-1
420,179,1830.73,463.37,69.08,186.19,0.3114,-1,-1,-1
420,183,695.62,407.93,116.34,322.74,0.7801,-1,-1,-1
420,194,583.09,436.98,100.67,277.48,0.7141,-1,-1,-1
420,206,449.48,433.99,148.35,329.17,0.7691,-1,-1,-1
420,221,290.76,443.73,162.87,325.77,0.7820,-1,-1,-1
420,243,921.90,444.93,49.35,139.11,0.3280,-1,-1,-1
420,248,1165.23,430.07,137.67,446.22,0.2034,-1,-1,-1
420,251,408.08,449.64,46.22,122.97,0.2193,-1,-1,-1
421,3,1050.35,408.91,216.82,611.83,0.8237,-1,-1,-1
421,136,968.56,410.97,124.26,526.87,0.5962,-1,-1,-1
421,148,858.16,434.81,48.56,170.17,0.4992,-1,-1,-1
421,179,1832.90,465.26,73.68,184.49,0.2969,-1,-1,-1
421,183,696.55,424.17,110.34,307.26,0.7100,-1,-1,-1
421,194,587.46,440.09,114.68,277.03,0.7297,-1,-1,-1
421,206,446.32,433.78,149.39,327.06,0.7423,-1,-1,-1
421,221,288.55,438.10,168.55,330.49,0.7781,-1,-1,-1
421,243,921.50,444.74,50.33,140.33,0.2981,-1,-1,-1
421,248,1160.77,416.83,160.95,483.39,0.3393,-1,-1,-1
421,249,992.20,419.92,95.35,210.28,0.1738,-1,-1,-1
421,251,408.42,449.14,46.43,125.71,0.2224,-1,-1,-1
422,3,1046.19,405.83,215.57,615.81,0.8181,-1,-1,-1
422,136,968.29,412.71,124.93,525.12,0.5192,-1,-1,-1
422,148,860.37,440.14,47.63,159.00,0.4730,-1,-1,-1
422,179,1833.44,466.13,73.17,183.64,0.2935,-1,-1,-1
422,183,701.25,437.12,108.90,290.45,0.6477,-1,-1,-1
422,194,595.74,441.23,116.71,276.20,0.7147,-1,-1,-1
422,196,824.65,465.91,39.55,89.27,0.2398,-1,-1,-1
422,206,463.07,435.76,127.72,325.35,0.6973,-1,-1,-1
422,221,289.39,439.33,190.08,327.73,0.8234,-1,-1,-1
422,243,923.27,444.43,48.45,142.03,0.3064,-1,-1,-1
422,248,1157.17,409.99,165.55,500.29,0.5069,-1,-1,-1
422,251,408.05,448.18,48.33,123.40,0.1710,-1,-1,-1
423,3,1046.47,402.44,218.94,620.08,0.8158,-1,-1,-1
423,136,968.89,417.55,123.45,519.47,0.4221,-1,-1,-1
423,148,856.15,438.95,51.85,161.47,0.5994,-1,-1,-1
423,179,1833.27,466.38,71.03,183.67,0.3242,-1,-1,-1
423,183,707.39,437.54,105.82,290.81,0.6216,-1,-1,-1
423,194,602.20,444.16,125.53,271.89,0.7247,-1,-1,-1
423,206,473.12,438.29,118.08,318.30,0.7150,-1,-1,-1
423,221,289.25,435.47,187.00,330.88,0.7823,-1,-1,-1
423,243,923.20,444.70,49.77,142.24,0.4136,-1,-1,-1
423,248,1153.74,411.33,171.10,498.02,0.6565,-1,-1,-1
423,253,965.80,440.08,52.10,136.15,0.2071,-1,-1,-1
424,3,1049.15,397.98,216.39,627.11,0.7840,-1,-1,-1
424,136,967.57,475.04,123.65,461.87,0.4154,-1,-1,-1
424,148,850.22,439.04,53.41,163.71,0.5310,-1,-1,-1
424,179,1834.26,467.53,72.39,182.75,0.2767,-1,-1,-1
424,183,711.19,428.76,104.89,301.18,0.6345,-1,-1,-1
424,194,607.86,443.12,133.97,272.39,0.7743,-1,-1,-1
424,206,477.37,437.41,120.61,320.96,0.7190,-1,-1,-1
424,221,301.89,436.75,172.75,327.50,0.7751,-1,-1,-1
424,243,923.32,444.12,48.96,142.00,0.3051,-1,-1,-1
424,248,1149.75,410.96,176.63,506.11,0.5144,-1,-1,-1
424,253,963.27,437.47,58.17,136.57,0.1827,-1,-1,-1
425,3,1049.85,397.06,203.60,636.45,0.7196,-1,-1,-1
425,136,971.17,488.45,119.44,445.03,0.5235,-1,-1,-1
425,148,850.47,440.13,48.13,158.35,0.5434,-1,-1,-1
425,179,1833.83,463.71,78.51,186.38,0.2615,-1,-1,-1
425,183,713.34,416.75,118.05,309.14,0.7298,-1,-1,-1
425,194,609.30,451.24,129.38,264.81,0.7359,-1,-1,-1
425,206,490.13,439.50,110.41,318.73,0.6382,-1,-1,-1
425,221,312.60,438.43,163.44,325.18,0.7791,-1,-1,-1
425,243,921.86,447.34,50.44,140.10,0.2825,-1,-1,-1
425,248,1162.78,411.82,162.84,514.70,0.6058,-1,-1,-1
426,3,1051.48,397.55,198.45,640.01,0.7134,-1,-1,-1
426,136,971.00,490.54,118.87,440.53,0.5296,-1,-1,-1
426,148,848.26,438.80,47.04,159.04,0.5962,-1,-1,-1
426,179,1844.63,439.33,74.00,203.45,0.2891,-1,-1,-1
426,183,714.03,409.43,117.35,316.25,0.7548,-1,-1,-1
426,194,609.50,448.78,133.03,268.85,0.7209,-1,-1,-1
426,206,522.36,438.10,91.62,315.17,0.6456,-1,-1,-1
426,221,324.33,432.74,150.42,331.67,0.7910,-1,-1,-1
426,243,920.28,445.80,51.57,142.10,0.3923,-1,-1,-1
426,248,1163.57,410.38,163.81,520.91,0.5905,-1,-1,-1
426,255,1235.28,434.48,83.20,159.20,0.1655,-1,-1,-1
427,3,1056.00,401.31,181.38,637.66,0.6815,-1,-1,-1
427,136,973.00,440.51,118.33,488.03,0.4413,-1,-1,-1
427,148,843.79,436.91,49.44,162.68,0.4927,-1,-1,-1
427,183,720.96,410.33,109.70,316.74,0.7453,-1,-1,-1
427,194,608.62,450.11,131.06,268.06,0.7151,-1,-1,-1
427,206,519.45,438.79,94.81,315.06,0.6316,-1,-1,-1
427,221,332.13,433.56,147.47,325.03,0.7857,-1,-1,-1
427,243,919.71,449.02,52.74,139.38,0.2648,-1,-1,-1
427,248,1157.05,407.84,175.85,527.17,0.4894,-1,-1,-1
427,253,963.17,437.13,64.32,137.14,0.1711,-1,-1,-1
427,255,1240.61,430.30,75.09,159.84,0.2080,-1,-1,-1
427,256,1737.73,342.66,180.85,578.64,0.5302,-1,-1,-1
428,3,1060.33,407.95,162.98,615.51,0.6656,-1,-1,-1
428,136,973.16,433.71,121.49,491.32,0.5751,-1,-1,-1
428,148,841.15,442.67,50.65,156.77,0.5167,-1,-1,-1
428,183,723.58,421.07,116.91,307.56,0.7233,-1,-1,-1
428,194,606.08,446.11,132.76,269.08,0.6944,-1,-1,-1
428,206,500.20,437.54,117.23,318.57,0.6651,-1,-1,-1
428,221,351.29,437.67,129.07,314.80,0.7383,-1,-1,-1
428,243,921.31,450.32,52.14,138.28,0.1849,-1,-1,-1
428,248,1146.78,414.30,179.32,614.21,0.4303,-1,-1,-1
428,253,963.31,441.65,58.16,146.34,0.2163,-1,-1,-1
428,255,1248.80,428.93,77.50,160.41,0.2946,-1,-1,-1
428,256,1681.26,325.70,238.69,629.82,0.6094,-1,-1,-1
429,3,1060.41,401.85,164.09,617.46,0.6603,-1,-1,-1
429,136,974.24,455.72,119.14,476.74,0.5121,-1,-1,-1
429,148,835.44,454.42,52.56,145.96,0.1554,-1,-1,-1
429,183,726.92,437.24,117.90,290.70,0.7137,-1,-1,-1
429,194,620.96,439.89,116.59,273.44,0.7092,-1,-1,-1
429,206,497.47,438.80,132.26,316.48,0.6047,-1,-1,-1
429,221,371.28,438.73,112.85,313.21,0.7167,-1,-1,-1
429,243,913.69,485.84,64.08,107.18,0.2488,-1,-1,-1
429,248,1144.28,414.77,184.07,638.36,0.3509,-1,-1,-1
429,255,1250.97,430.39,83.42,162.23,0.2327,-1,-1,-1
429,256,1630.71,317.07,292.48,629.40,0.4658,-1,-1,-1
430,3,1063.52,403.36,164.43,625.44,0.6897,-1,-1,-1
430,136,975.31,443.79,119.25,484.20,0.5747,-1,-1,-1
430,148,840.48,439.52,44.91,153.27,0.3813,-1,-1,-1
430,183,728.50,431.95,121.55,295.25,0.6791,-1,-1,-1
430,194,638.56,441.46,101.92,271.41,0.6008,-1,-1,-1
430,206,512.12,438.07,142.48,317.86,0.5809,-1,-1,-1
430,221,378.16,437.66,107.48,309.34,0.7392,-1,-1,-1
430,243,914.75,493.83,61.52,96.55,0.2381,-1,-1,-1
430,248,1147.30,415.60,183.99,644.10,0.3102,-1,-1,-1
430,255,1255.14,431.19,86.11,227.69,0.3140,-1,-1,-1
430,256,1579.21,314.27,342.85,632.46,0.4810,-1,-1,-1
430,257,1282.23,323.01,638.32,750.34,0.2188,-1,-1,-1
431,3,1066.83,404.83,163.37,632.10,0.6787,-1,-1,-1
431,78,1876.44,377.90,42.94,224.31,0.1519,-1,-1,-1
431,136,976.30,437.67,121.04,488.94,0.5673,-1,-1,-1
431,148,840.21,440.90,42.51,153.33,0.5894,-1,-1,-1
431,183,725.73,429.26,124.53,298.55,0.6867,-1,-1,-1
431,194,643.22,441.60,96.56,265.05,0.5394,-1,-1,-1
431,206,540.52,442.51,129.23,312.68,0.6327,-1,-1,-1
431,221,383.89,438.10,106.78,306.46,0.7315,-1,-1,-1
431,243,915.79,495.74,59.39,93.51,0.1621,-1,-1,-1
431,248,1143.06,416.12,182.21,654.27,0.3017,-1,-1,-1
431,255,1256.53,424.88,92.96,253.28,0.3478,-1,-1,-1
431,256,1536.96,304.08,382.03,711.47,0.7132,-1,-1,-1
431,258,1182.47,414.89,139.83,386.70,0.2199,-1,-1,-1
432,3,1070.48,408.21,172.48,630.66,0.7301,-1,-1,-1
432,78,1852.55,395.67,64.64,248.18,0.1861,-1,-1,-1
432,136,977.08,444.80,121.60,484.65,0.5619,-1,-1,-1
432,148,836.55,442.86,46.07,150.66,0.6308,-1,-1,-1
432,183,727.04,421.83,124.68,304.19,0.6501,-1,-1,-1
432,194,658.60,448.02,79.27,255.57,0.4660,-1,-1,-1
432,206,546.31,441.47,135.81,314.27,0.6600,-1,-1,-1
432,221,386.92,440.50,109.07,309.39,0.7041,-1,-1,-1
432,255,1262.11,419.59,95.21,259.16,0.4262,-1,-1,-1
432,256,1491.96,300.83,428.23,718.33,0.8272,-1,-1,-1
432,258,1178.87,410.09,146.47,385.22,0.5700,-1,-1,-1
433,3,1075.00,409.56,166.41,610.51,0.7189,-1,-1,-1
433,136,979.59,424.81,127.74,503.10,0.5651,-1,-1,-1
433,148,834.77,438.51,47.46,155.86,0.6024,-1,-1,-1
433,183,733.10,428.10,120.66,296.85,0.6891,-1,-1,-1
433,194,666.65,446.59,82.55,256.68,0.4262,-1,-1,-1
433,206,541.91,443.07,146.42,314.12,0.6804,-1,-1,-1
433,221,395.05,441.31,110.04,306.41,0.6753,-1,-1,-1
433,255,1266.69,415.71,94.89,263.68,0.3078,-1,-1,-1
433,256,1442.96,305.10,477.60,713.77,0.7811,-1,-1,-1
433,258,1184.66,412.93,149.93,386.27,0.6480,-1,-1,-1
434,3,1074.81,400.45,159.86,543.42,0.4761,-1,-1,-1
434,136,982.37,422.78,136.09,518.40,0.6455,-1,-1,-1
434,148,833.09,437.58,46.50,152.03,0.2677,-1,-1,-1
434,179,1832.05,462.77,75.09,187.44,0.2089,-1,-1,-1
434,183,738.95,416.75,115.68,308.95,0.6974,-1,-1,-1
434,194,668.30,449.41,86.97,253.83,0.4125,-1,-1,-1
434,206,546.45,446.25,141.22,310.48,0.7810,-1,-1,-1
434,221,402.87,440.74,108.15,306.50,0.6780,-1,-1,-1
434,255,1272.12,419.98,93.03,294.45,0.3896,-1,-1,-1
434,256,1399.05,303.62,496.11,709.40,0.7413,-1,-1,-1
434,258,1188.93,403.30,129.00,333.33,0.4600,-1,-1,-1
435,3,1081.57,403.36,167.36,401.74,0.6219,-1,-1,-1
435,136,984.62,417.40,138.37,487.87,0.7033,-1,-1,-1
435,148,832.15,443.79,46.83,149.25,0.1965,-1,-1,-1
435,179,1832.13,466.99,74.92,183.11,0.2772,-1,-1,-1
435,183,744.68,423.39,110.11,300.87,0.6920,-1,-1,-1
435,194,687.31,433.55,76.12,270.22,0.5283,-1,-1,-1
435,206,546.29,444.59,145.81,311.93,0.7972,-1,-1,-1
435,221,414.44,436.40,106.62,312.36,0.7632,-1,-1,-1
435,255,1277.88,418.49,93.85,300.19,0.5585,-1,-1,-1
435,256,1360.29,304.56,459.19,707.47,0.4192,-1,-1,-1
435,258,1193.66,403.89,127.46,304.06,0.6139,-1,-1,-1
436,3,1089.15,412.31,163.95,411.75,0.6527,-1,-1,-1
436,136,997.39,417.59,134.61,393.57,0.6310,-1,-1,-1
436,148,830.00,437.64,45.57,152.23,0.2430,-1,-1,-1
436,179,1833.98,464.55,72.04,183.24,0.2236,-1,-1,-1
436,183,753.04,425.30,102.83,295.36,0.6591,-1,-1,-1
436,194,697.93,437.02,76.00,272.63,0.4716,-1,-1,-1
436,206,544.11,440.73,148.98,315.53,0.7819,-1,-1,-1
436,221,415.06,436.83,112.10,311.89,0.7579,-1,-1,-1
436,255,1276.77,412.43,84.73,289.60,0.1859,-1,-1,-1
436,256,1303.54,312.87,447.98,697.41,0.8393,-1,-1,-1
436,258,1190.33,412.86,134.59,384.27,0.5850,-1,-1,-1
436,261,539.27,448.47,57.66,174.36,0.2481,-1,-1,-1
437,3,1096.29,402.62,156.70,438.39,0.6934,-1,-1,-1
437,136,999.18,421.26,135.18,397.96,0.6796,-1,-1,-1
437,179,1833.12,464.35,74.00,182.57,0.2831,-1,-1,-1
437,183,758.50,414.03,97.69,304.46,0.5660,-1,-1,-1
437,194,707.69,431.08,75.50,278.47,0.4959,-1,-1,-1
437,206,546.32,439.66,147.94,318.04,0.7818,-1,-1,-1
437,221,414.97,439.20,119.61,312.65,0.7788,-1,-1,-1
437,256,1198.97,321.47,484.25,697.82,0.8074,-1,-1,-1
437,258,1198.24,401.39,138.75,319.37,0.5320,-1,-1,-1
437,261,541.91,446.20,58.91,179.20,0.1830,-1,-1,-1
438,3,1100.10,393.51,157.43,458.94,0.8135,-1,-1,-1
438,136,1001.60,424.42,134.82,408.94,0.6853,-1,-1,-1
438,179,1834.30,464.40,73.02,181.55,0.2913,-1,-1,-1
438,183,771.08,414.45,87.90,304.43,0.5403,-1,-1,-1
438,194,708.08,429.80,85.73,280.44,0.5468,-1,-1,-1
438,206,547.30,442.26,148.84,310.71,0.7835,-1,-1,-1
438,221,419.20,432.39,121.48,318.38,0.8064,-1,-1,-1
438,256,1198.98,329.91,411.44,697.19,0.7265,-1,-1,-1
439,3,1100.76,426.97,154.76,431.46,0.5206,-1,-1,-1
439,136,998.76,422.51,141.05,428.26,0.7034,-1,-1,-1
439,179,1832.51,465.83,68.68,181.25,0.3629,-1,-1,-1
439,183,771.37,436.03,90.33,282.95,0.5407,-1,-1,-1
439,194,708.34,437.02,89.05,275.30,0.4629,-1,-1,-1
439,206,550.27,439.07,146.95,315.00,0.7898,-1,-1,-1
439,221,422.34,440.29,126.47,306.84,0.7601,-1,-1,-1
439,256,1156.43,336.03,391.53,698.89,0.7736,-1,-1,-1
440,3,1098.89,474.29,130.52,299.36,0.2857,-1,-1,-1
440,78,1876.03,457.00,43.53,190.83,0.1545,-1,-1,-1
440,136,997.81,424.86,148.60,444.36,0.7793,-1,-1,-1
440,179,1832.79,466.12,64.37,179.70,0.4015,-1,-1,-1
440,183,772.21,442.59,89.25,274.38,0.5879,-1,-1,-1
440,194,709.39,438.97,86.17,272.36,0.5190,-1,-1,-1
440,206,550.73,441.27,147.11,313.27,0.7790,-1,-1,-1
440,221,427.89,438.37,124.53,305.13,0.7015,-1,-1,-1
440,256,1098.22,355.01,383.81,676.86,0.7386,-1,-1,-1
441,136,997.92,432.48,139.24,404.91,0.4471,-1,-1,-1
441,179,1833.78,466.59,69.63,181.91,0.4006,-1,-1,-1
441,183,776.12,434.46,86.62,276.66,0.5725,-1,-1,-1
441,194,710.34,448.00,101.13,264.01,0.5611,-1,-1,-1
441,206,551.79,441.20,145.82,312.49,0.7497,-1,-1,-1
441,221,437.06,438.93,115.27,301.70,0.6949,-1,-1,-1
441,243,918.33,482.77,54.20,105.87,0.1640,-1,-1,-1
441,256,1045.78,360.49,366.70,665.95,0.7501,-1,-1,-1
442,136,997.01,439.42,129.96,320.35,0.2689,-1,-1,-1
442,179,1834.29,465.89,66.37,182.07,0.3565,-1,-1,-1
442,183,777.71,428.27,88.96,280.96,0.5491,-1,-1,-1
442,194,710.54,448.97,117.62,263.33,0.5513,-1,-1,-1
442,206,562.49,439.14,136.36,309.72,0.7672,-1,-1,-1
442,221,443.74,437.08,106.99,309.96,0.6983,-1,-1,-1
442,243,918.36,482.25,54.87,106.11,0.1903,-1,-1,-1
442,256,1002.74,365.99,352.45,653.15,0.7933,-1,-1,-1
442,264,1304.60,432.42,154.33,325.09,0.7322,-1,-1,-1
442,265,359.04,468.24,68.99,155.05,0.2722,-1,-1,-1
442,266,531.34,447.32,55.29,166.46,0.1911,-1,-1,-1
443,179,1834.81,465.89,67.63,181.41,0.2927,-1,-1,-1
443,183,784.90,427.22,81.02,283.75,0.6366,-1,-1,-1
443,194,709.63,442.98,116.27,267.99,0.5489,-1,-1,-1
443,206,568.63,437.81,131.54,311.36,0.7967,-1,-1,-1
443,221,450.78,441.00,104.58,301.56,0.7198,-1,-1,-1
443,256,960.08,362.61,344.45,651.57,0.8091,-1,-1,-1
443,264,1311.99,431.92,148.33,326.78,0.6966,-1,-1,-1
443,265,347.80,471.41,76.90,170.78,0.4141,-1,-1,-1
443,266,537.68,450.19,49.86,159.41,0.2996,-1,-1,-1
444,3,1174.38,438.15,109.37,246.48,0.2363,-1,-1,-1
444,179,1834.76,466.89,68.66,181.43,0.3263,-1,-1,-1
444,183,786.89,431.57,86.24,279.80,0.5144,-1,-1,-1
444,194,709.08,443.10,133.32,267.81,0.5969,-1,-1,-1
444,196,847.11,462.94,35.75,88.72,0.1773,-1,-1,-1
444,206,582.35,436.70,117.87,307.76,0.7455,-1,-1,-1
444,221,463.42,434.90,97.31,305.17,0.7625,-1,-1,-1
444,243,916.40,483.26,71.88,105.30,0.1599,-1,-1,-1
444,256,918.04,361.22,332.02,650.70,0.8146,-1,-1,-1
444,261,580.64,447.54,57.65,184.05,0.2723,-1,-1,-1
444,264,1314.71,432.81,144.25,330.05,0.6652,-1,-1,-1
444,265,322.86,498.26,96.95,142.91,0.2437,-1,-1,-1
444,266,540.52,448.52,47.81,159.94,0.2258,-1,-1,-1
444,268,1236.10,431.68,120.79,414.46,0.5233,-1,-1,-1
444,269,413.67,469.83,39.95,99.80,0.3497,-1,-1,-1
445,3,1147.08,420.91,148.26,259.40,0.1905,-1,-1,-1
445,179,1832.81,468.08,72.45,179.95,0.2901,-1,-1,-1
445,183,783.00,438.54,93.27,275.28,0.5035,-1,-1,-1
445,194,710.12,445.96,94.11,262.69,0.4195,-1,-1,-1
445,196,847.42,462.14,33.39,88.85,0.2064,-1,-1,-1
445,206,589.04,438.28,111.55,306.29,0.7546,-1,-1,-1
445,221,469.21,433.63,100.66,300.11,0.7622,-1,-1,-1
445,256,877.06,348.71,339.02,660.67,0.7808,-1,-1,-1
445,264,1327.06,432.83,132.14,327.92,0.7329,-1,-1,-1
445,265,326.03,506.63,77.89,131.88,0.1841,-1,-1,-1
445,268,1236.32,428.73,131.59,374.15,0.4101,-1,-1,-1
445,269,416.14,469.50,39.64,101.14,0.2935,-1,-1,-1
445,270,801.76,433.92,49.48,112.83,0.1638,-1,-1,-1
445,271,1142.18,410.18,209.09,507.91,0.5944,-1,-1,-1
445,272,1668.72,431.25,63.58,157.61,0.1617,-1,-1,-1
446,179,1831.99,469.61,70.90,178.69,0.3500,-1,-1,-1
446,183,791.47,427.10,87.64,284.12,0.5670,-1,-1,-1
446,194,711.50,452.51,109.86,256.84,0.4566,-1,-1,-1
446,206,607.76,439.34,94.02,302.77,0.6878,-1,-1,-1
446,221,469.19,434.82,106.61,292.28,0.7218,-1,-1,-1
446,256,846.94,341.01,325.64,654.16,0.7817,-1,-1,-1
446,261,588.71,455.05,53.64,198.75,0.4857,-1,-1,-1
446,264,1335.44,432.05,123.11,328.85,0.7052,-1,-1,-1
446,265,273.71,515.35,128.77,152.35,0.2187,-1,-1,-1
446,268,1241.28,429.84,125.82,404.45,0.4982,-1,-1,-1
446,269,417.14,475.06,41.08,96.45,0.3089,-1,-1,-1
446,271,1135.44,429.28,196.22,634.58,0.7606,-1,-1,-1
446,273,378.25,470.28,51.93,103.00,0.1876,-1,-1,-1
446,274,734.67,455.63,46.24,113.49,0.1515,-1,-1,-1
447,179,1832.28,469.93,67.95,177.89,0.2778,-1,-1,-1
447,183,791.44,430.49,81.39,273.33,0.2874,-1,-1,-1
447,194,716.34,451.63,104.16,255.78,0.3905,-1,-1,-1
447,206,611.07,431.71,95.94,310.22,0.6747,-1,-1,-1
447,221,473.25,430.03,107.24,296.36,0.6847,-1,-1,-1
447,249,1068.76,420.51,115.14,355.18,0.4480,-1,-1,-1
447,256,801.36,332.03,335.70,654.14,0.7790,-1,-1,-1
447,261,587.53,459.06,60.09,195.03,0.3195,-1,-1,-1
447,264,1341.68,430.72,118.87,329.48,0.6714,-1,-1,-1
447,265,298.44,508.02,92.36,148.50,0.3330,-1,-1,-1
447,268,1236.39,422.92,126.90,416.96,0.3028,-1,-1,-1
447,269,415.76,474.83,37.82,97.88,0.2297,-1,-1,-1
447,271,1133.47,414.56,193.63,656.19,0.7874,-1,-1,-1
447,273,380.24,467.96,48.11,105.23,0.2504,-1,-1,-1
448,179,1831.65,469.23,72.91,178.85,0.2747,-1,-1,-1
448,183,789.13,455.66,74.00,230.73,0.1512,-1,-1,-1
448,194,726.15,443.74,129.04,264.55,0.4143,-1,-1,-1
448,206,602.47,435.13,109.23,309.33,0.6112,-1,-1,-1
448,221,483.64,435.07,102.65,282.41,0.5846,-1,-1,-1
448,249,1057.55,429.54,128.53,490.91,0.5338,-1,-1,-1
448,256,769.24,331.91,335.49,642.97,0.7762,-1,-1,-1
448,258,1244.11,422.03,125.77,353.21,0.3715,-1,-1,-1
448,261,585.96,453.79,61.94,195.73,0.1552,-1,-1,-1
448,264,1346.57,420.14,117.66,342.67,0.7805,-1,-1,-1
448,265,295.76,508.08,88.28,136.23,0.3316,-1,-1,-1
448,269,415.36,473.27,39.11,99.69,0.2386,-1,-1,-1
448,271,1137.88,421.14,197.25,650.32,0.7742,-1,-1,-1
449,179,1830.82,469.59,73.30,179.33,0.3384,-1,-1,-1
449,206,632.38,435.06,89.91,307.91,0.5937,-1,-1,-1
449,221,483.59,438.26,107.24,282.77,0.7029,-1,-1,-1
449,249,1031.18,421.19,156.57,534.03,0.8012,-1,-1,-1
449,256,732.38,332.00,333.87,646.66,0.7323,-1,-1,-1
449,258,1244.48,417.38,123.67,329.03,0.5109,-1,-1,-1
449,264,1349.87,420.80,114.67,340.57,0.7502,-1,-1,-1
449,265,287.90,506.83,90.61,139.81,0.3285,-1,-1,-1
449,269,415.58,472.78,38.32,99.47,0.2568,-1,-1,-1
449,271,1142.16,426.98,189.25,641.53,0.7308,-1,-1,-1
450,179,1832.18,468.16,75.32,180.30,0.3342,-1,-1,-1
450,206,636.57,434.90,86.52,301.75,0.6592,-1,-1,-1
450,221,484.83,435.52,107.34,287.06,0.6995,-1,-1,-1
450,249,1033.86,414.03,159.54,548.60,0.7720,-1,-1,-1
450,256,698.79,337.35,330.54,631.15,0.7551,-1,-1,-1
450,258,1256.37,425.70,113.00,328.98,0.2406,-1,-1,-1
450,261,601.52,471.48,58.99,169.40,0.2313,-1,-1,-1
450,264,1352.12,420.74,119.90,340.02,0.7540,-1,-1,-1
450,265,281.86,520.75,90.46,128.15,0.3498,-1,-1,-1
450,269,415.95,473.58,38.98,98.85,0.3014,-1,-1,-1
450,271,1142.75,419.61,219.19,644.08,0.8144,-1,-1,-1
451,179,1833.27,467.21,80.88,182.79,0.2801,-1,-1,-1
451,206,645.73,439.63,79.96,299.41,0.6661,-1,-1,-1
451,221,488.54,433.88,124.53,291.62,0.6383,-1,-1,-1
451,249,1036.27,411.99,159.46,550.96,0.7848,-1,-1,-1
451,256,662.84,341.54,334.63,640.48,0.7165,-1,-1,-1
451,258,1258.68,425.99,110.22,326.65,0.2700,-1,-1,-1
451,261,602.80,476.41,59.08,161.25,0.2805,-1,-1,-1
451,264,1351.43,417.57,126.93,346.55,0.7266,-1,-1,-1
451,265,274.31,519.35,86.56,120.10,0.2213,-1,-1,-1
451,269,415.36,473.10,39.40,99.53,0.2131,-1,-1,-1
451,271,1130.39,418.23,268.51,648.88,0.8218,-1,-1,-1
451,272,1668.86,431.65,59.74,155.59,0.1535,-1,-1,-1
451,277,1717.33,442.03,65.99,143.57,0.1756,-1,-1,-1
452,179,1835.78,465.60,69.30,182.33,0.2410,-1,-1,-1
452,206,642.45,459.24,76.02,250.39,0.2744,-1,-1,-1
452,221,487.69,433.45,131.74,290.93,0.7213,-1,-1,-1
452,243,919.78,496.27,56.37,89.93,0.3079,-1,-1,-1
452,249,1041.05,414.66,159.44,547.11,0.7996,-1,-1,-1
452,256,640.45,350.15,319.43,635.35,0.7142,-1,-1,-1
452,258,1264.29,440.84,118.68,255.58,0.1557,-1,-1,-1
452,261,604.99,479.03,62.21,162.20,0.2734,-1,-1,-1
452,264,1359.37,417.48,127.83,346.76,0.7840,-1,-1,-1
452,268,1265.70,429.90,129.56,426.59,0.1779,-1,-1,-1
452,269,415.86,470.55,39.30,101.77,0.2986,-1,-1,-1
452,271,1086.61,415.48,318.91,652.26,0.7163,-1,-1,-1
452,273,377.64,470.92,51.25,101.15,0.2169,-1,-1,-1
453,179,1834.53,463.48,68.96,185.06,0.2483,-1,-1,-1
453,221,496.78,437.49,123.64,285.68,0.7164,-1,-1,-1
453,243,915.85,500.39,61.96,87.00,0.2429,-1,-1,-1
453,249,1048.47,415.31,149.26,543.02,0.7941,-1,-1,-1
453,256,584.07,361.96,355.06,678.13,0.5392,-1,-1,-1
453,258,1278.62,431.37,104.60,255.41,0.1578,-1,-1,-1
453,261,619.38,476.54,49.65,161.09,0.3526,-1,-1,-1
453,264,1366.78,418.00,123.60,345.46,0.8185,-1,-1,-1
453,269,416.59,469.91,39.59,101.18,0.2457,-1,-1,-1
453,271,1154.10,416.23,288.77,643.88,0.8065,-1,-1,-1
453,273,378.69,469.70,51.79,101.79,0.2063,-1,-1,-1
453,277,1673.62,432.28,105.13,158.11,0.1584,-1,-1,-1
454,179,1833.71,465.31,82.60,185.24,0.2189,-1,-1,-1
454,221,506.42,438.22,103.46,284.10,0.7771,-1,-1,-1
454,243,916.82,502.99,62.08,85.07,0.1641,-1,-1,-1
454,249,1048.24,416.27,156.09,538.41,0.7734,-1,-1,-1
454,256,538.06,372.10,371.19,652.82,0.6765,-1,-1,-1
454,264,1369.56,417.90,126.37,349.59,0.8183,-1,-1,-1
454,265,250.89,513.68,89.90,122.34,0.3556,-1,-1,-1
454,269,417.77,467.78,40.10,103.13,0.3449,-1,-1,-1
454,271,1148.66,408.31,302.95,661.74,0.7957,-1,-1,-1
454,273,379.36,467.81,48.54,104.27,0.2484,-1,-1,-1
454,279,584.54,458.07,50.41,170.72,0.3216,-1,-1,-1
455,179,1835.40,459.24,82.58,190.96,0.1806,-1,-1,-1
455,183,819.87,420.74,76.78,287.97,0.6186,-1,-1,-1
455,221,515.70,453.95,86.98,262.90,0.6617,-1,-1,-1
455,243,915.58,505.80,59.90,82.16,0.1686,-1,-1,-1
455,249,1052.75,419.24,173.70,542.27,0.7695,-1,-1,-1
455,256,496.54,389.62,374.63,621.56,0.6362,-1,-1,-1
455,264,1371.96,419.00,129.76,348.76,0.8235,-1,-1,-1
455,265,242.34,518.33,90.90,122.90,0.5262,-1,-1,-1
455,269,417.42,466.74,40.16,103.96,0.3155,-1,-1,-1
455,271,1149.86,420.64,300.08,655.97,0.7105,-1,-1,-1
455,273,379.63,464.63,50.02,107.60,0.2481,-1,-1,-1
456,179,1827.89,468.66,85.73,184.53,0.1856,-1,-1,-1
456,183,810.19,419.87,91.69,290.10,0.5994,-1,-1,-1
456,249,1056.69,421.08,169.26,540.11,0.7770,-1,-1,-1
456,256,461.29,393.49,376.78,653.05,0.7105,-1,-1,-1
456,258,1291.03,434.23,104.21,242.68,0.1663,-1,-1,-1
456,264,1375.68,420.21,131.94,354.09,0.8206,-1,-1,-1
456,265,239.09,515.66,87.91,120.79,0.2714,-1,-1,-1
456,269,415.95,468.30,41.53,103.90,0.3588,-1,-1,-1
456,271,1150.24,424.49,308.23,653.19,0.7528,-1,-1,-1
456,273,380.81,463.89,48.65,109.14,0.3276,-1,-1,-1
456,277,1675.96,430.22,111.56,154.19,0.1891,-1,-1,-1
457,179,1830.91,467.58,80.42,184.64,0.2021,-1,-1,-1
457,183,805.06,411.32,99.92,297.64,0.6822,-1,-1,-1
457,249,1062.28,421.08,164.40,541.32,0.8057,-1,-1,-1
457,256,407.83,395.21,384.33,646.02,0.6780,-1,-1,-1
457,264,1378.14,420.80,136.19,358.26,0.8461,-1,-1,-1
457,265,228.35,513.59,94.53,115.58,0.3941,-1,-1,-1
457,269,415.52,471.02,43.04,101.15,0.3422,-1,-1,-1
457,271,1151.80,411.58,286.68,663.50,0.8216,-1,-1,-1
457,273,381.40,465.37,47.07,108.02,0.2875,-1,-1,-1
457,277,1704.63,433.95,81.63,149.99,0.1878,-1,-1,-1
458,179,1831.79,452.07,84.64,198.15,0.2222,-1,-1,-1
458,183,808.21,416.39,98.26,291.73,0.6737,-1,-1,-1
458,206,687.01,442.10,86.07,287.78,0.4972,-1,-1,-1
458,249,1070.49,419.12,157.47,538.21,0.8052,-1,-1,-1
458,256,377.49,391.53,392.38,675.77,0.7582,-1,-1,-1
458,264,1387.66,422.18,133.77,359.16,0.8285,-1,-1,-1
458,265,219.74,519.22,93.31,117.63,0.4044,-1,-1,-1
458,269,415.31,471.72,41.05,100.46,0.2668,-1,-1,-1
458,271,1152.46,415.25,302.34,659.39,0.8403,-1,-1,-1
458,273,380.36,465.73,47.38,107.40,0.2646,-1,-1,-1
458,277,1706.30,434.93,78.72,148.48,0.1828,-1,-1,-1
458,286,782.30,438.94,41.10,118.55,0.1999,-1,-1,-1
459,179,1830.87,442.60,86.12,207.20,0.2300,-1,-1,-1
459,183,820.33,420.81,82.58,283.15,0.5967,-1,-1,-1
459,206,684.97,443.47,113.93,290.57,0.4898,-1,-1,-1
459,249,1077.80,418.47,154.91,544.82,0.7697,-1,-1,-1
459,256,342.95,386.45,395.55,686.36,0.8433,-1,-1,-1
459,264,1392.20,424.26,148.63,361.32,0.8362,-1,-1,-1
459,265,209.40,522.58,95.13,124.01,0.3800,-1,-1,-1
459,271,1154.59,415.07,316.29,660.41,0.8348,-1,-1,-1
459,273,380.90,467.27,46.81,105.93,0.3060,-1,-1,-1
459,277,1713.07,436.36,72.78,147.53,0.1924,-1,-1,-1
460,179,1831.56,446.25,86.12,205.35,0.2572,-1,-1,-1
460,183,822.12,423.32,88.01,278.14,0.5388,-1,-1,-1
460,206,668.28,440.75,132.83,294.68,0.6884,-1,-1,-1
460,243,920.28,491.76,64.35,93.89,0.1649,-1,-1,-1
460,249,1088.69,419.00,149.74,546.46,0.7161,-1,-1,-1
460,256,303.19,385.92,408.99,676.64,0.6818,-1,-1,-1
460,264,1398.32,424.04,162.29,363.43,0.8449,-1,-1,-1
460,265,201.24,520.90,96.46,116.35,0.4016,-1,-1,-1
460,271,1159.13,412.11,306.22,661.05,0.8425,-1,-1,-1
460,277,1698.45,433.94,84.94,151.68,0.1765,-1,-1,-1
461,179,1832.08,448.42,85.99,203.19,0.2019,-1,-1,-1
461,183,817.04,414.75,100.64,286.22,0.5821,-1,-1,-1
461,206,650.48,439.53,151.97,298.28,0.7448,-1,-1,-1
461,249,1101.26,423.19,150.74,553.02,0.7145,-1,-1,-1
461,256,280.71,368.00,401.42,706.82,0.8019,-1,-1,-1
461,264,1401.14,425.77,166.20,364.57,0.8553,-1,-1,-1
461,265,192.16,520.86,96.55,115.60,0.2781,-1,-1,-1
461,271,1160.59,410.63,306.54,665.92,0.8619,-1,-1,-1
461,277,1675.11,430.27,112.30,153.50,0.2380,-1,-1,-1
462,148,779.29,447.27,43.64,139.93,0.2483,-1,-1,-1
462,179,1831.53,461.31,86.48,190.66,0.2817,-1,-1,-1
462,183,810.17,412.11,105.28,291.02,0.6094,-1,-1,-1
462,206,666.09,439.97,132.28,297.43,0.6934,-1,-1,-1
462,221,564.86,434.23,88.07,276.08,0.5546,-1,-1,-1
462,249,1097.60,419.48,160.62,555.34,0.7320,-1,-1,-1
462,256,256.98,367.49,390.68,705.68,0.7668,-1,-1,-1
462,264,1402.74,425.99,167.32,365.84,0.8151,-1,-1,-1
462,271,1157.00,403.41,312.50,671.35,0.8665,-1,-1,-1
462,277,1673.88,429.44,113.05,154.43,0.2034,-1,-1,-1
463,148,774.50,446.86,46.82,140.76,0.4056,-1,-1,-1
463,179,1832.44,459.43,85.20,189.49,0.2875,-1,-1,-1
463,183,808.68,411.16,112.48,291.44,0.5969,-1,-1,-1
463,206,675.37,439.11,116.72,295.84,0.6770,-1,-1,-1
463,221,566.41,432.67,93.47,276.71,0.7024,-1,-1,-1
463,249,1102.34,415.69,157.36,556.29,0.7728,-1,-1,-1
463,256,258.27,360.90,373.55,711.20,0.7795,-1,-1,-1
463,264,1404.36,431.67,171.63,366.30,0.8299,-1,-1,-1
463,271,1161.73,402.69,306.66,672.61,0.8029,-1,-1,-1
463,277,1675.48,428.52,111.05,156.69,0.1679,-1,-1,-1
464,148,773.89,445.78,47.00,140.15,0.5093,-1,-1,-1
464,179,1830.96,464.90,84.34,183.74,0.2934,-1,-1,-1
464,183,809.22,412.31,116.59,291.96,0.6323,-1,-1,-1
464,206,684.46,438.47,110.85,291.54,0.6810,-1,-1,-1
464,221,572.69,432.62,91.75,274.38,0.6955,-1,-1,-1
464,249,1104.05,411.61,164.56,564.59,0.7790,-1,-1,-1
464,256,227.55,357.50,386.09,713.16,0.8129,-1,-1,-1
464,264,1415.60,425.40,161.33,374.25,0.8498,-1,-1,-1
464,271,1169.62,401.68,297.70,672.15,0.7972,-1,-1,-1
464,277,1695.86,432.05,85.82,153.84,0.1620,-1,-1,-1
464,292,517.03,442.85,70.29,188.51,0.3070,-1,-1,-1
464,293,1045.83,433.82,44.75,138.03,0.1938,-1,-1,-1
465,179,1831.19,454.44,85.49,193.16,0.2134,-1,-1,-1
465,183,822.04,412.94,103.62,290.98,0.6265,-1,-1,-1
465,206,687.49,439.10,110.87,291.63,0.6244,-1,-1,-1
465,221,564.11,430.92,103.88,276.36,0.6809,-1,-1,-1
465,249,1107.94,417.44,158.08,557.48,0.7699,-1,-1,-1
465,256,200.13,362.21,397.30,704.99,0.7817,-1,-1,-1
465,264,1423.74,422.41,153.11,379.46,0.8426,-1,-1,-1
465,271,1190.54,402.50,276.28,674.49,0.8340,-1,-1,-1
465,292,518.13,446.02,69.86,205.49,0.4173,-1,-1,-1
466,179,1831.14,456.29,86.15,192.55,0.2374,-1,-1,-1
466,183,825.47,408.82,104.27,296.18,0.6718,-1,-1,-1
466,206,712.43,438.45,104.34,291.47,0.6411,-1,-1,-1
466,221,561.14,430.34,109.08,278.04,0.6883,-1,-1,-1
466,249,1105.55,421.91,168.01,550.06,0.7762,-1,-1,-1
466,256,158.10,368.05,401.64,703.09,0.7489,-1,-1,-1
466,264,1435.97,419.61,140.53,383.35,0.8452,-1,-1,-1
466,271,1200.04,403.24,268.49,672.48,0.8166,-1,-1,-1
466,292,510.82,447.44,77.87,194.44,0.3997,-1,-1,-1
467,179,1830.89,458.37,86.68,190.61,0.1940,-1,-1,-1
467,183,830.20,407.39,96.78,297.76,0.6766,-1,-1,-1
467,206,724.08,440.63,92.18,290.67,0.6695,-1,-1,-1
467,221,569.88,428.40,101.22,279.78,0.6873,-1,-1,-1
467,249,1107.62,428.08,174.30,545.46,0.7268,-1,-1,-1
467,256,133.58,371.74,402.35,699.24,0.8543,-1,-1,-1
467,264,1452.25,420.06,129.84,384.54,0.8019,-1,-1,-1
467,271,1223.58,405.48,253.20,661.04,0.7360,-1,-1,-1
467,292,499.58,456.35,81.53,183.81,0.3590,-1,-1,-1
468,179,1831.86,457.88,85.01,190.75,0.2019,-1,-1,-1
468,183,831.95,406.85,95.34,297.79,0.6698,-1,-1,-1
468,206,709.73,439.10,102.73,292.50,0.6053,-1,-1,-1
468,221,573.33,434.54,96.54,269.10,0.7037,-1,-1,-1
468,249,1113.29,422.47,177.89,565.53,0.7789,-1,-1,-1
468,256,122.65,373.87,383.71,699.28,0.8189,-1,-1,-1
468,264,1462.02,413.51,130.23,388.80,0.8165,-1,-1,-1
468,271,1245.93,406.08,238.72,647.91,0.6434,-1,-1,-1
468,292,497.32,453.48,73.19,167.73,0.2639,-1,-1,-1
468,296,1083.52,448.41,63.30,146.05,0.1830,-1,-1,-1
468,297,420.09,492.40,69.07,111.72,0.3115,-1,-1,-1
469,179,1830.29,464.50,86.50,184.88,0.2406,-1,-1,-1
469,183,834.82,407.45,91.72,297.92,0.6872,-1,-1,-1
469,206,709.15,436.45,108.08,294.97,0.6255,-1,-1,-1
469,221,576.70,437.40,96.15,266.76,0.7119,-1,-1,-1
469,249,1117.14,421.54,171.20,577.56,0.7743,-1,-1,-1
469,256,81.33,383.28,386.93,682.66,0.7291,-1,-1,-1
469,264,1473.45,412.99,120.18,390.14,0.7871,-1,-1,-1
469,271,1256.07,402.40,243.76,669.12,0.7934,-1,-1,-1
469,277,1703.81,434.49,76.57,153.17,0.1692,-1,-1,-1
469,292,493.56,459.37,80.26,189.33,0.3648,-1,-1,-1
469,296,1081.03,456.41,65.00,138.69,0.2272,-1,-1,-1
469,297,419.72,494.51,64.12,121.44,0.3310,-1,-1,-1
470,179,1830.01,462.38,77.72,183.52,0.2082,-1,-1,-1
470,183,832.55,408.79,92.77,298.36,0.7192,-1,-1,-1
470,206,711.89,437.08,124.59,291.99,0.6064,-1,-1,-1
470,221,580.29,440.40,93.67,266.65,0.7096,-1,-1,-1
470,249,1124.62,421.61,179.60,585.49,0.7596,-1,-1,-1
470,256,50.87,393.21,394.31,673.50,0.7836,-1,-1,-1
470,264,1481.84,411.29,119.20,389.69,0.8235,-1,-1,-1
470,271,1273.77,406.89,235.17,667.15,0.6424,-1,-1,-1
470,292,488.00,472.32,75.40,174.64,0.3066,-1,-1,-1
470,296,1080.64,461.21,63.81,132.13,0.2780,-1,-1,-1
470,297,413.00,491.86,68.23,111.42,0.3371,-1,-1,-1
470,300,1258.09,412.21,110.92,510.73,0.2155,-1,-1,-1
471,179,1832.53,462.68,76.62,182.94,0.2332,-1,-1,-1
471,183,838.33,415.47,89.56,289.60,0.7530,-1,-1,-1
471,206,738.70,431.67,114.21,300.03,0.5844,-1,-1,-1
471,221,581.51,449.19,94.63,260.55,0.6996,-1,-1,-1
471,249,1131.43,421.53,169.73,587.15,0.7715,-1,-1,-1
471,256,19.84,398.14,416.34,670.42,0.8301,-1,-1,-1
471,264,1489.53,409.57,116.45,391.96,0.8151,-1,-1,-1
471,271,1293.25,400.40,204.95,673.68,0.5584,-1,-1,-1
471,292,481.92,478.26,73.93,175.65,0.2108,-1,-1,-1
471,296,1082.21,462.21,62.64,131.09,0.2863,-1,-1,-1
471,297,410.51,493.82,66.13,130.45,0.3688,-1,-1,-1
471,300,1262.07,405.77,109.45,513.49,0.2640,-1,-1,-1
472,179,1832.80,465.35,73.58,179.34,0.1825,-1,-1,-1
472,183,838.18,412.95,89.33,291.60,0.7329,-1,-1,-1
472,206,740.71,432.44,119.39,298.97,0.6447,-1,-1,-1
472,221,584.47,445.87,96.79,262.30,0.7331,-1,-1,-1
472,249,1133.73,416.68,181.11,593.16,0.8032,-1,-1,-1
472,256,4.08,403.63,392.13,661.07,0.7826,-1,-1,-1
472,264,1493.33,409.11,119.66,395.20,0.8315,-1,-1,-1
472,271,1286.08,397.91,208.43,673.61,0.6535,-1,-1,-1
472,292,484.80,471.33,63.38,169.00,0.3566,-1,-1,-1
472,296,1082.18,468.71,61.38,124.83,0.3535,-1,-1,-1
472,297,409.47,485.96,60.84,138.13,0.3857,-1,-1,-1
472,300,1264.40,394.29,127.24,524.24,0.2193,-1,-1,-1
472,302,1294.76,412.50,85.98,183.84,0.1972,-1,-1,-1
473,179,1834.70,468.32,74.51,179.52,0.2323,-1,-1,-1
473,183,840.38,417.58,90.20,287.92,0.6984,-1,-1,-1
473,206,741.54,436.50,118.22,293.86,0.6694,-1,-1,-1
473,221,587.25,439.79,98.11,268.47,0.7316,-1,-1,-1
473,249,1138.87,423.05,167.22,586.17,0.7925,-1,-1,-1
473,256,-9.44,403.56,391.19,663.06,0.6325,-1,-1,-1
473,264,1499.37,410.75,120.10,390.45,0.8031,-1,-1,-1
473,271,1314.30,399.43,202.49,666.65,0.6617,-1,-1,-1
473,292,468.40,474.97,74.37,175.63,0.3432,-1,-1,-1
473,296,1080.94,450.63,63.89,141.33,0.2150,-1,-1,-1
473,297,409.73,486.81,54.16,127.87,0.3495,-1,-1,-1
473,300,1268.28,390.68,121.16,526.18,0.2451,-1,-1,-1
473,302,1302.17,412.60,84.23,188.04,0.2930,-1,-1,-1
474,179,1834.00,467.38,76.65,181.20,0.2541,-1,-1,-1
474,183,838.21,413.89,85.05,290.28,0.6223,-1,-1,-1
474,206,739.35,439.24,119.19,290.15,0.6530,-1,-1,-1
474,221,589.64,439.40,98.67,268.61,0.7392,-1,-1,-1
474,249,1144.25,422.17,164.41,587.11,0.8007,-1,-1,-1
474,256,-5.37,400.61,349.31,672.27,0.5948,-1,-1,-1
474,264,1501.86,411.38,127.13,390.23,0.7798,-1,-1,-1
474,271,1324.42,400.13,205.29,664.21,0.7212,-1,-1,-1
474,292,448.15,475.49,95.90,183.54,0.4078,-1,-1,-1
474,296,1081.78,451.96,64.30,142.10,0.2324,-1,-1,-1
474,297,403.61,487.23,56.75,117.89,0.1643,-1,-1,-1
474,302,1305.97,416.22,83.93,198.97,0.4049,-1,-1,-1
475,179,1834.91,458.28,80.90,190.06,0.1947,-1,-1,-1
475,183,847.60,415.99,93.33,287.44,0.5109,-1,-1,-1
475,194,893.97,432.65,75.88,259.08,0.2027,-1,-1,-1
475,206,741.99,436.54,116.99,293.86,0.6515,-1,-1,-1
475,221,592.28,442.70,98.83,264.84,0.7417,-1,-1,-1
475,249,1146.94,422.04,167.53,588.01,0.8164,-1,-1,-1
475,256,-5.28,397.82,339.28,676.16,0.7466,-1,-1,-1
475,264,1507.30,410.21,134.36,392.64,0.7778,-1,-1,-1
475,271,1321.63,401.61,210.13,665.50,0.7506,-1,-1,-1
475,292,457.52,475.68,82.71,187.61,0.3746,-1,-1,-1
475,296,1084.77,464.91,61.12,128.76,0.1590,-1,-1,-1
475,300,1307.39,416.57,85.75,453.35,0.1523,-1,-1,-1
475,302,1307.86,413.18,85.48,194.85,0.2653,-1,-1,-1
476,179,1833.95,458.76,70.86,189.85,0.2349,-1,-1,-1
476,183,846.40,417.07,80.05,287.43,0.5588,-1,-1,-1
476,194,902.45,433.22,84.41,253.30,0.2860,-1,-1,-1
476,206,742.00,436.73,117.34,294.30,0.7014,-1,-1,-1
476,221,595.28,445.69,101.86,260.18,0.7923,-1,-1,-1
476,249,1148.69,421.20,167.48,588.81,0.8136,-1,-1,-1
476,256,14.58,394.37,220.21,680.30,0.6786,-1,-1,-1
476,264,1512.64,412.22,153.54,392.68,0.7603,-1,-1,-1
476,271,1324.85,396.59,218.27,675.91,0.6743,-1,-1,-1
476,292,440.79,478.50,90.25,182.86,0.5482,-1,-1,-1
476,296,1091.04,452.79,56.92,137.49,0.2093,-1,-1,-1
476,297,380.09,474.61,72.40,143.46,0.1571,-1,-1,-1
476,300,1303.13,407.35,86.18,514.19,0.2344,-1,-1,-1
476,302,1308.95,409.54,89.12,196.44,0.2579,-1,-1,-1
477,179,1835.71,463.29,70.07,185.25,0.2346,-1,-1,-1
477,183,846.49,416.85,74.83,284.95,0.5531,-1,-1,-1
477,194,902.32,438.56,88.72,246.22,0.3776,-1,-1,-1
477,206,744.27,437.95,114.94,293.21,0.7031,-1,-1,-1
477,221,600.87,444.70,99.81,260.84,0.7705,-1,-1,-1
477,249,1150.53,421.01,172.51,589.55,0.8251,-1,-1,-1
477,256,-11.89,389.04,295.64,682.32,0.7831,-1,-1,-1
477,264,1515.35,411.03,176.23,401.10,0.8323,-1,-1,-1
477,271,1333.60,396.18,195.15,664.51,0.3973,-1,-1,-1
477,292,430.97,473.51,92.53,188.31,0.4181,-1,-1,-1
477,296,1090.45,458.28,57.21,134.49,0.1989,-1,-1,-1
477,297,378.23,474.50,75.92,151.17,0.1721,-1,-1,-1
477,300,1305.58,407.70,88.45,522.53,0.4153,-1,-1,-1
477,302,1310.16,411.90,90.91,192.53,0.2328,-1,-1,-1
477,304,554.49,444.79,36.44,86.10,0.1818,-1,-1,-1
478,179,1836.34,464.62,76.35,182.79,0.2625,-1,-1,-1
478,183,848.50,415.13,75.18,286.51,0.4893,-1,-1,-1
478,194,855.01,430.17,140.22,264.04,0.3467,-1,-1,-1
478,206,746.45,437.48,111.57,295.09,0.6314,-1,-1,-1
478,221,614.50,445.56,90.60,258.04,0.6862,-1,-1,-1
478,249,1158.45,420.97,168.00,589.45,0.8187,-1,-1,-1
478,256,19.63,383.83,184.86,688.56,0.4857,-1,-1,-1
478,264,1523.55,407.08,187.41,402.27,0.8256,-1,-1,-1
478,271,1335.42,398.77,205.30,658.40,0.6572,-1,-1,-1
478,292,420.88,474.24,98.59,190.58,0.4570,-1,-1,-1
478,296,1089.53,440.86,59.73,151.27,0.2301,-1,-1,-1
478,297,368.29,471.73,84.58,151.50,0.1511,-1,-1,-1
478,300,1308.05,418.15,86.92,511.45,0.4055,-1,-1,-1
478,302,1317.73,426.71,75.65,233.24,0.2549,-1,-1,-1
478,304,552.66,445.91,32.65,84.30,0.1860,-1,-1,-1
478,305,530.54,447.84,28.80,81.01,0.2097,-1,-1,-1
479,179,1834.37,464.61,75.77,183.01,0.2519,-1,-1,-1
479,183,851.18,413.52,68.95,286.15,0.5194,-1,-1,-1
479,194,897.02,434.88,106.18,255.67,0.4880,-1,-1,-1
479,206,757.28,438.92,103.25,293.43,0.6152,-1,-1,-1
479,221,606.53,443.76,104.26,259.24,0.6578,-1,-1,-1
479,249,1162.37,419.83,167.89,590.09,0.8016,-1,-1,-1
479,256,-11.32,382.41,257.00,687.70,0.7246,-1,-1,-1
479,264,1529.59,410.41,198.87,405.11,0.8490,-1,-1,-1
479,271,1343.83,398.43,218.26,673.52,0.7608,-1,-1,-1
479,292,417.78,475.14,88.09,185.37,0.2731,-1,-1,-1
479,296,1090.30,434.40,60.55,159.15,0.3194,-1,-1,-1
479,300,1318.48,413.32,95.50,530.64,0.4343,-1,-1,-1
479,302,1318.96,422.07,82.87,248.00,0.2202,-1,-1,-1
479,304,553.68,443.87,35.23,86.28,0.2338,-1,-1,-1
479,305,530.61,447.16,27.67,82.13,0.2036,-1,-1,-1
480,179,1834.79,464.09,67.33,184.38,0.2446,-1,-1,-1
480,183,851.39,412.35,70.06,287.36,0.5701,-1,-1,-1
480,194,898.77,437.19,107.59,248.41,0.5523,-1,-1,-1
480,206,765.10,436.72,97.68,291.47,0.6541,-1,-1,-1
480,221,621.14,436.83,88.08,263.47,0.6058,-1,-1,-1
480,249,1168.59,420.68,164.71,588.53,0.8059,-1,-1,-1
480,256,23.20,390.90,143.12,682.93,0.4759,-1,-1,-1
480,264,1536.31,414.74,199.82,409.54,0.8577,-1,-1,-1
480,271,1345.06,403.36,234.68,671.04,0.8132,-1,-1,-1
480,292,413.09,478.89,91.11,181.91,0.3097,-1,-1,-1
480,296,1089.37,434.46,58.68,158.04,0.2681,-1,-1,-1
480,297,365.18,474.80,62.22,137.98,0.1996,-1,-1,-1
480,300,1324.97,411.66,92.62,541.83,0.4468,-1,-1,-1
480,304,553.65,444.60,34.32,86.02,0.1996,-1,-1,-1
480,305,530.93,448.35,26.77,80.95,0.1881,-1,-1,-1
481,179,1832.39,462.38,77.54,186.05,0.2663,-1,-1,-1
481,183,852.69,413.19,67.73,286.14,0.5484,-1,-1,-1
481,194,901.74,440.04,104.27,243.68,0.6320,-1,-1,-1
481,206,774.78,439.94,95.05,284.02,0.6126,-1,-1,-1
481,221,627.00,434.62,92.40,264.45,0.6029,-1,-1,-1
481,249,1172.91,419.02,164.50,589.84,0.8083,-1,-1,-1
481,256,-8.23,414.13,218.84,658.60,0.7641,-1,-1,-1
481,264,1541.25,420.27,203.04,405.50,0.8478,-1,-1,-1
481,271,1345.43,397.88,252.92,680.29,0.8316,-1,-1,-1
481,292,407.37,478.68,83.15,184.78,0.5189,-1,-1,-1
481,296,1091.69,435.21,57.60,158.98,0.3562,-1,-1,-1
481,297,358.80,480.50,63.49,138.55,0.3072,-1,-1,-1
481,300,1328.38,407.86,89.48,553.79,0.3929,-1,-1,-1
481,304,561.96,451.99,33.70,81.29,0.1962,-1,-1,-1
481,305,530.76,448.04,27.08,81.10,0.1854,-1,-1,-1
482,179,1833.89,458.63,81.96,189.39,0.2708,-1,-1,-1
482,183,853.86,413.19,66.94,283.77,0.5298,-1,-1,-1
482,194,904.70,443.40,102.73,239.67,0.6761,-1,-1,-1
482,206,781.67,438.21,90.99,283.34,0.5800,-1,-1,-1
482,221,632.33,434.16,87.20,266.19,0.5776,-1,-1,-1
482,249,1176.71,418.99,163.40,593.29,0.7925,-1,-1,-1
482,256,-4.11,472.70,201.45,599.63,0.7681,-1,-1,-1
482,264,1546.83,418.88,203.92,409.79,0.8333,-1,-1,-1
482,271,1352.76,395.71,258.73,681.89,0.8511,-1,-1,-1
482,292,405.88,477.27,82.25,192.45,0.4564,-1,-1,-1
482,296,1091.16,437.86,56.73,157.35,0.3356,-1,-1,-1
482,297,361.01,483.33,68.77,181.97,0.3022,-1,-1,-1
482,300,1329.75,406.39,98.34,548.52,0.3449,-1,-1,-1
482,304,561.40,445.07,34.70,87.00,0.2436,-1,-1,-1
482,305,530.51,446.08,26.64,82.69,0.1912,-1,-1,-1
483,179,1835.05,459.00,82.43,190.74,0.2034,-1,-1,-1
483,183,855.23,416.00,67.73,284.00,0.5268,-1,-1,-1
483,194,908.12,445.47,97.73,237.57,0.6634,-1,-1,-1
483,206,795.15,436.43,78.56,289.42,0.6332,-1,-1,-1
483,221,628.08,433.21,98.07,264.11,0.6168,-1,-1,-1
483,249,1183.80,418.36,161.10,592.76,0.7928,-1,-1,-1
483,256,-2.40,517.89,184.02,553.06,0.7445,-1,-1,-1
483,264,1555.32,418.17,192.81,413.81,0.8255,-1,-1,-1
483,271,1356.85,393.79,266.08,682.29,0.8281,-1,-1,-1
483,292,398.90,475.35,90.31,193.60,0.4753,-1,-1,-1
483,296,1093.67,439.50,54.93,158.03,0.2683,-1,-1,-1
483,297,355.57,470.39,74.24,162.61,0.2352,-1,-1,-1
483,300,1331.16,400.83,104.12,558.07,0.4048,-1,-1,-1
483,304,558.94,440.53,36.74,90.80,0.3271,-1,-1,-1
483,305,530.41,445.91,26.08,82.25,0.1962,-1,-1,-1
483,310,746.31,455.68,35.75,83.94,0.1711,-1,-1,-1
484,179,1835.15,449.92,82.59,199.42,0.2221,-1,-1,-1
484,183,859.40,433.08,65.66,267.47,0.5164,-1,-1,-1
484,194,911.06,445.11,95.01,238.97,0.6517,-1,-1,-1
484,206,796.81,438.07,77.42,290.67,0.6599,-1,-1,-1
484,221,631.47,435.72,102.92,261.12,0.6558,-1,-1,-1
484,249,1188.84,417.31,161.23,594.78,0.7880,-1,-1,-1
484,256,-5.59,548.85,171.72,437.79,0.3880,-1,-1,-1
484,264,1563.38,415.18,188.04,420.64,0.8215,-1,-1,-1
484,271,1357.32,393.74,275.03,684.03,0.8716,-1,-1,-1
484,292,380.10,475.06,107.28,195.66,0.4634,-1,-1,-1
484,296,1091.90,435.81,59.08,158.74,0.3122,-1,-1,-1
484,300,1335.49,407.38,99.93,554.73,0.4305,-1,-1,-1
484,304,561.12,443.77,35.46,88.46,0.3120,-1,-1,-1
484,305,530.86,449.52,27.05,78.06,0.1854,-1,-1,-1
484,310,744.74,459.48,39.05,113.70,0.2190,-1,-1,-1
485,179,1833.74,446.18,83.74,204.33,0.2500,-1,-1,-1
485,183,861.97,423.98,59.71,270.96,0.4660,-1,-1,-1
485,194,911.79,440.31,95.67,241.76,0.6778,-1,-1,-1
485,206,799.75,438.81,86.47,285.72,0.6580,-1,-1,-1
485,221,629.94,434.84,115.05,262.07,0.6878,-1,-1,-1
485,249,1193.80,420.60,163.81,592.29,0.7824,-1,-1,-1
485,256,0.80,569.27,140.50,495.53,0.4240,-1,-1,-1
485,264,1575.44,409.29,178.46,428.36,0.8340,-1,-1,-1
485,271,1357.80,396.29,279.44,680.09,0.8567,-1,-1,-1
485,292,363.32,477.29,114.47,198.93,0.3480,-1,-1,-1
485,296,1091.35,435.56,58.99,157.30,0.2875,-1,-1,-1
485,300,1337.45,422.15,100.54,537.32,0.5507,-1,-1,-1
485,304,561.90,444.92,34.54,86.75,0.3386,-1,-1,-1
485,305,530.81,449.94,27.33,77.37,0.1997,-1,-1,-1
486,179,1853.40,405.52,64.69,240.98,0.2181,-1,-1,-1
486,183,864.36,429.29,60.58,248.70,0.3567,-1,-1,-1
486,194,910.23,440.79,95.58,240.83,0.6944,-1,-1,-1
486,206,799.62,438.55,101.53,285.82,0.5764,-1,-1,-1
486,221,631.30,434.53,121.57,262.75,0.7142,-1,-1,-1
486,249,1198.75,420.13,163.83,591.96,0.7763,-1,-1,-1
486,256,1.63,577.45,116.02,414.34,0.5681,-1,-1,-1
486,264,1583.08,412.50,174.12,426.89,0.8357,-1,-1,-1
486,271,1357.00,397.23,284.07,678.67,0.8410,-1,-1,-1
486,292,353.87,478.07,106.40,192.79,0.3278,-1,-1,-1
486,296,1091.44,433.66,61.81,159.70,0.3666,-1,-1,-1
486,300,1338.26,414.96,106.10,549.15,0.6096,-1,-1,-1
486,304,563.33,446.94,33.41,85.26,0.3082,-1,-1,-1
486,305,530.51,452.72,28.89,76.61,0.1833,-1,-1,-1
487,179,1853.05,424.85,67.26,229.37,0.1844,-1,-1,-1
487,183,862.86,429.77,62.24,262.67,0.4200,-1,-1,-1
487,194,917.47,441.54,90.81,240.96,0.6623,-1,-1,-1
487,206,801.98,437.43,92.53,285.43,0.4922,-1,-1,-1
487,221,631.83,435.71,128.08,261.22,0.6708,-1,-1,-1
487,249,1200.15,418.80,181.79,593.85,0.7764,-1,-1,-1
487,256,2.68,542.83,91.27,438.61,0.4668,-1,-1,-1
487,264,1589.72,416.96,165.29,422.57,0.7893,-1,-1,-1
487,271,1359.17,396.46,280.97,679.14,0.8438,-1,-1,-1
487,292,355.58,477.99,104.12,197.83,0.4732,-1,-1,-1
487,296,1094.09,433.15,61.58,159.71,0.3220,-1,-1,-1
487,300,1346.25,411.90,103.39,527.63,0.5807,-1,-1,-1
487,304,564.47,445.92,32.99,84.97,0.3230,-1,-1,-1
487,305,531.09,451.69,31.12,75.41,0.1599,-1,-1,-1
488,179,1856.28,402.34,62.74,247.04,0.1960,-1,-1,-1
488,194,920.17,449.44,89.10,233.00,0.5542,-1,-1,-1
488,206,803.81,433.00,126.04,292.35,0.5855,-1,-1,-1
488,221,635.17,435.46,125.56,261.16,0.6724,-1,-1,-1
488,249,1201.36,419.73,183.84,592.18,0.7843,-1,-1,-1
488,256,0.57,647.92,72.89,316.90,0.5587,-1,-1,-1
488,264,1598.79,419.18,162.17,419.73,0.7656,-1,-1,-1
488,271,1358.81,401.02,288.58,675.08,0.8192,-1,-1,-1
488,292,350.17,474.75,103.98,203.15,0.4941,-1,-1,-1
488,300,1349.10,417.50,106.89,508.43,0.5111,-1,-1,-1
488,304,565.29,447.76,31.91,83.81,0.2912,-1,-1,-1
488,305,533.70,452.79,28.06,77.42,0.1640,-1,-1,-1
488,314,1.93,530.26,71.59,129.25,0.4477,-1,-1,-1
489,148,732.87,445.37,40.10,128.78,0.3430,-1,-1,-1
489,179,1854.74,398.53,64.58,252.22,0.2121,-1,-1,-1
489,194,923.02,438.48,88.42,242.49,0.6097,-1,-1,-1
489,206,804.70,431.46,133.75,293.32,0.5717,-1,-1,-1
489,221,641.39,436.32,123.12,259.86,0.6958,-1,-1,-1
489,249,1204.69,412.97,186.57,596.02,0.8260,-1,-1,-1
489,264,1608.47,412.71,153.25,429.81,0.7455,-1,-1,-1
489,271,1360.24,392.89,289.59,679.19,0.7880,-1,-1,-1
489,292,340.49,453.91,97.05,224.89,0.5007,-1,-1,-1
489,300,1350.02,422.32,111.79,475.63,0.5553,-1,-1,-1
489,304,565.08,448.29,32.77,83.42,0.2885,-1,-1,-1
489,305,533.44,453.67,28.25,77.38,0.1684,-1,-1,-1
489,314,1.43,535.72,63.13,130.46,0.5442,-1,-1,-1
490,179,1852.59,410.82,67.40,243.55,0.1710,-1,-1,-1
490,194,935.53,438.93,76.93,241.16,0.6167,-1,-1,-1
490,206,804.23,436.61,136.73,288.48,0.5800,-1,-1,-1
490,221,642.71,435.17,122.75,263.14,0.7902,-1,-1,-1
490,249,1203.59,417.63,187.95,594.21,0.8007,-1,-1,-1
490,264,1615.89,411.56,146.96,432.58,0.7318,-1,-1,-1
490,271,1366.94,397.35,262.97,674.70,0.7453,-1,-1,-1
490,292,331.24,460.56,96.28,220.60,0.5012,-1,-1,-1
490,300,1355.33,419.65,113.27,476.25,0.6119,-1,-1,-1
490,304,565.16,443.11,32.50,86.02,0.2846,-1,-1,-1
490,305,532.33,451.49,28.98,77.78,0.1945,-1,-1,-1
490,314,2.60,542.86,51.61,110.55,0.3633,-1,-1,-1
490,317,1086.93,439.73,65.05,149.50,0.2196,-1,-1,-1
491,148,722.41,444.27,48.92,131.82,0.3696,-1,-1,-1
491,179,1851.78,440.37,69.33,216.68,0.1649,-1,-1,-1
491,194,947.37,436.07,69.28,242.05,0.5937,-1,-1,-1
491,206,806.80,436.95,136.38,287.98,0.5254,-1,-1,-1
491,221,647.24,434.93,120.25,264.79,0.7893,-1,-1,-1
491,249,1204.73,417.97,187.31,594.29,0.8077,-1,-1,-1
491,264,1619.52,408.78,127.42,431.94,0.7349,-1,-1,-1
491,271,1368.24,400.37,253.29,668.82,0.6709,-1,-1,-1
491,292,318.02,490.94,106.58,193.48,0.4788,-1,-1,-1
491,296,1096.30,437.04,62.16,152.08,0.2419,-1,-1,-1
491,300,1362.81,418.27,113.67,474.42,0.5504,-1,-1,-1
491,304,564.91,441.19,33.14,88.32,0.3411,-1,-1,-1
491,305,534.61,451.02,27.26,79.52,0.2174,-1,-1,-1
491,314,1.72,553.31,42.36,86.04,0.2448,-1,-1,-1
491,318,550.77,439.03,35.79,91.99,0.1980,-1,-1,-1
491,320,417.61,475.07,46.86,93.32,0.3070,-1,-1,-1
492,148,724.24,444.50,46.26,131.86,0.3466,-1,-1,-1
492,179,1852.35,451.22,67.89,202.65,0.1968,-1,-1,-1
492,194,953.38,436.92,74.05,241.84,0.6240,-1,-1,-1
492,206,806.47,444.47,141.51,281.03,0.6685,-1,-1,-1
492,221,647.31,432.81,123.26,268.34,0.7643,-1,-1,-1
492,249,1204.38,412.96,196.02,596.82,0.8154,-1,-1,-1
492,264,1632.94,410.36,116.46,437.83,0.7096,-1,-1,-1
492,271,1371.88,394.15,315.16,667.52,0.4257,-1,-1,-1
492,292,316.24,482.53,95.17,200.05,0.5227,-1,-1,-1
492,296,1098.10,436.93,60.34,152.48,0.1680,-1,-1,-1
492,300,1367.84,411.87,121.93,470.31,0.5256,-1,-1,-1
492,304,566.07,440.59,32.22,89.72,0.3620,-1,-1,-1
492,305,532.20,451.16,29.97,78.65,0.1858,-1,-1,-1
492,314,0.89,561.22,33.81,86.72,0.3578,-1,-1,-1
492,318,549.68,438.18,33.03,92.46,0.1883,-1,-1,-1
492,320,417.14,475.57,45.66,94.76,0.4009,-1,-1,-1
493,148,728.74,443.99,41.06,129.93,0.3716,-1,-1,-1
493,179,1853.07,443.81,66.08,208.05,0.2242,-1,-1,-1
493,194,957.03,440.35,75.54,239.62,0.7062,-1,-1,-1
493,206,808.68,446.27,141.14,277.91,0.6878,-1,-1,-1
493,221,651.36,442.24,118.73,260.35,0.7731,-1,-1,-1
493,249,1205.20,417.66,198.84,592.56,0.8291,-1,-1,-1
493,264,1635.44,410.30,123.19,433.56,0.6397,-1,-1,-1
493,271,1374.63,389.22,236.40,671.24,0.4737,-1,-1,-1
493,292,305.35,487.37,103.44,192.17,0.4884,-1,-1,-1
493,300,1374.15,410.84,120.05,493.59,0.5385,-1,-1,-1
493,304,563.62,438.98,35.30,92.47,0.3297,-1,-1,-1
493,305,533.09,451.70,29.73,77.60,0.1624,-1,-1,-1
493,318,548.53,436.54,40.47,94.42,0.1903,-1,-1,-1
493,320,415.42,475.10,49.27,95.33,0.3274,-1,-1,-1
494,148,728.93,445.95,39.98,129.52,0.2631,-1,-1,-1
494,179,1851.13,427.36,67.46,222.93,0.1854,-1,-1,-1
494,194,955.73,441.81,79.95,238.71,0.6559,-1,-1,-1
494,206,809.29,445.69,142.88,279.91,0.7108,-1,-1,-1
494,221,654.08,442.28,118.36,259.78,0.7824,-1,-1,-1
494,249,1205.38,421.41,207.35,588.88,0.8280,-1,-1,-1
494,264,1633.82,409.82,135.69,400.03,0.6719,-1,-1,-1
494,271,1376.73,388.07,294.92,661.50,0.4987,-1,-1,-1
494,292,302.55,476.35,103.59,201.62,0.3779,-1,-1,-1
494,300,1379.13,408.35,121.81,528.19,0.6174,-1,-1,-1
494,304,564.58,439.72,34.76,92.45,0.3092,-1,-1,-1
494,305,532.44,452.05,29.61,76.88,0.1590,-1,-1,-1
494,318,549.65,437.27,36.61,94.03,0.1896,-1,-1,-1
494,320,414.97,474.33,48.95,96.90,0.2650,-1,-1,-1
495,194,959.92,441.85,91.24,239.75,0.6632,-1,-1,-1
495,206,818.75,442.52,133.66,282.12,0.6831,-1,-1,-1
495,221,653.83,436.95,117.30,264.63,0.7627,-1,-1,-1
495,249,1206.50,421.63,214.32,589.85,0.8144,-1,-1,-1
495,264,1636.31,406.65,166.45,453.60,0.6935,-1,-1,-1
495,271,1378.22,383.77,283.47,664.74,0.4454,-1,-1,-1
495,292,296.83,473.37,96.63,217.37,0.3149,-1,-1,-1
495,300,1377.47,407.37,125.20,554.74,0.5722,-1,-1,-1
495,304,564.31,441.42,35.39,92.44,0.3226,-1,-1,-1
495,305,532.92,450.75,30.94,78.02,0.1997,-1,-1,-1
495,317,1081.71,439.05,53.87,149.90,0.1809,-1,-1,-1
495,318,546.71,439.68,31.43,92.80,0.2050,-1,-1,-1
495,320,415.09,474.56,47.14,97.89,0.2819,-1,-1,-1
496,179,1850.98,422.98,68.30,229.13,0.1532,-1,-1,-1
496,194,958.14,443.04,106.53,239.12,0.7293,-1,-1,-1
496,206,821.99,440.69,131.98,286.05,0.7019,-1,-1,-1
496,221,656.60,437.59,114.57,264.22,0.7863,-1,-1,-1
496,249,1206.90,419.92,220.84,591.89,0.8325,-1,-1,-1
496,264,1638.63,401.85,180.64,412.86,0.4885,-1,-1,-1
496,271,1391.82,375.27,274.49,691.83,0.5702,-1,-1,-1
496,292,293.61,458.73,87.34,226.57,0.3578,-1,-1,-1
496,296,1099.35,434.28,61.58,157.77,0.1598,-1,-1,-1
496,300,1382.26,412.91,129.75,563.54,0.6486,-1,-1,-1
496,304,567.26,441.70,33.09,91.76,0.3869,-1,-1,-1
496,305,542.60,443.89,27.40,86.76,0.2130,-1,-1,-1
496,318,550.44,443.45,34.56,90.30,0.1853,-1,-1,-1
496,320,414.03,473.47,48.52,97.16,0.1645,-1,-1,-1
497,179,1852.50,426.42,67.10,226.63,0.2181,-1,-1,-1
497,194,962.22,441.99,113.05,240.19,0.7285,-1,-1,-1
497,206,830.52,442.78,123.60,285.79,0.7345,-1,-1,-1
497,221,664.47,433.53,105.96,268.57,0.7762,-1,-1,-1
497,249,1208.40,420.44,223.78,590.37,0.8527,-1,-1,-1
497,264,1645.48,406.58,153.62,470.86,0.8000,-1,-1,-1
497,271,1397.24,377.93,291.73,695.64,0.6533,-1,-1,-1
497,292,254.53,470.16,117.68,223.85,0.4458,-1,-1,-1
497,300,1390.07,417.03,132.09,469.77,0.6544,-1,-1,-1
497,304,567.26,442.16,32.89,91.05,0.3682,-1,-1,-1
497,305,543.59,442.81,27.79,88.80,0.2179,-1,-1,-1
497,317,1075.05,437.13,70.43,152.26,0.2094,-1,-1,-1
497,318,550.35,444.33,38.56,88.87,0.1890,-1,-1,-1
497,320,414.71,473.06,45.90,98.59,0.1733,-1,-1,-1
498,179,1851.08,437.93,68.85,216.16,0.2206,-1,-1,-1
498,194,967.52,439.61,114.42,242.57,0.7381,-1,-1,-1
498,206,840.39,443.94,114.41,282.69,0.6813,-1,-1,-1
498,221,670.75,432.00,98.84,270.19,0.7723,-1,-1,-1
498,249,1213.83,417.16,220.87,594.06,0.8473,-1,-1,-1
498,264,1651.51,410.30,159.15,466.38,0.7416,-1,-1,-1
498,271,1414.66,377.29,274.15,693.94,0.6502,-1,-1,-1
498,292,256.80,478.18,112.11,223.02,0.4576,-1,-1,-1
498,300,1391.92,413.43,136.11,525.43,0.6519,-1,-1,-1
498,304,566.97,441.38,33.65,92.13,0.3904,-1,-1,-1
498,305,533.65,448.95,31.78,83.30,0.1985,-1,-1,-1
498,317,1080.34,439.87,72.41,152.67,0.2319,-1,-1,-1
498,318,551.26,444.76,37.57,88.75,0.2147,-1,-1,-1
498,320,415.27,473.06,45.60,98.56,0.1947,-1,-1,-1
499,179,1850.32,435.44,69.02,217.41,0.2730,-1,-1,-1
499,194,969.34,440.61,120.74,242.62,0.6975,-1,-1,-1
499,206,855.55,442.98,100.16,285.33,0.7000,-1,-1,-1
499,221,673.40,436.55,96.96,264.25,0.7669,-1,-1,-1
499,249,1222.52,414.54,210.38,597.67,0.8361,-1,-1,-1
499,264,1653.12,406.14,206.15,470.11,0.8522,-1,-1,-1
499,271,1425.90,378.87,267.89,692.97,0.6663,-1,-1,-1
499,292,243.82,483.15,110.71,218.24,0.5497,-1,-1,-1
499,300,1392.11,405.90,145.44,536.58,0.6558,-1,-1,-1
499,304,567.20,442.24,32.46,91.56,0.3966,-1,-1,-1
499,305,535.62,451.07,27.56,81.43,0.2254,-1,-1,-1
499,317,1086.30,441.55,66.07,151.34,0.2355,-1,-1,-1
499,318,552.08,445.70,34.54,88.30,0.2130,-1,-1,-1
499,320,415.35,473.55,44.28,98.68,0.2264,-1,-1,-1
499,323,547.23,443.71,23.80,89.15,0.2536,-1,-1,-1
500,179,1853.73,438.25,65.84,216.17,0.2613,-1,-1,-1
500,194,968.94,443.82,119.77,239.49,0.6809,-1,-1,-1
500,206,855.90,438.40,102.01,287.62,0.6596,-1,-1,-1
500,221,675.74,433.34,95.66,267.38,0.7472,-1,-1,-1
500,249,1231.03,417.03,205.28,595.74,0.7887,-1,-1,-1
500,264,1661.79,412.86,212.45,472.92,0.8427,-1,-1,-1
500,271,1450.70,378.63,258.39,692.22,0.5800,-1,-1,-1
500,292,238.39,481.57,99.61,222.83,0.6092,-1,-1,-1
500,300,1387.12,409.79,158.27,549.68,0.6768,-1,-1,-1
500,304,568.64,442.56,31.80,91.02,0.3360,-1,-1,-1
500,305,543.31,444.29,27.30,88.32,0.2534,-1,-1,-1
500,317,1093.44,448.03,59.56,146.09,0.2010,-1,-1,-1
500,320,415.62,472.55,43.81,99.66,0.2384,-1,-1,-1
500,324,670.71,456.99,31.29,85.45,0.2462,-1,-1,-1
501,179,1858.44,431.45,61.00,220.63,0.2139,-1,-1,-1
501,194,967.53,454.51,119.28,228.61,0.7071,-1,-1,-1
501,206,858.13,437.49,103.20,287.96,0.6993,-1,-1,-1
501,221,683.24,433.69,89.79,266.05,0.6851,-1,-1,-1
501,249,1243.59,414.35,197.87,599.17,0.7920,-1,-1,-1
501,264,1674.71,417.71,222.84,469.74,0.8532,-1,-1,-1
501,271,1486.76,374.17,223.03,582.04,0.6110,-1,-1,-1
501,292,225.56,480.80,108.52,221.55,0.6271,-1,-1,-1
501,300,1394.19,412.98,151.60,542.39,0.6842,-1,-1,-1
501,304,571.53,445.58,29.28,88.61,0.3175,-1,-1,-1
501,305,542.89,443.31,28.24,89.85,0.2631,-1,-1,-1
501,317,1097.69,455.31,55.65,138.88,0.1982,-1,-1,-1
501,320,414.88,470.62,44.46,100.89,0.2265,-1,-1,-1
501,324,670.83,457.95,37.79,83.20,0.1840,-1,-1,-1
502,179,1867.00,425.11,52.58,225.74,0.1666,-1,-1,-1
502,194,972.09,450.82,114.06,231.88,0.7335,-1,-1,-1
502,206,860.63,440.33,104.96,286.07,0.6561,-1,-1,-1
502,221,693.73,436.17,81.25,262.50,0.6775,-1,-1,-1
502,249,1257.26,415.22,192.28,599.80,0.7968,-1,-1,-1
502,264,1686.39,415.14,213.48,473.90,0.8443,-1,-1,-1
502,271,1501.09,378.03,221.48,677.26,0.6169,-1,-1,-1
502,292,217.62,483.99,115.49,217.84,0.6013,-1,-1,-1
502,300,1386.95,405.87,164.25,558.10,0.7128,-1,-1,-1
502,304,572.15,449.96,28.53,83.69,0.3031,-1,-1,-1
502,305,535.76,449.32,29.51,84.21,0.1928,-1,-1,-1
502,317,1093.33,454.82,58.88,137.69,0.1850,-1,-1,-1
502,320,414.70,469.37,44.42,101.94,0.2088,-1,-1,-1
502,323,546.53,445.44,26.37,87.21,0.2225,-1,-1,-1
502,327,3.41,898.50,126.09,180.78,0.3602,-1,-1,-1
503,194,981.47,446.48,105.95,236.16,0.7196,-1,-1,-1
503,206,867.30,440.39,105.84,285.34,0.6733,-1,-1,-1
503,221,690.16,434.43,88.60,265.65,0.6961,-1,-1,-1
503,249,1285.21,410.21,170.31,607.61,0.7669,-1,-1,-1
503,264,1693.26,412.13,211.85,482.86,0.8554,-1,-1,-1
503,271,1509.14,374.00,216.26,691.57,0.7257,-1,-1,-1
503,292,204.73,481.43,119.71,232.79,0.5353,-1,-1,-1
503,300,1382.69,411.10,172.10,555.29,0.6208,-1,-1,-1
503,304,572.03,447.13,28.39,86.85,0.3505,-1,-1,-1
503,305,543.26,446.03,29.09,87.47,0.2410,-1,-1,-1
503,317,1079.44,441.55,69.69,149.10,0.2025,-1,-1,-1
503,327,3.11,916.88,109.06,164.10,0.4089,-1,-1,-1
503,328,1074.30,446.99,42.27,142.10,0.1833,-1,-1,-1
503,329,7.94,655.46,103.07,418.73,0.5357,-1,-1,-1
504,194,991.75,447.54,93.52,235.30,0.6597,-1,-1,-1
504,206,873.69,440.56,106.87,284.38,0.5697,-1,-1,-1
504,221,692.68,435.64,87.92,265.15,0.6867,-1,-1,-1
504,249,1296.43,412.53,165.01,607.31,0.8043,-1,-1,-1
504,264,1698.45,410.20,217.33,496.71,0.8656,-1,-1,-1
504,271,1517.19,372.77,218.05,694.52,0.6999,-1,-1,-1
504,292,190.53,481.86,118.27,236.37,0.6459,-1,-1,-1
504,300,1391.04,410.97,168.08,554.93,0.6971,-1,-1,-1
504,304,571.69,446.80,28.63,87.94,0.4040,-1,-1,-1
504,317,1118.36,439.33,43.33,149.59,0.2162,-1,-1,-1
504,323,546.43,447.79,26.67,86.53,0.2279,-1,-1,-1
504,327,3.14,932.48,89.26,146.47,0.3490,-1,-1,-1
504,328,1073.51,444.25,40.43,144.52,0.2670,-1,-1,-1
504,330,861.39,417.18,61.42,293.51,0.3591,-1,-1,-1
505,194,1002.89,456.17,82.21,227.41,0.6444,-1,-1,-1
505,206,883.84,443.76,118.13,279.96,0.5830,-1,-1,-1
505,221,692.61,437.38,91.90,264.19,0.7825,-1,-1,-1
505,249,1302.89,410.41,165.15,615.70,0.8284,-1,-1,-1
505,264,1710.47,406.93,206.44,502.64,0.8849,-1,-1,-1
505,271,1522.79,373.58,223.02,700.74,0.7682,-1,-1,-1
505,292,181.74,482.10,111.27,235.68,0.6030,-1,-1,-1
505,300,1405.57,425.33,158.94,543.26,0.6622,-1,-1,-1
505,304,571.45,449.23,28.78,85.69,0.4044,-1,-1,-1
505,317,1112.78,440.05,48.94,149.89,0.2350,-1,-1,-1
505,323,543.38,449.87,28.64,84.67,0.2471,-1,-1,-1
505,327,2.55,954.05,71.85,125.47,0.1577,-1,-1,-1
505,328,1073.83,441.72,42.98,147.91,0.2506,-1,-1,-1
505,330,867.26,426.29,62.14,281.14,0.4618,-1,-1,-1
505,333,379.80,470.21,55.11,103.14,0.1558,-1,-1,-1
506,194,1012.84,460.91,75.90,221.68,0.6265,-1,-1,-1
506,206,896.87,451.58,120.07,270.96,0.6527,-1,-1,-1
506,221,699.68,434.79,90.92,267.28,0.7432,-1,-1,-1
506,249,1308.36,412.07,164.77,626.75,0.7935,-1,-1,-1
506,264,1719.78,401.50,198.69,508.08,0.8854,-1,-1,-1
506,271,1526.49,372.32,219.21,701.71,0.7571,-1,-1,-1
506,292,166.56,484.31,113.80,232.78,0.6547,-1,-1,-1
506,300,1444.28,423.55,123.15,528.02,0.7063,-1,-1,-1
506,304,571.46,447.81,29.26,85.95,0.4101,-1,-1,-1
506,317,1105.18,439.85,58.53,147.29,0.2108,-1,-1,-1
506,323,540.99,448.01,30.57,85.59,0.2577,-1,-1,-1
506,327,0.76,983.07,56.61,96.75,0.1599,-1,-1,-1
506,328,1070.78,441.63,43.72,146.80,0.2257,-1,-1,-1
506,330,869.28,413.55,69.57,288.51,0.5856,-1,-1,-1
506,333,380.52,469.75,52.76,102.68,0.1632,-1,-1,-1
506,334,633.04,458.01,31.71,82.05,0.1666,-1,-1,-1
506,335,1161.67,438.88,34.17,90.66,0.1566,-1,-1,-1
507,194,1017.89,449.95,79.95,230.65,0.5342,-1,-1,-1
507,206,899.79,451.23,121.73,270.15,0.6700,-1,-1,-1
507,221,702.08,435.44,98.23,266.08,0.7236,-1,-1,-1
507,249,1313.53,412.80,162.43,635.33,0.8118,-1,-1,-1
507,264,1736.74,398.75,181.69,513.18,0.8763,-1,-1,-1
507,271,1528.78,375.89,222.71,699.91,0.7412,-1,-1,-1
507,292,151.08,481.77,116.40,244.92,0.6777,-1,-1,-1
507,300,1448.17,417.13,121.67,543.91,0.6955,-1,-1,-1
507,304,572.20,446.74,28.63,87.27,0.3935,-1,-1,-1
507,317,1102.38,437.72,58.51,151.47,0.2919,-1,-1,-1
507,323,541.84,446.18,30.48,87.61,0.2870,-1,-1,-1
507,328,1072.32,446.58,41.65,141.51,0.2155,-1,-1,-1
507,330,869.46,413.58,68.89,289.05,0.6052,-1,-1,-1
507,333,379.55,469.04,53.26,103.85,0.1967,-1,-1,-1
507,334,633.50,458.35,30.88,80.06,0.1884,-1,-1,-1
507,335,1160.70,438.17,36.67,91.54,0.1874,-1,-1,-1
508,194,1027.24,448.46,71.70,231.18,0.5333,-1,-1,-1
508,206,898.72,452.62,139.25,269.06,0.7099,-1,-1,-1
508,221,715.51,435.82,90.48,263.84,0.6850,-1,-1,-1
508,249,1317.61,416.41,187.70,639.10,0.7756,-1,-1,-1
508,264,1744.61,397.38,173.10,513.22,0.8460,-1,-1,-1
508,271,1527.33,374.11,231.92,697.46,0.7468,-1,-1,-1
508,292,137.54,483.48,122.04,244.80,0.6712,-1,-1,-1
508,300,1455.11,411.13,119.61,536.03,0.6748,-1,-1,-1
508,304,570.63,446.67,29.48,88.61,0.4379,-1,-1,-1
508,317,1101.41,438.33,59.00,151.61,0.2456,-1,-1,-1
508,323,544.25,447.01,29.13,87.29,0.2537,-1,-1,-1
508,330,869.09,412.61,69.36,285.65,0.6060,-1,-1,-1
508,333,379.29,466.78,52.59,107.16,0.2422,-1,-1,-1
508,334,634.50,458.65,29.33,82.29,0.2083,-1,-1,-1
508,335,1160.54,438.23,38.40,91.58,0.1993,-1,-1,-1
508,336,674.03,459.30,29.80,79.07,0.2093,-1,-1,-1
509,194,1031.63,464.56,67.72,215.21,0.4934,-1,-1,-1
509,206,899.73,447.02,140.40,277.15,0.7370,-1,-1,-1
509,221,715.19,439.00,98.55,261.34,0.6718,-1,-1,-1
509,249,1323.58,413.14,210.21,645.24,0.8280,-1,-1,-1
509,264,1751.97,395.98,166.32,511.82,0.7913,-1,-1,-1
509,271,1529.12,374.19,225.80,692.51,0.7010,-1,-1,-1
509,292,126.96,477.02,120.20,244.87,0.6712,-1,-1,-1
509,300,1462.48,406.00,120.46,564.89,0.5878,-1,-1,-1
509,304,570.44,446.13,30.21,89.38,0.4296,-1,-1,-1
509,317,1102.39,436.55,58.98,152.90,0.2597,-1,-1,-1
509,323,543.00,447.29,29.43,86.99,0.2652,-1,-1,-1
509,330,873.78,422.71,64.49,277.86,0.5882,-1,-1,-1
509,333,379.21,468.25,52.70,105.24,0.2062,-1,-1,-1
509,334,634.78,458.22,28.45,82.59,0.1741,-1,-1,-1
509,335,1160.39,438.20,38.68,91.95,0.1975,-1,-1,-1
509,336,673.58,457.94,30.40,79.92,0.1905,-1,-1,-1
510,194,1035.72,466.49,71.98,208.48,0.4974,-1,-1,-1
510,206,899.17,445.49,138.92,280.01,0.7509,-1,-1,-1
510,221,713.05,435.43,115.83,264.61,0.7046,-1,-1,-1
510,249,1323.62,413.25,226.89,643.79,0.8406,-1,-1,-1
510,264,1771.33,392.83,147.20,496.63,0.8242,-1,-1,-1
510,271,1547.37,376.70,244.43,698.23,0.6142,-1,-1,-1
510,292,107.21,476.53,127.73,247.83,0.6636,-1,-1,-1
510,300,1468.52,404.63,121.86,574.69,0.7085,-1,-1,-1
510,304,569.81,445.15,30.05,88.93,0.4338,-1,-1,-1
510,317,1102.16,438.29,58.78,151.32,0.2564,-1,-1,-1
510,323,539.58,446.45,32.51,87.21,0.3066,-1,-1,-1
510,330,875.14,412.09,66.50,285.30,0.5884,-1,-1,-1
510,333,380.69,466.57,51.93,105.15,0.1872,-1,-1,-1
510,334,635.76,458.16,28.88,85.47,0.2391,-1,-1,-1
510,335,1161.17,438.24,38.18,91.49,0.1668,-1,-1,-1
510,336,673.32,457.41,28.88,79.83,0.2133,-1,-1,-1
511,148,697.57,449.94,47.85,124.16,0.1557,-1,-1,-1
511,194,1035.15,459.99,79.00,214.67,0.5462,-1,-1,-1
511,206,898.11,446.24,154.78,279.52,0.7628,-1,-1,-1
511,221,713.93,439.16,116.48,260.75,0.7250,-1,-1,-1
511,249,1321.81,415.38,240.38,644.01,0.8385,-1,-1,-1
511,264,1779.84,394.50,139.38,492.94,0.8073,-1,-1,-1
511,271,1541.29,369.41,275.03,705.86,0.7179,-1,-1,-1
511,292,97.46,477.13,126.88,251.95,0.5583,-1,-1,-1
511,300,1474.66,405.27,120.31,553.74,0.6677,-1,-1,-1
511,304,570.02,446.10,29.85,87.85,0.4672,-1,-1,-1
511,317,1098.45,437.89,62.14,149.95,0.3006,-1,-1,-1
511,323,540.78,447.50,31.42,85.91,0.2768,-1,-1,-1
511,330,874.45,424.00,68.54,272.16,0.4939,-1,-1,-1
511,334,635.33,458.24,30.32,86.35,0.2425,-1,-1,-1
511,335,1161.48,438.27,36.57,91.39,0.1510,-1,-1,-1
511,336,672.38,457.56,28.26,79.77,0.2983,-1,-1,-1
512,148,695.43,452.58,44.03,120.69,0.1971,-1,-1,-1
512,194,1038.63,453.56,87.14,223.75,0.6054,-1,-1,-1
512,206,898.99,443.35,153.07,282.46,0.7580,-1,-1,-1
512,221,718.03,436.60,112.45,262.26,0.7390,-1,-1,-1
512,249,1320.03,419.24,243.54,642.65,0.8450,-1,-1,-1
512,264,1785.70,394.40,133.43,497.21,0.8064,-1,-1,-1
512,271,1547.01,374.47,230.73,691.36,0.5765,-1,-1,-1
512,292,77.17,498.19,144.94,237.74,0.2133,-1,-1,-1
512,300,1474.87,408.69,120.63,534.51,0.6390,-1,-1,-1
512,304,570.68,447.09,29.11,86.91,0.4564,-1,-1,-1
512,317,1095.74,433.66,64.61,155.38,0.4034,-1,-1,-1
512,323,539.11,447.98,32.64,85.95,0.2845,-1,-1,-1
512,330,874.54,412.68,74.33,282.61,0.5618,-1,-1,-1
512,334,635.04,457.60,32.30,88.00,0.2383,-1,-1,-1
512,336,672.58,456.31,28.08,81.79,0.2457,-1,-1,-1
513,148,696.46,453.99,39.36,120.13,0.2638,-1,-1,-1
513,194,1041.43,444.26,92.97,233.00,0.6051,-1,-1,-1
513,206,899.06,443.80,154.92,282.04,0.7509,-1,-1,-1
513,221,718.86,436.09,118.15,263.50,0.7425,-1,-1,-1
513,249,1319.95,418.86,249.15,647.29,0.8471,-1,-1,-1
513,264,1804.84,390.06,114.33,511.68,0.7982,-1,-1,-1
513,271,1547.13,372.08,236.02,603.16,0.4812,-1,-1,-1
513,292,64.74,477.50,140.99,256.23,0.6036,-1,-1,-1
513,300,1479.14,414.45,120.50,553.50,0.6534,-1,-1,-1
513,304,570.53,445.99,29.29,87.92,0.4766,-1,-1,-1
513,317,1099.78,445.06,55.69,148.05,0.3365,-1,-1,-1
513,323,540.61,447.20,30.75,86.42,0.2755,-1,-1,-1
513,330,875.81,412.66,75.93,284.34,0.5143,-1,-1,-1
513,334,635.45,457.06,35.47,86.76,0.2243,-1,-1,-1
513,336,672.68,456.30,28.44,83.80,0.2307,-1,-1,-1
514,148,693.67,453.97,40.81,120.26,0.3463,-1,-1,-1
514,194,1041.37,444.67,103.67,232.48,0.6229,-1,-1,-1
514,206,900.45,444.49,154.70,280.31,0.7015,-1,-1,-1
514,221,721.73,440.15,113.22,257.40,0.7480,-1,-1,-1
514,249,1320.20,418.61,250.72,647.68,0.8434,-1,-1,-1
514,264,1808.15,390.83,111.31,513.07,0.8035,-1,-1,-1
514,271,1557.04,371.43,223.58,583.10,0.5670,-1,-1,-1
514,292,49.36,476.33,143.95,258.36,0.6567,-1,-1,-1
514,300,1484.26,416.57,120.77,534.32,0.5939,-1,-1,-1
514,304,569.79,445.85,29.92,87.46,0.5261,-1,-1,-1
514,317,1100.61,444.12,55.74,146.61,0.3047,-1,-1,-1
514,323,544.02,447.14,28.38,85.71,0.2561,-1,-1,-1
514,330,878.04,413.14,76.69,284.73,0.5095,-1,-1,-1
514,334,635.58,457.50,36.41,86.12,0.2394,-1,-1,-1
514,336,673.61,456.32,26.49,84.80,0.1883,-1,-1,-1
515,148,693.73,451.62,38.39,124.62,0.4617,-1,-1,-1
515,194,1044.58,451.10,105.86,226.66,0.6781,-1,-1,-1
515,206,902.16,443.09,155.64,280.83,0.7433,-1,-1,-1
515,221,725.80,439.10,110.92,256.81,0.7254,-1,-1,-1
515,249,1321.86,417.59,251.61,649.62,0.8440,-1,-1,-1
515,264,1819.70,388.77,99.79,518.62,0.7929,-1,-1,-1
515,271,1565.98,373.58,245.86,680.61,0.5281,-1,-1,-1
515,292,37.00,477.56,145.85,259.56,0.6995,-1,-1,-1
515,300,1488.43,415.07,127.92,520.70,0.5209,-1,-1,-1
515,304,569.42,446.19,30.60,87.74,0.4836,-1,-1,-1
515,305,533.20,451.28,33.13,80.33,0.1708,-1,-1,-1
515,317,1099.04,450.41,56.25,141.11,0.2801,-1,-1,-1
515,323,549.12,446.83,24.72,85.93,0.2280,-1,-1,-1
515,330,875.69,420.24,74.37,278.11,0.5765,-1,-1,-1
515,334,635.91,456.77,35.81,87.96,0.2364,-1,-1,-1
516,148,692.37,449.69,38.16,126.47,0.4895,-1,-1,-1
516,194,1048.62,450.25,97.60,225.20,0.5779,-1,-1,-1
516,206,906.43,437.48,151.49,283.53,0.7599,-1,-1,-1
516,221,731.66,434.90,106.92,260.37,0.7484,-1,-1,-1
516,249,1321.46,422.99,256.48,646.53,0.8307,-1,-1,-1
516,264,1822.39,387.74,96.51,527.46,0.7576,-1,-1,-1
516,271,1560.75,375.10,282.55,684.25,0.6059,-1,-1,-1
516,292,21.59,478.78,149.48,259.76,0.7054,-1,-1,-1
516,300,1495.35,414.61,129.85,513.81,0.4169,-1,-1,-1
516,304,568.90,445.64,31.61,89.67,0.5029,-1,-1,-1
516,317,1104.76,453.62,51.15,139.93,0.2906,-1,-1,-1
516,323,552.10,446.54,24.25,86.88,0.1803,-1,-1,-1
516,330,877.46,418.44,79.97,283.06,0.5690,-1,-1,-1
516,334,634.91,456.23,33.96,90.30,0.1933,-1,-1,-1
516,336,673.07,455.38,28.40,92.89,0.1519,-1,-1,-1
517,148,684.67,445.90,44.12,129.89,0.4907,-1,-1,-1
517,194,1048.75,450.20,100.99,226.20,0.5542,-1,-1,-1
517,206,910.30,437.37,146.13,284.80,0.7690,-1,-1,-1
517,221,735.16,439.96,105.52,254.59,0.7290,-1,-1,-1
517,249,1322.00,424.57,260.93,644.88,0.8206,-1,-1,-1
517,264,1834.05,392.28,85.38,512.72,0.6985,-1,-1,-1
517,271,1573.51,377.77,275.85,690.72,0.4326,-1,-1,-1
517,292,13.02,493.69,148.68,245.14,0.5800,-1,-1,-1
517,300,1501.40,409.71,131.70,507.04,0.3993,-1,-1,-1
517,304,567.86,444.37,31.99,91.50,0.4722,-1,-1,-1
517,317,1105.73,442.36,52.57,149.25,0.3436,-1,-1,-1
517,323,546.21,446.56,27.08,87.07,0.2087,-1,-1,-1
517,330,879.35,424.62,84.30,280.24,0.5801,-1,-1,-1
517,334,638.44,455.02,35.16,91.09,0.1768,-1,-1,-1
517,335,1161.75,437.06,40.70,93.22,0.1547,-1,-1,-1
518,148,681.46,448.37,45.19,125.41,0.4472,-1,-1,-1
518,194,1047.75,460.46,104.66,217.68,0.5713,-1,-1,-1
518,206,913.98,434.88,143.15,288.04,0.7868,-1,-1,-1
518,221,740.95,431.39,99.73,261.72,0.7801,-1,-1,-1
518,249,1327.25,417.57,262.22,650.34,0.8204,-1,-1,-1
518,264,1842.15,394.76,77.20,511.56,0.6631,-1,-1,-1
518,271,1576.26,378.07,274.46,692.26,0.4233,-1,-1,-1
518,292,2.89,480.44,149.80,258.64,0.6834,-1,-1,-1
518,300,1511.96,415.57,127.11,613.93,0.3612,-1,-1,-1
518,304,570.00,446.63,30.53,88.54,0.4532,-1,-1,-1
518,317,1109.83,439.25,53.48,151.90,0.2129,-1,-1,-1
518,323,544.98,447.51,29.22,85.97,0.1671,-1,-1,-1
518,330,878.95,416.44,79.65,287.92,0.6183,-1,-1,-1
518,334,639.25,456.87,36.97,90.25,0.1891,-1,-1,-1
518,336,674.83,454.19,30.58,96.87,0.1524,-1,-1,-1
519,148,678.54,447.90,45.52,125.78,0.5498,-1,-1,-1
519,194,1049.92,449.30,101.01,227.89,0.5342,-1,-1,-1
519,206,917.11,440.96,140.65,279.31,0.6558,-1,-1,-1
519,221,743.73,432.21,99.97,260.42,0.7721,-1,-1,-1
519,249,1329.50,420.60,260.74,646.77,0.7951,-1,-1,-1
519,264,1852.38,393.55,67.22,491.78,0.5250,-1,-1,-1
519,271,1574.43,381.25,313.84,689.02,0.6568,-1,-1,-1
519,292,-2.63,490.16,146.77,250.00,0.6145,-1,-1,-1
519,300,1517.24,414.12,123.12,641.09,0.4690,-1,-1,-1
519,304,570.72,450.08,29.77,85.75,0.4610,-1,-1,-1
519,317,1107.85,441.47,50.40,151.46,0.2876,-1,-1,-1
519,323,543.22,450.80,29.59,83.16,0.1768,-1,-1,-1
519,330,879.38,431.97,78.86,268.94,0.5930,-1,-1,-1
519,334,639.93,455.37,33.59,92.21,0.2627,-1,-1,-1
520,148,680.63,448.43,43.67,124.25,0.5479,-1,-1,-1
520,194,1049.47,455.57,101.44,222.07,0.5672,-1,-1,-1
520,206,931.15,446.22,132.58,273.85,0.6576,-1,-1,-1
520,221,750.42,430.13,92.69,260.53,0.7281,-1,-1,-1
520,249,1334.90,417.81,253.16,649.75,0.7825,-1,-1,-1
520,264,1867.81,396.20,51.97,478.49,0.5435,-1,-1,-1
520,271,1580.00,380.20,247.83,691.35,0.5522,-1,-1,-1
520,292,-6.22,480.39,149.17,263.07,0.5351,-1,-1,-1
520,300,1519.62,416.45,136.14,542.19,0.4471,-1,-1,-1
520,304,571.01,449.53,29.47,86.34,0.4252,-1,-1,-1
520,317,1111.33,435.48,53.76,155.56,0.1774,-1,-1,-1
520,323,540.89,450.64,31.06,83.66,0.2198,-1,-1,-1
520,330,881.31,435.21,78.30,263.85,0.6394,-1,-1,-1
520,334,642.02,456.31,33.71,91.67,0.2621,-1,-1,-1
521,148,680.33,451.10,41.86,122.53,0.5129,-1,-1,-1
521,194,1052.22,438.81,97.26,238.35,0.6210,-1,-1,-1
521,206,938.25,445.18,127.96,274.65,0.6328,-1,-1,-1
521,221,757.51,431.23,87.23,259.40,0.7424,-1,-1,-1
521,249,1339.86,414.65,244.97,651.97,0.8272,-1,-1,-1
521,264,1867.24,389.37,51.61,453.71,0.3693,-1,-1,-1
521,271,1576.90,380.92,333.72,684.31,0.6118,-1,-1,-1
521,292,-1.66,480.27,126.85,268.78,0.4948,-1,-1,-1
521,300,1525.90,419.01,139.28,523.02,0.4994,-1,-1,-1
521,304,571.36,453.21,29.17,81.79,0.4255,-1,-1,-1
521,317,1112.48,436.07,51.62,155.44,0.1948,-1,-1,-1
521,323,543.22,452.89,29.13,80.99,0.2268,-1,-1,-1
521,330,881.72,432.01,80.50,268.14,0.6339,-1,-1,-1
521,334,646.77,457.99,34.34,88.54,0.2365,-1,-1,-1
521,339,716.89,451.56,35.58,86.91,0.1844,-1,-1,-1
522,148,677.76,448.80,44.00,124.58,0.5588,-1,-1,-1
522,194,1053.76,443.28,97.05,234.83,0.6242,-1,-1,-1
522,206,951.25,440.98,118.31,278.34,0.6702,-1,-1,-1
522,221,767.82,433.48,77.69,254.68,0.7153,-1,-1,-1
522,249,1345.92,412.02,248.04,653.99,0.8022,-1,-1,-1
522,271,1609.21,376.83,302.92,576.17,0.6277,-1,-1,-1
522,292,0.33,476.80,105.40,269.22,0.4962,-1,-1,-1
522,300,1531.23,416.48,145.55,536.20,0.4885,-1,-1,-1
522,304,572.55,454.57,28.37,80.13,0.3789,-1,-1,-1
522,323,541.89,456.00,29.93,78.37,0.2278,-1,-1,-1
522,330,879.54,431.24,85.88,270.22,0.6425,-1,-1,-1
522,334,648.56,458.67,31.77,90.70,0.2328,-1,-1,-1
522,339,716.01,450.93,35.30,87.60,0.1795,-1,-1,-1
522,340,1866.35,476.77,52.95,179.47,0.1622,-1,-1,-1
523,148,675.20,448.37,45.77,126.15,0.5921,-1,-1,-1
523,194,1054.11,457.23,98.71,221.29,0.6442,-1,-1,-1
523,206,952.21,442.38,113.66,278.96,0.6814,-1,-1,-1
523,221,763.95,433.28,88.40,256.74,0.7171,-1,-1,-1
523,249,1353.23,412.14,244.29,655.00,0.7313,-1,-1,-1
523,271,1581.70,380.44,335.07,680.11,0.6023,-1,-1,-1
523,292,-6.55,510.90,108.75,247.80,0.3589,-1,-1,-1
523,300,1538.56,412.07,155.07,545.02,0.5181,-1,-1,-1
523,304,572.57,453.91,28.72,81.11,0.4002,-1,-1,-1
523,323,543.90,456.08,28.18,77.66,0.2173,-1,-1,-1
523,330,880.93,418.72,91.38,284.33,0.6482,-1,-1,-1
523,334,647.31,458.93,31.91,89.76,0.3082,-1,-1,-1
523,339,714.66,450.31,35.27,88.56,0.2450,-1,-1,-1
524,148,674.17,448.82,46.30,124.53,0.6096,-1,-1,-1
524,194,1059.42,457.29,94.38,220.09,0.6081,-1,-1,-1
524,206,967.41,443.35,101.35,276.16,0.6237,-1,-1,-1
524,221,767.06,430.82,89.67,259.52,0.7390,-1,-1,-1
524,249,1366.27,411.30,233.58,654.88,0.7127,-1,-1,-1
524,271,1586.34,373.69,333.53,694.59,0.7973,-1,-1,-1
524,292,0.56,524.81,77.74,238.29,0.2300,-1,-1,-1
524,300,1547.81,412.01,148.86,560.40,0.4786,-1,-1,-1
524,304,573.53,453.80,29.42,82.43,0.4085,-1,-1,-1
524,323,543.42,456.27,29.36,77.39,0.2424,-1,-1,-1
524,330,879.44,417.90,96.04,285.02,0.6632,-1,-1,-1
524,334,647.33,458.50,33.96,88.26,0.2507,-1,-1,-1
524,335,1161.44,436.57,39.39,97.60,0.1719,-1,-1,-1
524,339,713.43,450.29,37.37,89.88,0.2852,-1,-1,-1
525,148,674.60,452.39,43.74,120.44,0.6308,-1,-1,-1
525,194,1060.51,461.03,98.00,217.59,0.6288,-1,-1,-1
525,206,971.83,444.44,95.75,275.47,0.6578,-1,-1,-1
525,221,765.58,430.18,93.54,260.01,0.7485,-1,-1,-1
525,249,1385.54,411.44,218.18,656.66,0.7223,-1,-1,-1
525,271,1594.90,369.09,324.56,703.05,0.6820,-1,-1,-1
525,292,-4.08,510.80,79.00,233.92,0.3246,-1,-1,-1
525,300,1543.38,408.81,158.72,588.48,0.5922,-1,-1,-1
525,304,573.80,451.53,29.47,82.69,0.4420,-1,-1,-1
525,323,542.21,456.23,30.02,77.11,0.2472,-1,-1,-1
525,330,887.80,411.00,92.21,294.02,0.6531,-1,-1,-1
525,333,379.46,462.62,49.35,109.68,0.1878,-1,-1,-1
525,334,642.64,455.87,34.06,93.51,0.2574,-1,-1,-1
525,335,1160.44,437.30,42.65,98.22,0.1731,-1,-1,-1
525,339,714.68,450.27,34.42,89.38,0.3848,-1,-1,-1
526,148,670.69,451.15,47.69,120.82,0.5831,-1,-1,-1
526,194,1064.42,462.58,97.83,214.35,0.6346,-1,-1,-1
526,206,988.43,445.34,77.22,277.83,0.6587,-1,-1,-1
526,221,765.83,436.19,98.29,253.45,0.7175,-1,-1,-1
526,249,1408.41,410.62,200.71,652.66,0.6756,-1,-1,-1
526,271,1598.93,360.30,319.89,710.92,0.8160,-1,-1,-1
526,292,-7.03,516.57,75.83,179.64,0.2941,-1,-1,-1
526,300,1547.39,408.99,161.45,589.48,0.5767,-1,-1,-1
526,304,573.60,451.09,30.20,82.72,0.4094,-1,-1,-1
526,323,542.09,455.31,30.45,77.67,0.2422,-1,-1,-1
526,330,897.14,411.37,84.94,295.30,0.6751,-1,-1,-1
526,333,379.18,462.65,49.85,109.66,0.1822,-1,-1,-1
526,335,1161.00,438.83,43.15,99.98,0.2017,-1,-1,-1
526,339,714.95,450.23,33.80,89.19,0.4103,-1,-1,-1
527,148,668.75,455.27,48.45,116.97,0.5883,-1,-1,-1
527,194,1070.21,458.87,97.43,216.28,0.6219,-1,-1,-1
527,206,994.53,449.34,78.02,273.71,0.7053,-1,-1,-1
527,221,770.24,436.51,108.73,253.10,0.6897,-1,-1,-1
527,249,1427.15,414.34,194.19,653.26,0.7506,-1,-1,-1
527,271,1599.60,367.35,318.93,704.39,0.6967,-1,-1,-1
527,292,-4.65,541.17,65.96,138.11,0.3599,-1,-1,-1
527,300,1564.43,408.97,153.15,589.73,0.6799,-1,-1,-1
527,304,573.68,450.93,29.45,82.56,0.4242,-1,-1,-1
527,323,541.02,455.34,30.91,77.62,0.3002,-1,-1,-1
527,330,899.46,407.53,84.32,298.43,0.7361,-1,-1,-1
527,333,379.41,462.79,49.39,109.50,0.1970,-1,-1,-1
527,339,714.89,449.82,33.52,89.34,0.4910,-1,-1,-1
528,148,669.19,456.44,47.06,114.32,0.6127,-1,-1,-1
528,194,1077.78,452.02,85.67,222.55,0.6413,-1,-1,-1
528,206,995.46,445.09,85.95,279.95,0.7122,-1,-1,-1
528,221,789.54,437.48,92.35,249.96,0.5987,-1,-1,-1
528,249,1438.61,411.94,180.32,653.29,0.6916,-1,-1,-1
528,271,1602.18,391.07,318.25,680.86,0.7340,-1,-1,-1
528,292,-2.53,546.60,56.12,111.72,0.3469,-1,-1,-1
528,300,1570.57,410.90,164.38,589.08,0.7152,-1,-1,-1
528,304,573.58,450.56,30.87,84.03,0.4256,-1,-1,-1
528,320,415.39,465.58,42.93,107.24,0.2361,-1,-1,-1
528,323,543.11,455.59,29.11,78.69,0.1941,-1,-1,-1
528,330,904.78,412.56,78.92,293.98,0.7281,-1,-1,-1
528,333,381.52,462.70,48.62,110.34,0.2492,-1,-1,-1
528,339,714.15,451.35,34.81,87.65,0.4950,-1,-1,-1
529,148,665.48,453.44,54.21,117.69,0.5692,-1,-1,-1
529,194,1086.88,450.21,72.92,223.37,0.5330,-1,-1,-1
529,206,999.00,442.05,95.28,279.61,0.7069,-1,-1,-1
529,221,779.73,435.81,128.42,252.54,0.6297,-1,-1,-1
529,249,1443.97,413.09,182.82,654.82,0.7817,-1,-1,-1
529,271,1689.83,384.38,231.03,576.21,0.5816,-1,-1,-1
529,292,-0.06,546.42,41.07,110.08,0.3696,-1,-1,-1
529,300,1578.34,412.74,164.31,590.82,0.7310,-1,-1,-1
529,304,573.43,449.96,31.14,84.76,0.4563,-1,-1,-1
529,320,415.07,465.57,43.16,107.13,0.2080,-1,-1,-1
529,323,542.44,451.01,30.08,83.03,0.2396,-1,-1,-1
529,330,915.26,405.82,71.75,300.13,0.7330,-1,-1,-1
529,333,381.28,465.93,47.95,107.10,0.1916,-1,-1,-1
529,339,712.14,450.64,27.83,88.31,0.4921,-1,-1,-1
530,148,663.63,454.74,51.75,115.88,0.5690,-1,-1,-1
530,194,1093.52,447.75,68.96,226.78,0.5652,-1,-1,-1
530,206,1002.26,439.21,98.38,279.32,0.7165,-1,-1,-1
530,221,792.01,434.67,111.44,252.36,0.6856,-1,-1,-1
530,249,1448.22,414.59,182.06,654.17,0.7934,-1,-1,-1
530,271,1703.10,366.85,215.75,578.35,0.5906,-1,-1,-1
530,300,1579.57,412.13,163.55,595.97,0.6785,-1,-1,-1
530,304,573.48,448.84,31.05,86.64,0.4590,-1,-1,-1
530,320,416.25,463.87,41.04,107.36,0.2066,-1,-1,-1
530,323,542.35,454.44,29.58,80.91,0.2140,-1,-1,-1
530,330,917.66,404.06,71.53,302.21,0.7549,-1,-1,-1
530,333,380.93,468.36,47.86,105.63,0.2230,-1,-1,-1
530,339,711.42,449.94,29.55,88.51,0.4384,-1,-1,-1
531,148,663.62,454.29,48.52,114.01,0.5488,-1,-1,-1
531,194,1092.15,451.52,72.94,225.50,0.5851,-1,-1,-1
531,206,1006.07,443.65,102.57,274.58,0.7753,-1,-1,-1
531,221,784.29,434.07,116.61,253.50,0.7535,-1,-1,-1
531,249,1449.30,413.25,193.78,653.34,0.8099,-1,-1,-1
531,271,1701.04,364.74,218.44,574.09,0.5021,-1,-1,-1
531,300,1586.93,414.09,159.88,598.66,0.7198,-1,-1,-1
531,304,572.89,448.45,31.50,88.38,0.4670,-1,-1,-1
531,323,543.43,452.76,28.86,82.24,0.2542,-1,-1,-1
531,330,919.26,402.76,72.90,304.14,0.7636,-1,-1,-1
531,339,712.83,450.31,30.50,89.29,0.3998,-1,-1,-1
531,345,700.37,455.05,23.84,88.08,0.1573,-1,-1,-1
532,148,665.06,451.84,43.62,117.63,0.5466,-1,-1,-1
532,194,1096.14,452.64,61.21,223.99,0.5170,-1,-1,-1
532,206,1007.01,443.98,110.22,274.90,0.8030,-1,-1,-1
532,221,787.57,435.57,117.47,252.22,0.7540,-1,-1,-1
532,249,1451.70,412.06,206.32,654.66,0.7970,-1,-1,-1
532,271,1643.09,366.71,275.63,703.31,0.7788,-1,-1,-1
532,300,1588.66,409.39,168.13,616.44,0.7537,-1,-1,-1
532,304,571.59,448.02,32.36,89.26,0.4828,-1,-1,-1
532,320,415.98,465.89,41.59,105.42,0.1600,-1,-1,-1
532,323,543.27,452.52,28.31,82.61,0.1939,-1,-1,-1
532,330,922.25,401.89,75.54,302.71,0.7298,-1,-1,-1
532,333,381.68,471.10,47.57,102.83,0.1745,-1,-1,-1
532,339,714.40,450.83,30.62,89.59,0.4133,-1,-1,-1
532,345,700.21,454.89,24.22,86.57,0.1526,-1,-1,-1
533,148,664.07,452.09,40.61,118.31,0.5586,-1,-1,-1
533,194,1098.57,445.56,67.21,232.85,0.5592,-1,-1,-1
533,206,1002.47,445.63,118.02,272.16,0.7601,-1,-1,-1
533,221,793.77,435.57,111.90,251.88,0.7411,-1,-1,-1
533,249,1453.49,411.19,214.06,654.74,0.8244,-1,-1,-1
533,271,1662.94,367.10,256.54,710.84,0.8249,-1,-1,-1
533,300,1596.30,406.82,178.70,625.82,0.7711,-1,-1,-1
533,304,572.99,446.73,33.29,90.41,0.3921,-1,-1,-1
533,320,415.97,467.34,41.69,104.33,0.1535,-1,-1,-1
533,323,541.58,454.37,29.84,81.14,0.2107,-1,-1,-1
533,330,920.90,404.27,82.73,300.73,0.7077,-1,-1,-1
533,333,381.48,471.14,47.53,102.41,0.1822,-1,-1,-1
533,339,716.54,452.72,27.88,88.25,0.3782,-1,-1,-1
533,345,699.67,455.06,25.85,86.24,0.1774,-1,-1,-1
534,148,661.21,450.50,41.94,118.90,0.6099,-1,-1,-1
534,194,1093.28,447.81,70.14,230.34,0.5679,-1,-1,-1
534,206,1005.49,450.39,130.42,269.13,0.7157,-1,-1,-1
534,221,800.99,436.18,114.69,251.42,0.7640,-1,-1,-1
534,249,1454.07,410.85,214.54,655.58,0.8335,-1,-1,-1
534,271,1721.03,369.39,200.08,633.16,0.6665,-1,-1,-1
534,300,1596.37,412.40,193.91,613.59,0.7504,-1,-1,-1
534,304,575.29,447.47,35.04,90.15,0.4191,-1,-1,-1
534,320,417.40,469.42,42.53,102.26,0.1887,-1,-1,-1
534,323,543.78,452.44,28.44,82.63,0.2477,-1,-1,-1
534,330,918.88,408.19,88.49,298.91,0.7233,-1,-1,-1
534,333,381.05,468.38,47.33,104.99,0.2387,-1,-1,-1
534,339,715.57,452.30,28.05,88.56,0.4161,-1,-1,-1
534,345,699.86,454.97,26.55,85.61,0.1921,-1,-1,-1
535,148,660.22,449.59,42.09,119.94,0.6462,-1,-1,-1
535,194,1100.01,444.00,75.02,232.04,0.4569,-1,-1,-1
535,206,1006.33,443.20,134.02,279.73,0.6864,-1,-1,-1
535,221,797.21,438.65,121.15,248.78,0.7658,-1,-1,-1
535,249,1454.23,412.48,213.17,654.34,0.8324,-1,-1,-1
535,271,1716.34,373.77,202.92,694.68,0.6244,-1,-1,-1
535,300,1607.07,409.09,180.09,612.28,0.7675,-1,-1,-1
535,304,575.16,445.27,35.22,92.01,0.4700,-1,-1,-1
535,320,415.56,463.94,42.89,107.35,0.1641,-1,-1,-1
535,323,543.30,450.06,29.49,85.53,0.2748,-1,-1,-1
535,330,918.27,428.89,96.78,278.73,0.7382,-1,-1,-1
535,333,381.58,468.31,48.86,105.38,0.2137,-1,-1,-1
535,339,714.87,451.55,28.41,88.91,0.4223,-1,-1,-1
535,345,699.03,453.48,28.56,84.65,0.2080,-1,-1,-1
536,148,659.34,449.56,41.63,119.00,0.5698,-1,-1,-1
536,194,1103.95,445.18,70.27,228.59,0.3852,-1,-1,-1
536,206,1004.41,449.84,140.26,271.18,0.7139,-1,-1,-1
536,221,801.06,436.44,116.21,249.53,0.7337,-1,-1,-1
536,249,1455.01,413.66,218.07,653.82,0.8186,-1,-1,-1
536,271,1745.55,367.84,174.13,706.90,0.8055,-1,-1,-1
536,300,1609.22,408.14,180.30,620.44,0.7379,-1,-1,-1
536,304,576.08,452.11,33.88,87.38,0.3892,-1,-1,-1
536,320,417.21,466.33,43.57,105.20,0.2208,-1,-1,-1
536,323,543.74,457.44,29.64,79.85,0.2382,-1,-1,-1
536,330,912.85,428.88,103.38,278.29,0.7411,-1,-1,-1
536,333,382.64,467.55,45.99,106.97,0.2923,-1,-1,-1
536,339,713.70,449.50,29.15,90.75,0.4318,-1,-1,-1
536,345,698.44,454.12,26.26,85.25,0.2022,-1,-1,-1
537,148,658.84,449.83,41.88,119.19,0.6081,-1,-1,-1
537,194,1109.61,457.21,64.68,217.78,0.4645,-1,-1,-1
537,206,1004.71,454.78,142.56,266.35,0.6610,-1,-1,-1
537,221,803.82,436.26,114.48,250.44,0.7346,-1,-1,-1
537,249,1456.79,414.77,232.27,651.43,0.7859,-1,-1,-1
537,271,1760.94,370.46,158.67,705.50,0.8076,-1,-1,-1
537,300,1614.53,407.15,183.45,627.31,0.5622,-1,-1,-1
537,304,579.13,457.63,31.29,81.60,0.3418,-1,-1,-1
537,320,416.69,460.96,40.85,111.06,0.2038,-1,-1,-1
537,323,545.26,461.81,30.12,75.28,0.2595,-1,-1,-1
537,330,915.47,435.91,103.31,269.34,0.7106,-1,-1,-1
537,333,382.19,466.27,46.85,108.30,0.2894,-1,-1,-1
537,339,711.63,449.31,30.52,91.31,0.4628,-1,-1,-1
537,345,699.25,453.34,27.81,84.74,0.2301,-1,-1,-1
537,348,1006.06,450.91,50.39,121.77,0.1701,-1,-1,-1
538,148,657.44,451.38,42.29,118.32,0.5809,-1,-1,-1
538,194,1105.50,449.73,67.56,226.76,0.4777,-1,-1,-1
538,206,1009.76,449.77,135.20,271.37,0.7041,-1,-1,-1
538,221,803.89,434.62,117.72,251.69,0.7535,-1,-1,-1
538,249,1458.00,413.60,230.32,653.23,0.7970,-1,-1,-1
538,271,1767.12,370.68,152.50,706.21,0.8157,-1,-1,-1
538,300,1618.22,409.12,191.70,621.50,0.6291,-1,-1,-1
538,304,579.89,458.28,31.32,80.45,0.3847,-1,-1,-1
538,320,416.58,462.20,41.90,110.76,0.2368,-1,-1,-1
538,323,544.72,462.01,30.21,74.29,0.2704,-1,-1,-1
538,330,917.68,425.05,103.78,282.76,0.7383,-1,-1,-1
538,333,380.93,466.41,47.50,109.08,0.2866,-1,-1,-1
538,339,711.21,448.82,32.31,91.01,0.4796,-1,-1,-1
538,345,697.48,454.32,28.84,83.29,0.2204,-1,-1,-1
539,148,656.56,452.14,41.54,117.60,0.5734,-1,-1,-1
539,194,1114.48,446.02,64.25,230.76,0.4288,-1,-1,-1
539,206,1010.35,439.95,134.78,281.13,0.7104,-1,-1,-1
539,221,807.90,433.98,115.16,254.45,0.7495,-1,-1,-1
539,249,1460.05,412.94,233.60,654.30,0.7981,-1,-1,-1
539,271,1776.98,383.03,142.86,694.67,0.7906,-1,-1,-1
539,300,1623.16,408.67,197.64,614.20,0.6965,-1,-1,-1
539,304,579.91,458.45,31.37,79.83,0.3886,-1,-1,-1
539,320,415.90,461.71,42.59,111.41,0.2046,-1,-1,-1
539,323,544.66,461.76,31.27,74.27,0.2599,-1,-1,-1
539,330,920.62,423.08,102.03,284.99,0.7458,-1,-1,-1
539,333,381.21,467.58,46.70,108.06,0.2547,-1,-1,-1
539,339,713.62,449.51,28.60,91.24,0.4759,-1,-1,-1
539,345,695.25,454.98,28.41,83.51,0.1763,-1,-1,-1
540,148,655.27,453.42,37.29,115.99,0.6166,-1,-1,-1
540,194,1110.98,448.00,65.31,230.26,0.3889,-1,-1,-1
540,206,1011.48,438.99,134.25,283.25,0.6799,-1,-1,-1
540,221,814.17,433.22,109.79,252.96,0.7282,-1,-1,-1
540,249,1464.40,414.50,231.93,653.95,0.7923,-1,-1,-1
540,271,1782.25,415.83,137.58,659.07,0.7930,-1,-1,-1
540,300,1634.00,408.42,189.43,608.58,0.7276,-1,-1,-1
540,304,577.71,458.26,33.67,80.10,0.4293,-1,-1,-1
540,320,416.42,464.91,42.29,107.40,0.1577,-1,-1,-1
540,323,543.07,461.28,33.06,74.39,0.2300,-1,-1,-1
540,330,920.05,424.11,107.88,284.24,0.7699,-1,-1,-1
540,333,379.75,469.85,49.76,104.73,0.2241,-1,-1,-1
540,339,712.78,449.03,26.88,91.83,0.4971,-1,-1,-1
540,345,689.79,456.38,25.51,83.49,0.2071,-1,-1,-1
541,148,655.38,454.04,37.01,116.14,0.5562,-1,-1,-1
541,194,1116.37,447.77,61.42,230.16,0.4600,-1,-1,-1
541,206,1023.27,436.28,121.53,286.53,0.6588,-1,-1,-1
541,221,815.29,432.23,111.34,254.59,0.7388,-1,-1,-1
541,249,1467.96,411.74,241.17,660.22,0.7715,-1,-1,-1
541,271,1787.44,387.40,132.47,690.90,0.7728,-1,-1,-1
541,300,1640.83,406.63,189.29,613.24,0.7708,-1,-1,-1
541,304,577.48,458.49,33.29,80.22,0.3891,-1,-1,-1
541,320,416.23,467.92,43.17,103.96,0.1520,-1,-1,-1
541,323,542.96,460.77,32.64,75.07,0.2729,-1,-1,-1
541,330,921.61,418.85,122.90,289.26,0.7212,-1,-1,-1
541,333,377.43,471.23,52.94,102.42,0.1872,-1,-1,-1
541,339,712.90,449.57,27.22,93.46,0.5284,-1,-1,-1
541,345,691.06,456.48,24.13,84.04,0.2081,-1,-1,-1
542,148,655.69,454.68,36.93,115.10,0.5633,-1,-1,-1
542,194,1118.74,453.16,60.47,222.73,0.5024,-1,-1,-1
542,206,1030.78,432.95,112.73,288.92,0.6444,-1,-1,-1
542,221,820.50,434.41,107.40,252.68,0.7250,-1,-1,-1
542,249,1472.22,410.90,267.68,660.02,0.7635,-1,-1,-1
542,271,1797.33,385.01,122.70,693.96,0.7392,-1,-1,-1
542,300,1644.25,405.44,191.00,615.78,0.6301,-1,-1,-1
542,304,578.33,459.15,33.53,79.80,0.4258,-1,-1,-1
542,323,545.11,461.34,31.19,74.73,0.2908,-1,-1,-1
542,330,921.61,413.55,123.19,295.64,0.7281,-1,-1,-1
542,333,377.48,471.96,51.99,101.04,0.1564,-1,-1,-1
542,339,712.83,449.66,27.96,96.04,0.5136,-1,-1,-1
542,345,692.38,456.76,23.51,85.81,0.1655,-1,-1,-1
543,148,655.79,455.71,38.12,114.73,0.5966,-1,-1,-1
543,194,1122.17,448.59,57.24,226.05,0.3827,-1,-1,-1
543,206,1047.16,437.08,99.07,283.84,0.5751,-1,-1,-1
543,221,826.43,432.25,101.61,253.71,0.6637,-1,-1,-1
543,249,1482.76,410.88,253.30,657.63,0.6023,-1,-1,-1
543,271,1805.60,387.72,114.46,692.43,0.6775,-1,-1,-1
543,300,1647.19,403.97,194.89,613.97,0.5383,-1,-1,-1
543,304,577.15,458.03,33.14,80.61,0.3937,-1,-1,-1
543,323,545.18,460.38,29.90,75.58,0.2850,-1,-1,-1
543,330,920.98,424.53,119.26,282.35,0.7434,-1,-1,-1
543,339,711.99,449.07,29.31,96.44,0.5183,-1,-1,-1
543,345,695.42,456.48,25.90,86.19,0.1752,-1,-1,-1
544,148,655.11,454.94,39.13,115.05,0.6254,-1,-1,-1
544,194,1122.68,450.63,60.40,226.71,0.3423,-1,-1,-1
544,206,1051.26,436.68,97.96,283.00,0.5859,-1,-1,-1
544,221,836.63,433.74,93.41,251.58,0.6830,-1,-1,-1
544,249,1497.27,411.19,333.19,657.84,0.5393,-1,-1,-1
544,271,1824.03,383.12,95.99,576.18,0.6722,-1,-1,-1
544,300,1648.53,406.05,193.77,594.83,0.4537,-1,-1,-1
544,304,577.50,456.13,33.28,81.75,0.4468,-1,-1,-1
544,320,416.88,468.25,42.48,101.86,0.1594,-1,-1,-1
544,323,544.62,459.19,30.74,77.20,0.3077,-1,-1,-1
544,330,920.82,435.44,124.67,271.04,0.7078,-1,-1,-1
544,333,377.95,471.60,51.22,101.26,0.1675,-1,-1,-1
544,339,712.23,448.44,29.13,95.92,0.5109,-1,-1,-1
544,345,695.74,455.86,26.81,86.04,0.1850,-1,-1,-1
544,351,1040.44,435.15,51.19,134.72,0.1555,-1,-1,-1
545,148,655.39,452.30,42.36,116.19,0.5939,-1,-1,-1
545,194,1117.94,458.27,71.35,222.64,0.2951,-1,-1,-1
545,206,1068.04,434.89,91.78,286.27,0.4632,-1,-1,-1
545,221,847.32,435.96,87.15,245.75,0.6680,-1,-1,-1
545,249,1519.32,410.17,288.27,655.97,0.5705,-1,-1,-1
545,271,1837.55,464.02,82.57,494.25,0.5115,-1,-1,-1
545,300,1652.68,407.45,191.87,619.25,0.5734,-1,-1,-1
545,304,579.00,454.55,33.25,83.45,0.3946,-1,-1,-1
545,323,543.93,456.07,30.42,80.23,0.3364,-1,-1,-1
545,330,925.14,432.88,126.42,274.11,0.6997,-1,-1,-1
545,339,711.74,447.96,31.38,96.96,0.5502,-1,-1,-1
545,345,695.15,453.94,30.94,86.69,0.1836,-1,-1,-1
545,351,1039.33,436.23,57.62,128.27,0.1559,-1,-1,-1
546,148,655.54,453.08,39.53,115.04,0.5905,-1,-1,-1
546,194,1123.94,455.14,66.67,226.35,0.3776,-1,-1,-1
546,206,1076.83,435.92,81.16,280.91,0.5182,-1,-1,-1
546,221,864.49,433.40,74.48,246.51,0.7016,-1,-1,-1
546,249,1534.84,409.70,208.17,656.18,0.5449,-1,-1,-1
546,271,1821.22,480.15,97.38,588.89,0.5891,-1,-1,-1
546,300,1658.42,406.19,189.71,626.54,0.5456,-1,-1,-1
546,304,579.42,451.40,33.19,85.44,0.4171,-1,-1,-1
546,323,543.91,449.75,30.20,86.03,0.3968,-1,-1,-1
546,330,931.08,432.93,120.46,272.17,0.7101,-1,-1,-1
546,339,713.31,448.12,30.10,97.46,0.5188,-1,-1,-1
546,345,694.30,453.88,31.19,86.54,0.1682,-1,-1,-1
547,148,654.00,454.67,39.96,112.48,0.6221,-1,-1,-1
547,194,1127.07,451.00,63.78,227.65,0.2728,-1,-1,-1
547,206,1093.68,434.30,87.76,270.32,0.4569,-1,-1,-1
547,221,868.45,436.10,71.02,243.90,0.6619,-1,-1,-1
547,249,1544.43,407.78,201.15,655.03,0.6410,-1,-1,-1
547,271,1820.95,493.97,98.34,584.39,0.6470,-1,-1,-1
547,300,1664.61,412.43,188.08,600.64,0.6551,-1,-1,-1
547,304,579.27,452.33,33.82,85.39,0.4718,-1,-1,-1
547,323,544.59,449.13,30.51,87.14,0.3809,-1,-1,-1
547,330,937.13,427.19,115.02,279.09,0.6842,-1,-1,-1
547,333,378.68,472.18,51.60,100.18,0.1557,-1,-1,-1
547,339,713.41,448.37,29.35,96.72,0.5014,-1,-1,-1
547,345,693.65,455.71,25.43,85.75,0.1716,-1,-1,-1
548,148,653.75,453.90,36.96,112.25,0.6774,-1,-1,-1
548,194,1126.64,452.25,65.39,232.04,0.1703,-1,-1,-1
548,206,1090.90,433.59,94.51,274.90,0.4721,-1,-1,-1
548,221,870.38,434.90,71.18,242.45,0.6327,-1,-1,-1
548,249,1548.06,408.70,193.19,661.80,0.7219,-1,-1,-1
548,271,1829.98,451.23,89.15,628.00,0.5218,-1,-1,-1
548,300,1668.36,411.99,191.51,599.94,0.7375,-1,-1,-1
548,304,579.96,454.24,33.86,83.00,0.4928,-1,-1,-1
548,323,545.45,449.66,31.57,86.79,0.4362,-1,-1,-1
548,330,937.58,426.60,116.76,278.69,0.6611,-1,-1,-1
548,333,377.63,472.19,53.21,100.62,0.1509,-1,-1,-1
548,339,714.22,448.53,28.53,96.58,0.4944,-1,-1,-1
548,345,696.32,456.48,25.35,85.08,0.1769,-1,-1,-1
549,148,652.13,454.57,38.96,110.04,0.6691,-1,-1,-1
549,194,1115.72,441.40,75.95,245.92,0.2870,-1,-1,-1
549,206,1081.78,439.38,86.48,280.71,0.4023,-1,-1,-1
549,221,873.77,437.70,73.31,243.82,0.6223,-1,-1,-1
549,249,1549.28,408.63,197.60,654.89,0.7544,-1,-1,-1
549,271,1833.43,425.81,85.55,653.83,0.3141,-1,-1,-1
549,300,1677.28,413.60,186.74,600.35,0.7195,-1,-1,-1
549,304,580.23,451.72,33.66,85.48,0.4398,-1,-1,-1
549,323,546.02,447.39,31.59,88.16,0.4111,-1,-1,-1
549,330,946.35,424.97,107.63,278.66,0.6544,-1,-1,-1
549,339,714.73,448.42,29.27,96.71,0.5571,-1,-1,-1
549,345,689.76,454.53,25.77,87.03,0.1620,-1,-1,-1
549,354,1859.16,395.19,59.44,255.56,0.2205,-1,-1,-1
550,148,652.98,455.19,37.26,108.79,0.6712,-1,-1,-1
550,206,1075.34,435.91,114.22,282.01,0.4619,-1,-1,-1
550,221,875.01,437.97,79.52,244.11,0.6222,-1,-1,-1
550,249,1551.09,409.52,196.01,655.39,0.7737,-1,-1,-1
550,300,1685.47,405.52,192.77,614.17,0.7347,-1,-1,-1
550,304,580.64,453.53,33.03,83.93,0.4522,-1,-1,-1
550,320,416.69,471.80,45.09,98.59,0.1529,-1,-1,-1
550,323,546.69,448.06,31.62,87.60,0.4036,-1,-1,-1
550,330,957.28,417.29,103.53,284.52,0.6234,-1,-1,-1
550,339,714.80,450.57,32.39,95.65,0.5143,-1,-1,-1
550,345,690.12,455.19,25.80,85.52,0.1693,-1,-1,-1
550,354,1854.67,397.15,65.23,257.21,0.1854,-1,-1,-1
550,355,1044.96,426.39,38.48,90.18,0.1507,-1,-1,-1
551,148,651.95,455.83,38.28,107.86,0.6459,-1,-1,-1
551,194,1122.29,437.92,76.87,257.45,0.2566,-1,-1,-1
551,206,1064.74,438.16,129.30,279.28,0.5126,-1,-1,-1
551,221,877.78,434.89,77.13,248.01,0.6449,-1,-1,-1
551,249,1554.23,410.15,202.09,660.01,0.7708,-1,-1,-1
551,300,1691.12,403.61,192.71,611.07,0.7089,-1,-1,-1
551,304,580.68,454.07,32.96,83.31,0.5142,-1,-1,-1
551,320,416.61,474.87,46.15,95.47,0.1695,-1,-1,-1
551,323,547.68,447.83,30.97,87.74,0.4032,-1,-1,-1
551,330,963.74,412.80,97.05,287.68,0.6154,-1,-1,-1
551,339,714.08,449.77,32.66,95.88,0.5344,-1,-1,-1
551,345,697.84,455.62,26.67,86.02,0.1641,-1,-1,-1
552,148,650.44,455.45,42.03,109.63,0.6133,-1,-1,-1
552,206,1081.69,436.94,119.04,283.86,0.5012,-1,-1,-1
552,221,884.88,432.29,75.62,251.66,0.6799,-1,-1,-1
552,249,1556.23,410.02,212.56,668.18,0.8022,-1,-1,-1
552,300,1697.00,404.15,189.64,609.18,0.7360,-1,-1,-1
552,304,580.38,452.53,33.44,84.64,0.5232,-1,-1,-1
552,320,417.31,478.89,46.47,89.53,0.1892,-1,-1,-1
552,323,547.40,445.41,31.32,89.48,0.4414,-1,-1,-1
552,330,973.09,416.95,84.67,281.08,0.6093,-1,-1,-1
552,339,714.98,449.61,32.90,96.27,0.5945,-1,-1,-1
552,345,697.82,455.04,27.61,87.26,0.1505,-1,-1,-1
552,355,1047.37,424.34,39.10,98.27,0.1570,-1,-1,-1
553,148,649.28,455.08,42.86,110.36,0.5777,-1,-1,-1
553,206,1085.45,436.75,105.58,284.70,0.5003,-1,-1,-1
553,221,885.86,432.97,84.70,249.96,0.7232,-1,-1,-1
553,249,1559.39,409.16,214.86,666.84,0.7907,-1,-1,-1
553,300,1701.79,403.39,198.89,616.65,0.6790,-1,-1,-1
553,304,579.97,452.57,34.01,85.09,0.5198,-1,-1,-1
553,320,416.96,482.55,45.83,86.29,0.1571,-1,-1,-1
553,323,547.04,445.59,30.65,90.27,0.4168,-1,-1,-1
553,330,987.62,420.19,75.31,274.44,0.6987,-1,-1,-1
553,339,715.68,448.69,34.56,96.15,0.5779,-1,-1,-1
553,355,1047.90,426.81,38.08,107.56,0.1854,-1,-1,-1
553,357,1198.14,437.25,36.83,112.24,0.2450,-1,-1,-1
554,148,646.77,455.14,41.09,109.64,0.4872,-1,-1,-1
554,206,1078.36,435.35,123.26,285.70,0.5788,-1,-1,-1
554,221,886.10,431.45,89.59,251.82,0.7367,-1,-1,-1
554,249,1559.05,409.64,302.46,660.89,0.5400,-1,-1,-1
554,300,1702.82,403.32,201.30,635.09,0.2834,-1,-1,-1
554,304,580.81,448.87,33.09,88.21,0.5265,-1,-1,-1
554,320,417.98,478.35,44.91,89.16,0.2342,-1,-1,-1
554,323,546.52,444.30,30.24,91.57,0.4491,-1,-1,-1
554,330,988.47,413.92,79.83,287.64,0.6597,-1,-1,-1
554,339,715.16,448.07,33.25,95.51,0.5861,-1,-1,-1
554,357,1196.57,433.56,39.02,117.16,0.2970,-1,-1,-1
555,148,645.61,456.60,41.28,107.40,0.4912,-1,-1,-1
555,206,1077.52,433.94,126.65,287.26,0.5957,-1,-1,-1
555,221,885.97,432.06,89.42,251.45,0.7330,-1,-1,-1
555,249,1560.51,408.61,254.46,661.42,0.6172,-1,-1,-1
555,300,1712.64,402.00,200.69,638.72,0.4136,-1,-1,-1
555,304,581.10,446.74,33.56,90.50,0.5426,-1,-1,-1
555,320,417.44,475.53,44.27,92.01,0.1807,-1,-1,-1
555,323,546.20,444.03,32.20,92.05,0.4757,-1,-1,-1
555,330,993.48,410.98,79.30,288.93,0.6791,-1,-1,-1
555,339,714.09,445.99,33.49,98.89,0.5751,-1,-1,-1
555,359,1724.73,404.30,190.08,339.19,0.1996,-1,-1,-1
556,148,643.82,457.25,42.46,107.13,0.5159,-1,-1,-1
556,206,1088.05,436.15,119.30,284.38,0.7181,-1,-1,-1
556,221,887.77,433.51,87.35,250.94,0.7684,-1,-1,-1
556,249,1559.36,406.63,270.65,660.29,0.5707,-1,-1,-1
556,300,1715.87,400.56,204.17,628.11,0.2028,-1,-1,-1
556,304,581.59,446.05,33.17,91.16,0.5002,-1,-1,-1
556,320,417.11,474.70,44.79,93.05,0.1572,-1,-1,-1
556,323,546.27,441.83,33.18,93.94,0.4538,-1,-1,-1
556,330,1000.15,411.28,82.21,288.25,0.7244,-1,-1,-1
556,339,714.73,446.29,33.41,100.16,0.5956,-1,-1,-1
556,359,1732.97,404.00,183.01,338.60,0.2883,-1,-1,-1
556,360,675.68,457.10,25.44,105.26,0.2829,-1,-1,-1
557,148,643.85,457.81,41.29,106.58,0.5424,-1,-1,-1
557,206,1089.08,438.02,116.84,282.20,0.7478,-1,-1,-1
557,221,890.12,435.71,89.88,248.61,0.7570,-1,-1,-1
557,249,1558.43,407.38,256.31,662.05,0.6845,-1,-1,-1
557,300,1715.32,399.70,199.83,649.70,0.3292,-1,-1,-1
557,304,580.81,446.75,34.16,91.23,0.5237,-1,-1,-1
557,320,417.37,474.59,44.70,93.78,0.2178,-1,-1,-1
557,323,545.91,440.80,33.89,96.38,0.4753,-1,-1,-1
557,330,992.74,425.12,93.06,270.84,0.6698,-1,-1,-1
557,339,713.82,446.03,34.32,101.80,0.6252,-1,-1,-1
557,359,1739.26,404.29,178.90,335.48,0.2659,-1,-1,-1
557,360,676.24,457.44,25.75,105.41,0.2805,-1,-1,-1
558,148,643.21,460.00,40.56,104.79,0.5468,-1,-1,-1
558,206,1092.29,437.31,115.48,281.48,0.8020,-1,-1,-1
558,221,890.96,436.31,87.73,247.69,0.7480,-1,-1,-1
558,249,1558.76,404.47,299.73,670.53,0.8043,-1,-1,-1
558,304,583.63,452.38,32.19,87.74,0.5483,-1,-1,-1
558,320,417.14,472.83,45.52,95.15,0.2094,-1,-1,-1
558,323,546.43,442.90,35.07,94.28,0.5022,-1,-1,-1
558,330,985.99,435.24,105.01,261.43,0.7065,-1,-1,-1
558,339,712.18,445.17,36.35,102.56,0.6487,-1,-1,-1
558,357,1198.18,443.40,39.65,112.41,0.2415,-1,-1,-1
558,359,1740.29,405.19,178.36,334.82,0.3371,-1,-1,-1
558,360,675.22,457.07,26.98,104.02,0.2749,-1,-1,-1
559,148,644.00,461.95,39.56,101.26,0.5365,-1,-1,-1
559,206,1092.02,433.84,120.17,283.89,0.8025,-1,-1,-1
559,221,889.71,437.23,91.41,246.93,0.7451,-1,-1,-1
559,249,1560.39,405.52,295.05,664.60,0.8003,-1,-1,-1
559,300,1746.76,398.94,173.48,580.73,0.3957,-1,-1,-1
559,304,583.97,453.36,31.85,86.30,0.5577,-1,-1,-1
559,320,417.37,471.56,45.46,96.62,0.2333,-1,-1,-1
559,323,546.49,443.05,33.82,94.21,0.5173,-1,-1,-1
559,330,991.92,430.86,103.67,266.29,0.6420,-1,-1,-1
559,339,712.40,444.82,36.24,101.85,0.6461,-1,-1,-1
559,357,1199.90,438.45,41.94,115.45,0.3161,-1,-1,-1
559,360,672.74,457.95,29.77,100.86,0.2660,-1,-1,-1
560,148,643.60,460.46,36.66,101.09,0.5570,-1,-1,-1
560,206,1098.11,435.91,113.77,281.48,0.7146,-1,-1,-1
560,221,889.34,435.15,93.22,247.20,0.7595,-1,-1,-1
560,249,1560.83,403.94,307.28,672.44,0.8598,-1,-1,-1
560,304,584.35,454.00,31.45,85.56,0.5231,-1,-1,-1
560,320,417.36,471.41,45.08,96.71,0.2431,-1,-1,-1
560,323,547.90,446.03,32.18,91.68,0.5052,-1,-1,-1
560,330,998.33,421.82,104.73,274.64,0.6794,-1,-1,-1
560,339,713.14,445.15,35.74,101.56,0.6332,-1,-1,-1
560,357,1199.35,435.11,45.74,120.49,0.2919,-1,-1,-1
560,359,1752.26,404.06,167.34,337.58,0.3131,-1,-1,-1
560,360,677.38,457.87,27.05,96.49,0.1878,-1,-1,-1
561,148,642.41,457.72,35.64,103.67,0.5435,-1,-1,-1
561,206,1102.40,437.34,108.53,277.30,0.6598,-1,-1,-1
561,221,903.33,435.35,86.38,246.47,0.6555,-1,-1,-1
561,249,1566.14,402.76,276.82,669.17,0.7236,-1,-1,-1
561,300,1744.45,397.83,174.92,553.54,0.3760,-1,-1,-1
561,304,584.23,452.79,31.96,85.80,0.4890,-1,-1,-1
561,320,416.98,471.69,46.08,97.74,0.2570,-1,-1,-1
561,323,548.89,441.88,31.65,94.97,0.5228,-1,-1,-1
561,330,999.97,422.74,112.69,274.12,0.6983,-1,-1,-1
561,339,711.82,446.29,37.52,101.47,0.6252,-1,-1,-1
561,357,1202.80,438.13,45.63,120.11,0.3266,-1,-1,-1
561,360,678.91,457.10,26.65,92.14,0.1548,-1,-1,-1
561,367,884.50,444.42,28.24,42.83,0.1642,-1,-1,-1
562,148,643.15,458.26,35.26,102.94,0.5042,-1,-1,-1
562,206,1106.07,438.98,113.92,277.41,0.7010,-1,-1,-1
562,221,910.95,434.73,82.12,245.89,0.6981,-1,-1,-1
562,249,1569.48,405.94,304.99,669.07,0.8116,-1,-1,-1
562,300,1759.97,397.77,158.31,574.87,0.3116,-1,-1,-1
562,304,584.18,452.23,31.84,87.35,0.4988,-1,-1,-1
562,320,416.68,472.19,46.40,98.08,0.2611,-1,-1,-1
562,323,548.66,440.81,33.84,96.35,0.4870,-1,-1,-1
562,330,999.45,417.80,112.87,278.38,0.6649,-1,-1,-1
562,339,714.52,449.36,35.28,98.05,0.5756,-1,-1,-1
562,357,1207.23,437.40,43.35,121.22,0.2364,-1,-1,-1
562,360,677.43,458.28,27.14,95.67,0.2004,-1,-1,-1
563,148,642.05,457.68,34.21,103.08,0.5251,-1,-1,-1
563,206,1110.81,440.08,110.17,274.23,0.6917,-1,-1,-1
563,221,911.58,433.89,83.26,249.87,0.7009,-1,-1,-1
563,249,1574.29,405.37,321.38,669.60,0.8041,-1,-1,-1
563,300,1765.97,392.37,154.13,548.27,0.3413,-1,-1,-1
563,304,584.06,453.12,32.99,86.54,0.4491,-1,-1,-1
563,320,415.33,470.50,48.07,100.63,0.1979,-1,-1,-1
563,323,548.39,441.08,35.04,95.27,0.4628,-1,-1,-1
563,330,997.87,419.21,119.43,277.42,0.6621,-1,-1,-1
563,339,714.64,449.33,37.19,98.38,0.5299,-1,-1,-1
563,345,696.59,454.89,28.67,86.35,0.1556,-1,-1,-1
564,148,642.21,457.17,35.00,103.99,0.4946,-1,-1,-1
564,206,1113.21,433.83,112.62,278.53,0.7002,-1,-1,-1
564,221,914.95,430.47,82.45,250.93,0.6334,-1,-1,-1
564,249,1583.20,401.57,326.96,668.97,0.8679,-1,-1,-1
564,300,1782.39,397.98,138.79,479.76,0.4055,-1,-1,-1
564,304,584.42,454.52,32.35,83.69,0.3942,-1,-1,-1
564,320,416.08,468.81,47.14,101.61,0.1701,-1,-1,-1
564,323,548.22,441.89,35.01,94.40,0.3774,-1,-1,-1
564,330,1002.08,428.11,117.10,267.28,0.6410,-1,-1,-1
564,339,715.98,448.88,35.45,98.28,0.5205,-1,-1,-1
564,345,694.97,454.80,29.08,86.00,0.1577,-1,-1,-1
565,148,642.13,456.13,35.78,104.94,0.5469,-1,-1,-1
565,206,1118.24,432.12,110.04,279.93,0.6431,-1,-1,-1
565,221,920.69,433.72,78.98,244.25,0.6350,-1,-1,-1
565,249,1589.19,399.59,303.79,667.62,0.7037,-1,-1,-1
565,300,1783.15,394.30,134.82,655.56,0.6218,-1,-1,-1
565,304,584.69,455.54,32.45,82.73,0.3991,-1,-1,-1
565,320,415.64,471.29,47.02,100.44,0.1752,-1,-1,-1
565,323,548.29,442.00,34.08,94.06,0.4263,-1,-1,-1
565,330,998.72,431.48,123.61,263.37,0.6371,-1,-1,-1
565,339,716.54,449.04,35.46,97.13,0.5558,-1,-1,-1
565,345,697.14,454.58,28.12,86.59,0.1756,-1,-1,-1
566,148,641.70,454.14,35.76,107.25,0.5226,-1,-1,-1
566,206,1125.76,433.21,105.80,282.23,0.5412,-1,-1,-1
566,221,928.98,431.51,86.80,241.61,0.5400,-1,-1,-1
566,249,1606.76,399.00,299.71,671.27,0.7344,-1,-1,-1
566,300,1790.94,391.61,128.51,662.96,0.6377,-1,-1,-1
566,304,585.15,455.67,32.54,83.07,0.4354,-1,-1,-1
566,320,416.29,465.17,46.65,106.10,0.1581,-1,-1,-1
566,323,548.67,442.49,33.90,93.64,0.4300,-1,-1,-1
566,330,1004.48,437.26,121.36,260.06,0.6653,-1,-1,-1
566,339,717.30,449.62,35.33,96.93,0.5433,-1,-1,-1
566,345,695.82,454.15,28.51,85.65,0.1771,-1,-1,-1
566,360,674.15,455.47,30.84,98.51,0.1637,-1,-1,-1
567,148,641.33,454.56,34.27,106.59,0.4861,-1,-1,-1
567,206,1123.11,431.01,110.08,284.31,0.6359,-1,-1,-1
567,221,932.57,429.70,84.14,242.43,0.5118,-1,-1,-1
567,249,1628.71,400.37,278.33,668.30,0.8356,-1,-1,-1
567,300,1797.06,398.05,122.95,639.69,0.6305,-1,-1,-1
567,304,585.53,455.68,32.19,82.72,0.4655,-1,-1,-1
567,320,416.16,466.92,47.51,105.52,0.1760,-1,-1,-1
567,323,548.95,442.50,33.53,93.82,0.4385,-1,-1,-1
567,330,1005.09,442.40,127.56,256.02,0.6881,-1,-1,-1
567,339,718.09,449.08,35.29,97.94,0.5408,-1,-1,-1
567,345,697.11,454.81,26.33,85.27,0.1803,-1,-1,-1
567,360,673.53,454.90,31.52,97.90,0.1527,-1,-1,-1
568,148,641.39,456.05,32.25,104.61,0.4808,-1,-1,-1
568,206,1130.17,430.28,108.18,282.07,0.6107,-1,-1,-1
568,221,943.09,432.18,75.79,241.23,0.5363,-1,-1,-1
568,249,1650.61,400.90,256.86,668.51,0.8225,-1,-1,-1
568,300,1800.56,403.20,118.94,655.86,0.6106,-1,-1,-1
568,304,586.20,456.23,31.94,84.62,0.4903,-1,-1,-1
568,320,417.92,473.12,43.71,98.99,0.2892,-1,-1,-1
568,323,548.42,440.70,35.61,96.28,0.4363,-1,-1,-1
568,330,1003.90,428.13,139.73,271.55,0.6911,-1,-1,-1
568,339,718.38,448.33,37.55,99.60,0.5152,-1,-1,-1
568,345,697.27,455.05,25.82,85.83,0.1842,-1,-1,-1
568,357,1226.80,443.85,38.26,113.37,0.3003,-1,-1,-1
568,360,673.13,455.30,29.79,99.96,0.1982,-1,-1,-1
569,148,641.49,455.46,33.67,104.40,0.5248,-1,-1,-1
569,206,1131.85,431.73,110.57,280.87,0.5304,-1,-1,-1
569,221,941.89,436.13,80.19,231.66,0.6690,-1,-1,-1
569,249,1657.98,400.88,232.39,672.95,0.8116,-1,-1,-1
569,300,1797.85,409.26,121.67,649.33,0.4545,-1,-1,-1
569,304,586.27,455.72,32.28,85.72,0.5301,-1,-1,-1
569,320,418.77,474.24,42.66,97.40,0.2699,-1,-1,-1
569,323,548.41,442.80,35.65,95.41,0.4216,-1,-1,-1
569,330,1005.87,432.56,139.23,268.03,0.7161,-1,-1,-1
569,339,718.31,448.39,37.16,100.10,0.5255,-1,-1,-1
569,345,693.01,454.88,31.70,89.83,0.1811,-1,-1,-1
569,357,1231.85,444.42,34.00,111.32,0.2941,-1,-1,-1
569,360,671.26,455.13,31.36,99.67,0.2337,-1,-1,-1
570,148,639.72,455.24,32.21,104.45,0.5120,-1,-1,-1
570,206,1135.22,434.43,119.63,279.73,0.6417,-1,-1,-1
570,221,942.96,434.81,82.89,234.54,0.7119,-1,-1,-1
570,249,1662.25,402.85,234.94,669.38,0.7783,-1,-1,-1
570,300,1801.62,410.94,122.75,516.02,0.2617,-1,-1,-1
570,304,586.76,455.73,31.58,85.76,0.5238,-1,-1,-1
570,320,417.26,476.96,44.29,95.46,0.1734,-1,-1,-1
570,323,549.16,443.01,35.55,95.88,0.4405,-1,-1,-1
570,330,1006.54,432.91,137.24,267.57,0.7114,-1,-1,-1
570,339,718.02,446.50,37.80,102.78,0.5571,-1,-1,-1
570,345,696.62,454.28,24.51,87.36,0.1950,-1,-1,-1
570,357,1232.76,442.68,34.19,111.84,0.2242,-1,-1,-1
570,360,670.12,454.53,31.38,100.04,0.2648,-1,-1,-1
570,369,1111.86,434.01,45.44,139.72,0.2709,-1,-1,-1
571,148,638.73,456.77,30.33,104.23,0.4921,-1,-1,-1
571,206,1145.48,432.12,131.71,281.83,0.5986,-1,-1,-1
571,221,946.89,435.42,79.66,241.90,0.6900,-1,-1,-1
571,249,1666.64,401.49,253.28,671.81,0.8659,-1,-1,-1
571,300,1813.27,409.87,107.62,469.77,0.2269,-1,-1,-1
571,304,586.91,455.80,31.55,86.08,0.5251,-1,-1,-1
571,320,417.22,473.52,45.21,96.38,0.2099,-1,-1,-1
571,323,549.65,448.98,36.40,90.86,0.4294,-1,-1,-1
571,330,1011.53,425.80,130.66,272.52,0.7017,-1,-1,-1
571,339,717.36,445.43,39.60,102.97,0.6079,-1,-1,-1
571,345,696.82,453.90,23.55,85.64,0.1747,-1,-1,-1
571,357,1234.64,444.13,33.77,106.57,0.1699,-1,-1,-1
571,360,669.56,454.28,31.80,99.71,0.2638,-1,-1,-1
571,369,1110.60,431.70,47.78,152.52,0.3313,-1,-1,-1
572,148,637.41,456.85,32.72,102.69,0.5210,-1,-1,-1
572,206,1144.12,433.55,136.19,281.91,0.7603,-1,-1,-1
572,221,947.81,435.93,80.68,240.47,0.6855,-1,-1,-1
572,249,1670.15,402.24,248.32,670.42,0.8701,-1,-1,-1
572,300,1821.22,420.97,98.74,438.61,0.3004,-1,-1,-1
572,304,586.90,451.44,31.93,90.02,0.4943,-1,-1,-1
572,320,417.88,472.19,44.94,96.68,0.2051,-1,-1,-1
572,323,549.58,440.34,37.12,98.67,0.4582,-1,-1,-1
572,330,1012.17,431.75,129.00,267.08,0.6879,-1,-1,-1
572,339,717.41,444.51,40.28,104.95,0.6254,-1,-1,-1
572,360,668.27,453.63,32.82,99.98,0.2740,-1,-1,-1
572,369,1110.46,433.70,48.36,142.95,0.3931,-1,-1,-1
573,148,636.60,456.77,30.46,102.55,0.5582,-1,-1,-1
573,206,1150.36,437.21,138.01,278.17,0.7014,-1,-1,-1
573,221,942.32,434.41,94.10,243.63,0.6388,-1,-1,-1
573,249,1674.40,402.72,244.73,667.78,0.8859,-1,-1,-1
573,304,585.12,453.53,32.46,88.91,0.4884,-1,-1,-1
573,320,417.60,474.79,42.82,95.90,0.2225,-1,-1,-1
573,323,550.32,451.65,35.32,89.65,0.4048,-1,-1,-1
573,330,1016.76,430.21,123.27,265.21,0.6443,-1,-1,-1
573,339,718.24,445.36,40.21,104.80,0.5687,-1,-1,-1
573,345,696.66,454.44,24.24,88.76,0.1682,-1,-1,-1
573,360,668.69,455.22,32.37,98.77,0.2624,-1,-1,-1
573,369,1110.17,429.64,47.32,147.01,0.3490,-1,-1,-1
573,371,1832.07,428.87,87.42,240.31,0.3980,-1,-1,-1
573,372,1674.09,415.98,78.82,163.85,0.2132,-1,-1,-1
574,148,636.32,457.15,30.39,101.41,0.5462,-1,-1,-1
574,206,1149.48,438.18,141.83,277.53,0.7345,-1,-1,-1
574,221,952.74,435.11,107.66,249.70,0.6143,-1,-1,-1
574,249,1673.72,398.31,245.69,676.46,0.9003,-1,-1,-1
574,304,584.39,455.13,33.59,87.98,0.3409,-1,-1,-1
574,320,416.47,472.29,45.11,100.67,0.2499,-1,-1,-1
574,323,549.96,450.45,35.85,88.60,0.3869,-1,-1,-1
574,330,1034.40,433.14,106.09,262.89,0.5438,-1,-1,-1
574,339,717.81,445.13,40.74,105.19,0.5537,-1,-1,-1
574,345,699.00,454.38,24.49,89.51,0.1594,-1,-1,-1
574,360,664.66,456.17,32.53,101.44,0.2578,-1,-1,-1
574,369,1112.27,427.86,45.34,149.80,0.3579,-1,-1,-1
574,371,1837.07,430.76,82.47,251.95,0.3400,-1,-1,-1
574,372,1674.64,411.23,79.95,174.69,0.1534,-1,-1,-1
575,148,635.50,455.98,30.79,102.51,0.5658,-1,-1,-1
575,206,1154.46,439.27,137.83,276.48,0.7002,-1,-1,-1
575,221,955.25,434.21,107.97,248.65,0.5757,-1,-1,-1
575,249,1674.01,397.62,245.38,677.07,0.9046,-1,-1,-1
575,304,584.46,454.15,33.86,88.72,0.4284,-1,-1,-1
575,320,415.23,474.27,46.76,99.19,0.2412,-1,-1,-1
575,323,550.44,449.79,34.85,88.66,0.3539,-1,-1,-1
575,330,1039.12,425.97,100.59,270.02,0.5017,-1,-1,-1
575,339,717.81,445.52,40.37,104.44,0.5795,-1,-1,-1
575,345,697.98,454.15,24.55,89.85,0.1612,-1,-1,-1
575,360,674.69,452.68,31.40,97.92,0.2016,-1,-1,-1
575,369,1113.22,425.16,43.79,152.16,0.2355,-1,-1,-1
575,371,1844.67,429.66,75.57,240.57,0.3097,-1,-1,-1
575,372,1673.66,415.00,85.88,174.63,0.2222,-1,-1,-1
576,148,634.08,455.98,33.85,102.11,0.5208,-1,-1,-1
576,206,1157.56,437.60,136.06,277.93,0.7314,-1,-1,-1
576,221,955.39,433.92,112.81,248.17,0.6242,-1,-1,-1
576,249,1673.11,397.18,246.22,677.23,0.8990,-1,-1,-1
576,304,585.63,454.13,32.92,88.76,0.4252,-1,-1,-1
576,320,416.53,473.66,45.30,98.96,0.2850,-1,-1,-1
576,323,550.36,448.98,33.29,88.72,0.2928,-1,-1,-1
576,330,1041.76,426.51,98.23,269.59,0.6166,-1,-1,-1
576,339,719.66,446.34,38.79,104.49,0.6061,-1,-1,-1
576,360,665.79,458.27,31.45,98.67,0.2166,-1,-1,-1
576,371,1855.37,430.28,64.90,220.12,0.4444,-1,-1,-1
576,374,918.81,457.50,58.77,129.08,0.1725,-1,-1,-1
577,148,633.46,452.67,33.45,106.31,0.5257,-1,-1,-1
577,206,1156.03,436.15,137.48,279.32,0.7444,-1,-1,-1
577,221,957.00,433.92,111.23,246.59,0.6658,-1,-1,-1
577,249,1672.76,399.11,246.51,676.10,0.9090,-1,-1,-1
577,304,585.21,452.71,33.51,90.61,0.3972,-1,-1,-1
577,320,415.78,476.32,46.02,96.66,0.2408,-1,-1,-1
577,323,550.19,446.25,35.88,91.83,0.2890,-1,-1,-1
577,330,1049.57,423.40,90.29,271.35,0.6270,-1,-1,-1
577,339,719.86,447.35,38.56,104.04,0.5855,-1,-1,-1
577,345,690.48,455.29,27.56,91.12,0.1666,-1,-1,-1
577,360,668.26,453.95,31.58,102.00,0.2180,-1,-1,-1
577,371,1855.74,428.08,64.37,210.45,0.2285,-1,-1,-1
577,372,1674.01,415.81,96.23,174.05,0.2406,-1,-1,-1
578,148,633.32,448.61,33.09,109.59,0.6218,-1,-1,-1
578,206,1158.55,433.32,130.96,281.19,0.7293,-1,-1,-1
578,221,957.77,440.55,98.86,233.16,0.7226,-1,-1,-1
578,249,1671.30,399.57,247.93,676.28,0.9062,-1,-1,-1
578,304,584.32,451.31,34.52,92.43,0.3743,-1,-1,-1
578,320,415.31,473.82,45.45,99.12,0.2294,-1,-1,-1
578,323,549.75,450.29,37.21,88.38,0.3212,-1,-1,-1
578,330,1051.13,427.68,88.83,265.52,0.6192,-1,-1,-1
578,339,719.84,445.35,38.72,104.04,0.6290,-1,-1,-1
578,345,697.24,454.70,24.48,89.37,0.1767,-1,-1,-1
578,360,669.98,452.05,31.14,103.79,0.2413,-1,-1,-1
578,372,1672.42,417.68,103.82,172.83,0.2178,-1,-1,-1
578,377,1040.55,437.71,43.00,135.29,0.1884,-1,-1,-1
579,148,632.55,447.96,32.97,110.62,0.5776,-1,-1,-1
579,206,1158.71,435.05,131.13,278.76,0.6916,-1,-1,-1
579,221,957.85,439.67,100.69,233.19,0.7531,-1,-1,-1
579,249,1671.36,401.08,247.90,675.53,0.8991,-1,-1,-1
579,304,583.60,448.13,31.75,93.23,0.3512,-1,-1,-1
579,320,415.78,473.03,44.99,99.10,0.2384,-1,-1,-1
579,323,548.96,443.27,37.62,93.96,0.3126,-1,-1,-1
579,330,1055.57,433.96,86.25,261.31,0.6592,-1,-1,-1
579,333,380.62,469.66,44.20,104.05,0.2396,-1,-1,-1
579,339,720.56,447.27,38.41,104.09,0.5936,-1,-1,-1
579,345,698.24,455.08,24.21,87.68,0.1788,-1,-1,-1
579,360,669.53,451.06,31.35,104.84,0.2508,-1,-1,-1
579,372,1672.62,424.70,107.41,166.37,0.2284,-1,-1,-1
579,377,1041.47,440.94,41.57,134.64,0.1644,-1,-1,-1
579,378,1079.73,436.54,49.59,137.11,0.1800,-1,-1,-1
580,148,630.68,450.01,36.94,108.74,0.5581,-1,-1,-1
580,206,1156.95,442.60,134.00,273.31,0.7504,-1,-1,-1
580,221,958.74,436.32,101.27,238.20,0.7576,-1,-1,-1
580,249,1671.57,402.70,247.53,674.27,0.9084,-1,-1,-1
580,304,584.73,448.62,31.07,92.58,0.3528,-1,-1,-1
580,320,415.31,470.59,46.42,101.41,0.2298,-1,-1,-1
580,323,549.68,440.81,38.42,96.84,0.3506,-1,-1,-1
580,330,1051.95,439.00,91.01,255.94,0.6684,-1,-1,-1
580,333,380.07,469.98,44.63,103.42,0.2338,-1,-1,-1
580,339,720.84,447.07,38.12,104.85,0.5720,-1,-1,-1
580,345,699.11,455.58,24.83,86.71,0.1766,-1,-1,-1
580,360,670.46,451.92,31.90,103.07,0.2380,-1,-1,-1
580,372,1674.10,427.33,108.17,163.37,0.1594,-1,-1,-1
580,374,918.45,485.14,60.03,102.96,0.2476,-1,-1,-1
581,148,630.78,454.30,36.95,104.24,0.5505,-1,-1,-1
581,206,1159.11,440.48,134.73,276.40,0.6988,-1,-1,-1
581,221,958.45,434.65,102.76,238.23,0.7612,-1,-1,-1
581,249,1671.72,402.61,247.41,674.64,0.9082,-1,-1,-1
581,304,584.70,447.41,33.99,95.86,0.3908,-1,-1,-1
581,320,414.33,470.43,46.44,101.55,0.2263,-1,-1,-1
581,323,549.02,435.25,40.61,102.58,0.3650,-1,-1,-1
581,330,1054.87,439.34,95.42,255.86,0.6866,-1,-1,-1
581,333,380.10,469.15,45.54,103.84,0.2244,-1,-1,-1
581,339,720.94,447.19,38.41,104.05,0.5024,-1,-1,-1
581,345,698.85,456.10,24.89,86.06,0.1895,-1,-1,-1
581,360,667.18,453.76,30.08,98.99,0.2005,-1,-1,-1
581,372,1674.52,425.12,109.10,164.92,0.1799,-1,-1,-1
581,374,923.06,476.08,58.43,110.42,0.2032,-1,-1,-1
582,148,631.86,453.39,33.59,104.72,0.5109,-1,-1,-1
582,206,1190.21,438.99,107.44,275.49,0.6911,-1,-1,-1
582,221,955.91,435.78,113.02,236.79,0.7488,-1,-1,-1
582,249,1672.15,401.84,246.92,676.56,0.9088,-1,-1,-1
582,304,584.39,446.84,34.26,96.36,0.4203,-1,-1,-1
582,320,414.36,469.15,47.23,102.73,0.2894,-1,-1,-1
582,323,548.21,435.48,39.79,102.48,0.3783,-1,-1,-1
582,330,1068.86,437.75,84.58,262.46,0.6232,-1,-1,-1
582,333,379.41,469.10,45.26,104.43,0.2073,-1,-1,-1
582,339,721.54,448.05,37.68,103.13,0.4973,-1,-1,-1
582,345,698.39,456.03,29.59,84.94,0.1934,-1,-1,-1
582,360,668.44,453.12,29.64,102.60,0.2534,-1,-1,-1
582,372,1674.83,429.96,107.90,162.81,0.1701,-1,-1,-1
582,374,918.65,484.73,60.39,104.51,0.2336,-1,-1,-1
583,148,631.40,453.97,33.91,104.22,0.4538,-1,-1,-1
583,206,1196.45,439.62,103.47,273.96,0.7224,-1,-1,-1
583,221,964.10,436.14,107.26,235.63,0.7285,-1,-1,-1
583,249,1673.78,398.07,245.27,680.36,0.9097,-1,-1,-1
583,304,584.49,448.57,33.93,94.88,0.4673,-1,-1,-1
583,320,414.34,467.89,46.36,103.59,0.2350,-1,-1,-1
583,323,549.46,439.53,38.55,98.62,0.4183,-1,-1,-1
583,330,1080.04,432.51,75.80,265.13,0.6309,-1,-1,-1
583,333,379.16,468.18,46.97,105.50,0.2123,-1,-1,-1
583,339,721.05,446.03,39.17,103.62,0.5279,-1,-1,-1
583,345,699.15,456.66,27.09,85.87,0.2209,-1,-1,-1
583,360,669.02,453.12,31.03,104.27,0.2632,-1,-1,-1
583,374,918.61,481.60,63.76,106.33,0.1791,-1,-1,-1
583,380,1155.61,431.03,83.00,266.20,0.3085,-1,-1,-1
584,148,630.45,455.49,35.61,103.03,0.4309,-1,-1,-1
584,206,1203.34,440.83,97.91,271.09,0.7219,-1,-1,-1
584,221,967.06,437.10,105.94,236.26,0.7420,-1,-1,-1
584,249,1675.88,393.91,243.25,683.20,0.9116,-1,-1,-1
584,304,585.00,447.97,33.33,95.60,0.4718,-1,-1,-1
584,320,413.98,468.85,46.83,102.63,0.2292,-1,-1,-1
584,323,550.58,439.24,37.34,98.80,0.3977,-1,-1,-1
584,330,1084.94,435.58,75.37,261.17,0.6624,-1,-1,-1
584,333,378.96,468.57,46.97,104.69,0.2019,-1,-1,-1
584,339,722.25,447.52,37.52,104.31,0.5306,-1,-1,-1
584,345,698.79,455.43,27.66,85.46,0.2230,-1,-1,-1
584,360,666.01,452.52,31.85,103.08,0.2844,-1,-1,-1
584,374,917.92,479.97,64.19,108.01,0.2467,-1,-1,-1
584,380,1156.21,429.98,85.75,257.96,0.2383,-1,-1,-1
584,382,802.91,468.09,32.14,79.40,0.1830,-1,-1,-1
585,148,627.69,451.07,36.96,106.41,0.3953,-1,-1,-1
585,206,1203.57,441.05,101.78,265.66,0.7487,-1,-1,-1
585,221,969.78,436.38,104.26,235.75,0.7614,-1,-1,-1
585,249,1677.53,394.25,241.68,682.80,0.8981,-1,-1,-1
585,304,585.64,448.13,33.12,94.80,0.4600,-1,-1,-1
585,320,413.30,468.38,48.41,103.66,0.2110,-1,-1,-1
585,323,550.16,438.86,38.55,99.16,0.4326,-1,-1,-1
585,330,1087.06,440.18,75.85,255.63,0.6350,-1,-1,-1
585,333,378.98,467.36,45.64,106.06,0.2115,-1,-1,-1
585,339,722.96,447.02,37.68,103.24,0.5281,-1,-1,-1
585,345,699.26,455.30,27.81,84.40,0.1982,-1,-1,-1
585,360,664.92,452.87,34.16,101.63,0.3037,-1,-1,-1
585,374,917.69,479.94,63.31,107.77,0.2239,-1,-1,-1
585,380,1159.28,430.65,81.53,251.21,0.1527,-1,-1,-1
585,384,1163.12,438.52,32.08,106.72,0.2429,-1,-1,-1
586,148,626.37,452.55,37.70,105.32,0.4274,-1,-1,-1
586,206,1213.17,436.84,101.52,274.61,0.7543,-1,-1,-1
586,221,978.28,442.35,97.99,232.41,0.7686,-1,-1,-1
586,249,1681.87,392.83,237.76,682.81,0.8962,-1,-1,-1
586,304,584.73,444.66,35.02,98.69,0.4494,-1,-1,-1
586,320,410.44,467.62,49.43,106.39,0.1915,-1,-1,-1
586,323,549.45,440.80,37.54,98.20,0.4359,-1,-1,-1
586,330,1088.10,435.44,73.12,261.93,0.6902,-1,-1,-1
586,333,379.58,463.40,44.55,109.90,0.2667,-1,-1,-1
586,339,723.64,444.37,37.78,103.74,0.5439,-1,-1,-1
586,345,699.56,455.38,30.21,82.49,0.2026,-1,-1,-1
586,360,665.30,453.51,33.65,100.73,0.3473,-1,-1,-1
586,374,917.52,480.12,62.38,107.16,0.2017,-1,-1,-1
586,380,1163.24,435.80,73.62,239.82,0.1842,-1,-1,-1
586,382,804.76,469.83,33.03,79.00,0.1965,-1,-1,-1
586,384,1165.19,435.87,33.33,113.16,0.1631,-1,-1,-1
587,148,625.10,452.33,38.54,105.56,0.4829,-1,-1,-1
587,206,1215.79,432.89,100.00,278.10,0.6136,-1,-1,-1
587,221,982.36,444.53,94.84,226.02,0.7387,-1,-1,-1
587,249,1685.64,388.79,233.98,686.39,0.8696,-1,-1,-1
587,304,584.23,444.41,35.41,98.76,0.4199,-1,-1,-1
587,320,407.93,453.47,51.36,118.86,0.2441,-1,-1,-1
587,323,550.01,441.66,37.04,97.87,0.4672,-1,-1,-1
587,330,1089.13,426.67,74.48,270.53,0.7209,-1,-1,-1
587,333,380.27,459.29,41.05,113.53,0.3109,-1,-1,-1
587,339,724.38,444.12,37.33,105.00,0.5521,-1,-1,-1
587,345,699.03,455.51,30.26,82.16,0.2169,-1,-1,-1
587,360,665.06,452.54,32.78,101.28,0.3702,-1,-1,-1
587,374,922.89,478.15,65.49,109.41,0.1563,-1,-1,-1
587,380,1160.99,440.30,82.20,247.45,0.2916,-1,-1,-1
587,382,800.92,469.29,33.83,79.11,0.1581,-1,-1,-1
587,384,1159.82,434.34,34.39,112.40,0.1630,-1,-1,-1
587,385,571.80,442.28,32.26,98.08,0.2069,-1,-1,-1
588,148,625.51,453.38,35.68,104.21,0.5082,-1,-1,-1
588,206,1212.30,434.69,104.86,278.41,0.7925,-1,-1,-1
588,221,989.47,446.01,88.65,222.60,0.7011,-1,-1,-1
588,249,1694.88,386.89,224.70,688.54,0.8556,-1,-1,-1
588,304,583.71,446.07,36.07,98.48,0.4142,-1,-1,-1
588,320,406.18,454.19,53.56,119.86,0.2645,-1,-1,-1
588,323,551.34,447.74,36.07,92.91,0.4324,-1,-1,-1
588,330,1090.87,420.53,80.97,276.22,0.7357,-1,-1,-1
588,333,379.21,463.53,40.69,110.82,0.2894,-1,-1,-1
588,339,726.92,442.45,33.60,106.87,0.5567,-1,-1,-1
588,345,698.37,456.04,28.57,85.57,0.2304,-1,-1,-1
588,360,664.04,452.32,30.13,105.05,0.3577,-1,-1,-1
588,374,916.94,480.74,65.63,107.21,0.2204,-1,-1,-1
588,380,1175.38,437.35,66.98,238.29,0.4289,-1,-1,-1
588,385,570.02,444.79,33.00,96.42,0.2032,-1,-1,-1
589,148,625.05,451.67,35.42,106.01,0.5817,-1,-1,-1
589,206,1216.63,434.77,101.29,275.05,0.7782,-1,-1,-1
589,221,998.11,446.02,82.67,223.06,0.7049,-1,-1,-1
589,249,1703.32,391.87,216.32,681.36,0.7504,-1,-1,-1
589,304,583.15,447.41,37.16,98.53,0.3781,-1,-1,-1
589,320,403.50,461.76,55.67,113.56,0.1668,-1,-1,-1
589,323,551.02,447.54,36.80,93.23,0.4281,-1,-1,-1
589,330,1091.77,419.51,90.89,277.29,0.7104,-1,-1,-1
589,333,378.87,465.40,42.01,108.94,0.2323,-1,-1,-1
589,339,724.40,443.56,37.24,106.22,0.5503,-1,-1,-1
589,345,697.87,455.92,28.99,88.45,0.2509,-1,-1,-1
589,360,663.79,450.77,31.03,108.05,0.4622,-1,-1,-1
589,374,917.69,482.05,63.08,105.48,0.1813,-1,-1,-1
589,380,1185.45,438.74,57.04,234.11,0.3398,-1,-1,-1
589,385,570.86,445.41,34.87,96.35,0.2069,-1,-1,-1
590,148,624.40,450.56,34.85,106.66,0.5149,-1,-1,-1
590,206,1219.56,433.68,101.74,277.53,0.7844,-1,-1,-1
590,221,1007.71,446.94,77.32,221.42,0.7375,-1,-1,-1
590,249,1715.33,419.28,204.43,654.72,0.7421,-1,-1,-1
590,304,584.34,448.65,35.61,97.66,0.3168,-1,-1,-1
590,320,404.72,462.23,54.62,112.09,0.1862,-1,-1,-1
590,323,551.16,447.66,37.42,92.73,0.3679,-1,-1,-1
590,330,1090.63,429.83,89.43,267.89,0.6569,-1,-1,-1
590,333,377.03,466.60,47.28,109.17,0.2420,-1,-1,-1
590,339,726.70,442.70,34.68,106.89,0.5675,-1,-1,-1
590,345,697.63,456.26,29.97,87.26,0.2388,-1,-1,-1
590,360,663.60,451.87,31.80,107.37,0.4668,-1,-1,-1
590,374,917.56,481.50,65.22,105.79,0.1935,-1,-1,-1
590,380,1185.49,438.18,58.60,238.32,0.3701,-1,-1,-1
590,385,568.48,444.69,37.79,97.07,0.1746,-1,-1,-1
591,148,624.32,449.28,33.32,108.37,0.5362,-1,-1,-1
591,206,1222.57,434.76,105.40,276.59,0.7447,-1,-1,-1
591,221,1011.56,443.33,78.74,223.82,0.7131,-1,-1,-1
591,249,1736.76,478.32,183.85,597.11,0.5598,-1,-1,-1
591,304,585.58,449.73,32.21,94.09,0.3404,-1,-1,-1
591,320,407.50,461.92,51.89,111.70,0.2118,-1,-1,-1
591,323,550.78,443.96,37.46,95.66,0.3388,-1,-1,-1
591,330,1089.60,415.63,93.97,280.46,0.6516,-1,-1,-1
591,333,376.19,469.10,47.46,107.24,0.2606,-1,-1,-1
591,339,727.71,442.65,32.95,107.18,0.5755,-1,-1,-1
591,345,697.78,456.49,29.73,86.64,0.2692,-1,-1,-1
591,360,663.43,451.86,32.49,107.68,0.5348,-1,-1,-1
591,374,917.79,481.72,65.29,105.55,0.1914,-1,-1,-1
591,380,1189.73,435.35,60.23,240.07,0.3290,-1,-1,-1
591,385,570.23,442.96,38.96,98.64,0.1946,-1,-1,-1
592,148,624.38,448.95,34.72,109.20,0.5152,-1,-1,-1
592,206,1226.49,438.12,110.78,273.42,0.7289,-1,-1,-1
592,221,1011.89,443.21,78.24,222.43,0.7367,-1,-1,-1
592,249,1759.70,499.35,159.90,573.19,0.6784,-1,-1,-1
592,304,585.65,450.33,31.85,93.08,0.3123,-1,-1,-1
592,320,407.17,461.62,52.55,111.96,0.1917,-1,-1,-1
592,323,549.60,443.86,39.04,95.54,0.3231,-1,-1,-1
592,330,1090.09,416.40,107.28,280.19,0.6757,-1,-1,-1
592,333,374.15,468.25,49.61,107.96,0.2319,-1,-1,-1
592,339,728.24,443.55,31.93,106.87,0.5665,-1,-1,-1
592,345,698.83,456.60,29.79,86.77,0.2151,-1,-1,-1
592,360,662.44,452.17,33.49,107.65,0.5617,-1,-1,-1
592,374,916.81,482.18,61.64,104.44,0.2231,-1,-1,-1
592,380,1190.86,433.94,59.81,238.06,0.2722,-1,-1,-1
592,386,1853.39,497.76,66.34,394.27,0.1989,-1,-1,-1
593,148,623.13,449.46,36.61,108.46,0.4955,-1,-1,-1
593,206,1231.36,440.41,111.73,273.42,0.7524,-1,-1,-1
593,221,1013.36,437.95,80.72,228.29,0.6583,-1,-1,-1
593,249,1782.77,502.12,136.58,570.73,0.3894,-1,-1,-1
593,304,583.75,450.87,32.65,90.88,0.3167,-1,-1,-1
593,320,409.48,464.71,52.09,109.25,0.2015,-1,-1,-1
593,323,550.72,446.99,34.61,92.78,0.3090,-1,-1,-1
593,330,1091.32,412.49,99.99,283.81,0.6912,-1,-1,-1
593,333,375.52,466.30,49.93,109.28,0.2453,-1,-1,-1
593,339,728.15,443.69,33.15,107.42,0.5408,-1,-1,-1
593,345,698.58,456.79,30.07,86.45,0.2332,-1,-1,-1
593,360,661.39,451.79,34.20,107.81,0.5480,-1,-1,-1
593,374,916.63,485.25,57.39,101.68,0.2302,-1,-1,-1
593,380,1194.13,440.18,71.70,238.66,0.2484,-1,-1,-1
593,386,1860.60,501.31,59.13,380.85,0.2870,-1,-1,-1
594,148,623.01,448.65,36.40,107.71,0.5039,-1,-1,-1
594,206,1234.11,443.00,113.96,269.66,0.7833,-1,-1,-1
594,221,1021.66,435.30,76.30,230.43,0.6274,-1,-1,-1
594,249,1816.25,523.17,103.61,555.89,0.3174,-1,-1,-1
594,304,583.93,451.51,32.49,90.37,0.3226,-1,-1,-1
594,320,410.75,464.72,49.47,108.58,0.1779,-1,-1,-1
594,323,549.19,448.47,37.26,91.01,0.3510,-1,-1,-1
594,330,1091.18,412.91,101.31,285.76,0.7000,-1,-1,-1
594,333,376.14,467.76,50.04,108.15,0.2899,-1,-1,-1
594,339,726.10,445.21,37.32,106.47,0.5125,-1,-1,-1
594,345,698.08,457.28,30.64,85.57,0.2326,-1,-1,-1
594,360,660.11,451.50,35.55,108.88,0.5312,-1,-1,-1
594,374,916.43,486.98,58.21,99.58,0.1881,-1,-1,-1
594,380,1191.05,438.64,76.98,240.12,0.3653,-1,-1,-1
594,382,804.31,469.69,33.72,78.98,0.1600,-1,-1,-1
594,386,1863.56,406.34,56.25,457.20,0.2392,-1,-1,-1
595,148,622.61,449.49,37.36,106.40,0.5524,-1,-1,-1
595,206,1240.12,437.67,111.65,274.67,0.8188,-1,-1,-1
595,221,1022.30,436.13,76.38,228.96,0.6708,-1,-1,-1
595,304,580.58,450.87,35.42,90.52,0.2789,-1,-1,-1
595,320,412.56,463.75,47.43,109.34,0.1763,-1,-1,-1
595,323,551.13,452.55,32.91,87.61,0.2710,-1,-1,-1
595,330,1094.27,414.85,100.30,281.65,0.7179,-1,-1,-1
595,333,376.21,467.13,50.18,108.66,0.2646,-1,-1,-1
595,339,729.16,443.88,32.27,106.60,0.5402,-1,-1,-1
595,345,698.41,457.44,29.86,84.28,0.2282,-1,-1,-1
595,360,660.73,452.64,35.02,108.16,0.4741,-1,-1,-1
595,374,917.69,487.41,56.41,98.86,0.1880,-1,-1,-1
595,380,1188.43,441.67,74.31,238.09,0.4695,-1,-1,-1
595,382,804.56,469.90,36.00,79.18,0.1522,-1,-1,-1
595,385,552.75,440.24,63.99,102.26,0.1532,-1,-1,-1
595,386,1866.82,373.29,55.69,321.75,0.1776,-1,-1,-1
596,148,623.54,450.56,36.91,104.22,0.5694,-1,-1,-1
596,206,1242.13,436.47,113.11,276.48,0.8096,-1,-1,-1
596,221,1023.70,442.12,77.60,223.10,0.7103,-1,-1,-1
596,304,582.01,450.11,33.84,91.45,0.3120,-1,-1,-1
596,320,412.72,469.35,48.12,104.91,0.1910,-1,-1,-1
596,323,551.67,451.31,32.10,88.67,0.2979,-1,-1,-1
596,330,1095.53,422.11,99.64,276.41,0.7371,-1,-1,-1
596,333,377.48,468.53,48.72,107.28,0.2872,-1,-1,-1
596,339,726.15,445.62,37.16,105.12,0.5616,-1,-1,-1
596,345,698.62,457.61,30.17,83.96,0.2282,-1,-1,-1
596,360,660.99,454.26,35.11,106.53,0.4561,-1,-1,-1
596,374,916.74,485.85,57.70,100.35,0.2510,-1,-1,-1
596,380,1190.50,442.47,75.77,238.40,0.5267,-1,-1,-1
596,385,560.63,435.92,53.54,103.17,0.1613,-1,-1,-1
596,386,1859.79,383.11,59.30,271.78,0.2244,-1,-1,-1
597,148,624.23,452.46,34.75,102.73,0.5130,-1,-1,-1
597,206,1243.60,437.73,113.08,275.90,0.8035,-1,-1,-1
597,221,1025.23,442.64,77.20,223.71,0.7387,-1,-1,-1
597,304,582.72,451.91,32.39,89.89,0.2990,-1,-1,-1
597,320,414.13,469.05,46.75,104.04,0.1931,-1,-1,-1
597,323,550.12,452.47,36.01,87.83,0.3085,-1,-1,-1
597,330,1097.44,423.91,96.97,274.21,0.7590,-1,-1,-1
597,333,376.52,468.89,48.56,106.88,0.3291,-1,-1,-1
597,339,725.69,445.15,38.40,106.75,0.6070,-1,-1,-1
597,345,698.00,458.23,30.14,83.06,0.1990,-1,-1,-1
597,360,659.56,453.97,38.80,106.68,0.4247,-1,-1,-1
597,374,916.96,484.44,58.18,101.80,0.2464,-1,-1,-1
597,380,1190.82,459.53,77.04,223.74,0.5316,-1,-1,-1
597,382,804.04,469.81,35.72,78.84,0.1627,-1,-1,-1
597,386,1857.87,388.94,60.99,260.35,0.2223,-1,-1,-1
598,148,624.93,453.73,32.86,101.38,0.4816,-1,-1,-1
598,206,1248.01,437.72,110.08,275.51,0.8134,-1,-1,-1
598,221,1024.92,441.67,81.17,224.92,0.7390,-1,-1,-1
598,304,584.10,451.59,32.25,89.28,0.3396,-1,-1,-1
598,320,413.04,470.15,47.85,103.75,0.2022,-1,-1,-1
598,323,550.45,449.84,34.49,89.66,0.3664,-1,-1,-1
598,330,1098.88,429.91,97.66,267.67,0.7212,-1,-1,-1
598,333,378.07,468.03,47.76,107.47,0.3427,-1,-1,-1
598,339,725.67,445.59,38.90,107.72,0.5878,-1,-1,-1
598,345,697.09,458.51,30.06,82.27,0.2135,-1,-1,-1
598,360,658.77,456.17,36.61,104.67,0.4312,-1,-1,-1
598,374,917.37,482.38,57.44,103.80,0.2297,-1,-1,-1
598,380,1193.62,450.76,75.35,231.36,0.5220,-1,-1,-1
598,386,1857.97,391.29,60.91,257.42,0.1972,-1,-1,-1
599,148,624.89,454.67,33.47,100.68,0.4793,-1,-1,-1
599,206,1252.71,437.03,105.91,275.93,0.7812,-1,-1,-1
599,221,1026.55,442.41,88.25,225.06,0.7391,-1,-1,-1
599,304,583.63,453.19,34.17,90.55,0.3282,-1,-1,-1
599,320,412.79,471.22,47.75,102.21,0.1970,-1,-1,-1
599,323,551.70,448.98,32.73,90.78,0.3354,-1,-1,-1
599,330,1102.05,431.82,96.62,263.72,0.7003,-1,-1,-1
599,333,378.38,467.34,47.59,109.10,0.3764,-1,-1,-1
599,339,726.66,446.01,37.26,106.22,0.5701,-1,-1,-1
599,345,697.12,458.37,31.20,83.34,0.2178,-1,-1,-1
599,360,657.43,454.74,40.24,105.92,0.4079,-1,-1,-1
599,374,916.29,484.69,59.83,102.08,0.1932,-1,-1,-1
599,380,1190.27,440.02,79.01,241.92,0.5727,-1,-1,-1
599,386,1857.76,390.38,61.16,256.29,0.1790,-1,-1,-1
600,148,625.12,455.23,33.02,100.97,0.5053,-1,-1,-1
600,206,1256.46,437.17,103.63,275.82,0.8176,-1,-1,-1
600,221,1027.47,441.58,89.66,223.80,0.7550,-1,-1,-1
600,304,583.04,456.77,32.85,85.05,0.3144,-1,-1,-1
600,320,413.49,475.35,47.09,98.51,0.2089,-1,-1,-1
600,323,550.51,452.40,37.39,88.25,0.3187,-1,-1,-1
600,330,1108.37,430.94,92.40,262.98,0.7023,-1,-1,-1
600,333,379.22,464.85,45.63,111.71,0.3490,-1,-1,-1
600,339,726.53,444.14,36.72,108.56,0.5861,-1,-1,-1
600,345,696.64,458.56,32.36,83.01,0.2114,-1,-1,-1
600,360,656.99,455.63,39.59,105.22,0.3588,-1,-1,-1
600,372,1672.59,430.64,104.64,160.93,0.1513,-1,-1,-1
600,374,917.13,485.97,58.70,100.07,0.2143,-1,-1,-1
600,380,1199.32,448.01,70.31,225.34,0.6020,-1,-1,-1
600,382,801.39,468.53,38.37,80.03,0.1516,-1,-1,-1
600,386,1858.13,391.62,60.94,254.49,0.1863,-1,-1,-1
