2,1,0.42,6.10,344.96,1064.53,0.9308,-1,-1,-1
2,2,869.91,148.63,234.27,629.11,0.8053,-1,-1,-1
2,3,542.38,266.29,95.56,322.58,0.8086,-1,-1,-1
2,4,397.46,274.21,111.17,321.46,0.8141,-1,-1,-1
2,6,1053.60,291.53,87.52,330.09,0.4816,-1,-1,-1
3,1,0.36,5.06,338.78,1062.29,0.9292,-1,-1,-1
3,2,864.86,152.63,225.77,627.16,0.8283,-1,-1,-1
3,3,536.28,265.84,97.30,327.49,0.8044,-1,-1,-1
3,4,390.29,274.49,108.40,322.72,0.8449,-1,-1,-1
3,6,1047.89,293.73,91.61,333.64,0.5739,-1,-1,-1
4,1,0.74,3.39,324.55,1061.41,0.9252,-1,-1,-1
4,2,870.52,153.18,217.00,629.06,0.8343,-1,-1,-1
4,3,531.72,264.80,95.94,328.95,0.8076,-1,-1,-1
4,4,381.05,270.60,112.38,328.19,0.8420,-1,-1,-1
4,6,1044.08,292.77,90.56,343.74,0.5789,-1,-1,-1
4,8,732.80,324.66,41.42,129.35,0.4025,-1,-1,-1
5,1,1.14,3.33,308.88,1062.88,0.9159,-1,-1,-1
5,2,880.11,151.43,204.89,638.27,0.8185,-1,-1,-1
5,3,526.09,262.10,97.56,334.78,0.8089,-1,-1,-1
5,4,376.59,264.09,111.32,332.40,0.8344,-1,-1,-1
5,6,1049.38,291.97,82.37,343.97,0.5785,-1,-1,-1
5,8,730.32,320.92,44.02,126.37,0.3934,-1,-1,-1
5,9,691.36,333.47,37.84,110.11,0.3962,-1,-1,-1
6,1,2.20,20.96,288.64,1053.40,0.8777,-1,-1,-1
6,2,885.30,150.94,197.33,625.10,0.8031,-1,-1,-1
6,3,519.68,262.30,102.17,335.34,0.7972,-1,-1,-1
6,4,372.54,261.77,110.82,334.85,0.8306,-1,-1,-1
6,6,1046.33,293.40,81.67,344.93,0.5863,-1,-1,-1
6,8,728.11,323.62,38.84,112.70,0.3997,-1,-1,-1
6,9,688.02,333.90,39.51,115.34,0.4194,-1,-1,-1
7,1,1.67,78.77,270.51,991.08,0.9035,-1,-1,-1
7,2,892.11,153.29,189.11,619.49,0.8163,-1,-1,-1
7,3,515.29,259.11,101.92,345.42,0.7803,-1,-1,-1
7,4,363.05,260.79,114.45,338.40,0.8224,-1,-1,-1
7,6,1040.59,296.80,84.96,346.35,0.6035,-1,-1,-1
7,8,726.33,322.22,38.97,122.56,0.4658,-1,-1,-1
7,9,684.91,332.27,41.63,120.34,0.4064,-1,-1,-1
7,10,864.10,254.60,80.28,307.32,0.5746,-1,-1,-1
7,11,784.98,315.12,40.92,127.04,0.3466,-1,-1,-1
8,1,0.88,89.33,257.85,981.51,0.8960,-1,-1,-1
8,2,889.58,152.46,191.25,628.51,0.7932,-1,-1,-1
8,3,511.30,263.24,101.34,345.31,0.8151,-1,-1,-1
8,4,352.66,260.15,119.50,342.41,0.8266,-1,-1,-1
8,6,1037.06,299.79,88.29,346.12,0.6756,-1,-1,-1
8,8,723.59,321.39,41.18,126.72,0.5084,-1,-1,-1
8,9,682.63,331.80,40.03,121.26,0.5019,-1,-1,-1
8,10,863.20,264.99,72.22,299.00,0.5864,-1,-1,-1
8,11,783.35,302.95,49.73,144.22,0.4137,-1,-1,-1
9,1,4.56,100.02,220.98,972.55,0.8638,-1,-1,-1
9,2,886.81,154.40,188.50,626.02,0.7894,-1,-1,-1
9,3,506.53,262.45,103.21,342.78,0.8361,-1,-1,-1
9,4,348.03,261.08,120.11,343.31,0.8185,-1,-1,-1
9,6,1036.73,303.82,84.20,348.26,0.6626,-1,-1,-1
9,8,721.45,321.44,38.59,131.34,0.5790,-1,-1,-1
9,9,679.57,333.68,37.27,121.01,0.4072,-1,-1,-1
9,10,862.45,263.91,72.63,300.45,0.5885,-1,-1,-1
9,11,782.55,304.76,41.97,143.12,0.3869,-1,-1,-1
10,1,3.90,106.26,204.13,962.00,0.7268,-1,-1,-1
10,2,879.66,157.50,190.77,622.96,0.8160,-1,-1,-1
10,3,499.55,264.91,107.41,347.13,0.8258,-1,-1,-1
10,4,346.22,259.47,116.47,347.00,0.8079,-1,-1,-1
10,6,1037.41,300.21,81.44,353.45,0.7004,-1,-1,-1
10,8,720.61,324.78,40.52,131.42,0.5862,-1,-1,-1
10,9,676.54,336.69,41.57,123.46,0.4888,-1,-1,-1
10,10,861.75,260.90,72.70,303.67,0.5664,-1,-1,-1
10,11,777.11,297.52,49.48,155.61,0.4918,-1,-1,-1
11,1,7.10,109.61,174.81,957.46,0.7330,-1,-1,-1
11,2,878.52,156.30,188.58,631.46,0.8167,-1,-1,-1
11,3,492.61,261.90,109.96,353.98,0.8230,-1,-1,-1
11,4,337.21,262.49,121.50,348.81,0.7897,-1,-1,-1
11,6,1039.31,295.94,73.54,360.52,0.6631,-1,-1,-1
11,8,719.18,326.39,38.82,129.54,0.5182,-1,-1,-1
11,9,676.25,340.84,41.24,117.39,0.4721,-1,-1,-1
11,10,862.02,276.97,67.43,290.57,0.5331,-1,-1,-1
11,11,776.57,318.12,47.92,136.86,0.5639,-1,-1,-1
12,1,2.30,121.81,162.37,686.16,0.7883,-1,-1,-1
12,2,868.56,158.43,190.70,633.29,0.8354,-1,-1,-1
12,3,490.35,257.90,110.34,358.95,0.7973,-1,-1,-1
12,4,324.50,265.40,129.44,351.68,0.8275,-1,-1,-1
12,6,1037.26,296.62,71.38,362.16,0.6772,-1,-1,-1
12,8,717.98,327.65,41.60,131.98,0.5498,-1,-1,-1
12,9,673.92,339.52,40.43,121.07,0.4353,-1,-1,-1
12,10,864.61,245.76,66.41,318.58,0.3896,-1,-1,-1
12,11,773.73,319.83,53.27,134.84,0.5494,-1,-1,-1
12,12,828.90,324.06,43.32,122.34,0.3623,-1,-1,-1
13,1,1.85,142.15,139.34,593.79,0.8206,-1,-1,-1
13,2,860.57,155.22,198.74,640.18,0.8252,-1,-1,-1
13,3,482.36,255.18,114.45,362.08,0.8271,-1,-1,-1
13,4,317.75,264.95,134.81,356.34,0.8304,-1,-1,-1
13,6,1035.46,300.06,73.89,352.33,0.6955,-1,-1,-1
13,8,717.10,328.05,40.36,133.11,0.4863,-1,-1,-1
13,9,672.78,340.62,39.23,122.96,0.4349,-1,-1,-1
13,11,772.16,321.45,52.20,133.88,0.5423,-1,-1,-1
13,12,829.61,326.69,43.71,120.64,0.4359,-1,-1,-1
14,1,1.81,180.44,116.75,581.04,0.8184,-1,-1,-1
14,2,852.28,152.94,203.88,644.98,0.7865,-1,-1,-1
14,3,478.95,254.91,115.09,364.27,0.8361,-1,-1,-1
14,4,313.56,266.82,135.81,359.02,0.8352,-1,-1,-1
14,6,1033.56,291.36,74.27,358.53,0.6846,-1,-1,-1
14,8,714.79,327.46,44.72,133.66,0.5342,-1,-1,-1
14,9,672.13,342.53,37.10,120.35,0.3719,-1,-1,-1
14,11,773.08,323.85,46.85,129.87,0.5629,-1,-1,-1
14,12,828.35,325.42,43.92,122.35,0.4669,-1,-1,-1
15,1,7.68,236.62,83.86,546.92,0.5556,-1,-1,-1
15,2,839.27,153.33,211.32,637.46,0.7980,-1,-1,-1
15,3,474.87,257.23,119.96,360.88,0.8391,-1,-1,-1
15,4,316.10,269.84,130.91,359.57,0.8286,-1,-1,-1
15,6,1029.02,282.58,79.14,370.77,0.6675,-1,-1,-1
15,8,713.61,330.32,46.71,130.46,0.5304,-1,-1,-1
15,9,671.61,345.08,34.35,112.36,0.4075,-1,-1,-1
15,11,772.56,322.57,47.24,129.67,0.5431,-1,-1,-1
15,12,827.68,328.97,43.75,120.37,0.4349,-1,-1,-1
16,2,836.07,153.43,215.06,640.26,0.8022,-1,-1,-1
16,3,472.83,256.51,123.01,366.24,0.8447,-1,-1,-1
16,4,310.33,269.75,134.66,366.37,0.8398,-1,-1,-1
16,6,1026.21,275.19,83.25,379.46,0.6330,-1,-1,-1
16,8,713.88,330.62,45.42,130.53,0.5306,-1,-1,-1
16,9,671.11,348.96,32.48,108.88,0.4416,-1,-1,-1
16,11,770.99,323.43,49.88,129.29,0.5741,-1,-1,-1
16,12,828.61,333.30,42.43,116.46,0.4194,-1,-1,-1
17,2,834.98,155.01,218.10,643.45,0.8271,-1,-1,-1
17,3,471.80,258.95,123.13,367.29,0.8426,-1,-1,-1
17,4,309.34,275.36,132.80,367.65,0.8501,-1,-1,-1
17,6,1022.57,275.21,89.19,378.24,0.6610,-1,-1,-1
17,8,713.27,330.06,46.64,135.73,0.5727,-1,-1,-1
17,9,671.40,347.25,32.73,117.71,0.4486,-1,-1,-1
17,11,770.24,325.68,52.30,129.56,0.5934,-1,-1,-1
17,12,829.35,338.67,41.13,116.23,0.4207,-1,-1,-1
18,2,838.42,158.36,213.48,655.49,0.8572,-1,-1,-1
18,3,469.01,259.35,126.91,374.39,0.8378,-1,-1,-1
18,4,311.19,278.67,131.44,369.42,0.8304,-1,-1,-1
18,6,1020.97,255.34,89.56,396.27,0.6975,-1,-1,-1
18,8,714.34,333.08,46.53,136.26,0.4784,-1,-1,-1
18,11,773.00,317.86,49.14,141.93,0.4274,-1,-1,-1
18,12,829.28,339.21,42.44,117.65,0.3609,-1,-1,-1
19,2,845.37,159.80,199.35,658.82,0.8587,-1,-1,-1
19,3,467.91,264.34,130.57,379.83,0.8214,-1,-1,-1
19,4,294.57,281.16,147.54,379.16,0.8303,-1,-1,-1
19,6,1013.89,255.13,96.10,398.96,0.7190,-1,-1,-1
19,8,715.98,338.60,45.36,138.45,0.4880,-1,-1,-1
19,11,772.52,333.33,51.52,131.21,0.5111,-1,-1,-1
19,12,830.37,347.59,45.77,112.49,0.3045,-1,-1,-1
20,2,847.74,168.11,194.26,654.57,0.8634,-1,-1,-1
20,3,469.16,273.01,129.49,379.12,0.8270,-1,-1,-1
20,4,297.72,287.40,145.74,378.98,0.8284,-1,-1,-1
20,6,1010.91,249.95,99.60,410.34,0.7665,-1,-1,-1
20,8,718.12,343.00,42.63,140.29,0.5284,-1,-1,-1
20,11,773.02,334.85,51.98,131.50,0.5671,-1,-1,-1
20,12,827.29,356.82,50.02,107.33,0.3489,-1,-1,-1
21,2,863.39,170.05,184.17,656.81,0.8511,-1,-1,-1
21,3,472.40,273.86,134.01,388.93,0.8126,-1,-1,-1
21,4,305.03,287.40,144.65,384.44,0.8442,-1,-1,-1
21,6,1015.80,248.73,108.02,415.50,0.8078,-1,-1,-1
21,11,772.81,335.29,59.71,131.71,0.3784,-1,-1,-1
22,2,881.80,168.50,187.57,660.22,0.8537,-1,-1,-1
22,3,496.30,276.46,127.46,390.75,0.8250,-1,-1,-1
22,4,324.18,288.31,143.45,386.34,0.8277,-1,-1,-1
22,6,1032.30,251.63,107.82,418.09,0.7956,-1,-1,-1
22,8,744.06,349.72,42.24,138.86,0.5242,-1,-1,-1
22,11,798.18,341.07,51.98,136.26,0.5641,-1,-1,-1
22,12,853.30,358.41,51.77,108.46,0.3249,-1,-1,-1
23,2,883.05,170.93,190.56,664.24,0.8619,-1,-1,-1
23,3,508.06,281.85,128.54,392.97,0.8268,-1,-1,-1
23,4,332.30,291.51,144.90,386.39,0.8292,-1,-1,-1
23,6,1040.17,255.04,113.75,421.18,0.8006,-1,-1,-1
23,8,753.23,350.10,47.80,133.30,0.3744,-1,-1,-1
23,9,705.47,366.44,40.31,126.77,0.4196,-1,-1,-1
24,2,879.40,173.38,203.49,662.91,0.8682,-1,-1,-1
24,3,517.20,285.35,130.97,396.36,0.8446,-1,-1,-1
24,4,342.69,293.21,146.48,391.15,0.8330,-1,-1,-1
24,6,1046.80,258.35,121.01,414.94,0.8175,-1,-1,-1
24,8,767.84,352.26,42.30,137.91,0.5116,-1,-1,-1
24,9,716.62,367.97,41.98,126.38,0.5326,-1,-1,-1
24,11,824.59,347.28,47.55,133.16,0.5154,-1,-1,-1
25,2,874.21,173.35,210.96,658.36,0.8635,-1,-1,-1
25,3,523.63,284.80,134.70,405.06,0.8443,-1,-1,-1
25,4,355.22,294.75,144.60,387.86,0.8321,-1,-1,-1
25,6,1057.65,259.43,123.60,417.59,0.8357,-1,-1,-1
25,8,777.67,352.08,48.10,139.86,0.4208,-1,-1,-1
25,9,731.96,368.41,39.16,129.62,0.4550,-1,-1,-1
26,2,879.19,174.43,217.60,653.56,0.8694,-1,-1,-1
26,3,540.55,294.58,130.52,404.19,0.7980,-1,-1,-1
26,4,365.36,295.38,150.89,395.78,0.8538,-1,-1,-1
26,6,1065.91,262.73,134.88,421.93,0.8315,-1,-1,-1
26,8,794.31,352.81,45.62,134.30,0.3048,-1,-1,-1
26,9,744.44,376.30,41.58,121.55,0.3270,-1,-1,-1
27,2,880.19,177.19,227.72,656.68,0.8630,-1,-1,-1
27,3,554.42,293.46,132.65,412.05,0.8311,-1,-1,-1
27,4,382.54,299.99,143.69,397.03,0.8406,-1,-1,-1
27,6,1081.93,268.10,138.68,416.81,0.8297,-1,-1,-1
27,8,806.90,355.31,50.51,136.83,0.3709,-1,-1,-1
27,9,763.36,378.45,36.66,125.90,0.3313,-1,-1,-1
27,11,868.24,340.18,52.34,148.92,0.3366,-1,-1,-1
27,13,1875.77,551.69,43.83,206.08,0.3683,-1,-1,-1
28,2,883.19,185.60,234.57,658.12,0.8748,-1,-1,-1
28,3,562.30,300.15,131.69,412.86,0.8466,-1,-1,-1
28,4,385.14,306.70,148.48,398.52,0.8610,-1,-1,-1
28,6,1087.18,275.40,139.07,415.81,0.8358,-1,-1,-1
28,8,818.03,364.32,41.83,132.15,0.4377,-1,-1,-1
28,9,768.98,382.76,39.43,126.49,0.4178,-1,-1,-1
29,2,883.71,192.26,224.20,659.62,0.8794,-1,-1,-1
29,3,564.51,299.85,133.95,417.21,0.8638,-1,-1,-1
29,4,392.54,309.98,141.37,405.30,0.8420,-1,-1,-1
29,6,1091.39,280.01,143.14,429.28,0.8128,-1,-1,-1
29,8,819.65,369.04,44.82,143.48,0.5039,-1,-1,-1
29,9,772.60,387.35,41.03,129.19,0.3734,-1,-1,-1
30,2,887.63,196.60,224.86,661.06,0.8922,-1,-1,-1
30,3,567.80,299.47,137.87,416.30,0.8518,-1,-1,-1
30,4,396.99,312.61,144.43,412.69,0.8394,-1,-1,-1
30,6,1097.74,282.11,150.99,432.59,0.8321,-1,-1,-1
30,8,826.45,370.78,49.39,141.68,0.4915,-1,-1,-1
31,2,888.24,202.03,227.66,665.24,0.8831,-1,-1,-1
31,3,572.90,301.69,136.44,419.49,0.8356,-1,-1,-1
31,4,400.22,318.62,145.16,418.60,0.8435,-1,-1,-1
31,6,1101.94,285.60,154.05,435.56,0.8546,-1,-1,-1
31,8,837.59,379.73,43.10,138.54,0.5142,-1,-1,-1
31,9,790.04,393.35,41.43,126.05,0.4836,-1,-1,-1
32,2,889.78,209.62,232.10,669.03,0.8842,-1,-1,-1
32,3,577.87,304.92,134.17,429.58,0.8522,-1,-1,-1
32,4,401.78,323.94,145.56,418.26,0.8573,-1,-1,-1
32,6,1103.26,290.77,155.43,430.63,0.8577,-1,-1,-1
32,8,841.29,380.62,42.50,146.50,0.5934,-1,-1,-1
32,9,793.02,400.00,46.16,127.57,0.3948,-1,-1,-1
33,2,894.11,213.37,232.95,669.88,0.8824,-1,-1,-1
33,3,580.44,307.48,139.38,431.11,0.8463,-1,-1,-1
33,4,403.68,329.52,148.99,418.01,0.8586,-1,-1,-1
33,6,1105.74,299.88,163.29,428.83,0.8555,-1,-1,-1
33,8,845.96,388.65,44.92,145.15,0.5301,-1,-1,-1
33,9,798.97,401.84,42.19,127.21,0.3543,-1,-1,-1
34,2,895.01,220.44,241.37,672.76,0.8748,-1,-1,-1
34,3,585.52,309.00,135.51,433.71,0.8413,-1,-1,-1
34,4,399.85,333.11,149.85,426.96,0.8416,-1,-1,-1
34,6,1107.93,302.99,163.31,421.98,0.8548,-1,-1,-1
34,8,847.48,392.70,48.37,147.33,0.5583,-1,-1,-1
34,9,800.06,407.98,48.17,130.02,0.3364,-1,-1,-1
35,2,902.31,227.94,235.15,676.99,0.8777,-1,-1,-1
35,3,589.19,313.92,135.41,439.73,0.8298,-1,-1,-1
35,4,397.26,336.66,151.73,435.43,0.8269,-1,-1,-1
35,6,1110.50,306.70,165.24,418.64,0.8460,-1,-1,-1
35,8,849.54,396.84,48.79,146.38,0.5387,-1,-1,-1
35,9,802.70,408.73,49.54,134.59,0.4806,-1,-1,-1
36,2,906.35,233.92,230.92,678.07,0.8839,-1,-1,-1
36,3,591.37,319.25,140.36,441.62,0.8214,-1,-1,-1
36,4,392.22,340.78,152.21,440.51,0.8543,-1,-1,-1
36,6,1113.75,311.60,161.87,418.40,0.8511,-1,-1,-1
36,9,804.88,413.26,50.20,134.63,0.4317,-1,-1,-1
37,2,905.67,242.80,231.98,676.44,0.8903,-1,-1,-1
37,3,593.36,323.05,134.21,446.70,0.8043,-1,-1,-1
37,4,388.57,343.02,148.69,447.14,0.8665,-1,-1,-1
37,6,1118.23,316.00,162.05,425.84,0.8439,-1,-1,-1
37,8,861.31,413.80,43.11,133.58,0.4540,-1,-1,-1
37,9,805.74,423.46,51.15,130.06,0.3625,-1,-1,-1
38,2,913.38,248.34,226.54,676.54,0.8889,-1,-1,-1
38,3,594.26,329.06,135.11,450.48,0.8258,-1,-1,-1
38,4,380.30,346.38,153.78,446.64,0.8690,-1,-1,-1
38,6,1118.63,321.46,162.93,420.71,0.8462,-1,-1,-1
38,8,865.50,417.09,40.02,136.37,0.6134,-1,-1,-1
38,9,808.19,432.85,53.85,129.41,0.3788,-1,-1,-1
39,2,923.37,254.80,218.92,679.14,0.8845,-1,-1,-1
39,3,591.12,333.25,139.05,461.64,0.8165,-1,-1,-1
39,4,375.96,350.64,157.35,453.10,0.8803,-1,-1,-1
39,6,1125.18,328.40,157.50,429.27,0.8540,-1,-1,-1
39,8,863.71,424.66,43.82,134.71,0.5075,-1,-1,-1
39,9,810.24,437.79,50.59,118.40,0.3252,-1,-1,-1
40,2,928.08,256.26,214.61,686.72,0.8764,-1,-1,-1
40,3,584.54,344.18,145.99,468.96,0.7966,-1,-1,-1
40,4,371.09,355.99,159.46,455.49,0.8741,-1,-1,-1
40,6,1128.14,335.55,157.11,432.63,0.8541,-1,-1,-1
40,8,863.01,427.66,48.07,146.59,0.5477,-1,-1,-1
41,2,927.22,258.67,211.68,682.35,0.8803,-1,-1,-1
41,3,581.52,342.66,145.59,474.90,0.8020,-1,-1,-1
41,4,355.97,355.37,169.32,458.19,0.8626,-1,-1,-1
41,6,1133.57,339.34,152.69,429.90,0.8499,-1,-1,-1
41,8,862.50,432.69,48.14,145.54,0.4794,-1,-1,-1
41,9,806.34,452.80,55.54,126.00,0.3320,-1,-1,-1
42,2,931.45,265.99,207.30,672.48,0.8821,-1,-1,-1
42,3,576.46,347.54,149.76,480.56,0.7106,-1,-1,-1
42,4,343.56,357.06,174.24,466.35,0.8717,-1,-1,-1
42,6,1134.71,348.18,149.22,427.56,0.8557,-1,-1,-1
42,8,863.22,435.76,46.05,146.98,0.4658,-1,-1,-1
42,9,808.02,460.03,53.45,127.27,0.3297,-1,-1,-1
43,2,933.22,273.26,200.63,659.89,0.8819,-1,-1,-1
43,3,572.42,352.48,142.43,481.31,0.8054,-1,-1,-1
43,4,331.06,363.54,177.88,470.44,0.8483,-1,-1,-1
43,6,1130.89,354.05,151.52,429.50,0.8571,-1,-1,-1
43,8,859.08,440.68,47.18,137.87,0.3506,-1,-1,-1
44,2,931.48,279.53,199.73,657.73,0.8857,-1,-1,-1
44,3,566.95,357.09,141.57,491.82,0.8119,-1,-1,-1
44,4,315.99,366.45,183.77,477.54,0.8581,-1,-1,-1
44,6,1127.99,363.05,152.14,423.65,0.8563,-1,-1,-1
44,8,855.79,443.23,45.32,146.24,0.3885,-1,-1,-1
45,2,929.69,284.57,198.43,660.53,0.8876,-1,-1,-1
45,3,561.53,361.81,138.95,502.01,0.8244,-1,-1,-1
45,4,302.93,371.89,189.28,489.53,0.8454,-1,-1,-1
45,6,1124.31,368.77,150.51,426.42,0.8407,-1,-1,-1
45,8,847.19,450.15,49.70,146.74,0.4308,-1,-1,-1
46,2,925.43,293.65,198.24,667.34,0.8866,-1,-1,-1
46,3,554.44,364.27,140.79,507.89,0.8213,-1,-1,-1
46,4,292.55,379.24,188.83,503.89,0.8410,-1,-1,-1
46,6,1121.60,376.92,150.04,433.96,0.8508,-1,-1,-1
46,8,845.52,457.19,50.35,147.65,0.4782,-1,-1,-1
47,2,921.49,303.21,194.85,670.36,0.8781,-1,-1,-1
47,3,545.94,370.12,145.14,513.73,0.8246,-1,-1,-1
47,4,270.19,383.59,202.45,522.08,0.8436,-1,-1,-1
47,6,1117.40,382.27,146.40,434.68,0.8358,-1,-1,-1
47,8,842.09,469.73,50.53,137.24,0.3348,-1,-1,-1
48,2,915.66,309.94,196.56,680.50,0.8773,-1,-1,-1
48,3,531.87,372.14,151.79,525.04,0.8576,-1,-1,-1
48,4,256.50,393.25,206.55,529.42,0.8567,-1,-1,-1
48,6,1113.63,390.10,138.37,435.60,0.8321,-1,-1,-1
48,8,838.46,467.42,47.11,152.93,0.6838,-1,-1,-1
48,9,780.99,485.21,44.25,116.95,0.3225,-1,-1,-1
49,2,908.65,319.88,194.53,685.01,0.8783,-1,-1,-1
49,3,524.33,376.65,154.15,532.22,0.8506,-1,-1,-1
49,4,239.68,399.63,212.07,534.42,0.8718,-1,-1,-1
49,6,1104.73,395.45,147.16,434.38,0.8527,-1,-1,-1
49,8,831.74,472.27,50.30,151.86,0.4993,-1,-1,-1
50,2,903.87,328.36,193.32,684.26,0.8773,-1,-1,-1
50,3,520.11,383.39,154.97,537.65,0.8386,-1,-1,-1
50,4,223.72,406.74,219.49,521.91,0.8353,-1,-1,-1
50,6,1099.78,399.60,142.69,440.04,0.8538,-1,-1,-1
50,8,821.93,476.58,51.57,154.57,0.5767,-1,-1,-1
50,9,767.11,493.33,47.24,139.32,0.3137,-1,-1,-1
51,2,898.64,335.71,190.30,685.68,0.8694,-1,-1,-1
51,3,510.07,385.72,157.09,544.84,0.8470,-1,-1,-1
51,4,207.55,413.19,223.13,517.22,0.8442,-1,-1,-1
51,6,1094.96,403.15,145.29,439.71,0.8680,-1,-1,-1
51,8,815.83,480.02,56.29,156.24,0.5903,-1,-1,-1
52,2,893.39,342.49,189.42,684.37,0.8758,-1,-1,-1
52,3,501.30,388.02,160.25,545.74,0.8374,-1,-1,-1
52,4,195.52,417.26,225.58,558.61,0.8292,-1,-1,-1
52,6,1091.95,404.20,146.30,443.00,0.8645,-1,-1,-1
52,8,810.96,489.90,56.18,146.37,0.3281,-1,-1,-1
52,9,755.90,498.08,49.80,135.95,0.3134,-1,-1,-1
53,2,888.07,348.10,190.26,681.22,0.8783,-1,-1,-1
53,3,494.01,396.15,162.59,549.19,0.8405,-1,-1,-1
53,4,186.25,419.72,220.47,567.23,0.8704,-1,-1,-1
53,6,1083.33,408.35,154.80,443.17,0.8651,-1,-1,-1
53,8,810.83,491.93,52.88,146.86,0.6582,-1,-1,-1
53,9,753.97,502.06,52.02,138.68,0.3274,-1,-1,-1
54,2,881.90,350.43,193.92,678.71,0.8833,-1,-1,-1
54,3,483.16,395.73,170.91,558.29,0.8509,-1,-1,-1
54,4,175.01,420.68,224.57,574.71,0.8822,-1,-1,-1
54,6,1077.28,409.20,160.24,446.06,0.8712,-1,-1,-1
54,8,811.26,492.64,50.95,139.36,0.5961,-1,-1,-1
55,2,872.31,349.02,198.10,679.60,0.8837,-1,-1,-1
55,3,475.30,396.68,179.12,565.81,0.8581,-1,-1,-1
55,4,167.01,418.74,223.40,583.62,0.8952,-1,-1,-1
55,6,1073.75,410.35,162.96,445.12,0.8755,-1,-1,-1
55,8,807.53,492.81,52.66,142.85,0.4669,-1,-1,-1
55,9,747.39,508.26,51.15,140.17,0.5129,-1,-1,-1
56,2,868.74,348.08,197.39,683.44,0.8791,-1,-1,-1
56,3,470.50,398.95,185.08,578.81,0.8728,-1,-1,-1
56,4,159.12,417.62,221.91,594.36,0.8826,-1,-1,-1
56,6,1076.20,412.08,162.15,439.65,0.8743,-1,-1,-1
56,8,806.14,493.85,52.58,152.28,0.4629,-1,-1,-1
57,2,861.42,347.75,200.68,687.54,0.8751,-1,-1,-1
57,3,463.51,402.55,191.95,593.02,0.8758,-1,-1,-1
57,4,146.53,418.46,225.72,600.65,0.8887,-1,-1,-1
57,6,1074.29,414.25,164.92,437.57,0.8674,-1,-1,-1
57,8,806.11,498.65,52.75,154.54,0.3715,-1,-1,-1
57,9,744.94,524.28,46.97,127.35,0.3011,-1,-1,-1
58,2,856.26,347.21,204.64,676.74,0.8683,-1,-1,-1
58,3,458.46,398.46,196.50,609.65,0.8814,-1,-1,-1
58,4,138.43,417.16,228.46,611.77,0.8760,-1,-1,-1
58,6,1070.10,411.68,168.11,445.41,0.8719,-1,-1,-1
59,2,843.00,343.95,209.72,667.57,0.8827,-1,-1,-1
59,3,453.90,393.04,193.40,624.58,0.8830,-1,-1,-1
59,4,126.71,416.58,234.46,616.84,0.8969,-1,-1,-1
59,6,1069.19,414.56,169.33,440.42,0.8702,-1,-1,-1
59,8,801.60,501.98,52.62,147.09,0.3329,-1,-1,-1
59,9,745.35,514.39,40.00,121.51,0.3157,-1,-1,-1
60,2,835.94,345.20,211.30,664.87,0.8873,-1,-1,-1
60,3,452.69,397.45,190.62,623.98,0.8772,-1,-1,-1
60,4,114.41,415.89,239.27,622.27,0.9068,-1,-1,-1
60,6,1065.89,415.02,173.85,442.66,0.8683,-1,-1,-1
60,8,798.32,497.62,54.09,141.60,0.3746,-1,-1,-1
61,2,821.94,346.09,222.83,668.23,0.8888,-1,-1,-1
61,3,445.42,399.45,193.56,637.29,0.8642,-1,-1,-1
61,4,105.17,415.49,242.11,632.56,0.9052,-1,-1,-1
61,6,1063.44,416.36,177.23,443.06,0.8658,-1,-1,-1
61,8,797.72,497.99,53.50,139.97,0.4123,-1,-1,-1
62,2,818.78,345.81,227.30,668.37,0.8799,-1,-1,-1
62,3,445.72,397.91,193.21,643.55,0.8512,-1,-1,-1
62,4,99.52,411.75,243.46,657.74,0.9002,-1,-1,-1
62,6,1065.17,415.31,179.51,442.44,0.8629,-1,-1,-1
62,8,796.80,495.75,52.32,142.12,0.3430,-1,-1,-1
63,2,818.77,341.84,225.16,675.08,0.8810,-1,-1,-1
63,3,442.44,392.97,198.61,651.09,0.8613,-1,-1,-1
63,4,98.69,406.05,236.06,671.78,0.8923,-1,-1,-1
63,6,1066.86,414.13,184.03,442.70,0.8706,-1,-1,-1
63,19,1018.39,430.81,67.69,322.08,0.7152,-1,-1,-1
64,2,820.00,340.80,221.58,677.82,0.8783,-1,-1,-1
64,3,448.84,386.16,197.88,660.27,0.8708,-1,-1,-1
64,4,92.99,402.81,236.17,674.77,0.8872,-1,-1,-1
64,6,1068.31,414.34,186.10,442.95,0.8701,-1,-1,-1
64,8,802.67,494.51,46.39,148.78,0.3711,-1,-1,-1
64,9,739.64,508.99,52.98,143.37,0.3748,-1,-1,-1
64,19,1020.01,435.12,68.40,314.97,0.7917,-1,-1,-1
65,2,815.93,339.28,227.79,680.78,0.8889,-1,-1,-1
65,3,446.50,379.68,203.62,667.80,0.8722,-1,-1,-1
65,4,82.71,404.13,240.07,674.32,0.8833,-1,-1,-1
65,6,1072.10,411.60,186.43,444.69,0.8629,-1,-1,-1
65,8,803.32,490.57,45.50,156.00,0.4026,-1,-1,-1
65,9,740.45,508.53,59.50,143.27,0.5810,-1,-1,-1
65,19,1021.31,435.93,70.96,312.21,0.7873,-1,-1,-1
66,2,819.08,337.57,225.38,682.86,0.8875,-1,-1,-1
66,3,443.89,372.49,211.09,676.16,0.8764,-1,-1,-1
66,4,73.90,402.18,244.80,673.41,0.8885,-1,-1,-1
66,6,1081.81,405.18,187.75,452.84,0.8391,-1,-1,-1
66,8,808.58,487.43,39.70,151.76,0.3334,-1,-1,-1
66,9,743.38,503.60,58.54,146.53,0.4664,-1,-1,-1
66,19,1022.53,434.62,74.30,311.85,0.7799,-1,-1,-1
67,2,819.59,337.65,226.91,683.39,0.8930,-1,-1,-1
67,3,443.58,366.33,215.16,682.73,0.8733,-1,-1,-1
67,4,63.70,396.77,246.56,680.41,0.8880,-1,-1,-1
67,6,1085.40,402.04,190.92,457.74,0.8460,-1,-1,-1
67,9,745.50,496.02,59.92,150.44,0.6050,-1,-1,-1
67,19,1023.20,430.99,77.47,309.01,0.7464,-1,-1,-1
68,2,822.37,336.14,227.14,684.74,0.8934,-1,-1,-1
68,3,441.56,355.53,221.83,691.76,0.8708,-1,-1,-1
68,4,48.69,394.55,253.90,676.01,0.8889,-1,-1,-1
68,6,1091.90,399.45,180.41,454.17,0.8455,-1,-1,-1
68,9,747.33,497.42,60.50,146.20,0.5305,-1,-1,-1
68,19,1026.78,423.00,79.11,315.15,0.7263,-1,-1,-1
69,2,830.56,330.80,222.61,685.57,0.8878,-1,-1,-1
69,3,441.96,347.15,225.35,700.28,0.8775,-1,-1,-1
69,4,34.69,383.11,263.50,684.27,0.8998,-1,-1,-1
69,6,1094.71,395.11,181.43,456.30,0.8725,-1,-1,-1
69,9,750.87,490.90,59.34,149.49,0.6034,-1,-1,-1
69,19,1030.91,419.30,77.91,315.77,0.7211,-1,-1,-1
70,2,829.82,328.21,225.88,682.22,0.8966,-1,-1,-1
70,3,436.93,341.21,232.75,707.71,0.8913,-1,-1,-1
70,4,16.33,375.20,274.09,695.95,0.9135,-1,-1,-1
70,6,1097.30,390.91,182.32,456.47,0.8720,-1,-1,-1
70,8,817.86,469.05,46.68,163.24,0.3137,-1,-1,-1
70,9,753.09,486.97,58.95,151.38,0.5370,-1,-1,-1
70,19,1032.66,415.78,78.87,315.55,0.7091,-1,-1,-1
70,21,1544.45,449.68,57.29,64.15,0.3552,-1,-1,-1
71,2,833.40,325.59,224.13,681.24,0.8903,-1,-1,-1
71,3,431.99,333.98,236.63,721.74,0.8901,-1,-1,-1
71,4,3.66,368.03,267.61,703.60,0.9096,-1,-1,-1
71,6,1100.54,386.43,179.65,453.58,0.8642,-1,-1,-1
71,9,753.03,484.82,60.22,151.39,0.5792,-1,-1,-1
71,19,1033.05,412.34,80.18,316.20,0.7221,-1,-1,-1
71,21,1541.81,447.34,61.17,62.45,0.4410,-1,-1,-1
72,2,832.66,319.28,226.43,682.28,0.8906,-1,-1,-1
72,3,426.95,323.96,239.95,747.80,0.8916,-1,-1,-1
72,4,-0.22,360.51,257.26,711.68,0.9195,-1,-1,-1
72,6,1103.01,384.59,178.67,450.68,0.8591,-1,-1,-1
72,9,754.27,484.59,60.30,150.44,0.5614,-1,-1,-1
72,19,1034.59,410.90,78.74,314.91,0.7229,-1,-1,-1
72,21,1553.10,445.41,50.75,61.91,0.4070,-1,-1,-1
73,2,834.40,313.19,224.57,678.70,0.8854,-1,-1,-1
73,3,420.69,314.30,243.65,762.22,0.8933,-1,-1,-1
73,4,-0.68,347.34,241.96,725.02,0.9111,-1,-1,-1
73,6,1104.56,381.35,177.01,444.35,0.8556,-1,-1,-1
73,9,753.26,476.72,56.16,152.88,0.4690,-1,-1,-1
73,19,1035.86,410.59,77.65,312.54,0.6757,-1,-1,-1
73,21,1544.91,442.18,60.25,61.41,0.4263,-1,-1,-1
74,2,833.36,308.32,224.96,664.25,0.8805,-1,-1,-1
74,3,412.39,310.67,247.09,763.57,0.8907,-1,-1,-1
74,4,-0.45,342.73,223.99,733.31,0.9065,-1,-1,-1
74,6,1106.03,377.81,172.78,441.68,0.8565,-1,-1,-1
74,9,750.03,475.07,59.79,152.72,0.5560,-1,-1,-1
74,19,1035.20,410.20,79.35,310.95,0.6851,-1,-1,-1
74,21,1547.19,440.89,62.58,61.59,0.4309,-1,-1,-1
75,2,837.15,304.36,219.27,661.97,0.8721,-1,-1,-1
75,3,401.89,302.69,250.03,771.51,0.8954,-1,-1,-1
75,4,-0.38,329.79,207.58,746.51,0.8958,-1,-1,-1
75,6,1105.34,375.36,173.39,440.49,0.8617,-1,-1,-1
75,8,817.19,456.12,45.05,160.18,0.3708,-1,-1,-1
75,9,748.84,471.70,58.07,153.47,0.5620,-1,-1,-1
75,19,1035.14,424.38,75.78,294.32,0.6643,-1,-1,-1
75,21,1546.58,438.47,64.67,61.83,0.4429,-1,-1,-1
76,2,842.45,300.51,215.25,661.38,0.8691,-1,-1,-1
76,3,391.39,296.53,254.78,774.23,0.8893,-1,-1,-1
76,4,-0.32,322.76,192.04,749.87,0.8882,-1,-1,-1
76,6,1109.40,373.42,166.86,439.92,0.8558,-1,-1,-1
76,8,817.23,452.45,44.25,163.13,0.3975,-1,-1,-1
76,9,746.84,471.94,63.42,148.03,0.5176,-1,-1,-1
76,19,1035.79,436.92,76.19,277.34,0.7230,-1,-1,-1
76,21,1543.38,438.05,69.62,61.91,0.4529,-1,-1,-1
77,2,847.34,298.35,207.33,664.69,0.8786,-1,-1,-1
77,3,381.87,294.43,257.61,772.20,0.8912,-1,-1,-1
77,4,-0.21,317.46,176.38,758.06,0.8802,-1,-1,-1
77,6,1109.37,371.96,167.01,442.94,0.8657,-1,-1,-1
77,8,817.27,450.30,44.76,160.69,0.4091,-1,-1,-1
77,9,745.70,471.33,65.80,148.64,0.5045,-1,-1,-1
77,19,1034.16,436.64,77.26,277.67,0.6326,-1,-1,-1
77,21,1540.55,437.65,72.39,61.06,0.4088,-1,-1,-1
78,2,852.17,295.82,197.94,667.55,0.8637,-1,-1,-1
78,3,366.65,289.92,265.07,781.06,0.8972,-1,-1,-1
78,4,-0.68,311.79,157.84,760.19,0.8673,-1,-1,-1
78,6,1108.82,370.79,166.60,444.11,0.8639,-1,-1,-1
78,8,814.73,451.46,45.89,162.20,0.6325,-1,-1,-1
78,9,743.76,464.96,65.55,156.50,0.5503,-1,-1,-1
78,19,1029.80,417.97,78.11,298.66,0.7074,-1,-1,-1
78,21,1544.50,437.25,67.79,61.56,0.4209,-1,-1,-1
79,2,852.90,292.11,197.75,673.24,0.8592,-1,-1,-1
79,3,350.53,284.90,266.96,786.53,0.9002,-1,-1,-1
79,4,-2.62,310.64,143.58,762.71,0.8293,-1,-1,-1
79,6,1108.42,367.78,165.67,445.49,0.8598,-1,-1,-1
79,8,811.26,449.57,47.07,166.11,0.6448,-1,-1,-1
79,9,742.62,470.35,51.12,151.74,0.4963,-1,-1,-1
79,19,1024.55,401.28,80.17,313.80,0.7194,-1,-1,-1
79,21,1540.46,435.54,67.17,61.72,0.3015,-1,-1,-1
80,2,851.60,289.60,192.43,677.15,0.8566,-1,-1,-1
80,3,331.66,275.42,276.24,794.99,0.8965,-1,-1,-1
80,4,-12.87,410.50,138.71,434.30,0.5078,-1,-1,-1
80,6,1105.93,363.97,162.15,448.56,0.8434,-1,-1,-1
80,8,801.24,445.90,57.59,171.86,0.6154,-1,-1,-1
80,9,738.52,470.28,51.30,153.51,0.5408,-1,-1,-1
80,19,1023.10,398.14,74.58,317.62,0.7098,-1,-1,-1
81,2,849.74,293.54,190.12,675.90,0.8513,-1,-1,-1
81,3,314.94,266.21,279.41,803.22,0.9018,-1,-1,-1
81,4,-1.27,437.50,92.37,433.73,0.6415,-1,-1,-1
81,6,1103.87,364.29,156.72,445.87,0.8566,-1,-1,-1
81,8,796.85,444.21,56.43,168.71,0.6192,-1,-1,-1
81,9,732.17,462.81,52.76,154.62,0.5613,-1,-1,-1
81,19,1017.26,405.48,74.10,308.80,0.6941,-1,-1,-1
81,21,1534.77,431.10,69.26,63.30,0.3119,-1,-1,-1
81,22,1872.19,882.25,46.97,197.06,0.3600,-1,-1,-1
82,2,846.49,294.42,186.11,674.78,0.8528,-1,-1,-1
82,3,291.46,252.06,297.55,820.18,0.8974,-1,-1,-1
82,4,-0.89,443.81,71.34,356.79,0.7814,-1,-1,-1
82,6,1098.65,359.56,154.78,448.06,0.8627,-1,-1,-1
82,8,793.50,440.89,56.11,169.03,0.6746,-1,-1,-1
82,9,725.35,455.72,54.06,159.40,0.6343,-1,-1,-1
82,19,1014.90,391.44,74.36,315.71,0.6474,-1,-1,-1
83,2,845.29,292.54,178.85,673.54,0.8514,-1,-1,-1
83,3,268.57,239.46,303.57,830.96,0.8896,-1,-1,-1
83,6,1095.73,358.36,151.95,452.66,0.8517,-1,-1,-1
83,8,791.92,436.24,52.85,165.23,0.5784,-1,-1,-1
83,9,720.65,451.42,60.85,156.86,0.3878,-1,-1,-1
83,19,1002.14,382.24,82.40,323.93,0.5457,-1,-1,-1
84,2,835.75,292.30,178.18,675.23,0.8477,-1,-1,-1
84,3,239.42,228.03,304.64,844.91,0.9033,-1,-1,-1
84,6,1086.47,354.40,155.12,457.54,0.8586,-1,-1,-1
84,8,782.11,434.67,55.73,164.25,0.5584,-1,-1,-1
84,9,712.34,450.01,55.35,154.96,0.5922,-1,-1,-1
84,19,995.13,376.08,80.98,321.31,0.7452,-1,-1,-1
84,22,1875.42,872.16,44.17,179.92,0.3651,-1,-1,-1
85,2,824.43,290.41,178.20,671.28,0.8274,-1,-1,-1
85,3,205.67,215.91,333.20,858.30,0.9169,-1,-1,-1
85,6,1079.48,354.36,149.19,453.06,0.8485,-1,-1,-1
85,8,772.16,426.13,55.10,171.16,0.6004,-1,-1,-1
85,9,706.82,451.60,53.20,151.49,0.4584,-1,-1,-1
85,19,984.31,373.88,82.21,317.45,0.7615,-1,-1,-1
86,2,809.60,283.66,183.74,671.81,0.8417,-1,-1,-1
86,3,185.20,202.46,323.28,872.22,0.9056,-1,-1,-1
86,6,1071.54,348.86,151.37,454.14,0.8316,-1,-1,-1
86,8,770.32,420.09,46.37,176.48,0.5159,-1,-1,-1
86,9,695.52,444.50,58.09,155.12,0.5364,-1,-1,-1
86,19,970.91,369.43,90.53,319.93,0.8070,-1,-1,-1
86,24,480.56,412.19,79.88,286.35,0.7157,-1,-1,-1
87,2,796.22,277.82,190.67,676.84,0.8523,-1,-1,-1
87,3,152.90,187.56,332.37,887.61,0.9104,-1,-1,-1
87,6,1062.39,346.95,153.57,451.99,0.8508,-1,-1,-1
87,8,760.55,413.28,48.08,181.41,0.6884,-1,-1,-1
87,9,688.93,447.77,60.22,151.22,0.4646,-1,-1,-1
87,19,962.67,366.87,91.49,320.00,0.7796,-1,-1,-1
87,21,1529.00,420.80,39.96,55.90,0.3003,-1,-1,-1
87,24,472.93,410.83,76.47,285.63,0.7298,-1,-1,-1
88,2,779.81,274.32,201.41,670.04,0.8571,-1,-1,-1
88,3,129.08,180.02,338.52,896.54,0.9155,-1,-1,-1
88,6,1052.45,339.65,152.33,454.57,0.8484,-1,-1,-1
88,8,747.45,409.42,50.88,177.28,0.4648,-1,-1,-1
88,9,680.55,439.87,56.37,155.11,0.6148,-1,-1,-1
88,19,949.08,358.45,96.37,325.03,0.7447,-1,-1,-1
88,21,1521.97,416.71,37.82,56.72,0.3518,-1,-1,-1
88,24,445.79,408.12,95.03,286.76,0.7605,-1,-1,-1
89,2,765.27,267.83,203.79,668.79,0.8476,-1,-1,-1
89,3,100.49,167.75,353.07,907.03,0.9201,-1,-1,-1
89,6,1042.42,333.60,161.04,454.54,0.8533,-1,-1,-1
89,8,743.80,408.99,41.12,180.67,0.3302,-1,-1,-1
89,9,672.21,436.44,59.17,157.30,0.5574,-1,-1,-1
89,19,941.09,359.43,99.16,316.98,0.8161,-1,-1,-1
89,24,429.06,396.76,105.45,301.09,0.7741,-1,-1,-1
90,2,747.71,260.08,218.58,656.07,0.8689,-1,-1,-1
90,3,70.48,151.80,375.04,922.74,0.9241,-1,-1,-1
90,6,1037.04,328.10,159.38,460.51,0.8482,-1,-1,-1
90,9,666.39,432.98,62.84,156.20,0.4325,-1,-1,-1
90,19,937.83,355.03,95.87,314.91,0.7824,-1,-1,-1
90,24,421.19,388.85,104.80,303.53,0.7799,-1,-1,-1
91,2,734.94,257.02,224.63,647.75,0.8808,-1,-1,-1
91,3,49.22,141.53,384.34,930.56,0.9224,-1,-1,-1
91,6,1030.58,324.52,164.62,455.86,0.8682,-1,-1,-1
91,9,659.00,425.51,53.85,156.80,0.4533,-1,-1,-1
91,19,930.09,350.13,100.52,318.44,0.7996,-1,-1,-1
91,21,1506.81,397.25,39.87,62.05,0.3416,-1,-1,-1
91,24,413.70,386.77,103.56,305.18,0.7617,-1,-1,-1
92,2,722.98,250.68,227.84,651.92,0.8786,-1,-1,-1
92,3,20.28,125.69,405.46,946.52,0.9221,-1,-1,-1
92,6,1024.60,317.46,167.72,453.84,0.8636,-1,-1,-1
92,9,654.06,423.15,59.85,158.27,0.5493,-1,-1,-1
92,19,923.88,349.53,96.58,316.71,0.7896,-1,-1,-1
92,21,1505.70,396.11,37.29,60.40,0.4942,-1,-1,-1
92,24,404.01,385.03,106.84,307.13,0.8226,-1,-1,-1
93,2,714.78,244.61,235.82,656.39,0.8890,-1,-1,-1
93,3,0.32,116.32,413.02,956.24,0.9244,-1,-1,-1
93,6,1017.45,313.72,172.25,454.31,0.8704,-1,-1,-1
93,9,653.24,420.67,55.05,157.60,0.3379,-1,-1,-1
93,19,922.46,347.75,97.77,316.84,0.7761,-1,-1,-1
93,21,1497.08,390.12,43.15,62.23,0.4656,-1,-1,-1
93,24,397.32,379.11,107.68,312.22,0.8072,-1,-1,-1
93,27,1845.29,839.90,74.07,194.40,0.3975,-1,-1,-1
94,2,708.19,241.22,229.61,660.38,0.8729,-1,-1,-1
94,3,-0.78,106.78,403.57,969.23,0.9323,-1,-1,-1
94,6,1012.88,312.83,175.68,453.76,0.8726,-1,-1,-1
94,19,918.77,346.51,99.88,319.22,0.8028,-1,-1,-1
94,21,1495.45,390.28,42.17,59.33,0.4163,-1,-1,-1
94,24,389.45,378.70,110.97,308.39,0.8026,-1,-1,-1
94,28,1725.76,854.14,94.17,220.15,0.3620,-1,-1,-1
95,2,701.82,240.05,230.96,667.12,0.8860,-1,-1,-1
95,3,-0.88,96.66,401.80,978.89,0.9307,-1,-1,-1
95,6,1007.21,311.69,179.44,453.50,0.8644,-1,-1,-1
95,19,917.03,344.09,98.59,320.47,0.7805,-1,-1,-1
95,21,1493.80,391.01,40.97,58.15,0.3194,-1,-1,-1
95,24,384.26,375.04,111.79,314.74,0.8175,-1,-1,-1
95,28,1724.32,855.49,95.18,219.29,0.3678,-1,-1,-1
96,2,693.35,243.15,231.77,665.46,0.9045,-1,-1,-1
96,3,0.37,85.03,379.68,990.28,0.9349,-1,-1,-1
96,6,1003.60,311.20,183.89,456.57,0.8598,-1,-1,-1
96,9,633.60,427.80,67.33,154.93,0.3027,-1,-1,-1
96,19,912.18,345.31,102.46,320.04,0.7545,-1,-1,-1
96,21,1490.59,392.28,41.34,57.34,0.3029,-1,-1,-1
96,24,379.81,374.66,110.68,321.75,0.8098,-1,-1,-1
96,28,1723.64,856.20,97.67,220.59,0.4046,-1,-1,-1
97,2,695.49,241.63,227.48,672.95,0.8996,-1,-1,-1
97,3,0.14,75.24,368.59,999.77,0.9338,-1,-1,-1
97,6,1001.86,311.26,187.36,456.51,0.8618,-1,-1,-1
97,9,632.82,418.67,61.09,161.79,0.5595,-1,-1,-1
97,19,903.72,342.78,108.68,319.23,0.7328,-1,-1,-1
97,24,377.68,370.33,112.35,327.06,0.8188,-1,-1,-1
97,27,1849.35,834.79,70.09,185.42,0.3594,-1,-1,-1
97,28,1727.35,855.66,96.97,221.23,0.4497,-1,-1,-1
98,2,694.17,243.91,226.28,676.58,0.8996,-1,-1,-1
98,3,0.07,56.13,358.48,1015.01,0.9344,-1,-1,-1
98,6,1001.10,310.84,192.21,459.37,0.8591,-1,-1,-1
98,9,632.19,415.73,59.28,166.84,0.6317,-1,-1,-1
98,19,907.43,343.48,104.54,320.92,0.7304,-1,-1,-1
98,24,377.03,368.51,112.55,330.45,0.8256,-1,-1,-1
98,28,1731.83,857.45,97.63,220.57,0.4017,-1,-1,-1
99,2,693.47,248.17,226.58,677.71,0.8985,-1,-1,-1
99,3,0.56,46.54,347.38,1025.59,0.9272,-1,-1,-1
99,6,1002.51,311.50,197.51,461.10,0.8700,-1,-1,-1
99,9,633.24,416.27,54.38,165.40,0.6343,-1,-1,-1
99,19,908.77,343.58,104.29,320.98,0.7370,-1,-1,-1
99,21,1497.74,383.69,39.48,66.16,0.3077,-1,-1,-1
99,24,375.57,366.60,113.60,334.01,0.8215,-1,-1,-1
100,2,695.23,251.02,222.54,675.09,0.8987,-1,-1,-1
100,3,1.00,35.55,333.51,1034.99,0.9225,-1,-1,-1
100,6,1005.49,313.20,199.06,460.57,0.8763,-1,-1,-1
100,9,630.87,415.09,59.43,166.25,0.6493,-1,-1,-1
100,19,911.07,349.54,105.67,316.95,0.7436,-1,-1,-1
100,21,1496.16,380.61,43.59,67.31,0.4185,-1,-1,-1
100,24,373.05,368.96,115.19,332.74,0.8324,-1,-1,-1
101,2,702.05,250.84,215.49,675.57,0.8889,-1,-1,-1
101,3,1.58,16.35,315.79,1059.21,0.9144,-1,-1,-1
101,6,1007.28,312.19,201.20,463.67,0.8566,-1,-1,-1
101,9,633.59,413.93,59.26,165.00,0.7020,-1,-1,-1
101,19,913.80,348.35,104.80,317.24,0.7680,-1,-1,-1
101,24,375.04,365.88,114.70,337.53,0.8240,-1,-1,-1
102,2,703.75,251.48,220.34,668.45,0.8948,-1,-1,-1
102,3,2.05,13.73,295.52,1058.93,0.9190,-1,-1,-1
102,6,1015.48,312.93,197.86,465.28,0.8308,-1,-1,-1
102,9,637.51,414.27,59.75,165.57,0.5227,-1,-1,-1
102,19,920.72,347.11,102.47,319.60,0.7923,-1,-1,-1
102,24,375.50,365.05,116.66,341.43,0.8319,-1,-1,-1
103,2,716.41,251.04,221.62,665.96,0.8881,-1,-1,-1
103,3,3.01,9.85,278.54,1061.70,0.9092,-1,-1,-1
103,6,1023.20,315.97,201.92,465.78,0.8433,-1,-1,-1
103,9,643.37,408.88,61.10,166.39,0.5549,-1,-1,-1
103,19,931.66,340.83,100.41,322.94,0.7445,-1,-1,-1
103,24,386.12,366.85,113.55,336.21,0.8037,-1,-1,-1
104,2,726.06,246.66,222.30,668.69,0.8918,-1,-1,-1
104,3,8.30,13.80,259.86,1046.11,0.8318,-1,-1,-1
104,6,1042.50,308.10,202.57,470.05,0.8580,-1,-1,-1
104,9,658.84,407.30,56.36,169.01,0.6636,-1,-1,-1
104,19,941.67,338.26,107.15,322.63,0.7350,-1,-1,-1
104,21,1534.33,377.24,43.55,66.32,0.5237,-1,-1,-1
104,24,396.22,370.99,112.97,333.50,0.8110,-1,-1,-1
104,28,1787.46,859.60,107.98,220.40,0.3996,-1,-1,-1
105,2,739.55,245.26,220.28,663.49,0.8861,-1,-1,-1
105,3,10.20,230.94,238.39,826.75,0.7803,-1,-1,-1
105,6,1053.00,308.87,200.30,469.42,0.8545,-1,-1,-1
105,9,663.72,408.79,60.47,166.90,0.3741,-1,-1,-1
105,19,953.17,333.50,103.68,328.68,0.7373,-1,-1,-1
105,21,1546.16,374.32,46.87,67.67,0.4183,-1,-1,-1
105,24,404.58,365.85,111.35,337.66,0.8087,-1,-1,-1
105,28,1804.91,861.28,107.77,218.53,0.4960,-1,-1,-1
106,2,748.66,242.32,213.35,649.20,0.8781,-1,-1,-1
106,3,35.24,252.17,137.55,674.53,0.6225,-1,-1,-1
106,6,1066.19,303.37,205.26,477.88,0.8422,-1,-1,-1
106,9,668.32,405.52,62.77,167.66,0.6817,-1,-1,-1
106,19,958.94,332.45,104.10,329.51,0.7898,-1,-1,-1
106,21,1557.32,372.94,44.37,67.61,0.4634,-1,-1,-1
106,24,411.43,365.31,111.55,335.67,0.8014,-1,-1,-1
106,28,1818.03,857.37,100.93,222.44,0.6356,-1,-1,-1
107,2,757.06,235.99,211.74,644.34,0.8783,-1,-1,-1
107,3,15.10,247.22,103.08,787.82,0.7253,-1,-1,-1
107,6,1072.93,303.21,195.49,474.34,0.8423,-1,-1,-1
107,9,669.74,404.30,67.20,169.43,0.6753,-1,-1,-1
107,19,963.64,330.64,107.23,326.76,0.7450,-1,-1,-1
107,21,1568.14,371.85,44.44,66.99,0.3615,-1,-1,-1
107,24,414.65,361.65,112.68,338.74,0.7890,-1,-1,-1
107,28,1831.67,855.31,87.82,222.28,0.4794,-1,-1,-1
108,2,761.93,233.21,209.17,645.22,0.8827,-1,-1,-1
108,6,1081.13,301.60,173.80,471.36,0.8384,-1,-1,-1
108,9,672.72,403.65,67.92,170.19,0.7285,-1,-1,-1
108,19,968.00,328.41,106.41,329.24,0.7283,-1,-1,-1
108,21,1575.09,370.00,43.37,65.60,0.4642,-1,-1,-1
108,24,416.76,360.60,112.92,345.62,0.7966,-1,-1,-1
109,2,771.88,232.22,201.57,645.86,0.8752,-1,-1,-1
109,6,1085.07,297.59,170.66,468.63,0.8704,-1,-1,-1
109,9,678.00,400.82,64.03,170.85,0.6815,-1,-1,-1
109,19,972.02,326.98,96.11,326.19,0.5498,-1,-1,-1
109,21,1583.63,373.52,42.95,62.51,0.6008,-1,-1,-1
109,24,414.33,358.07,116.17,350.37,0.8082,-1,-1,-1
110,2,772.32,230.61,203.11,648.23,0.8753,-1,-1,-1
110,6,1089.27,294.51,171.36,464.88,0.8720,-1,-1,-1
110,9,679.55,397.54,67.18,171.06,0.6263,-1,-1,-1
110,19,976.53,324.05,103.50,327.27,0.6671,-1,-1,-1
110,21,1587.86,367.46,39.81,64.99,0.4037,-1,-1,-1
110,24,411.31,353.48,118.30,357.55,0.7983,-1,-1,-1
111,2,776.69,229.80,198.51,651.37,0.8720,-1,-1,-1
111,6,1093.09,291.47,169.22,461.55,0.8666,-1,-1,-1
111,9,682.81,394.59,65.53,173.80,0.6590,-1,-1,-1
111,19,974.81,324.12,105.83,324.77,0.6153,-1,-1,-1
111,21,1599.94,371.40,38.75,62.85,0.4413,-1,-1,-1
111,24,409.82,352.67,120.51,354.73,0.8058,-1,-1,-1
112,2,777.29,229.43,197.51,650.34,0.8674,-1,-1,-1
112,6,1098.33,288.66,169.46,459.93,0.8548,-1,-1,-1
112,9,685.07,395.26,67.42,174.39,0.6445,-1,-1,-1
112,19,974.19,324.00,110.12,326.29,0.6346,-1,-1,-1
112,24,412.96,349.08,117.00,359.25,0.7479,-1,-1,-1
113,2,779.74,229.02,194.83,651.02,0.8647,-1,-1,-1
113,6,1104.39,286.17,165.90,463.76,0.8511,-1,-1,-1
113,9,686.75,390.72,68.08,180.45,0.7010,-1,-1,-1
113,19,980.08,323.50,108.43,325.55,0.6032,-1,-1,-1
113,24,411.24,347.91,117.95,363.31,0.7392,-1,-1,-1
114,2,786.25,231.29,190.56,652.10,0.8544,-1,-1,-1
114,6,1110.12,285.12,162.84,467.50,0.8580,-1,-1,-1
114,9,690.58,393.63,67.01,175.69,0.6299,-1,-1,-1
114,19,987.33,320.98,102.65,320.47,0.5936,-1,-1,-1
114,21,1612.63,374.82,39.50,52.95,0.3495,-1,-1,-1
114,24,412.54,344.96,116.93,366.01,0.7354,-1,-1,-1
115,2,791.78,232.91,191.57,651.93,0.8444,-1,-1,-1
115,6,1112.19,286.61,163.72,466.19,0.8680,-1,-1,-1
115,9,695.12,391.00,65.57,179.17,0.5963,-1,-1,-1
115,19,997.20,321.03,99.32,322.97,0.7352,-1,-1,-1
115,21,1623.69,365.89,34.64,60.37,0.3316,-1,-1,-1
115,24,410.63,344.14,120.57,368.21,0.7379,-1,-1,-1
116,2,792.49,233.39,192.49,652.52,0.8508,-1,-1,-1
116,6,1113.98,286.30,165.10,464.14,0.8628,-1,-1,-1
116,9,693.35,393.16,69.14,179.33,0.5574,-1,-1,-1
116,19,992.92,322.94,109.17,319.73,0.7072,-1,-1,-1
116,21,1625.46,363.81,38.41,63.12,0.3820,-1,-1,-1
116,24,403.71,342.65,127.35,369.96,0.7733,-1,-1,-1
117,2,791.15,233.77,189.99,652.66,0.8520,-1,-1,-1
117,6,1116.88,284.98,165.09,467.56,0.8591,-1,-1,-1
117,9,689.30,389.26,75.24,179.47,0.6248,-1,-1,-1
117,19,993.45,321.17,107.74,321.34,0.6704,-1,-1,-1
117,24,401.29,343.51,129.49,368.80,0.7211,-1,-1,-1
118,2,783.87,235.67,190.19,649.00,0.8565,-1,-1,-1
118,6,1118.56,285.90,166.27,470.94,0.8564,-1,-1,-1
118,9,688.04,392.25,75.38,179.25,0.6156,-1,-1,-1
118,19,981.87,322.68,119.88,321.91,0.7298,-1,-1,-1
118,24,395.38,338.86,131.96,375.53,0.7029,-1,-1,-1
119,2,781.79,234.82,189.42,649.75,0.8666,-1,-1,-1
119,6,1122.96,287.81,162.19,473.39,0.8510,-1,-1,-1
119,9,690.90,393.14,72.78,179.13,0.5530,-1,-1,-1
119,19,978.09,324.52,124.43,322.36,0.7559,-1,-1,-1
119,24,390.58,338.21,132.75,376.81,0.8249,-1,-1,-1
120,2,775.17,232.23,194.47,649.43,0.8781,-1,-1,-1
120,6,1122.29,288.35,162.15,474.58,0.8532,-1,-1,-1
120,9,686.14,392.24,77.03,178.65,0.5296,-1,-1,-1
120,19,972.93,324.86,126.94,323.57,0.7081,-1,-1,-1
120,24,386.52,333.53,132.59,384.46,0.8357,-1,-1,-1
121,2,768.92,227.74,197.20,644.29,0.8740,-1,-1,-1
121,6,1119.68,290.52,163.57,475.73,0.8470,-1,-1,-1
121,9,683.55,394.57,80.70,182.50,0.4326,-1,-1,-1
121,19,968.82,326.07,130.28,322.37,0.6075,-1,-1,-1
121,24,380.13,333.64,134.31,386.38,0.8386,-1,-1,-1
122,2,760.81,227.56,196.57,634.46,0.8655,-1,-1,-1
122,6,1117.34,291.36,163.28,477.46,0.8404,-1,-1,-1
122,19,968.77,325.40,130.95,322.68,0.6377,-1,-1,-1
122,21,1638.35,372.48,44.86,59.81,0.3638,-1,-1,-1
122,24,369.24,333.34,139.39,395.01,0.8261,-1,-1,-1
123,2,748.63,226.07,203.25,635.72,0.8671,-1,-1,-1
123,6,1115.09,290.69,161.52,478.19,0.8582,-1,-1,-1
123,19,957.12,326.32,138.29,324.15,0.6227,-1,-1,-1
123,21,1634.01,372.12,48.25,60.14,0.4416,-1,-1,-1
123,24,363.69,332.16,137.05,402.88,0.8542,-1,-1,-1
124,2,739.54,227.03,206.77,637.65,0.8719,-1,-1,-1
124,6,1111.19,289.15,159.09,484.62,0.8492,-1,-1,-1
124,19,956.43,327.59,122.27,325.39,0.6119,-1,-1,-1
124,21,1632.48,372.57,48.03,62.24,0.4492,-1,-1,-1
124,24,355.26,332.64,139.92,404.79,0.8590,-1,-1,-1
125,2,731.38,228.11,210.31,641.81,0.8766,-1,-1,-1
125,6,1106.86,289.52,160.76,480.05,0.8452,-1,-1,-1
125,9,676.52,393.28,67.58,192.95,0.4479,-1,-1,-1
125,19,951.94,324.29,125.75,331.17,0.6953,-1,-1,-1
125,21,1628.61,372.40,47.07,63.75,0.3828,-1,-1,-1
125,24,346.37,339.35,141.24,402.31,0.8450,-1,-1,-1
126,2,711.57,228.88,225.44,646.51,0.8684,-1,-1,-1
126,6,1100.61,290.31,161.30,475.98,0.8444,-1,-1,-1
126,9,668.95,393.44,68.84,189.53,0.3812,-1,-1,-1
126,19,952.64,320.73,126.15,333.97,0.5803,-1,-1,-1
126,21,1626.54,370.56,45.82,65.11,0.4174,-1,-1,-1
126,24,333.19,336.93,143.84,407.89,0.8397,-1,-1,-1
127,2,708.87,231.67,224.91,647.19,0.8698,-1,-1,-1
127,6,1093.86,290.91,166.40,481.69,0.8566,-1,-1,-1
127,19,942.43,320.31,138.62,336.80,0.7699,-1,-1,-1
127,21,1622.92,372.03,44.03,64.99,0.4367,-1,-1,-1
127,24,327.14,343.39,142.29,408.06,0.8475,-1,-1,-1
128,2,706.75,231.40,225.40,651.90,0.8799,-1,-1,-1
128,6,1087.75,288.92,170.64,482.45,0.8706,-1,-1,-1
128,9,659.97,389.72,74.69,192.84,0.3739,-1,-1,-1
128,19,932.20,323.31,145.11,334.66,0.6105,-1,-1,-1
128,21,1620.53,371.02,41.56,66.12,0.3542,-1,-1,-1
128,24,318.45,341.33,144.90,411.62,0.8530,-1,-1,-1
129,2,710.50,235.84,219.14,648.11,0.8803,-1,-1,-1
129,6,1082.74,286.35,175.76,483.30,0.8740,-1,-1,-1
129,9,660.43,389.20,65.57,193.04,0.5352,-1,-1,-1
129,19,935.57,321.83,107.19,334.92,0.6499,-1,-1,-1
129,21,1616.72,368.08,44.70,69.09,0.3773,-1,-1,-1
129,24,313.67,337.02,146.89,423.62,0.8337,-1,-1,-1
130,2,708.02,237.01,221.53,649.10,0.8819,-1,-1,-1
130,6,1081.55,286.78,174.85,482.69,0.8673,-1,-1,-1
130,9,659.70,389.09,62.28,193.03,0.5543,-1,-1,-1
130,19,934.51,320.24,105.18,334.81,0.7350,-1,-1,-1
130,21,1618.39,367.41,42.06,69.90,0.4036,-1,-1,-1
130,24,310.80,333.12,148.63,432.31,0.8405,-1,-1,-1
131,2,708.57,238.90,222.74,649.33,0.8799,-1,-1,-1
131,6,1080.22,283.91,176.75,482.47,0.8665,-1,-1,-1
131,9,657.19,389.44,63.85,193.31,0.5878,-1,-1,-1
131,19,927.98,318.77,110.94,333.01,0.7377,-1,-1,-1
131,21,1619.26,365.82,43.05,69.54,0.3855,-1,-1,-1
131,24,309.46,331.22,145.50,436.00,0.8387,-1,-1,-1
131,31,1012.04,370.54,70.03,222.82,0.5435,-1,-1,-1
132,2,710.32,238.65,220.96,649.56,0.8754,-1,-1,-1
132,6,1080.35,282.45,174.85,481.46,0.8632,-1,-1,-1
132,9,657.05,388.92,64.34,194.89,0.5690,-1,-1,-1
132,19,925.14,317.36,111.56,333.68,0.7338,-1,-1,-1
132,21,1619.21,364.90,41.96,69.27,0.4081,-1,-1,-1
132,24,309.78,332.60,141.92,435.92,0.8287,-1,-1,-1
132,31,1013.30,366.61,69.54,227.20,0.5589,-1,-1,-1
133,2,713.88,238.96,220.70,646.88,0.8756,-1,-1,-1
133,6,1076.56,282.31,179.66,481.94,0.8685,-1,-1,-1
133,9,657.43,389.39,62.66,195.19,0.4434,-1,-1,-1
133,19,926.28,316.18,107.53,336.42,0.7471,-1,-1,-1
133,21,1621.24,364.37,41.59,70.61,0.3855,-1,-1,-1
133,24,294.22,329.93,156.26,441.28,0.8197,-1,-1,-1
133,31,1012.57,367.83,72.67,225.43,0.5767,-1,-1,-1
134,2,715.76,238.39,215.83,649.74,0.8765,-1,-1,-1
134,6,1074.67,284.13,183.83,486.08,0.8678,-1,-1,-1
134,9,655.82,392.13,68.64,194.87,0.5314,-1,-1,-1
134,19,928.81,318.48,100.98,337.81,0.7330,-1,-1,-1
134,21,1622.68,364.62,41.79,71.63,0.3574,-1,-1,-1
134,24,289.00,324.59,156.13,455.12,0.8402,-1,-1,-1
134,31,1011.35,367.52,73.82,223.49,0.6111,-1,-1,-1
135,2,717.91,239.92,213.87,648.09,0.8799,-1,-1,-1
135,6,1073.35,285.12,184.39,489.07,0.8647,-1,-1,-1
135,9,651.49,393.73,72.88,195.48,0.5437,-1,-1,-1
135,19,927.28,318.19,98.82,341.58,0.7099,-1,-1,-1
135,24,287.37,330.28,153.64,452.90,0.8317,-1,-1,-1
135,31,1010.41,370.18,76.28,219.22,0.6533,-1,-1,-1
136,2,723.21,240.18,210.54,641.62,0.8737,-1,-1,-1
136,6,1071.82,287.88,188.10,490.19,0.8664,-1,-1,-1
136,9,644.47,395.02,81.30,196.94,0.6850,-1,-1,-1
136,19,926.24,320.47,99.83,339.42,0.7318,-1,-1,-1
136,24,281.90,327.46,158.02,459.49,0.8389,-1,-1,-1
136,31,1011.07,364.37,77.00,230.68,0.7069,-1,-1,-1
137,2,723.91,240.65,211.89,624.48,0.8832,-1,-1,-1
137,6,1070.49,291.01,193.63,492.43,0.8636,-1,-1,-1
137,9,649.07,395.25,77.01,201.40,0.6355,-1,-1,-1
137,19,928.04,319.54,97.20,341.57,0.7314,-1,-1,-1
137,21,1632.01,368.37,44.36,69.00,0.4988,-1,-1,-1
137,24,284.40,323.65,154.09,465.70,0.8410,-1,-1,-1
137,31,1014.02,369.75,76.90,225.42,0.7447,-1,-1,-1
138,2,722.40,242.40,217.93,622.23,0.8864,-1,-1,-1
138,6,1078.02,295.16,192.29,490.75,0.8618,-1,-1,-1
138,9,651.59,397.13,71.44,200.73,0.5947,-1,-1,-1
138,19,928.36,321.39,96.94,342.15,0.7457,-1,-1,-1
138,21,1637.90,371.68,45.70,69.23,0.3215,-1,-1,-1
138,24,279.57,323.00,157.56,469.17,0.8042,-1,-1,-1
138,31,1018.25,368.24,75.53,229.31,0.7448,-1,-1,-1
139,2,729.64,242.40,212.47,622.48,0.8851,-1,-1,-1
139,6,1082.43,295.72,193.25,490.90,0.8481,-1,-1,-1
139,9,651.94,395.64,70.90,204.52,0.5825,-1,-1,-1
139,19,930.39,320.88,97.16,343.78,0.7269,-1,-1,-1
139,24,270.02,320.15,164.32,475.33,0.8148,-1,-1,-1
139,31,1021.27,364.20,75.54,230.62,0.7172,-1,-1,-1
140,2,743.80,241.32,200.16,629.07,0.8780,-1,-1,-1
140,6,1089.68,296.82,188.61,489.13,0.8452,-1,-1,-1
140,9,648.69,396.88,76.16,205.04,0.6325,-1,-1,-1
140,19,938.15,320.05,92.45,345.41,0.7150,-1,-1,-1
140,21,1646.86,367.82,47.41,68.63,0.3394,-1,-1,-1
140,24,268.71,318.54,166.14,486.59,0.8303,-1,-1,-1
140,31,1022.85,368.87,76.61,226.66,0.7777,-1,-1,-1
141,2,749.28,245.98,195.37,631.22,0.8735,-1,-1,-1
141,6,1093.68,295.79,188.69,496.57,0.8584,-1,-1,-1
141,9,647.10,395.14,80.05,206.84,0.7632,-1,-1,-1
141,19,934.72,322.24,97.37,344.18,0.7391,-1,-1,-1
141,21,1650.18,368.08,48.72,70.03,0.3906,-1,-1,-1
141,24,272.17,319.92,164.12,497.72,0.8245,-1,-1,-1
141,31,1024.38,366.90,80.30,227.99,0.6854,-1,-1,-1
142,2,754.70,251.96,192.39,628.85,0.8694,-1,-1,-1
142,6,1101.11,296.62,186.14,499.80,0.8515,-1,-1,-1
142,9,648.21,400.09,86.52,202.41,0.6914,-1,-1,-1
142,19,935.28,325.59,97.53,340.50,0.7639,-1,-1,-1
142,24,271.38,323.18,167.33,500.55,0.8492,-1,-1,-1
142,31,1029.72,372.52,78.95,226.07,0.7248,-1,-1,-1
143,2,768.71,253.87,185.84,634.37,0.8787,-1,-1,-1
143,6,1107.99,296.79,186.69,502.71,0.8674,-1,-1,-1
143,9,654.92,400.43,83.33,204.23,0.6636,-1,-1,-1
143,19,953.14,325.83,86.08,340.69,0.7235,-1,-1,-1
143,21,1670.66,375.47,44.12,62.33,0.3951,-1,-1,-1
143,24,269.28,326.35,171.35,502.57,0.8472,-1,-1,-1
143,31,1038.21,372.37,72.75,225.91,0.7462,-1,-1,-1
144,2,771.80,256.07,186.48,633.71,0.8729,-1,-1,-1
144,6,1112.44,296.79,186.69,500.99,0.8615,-1,-1,-1
144,9,662.98,397.01,75.42,207.87,0.7032,-1,-1,-1
144,19,959.25,331.45,83.12,332.47,0.8006,-1,-1,-1
144,21,1672.18,370.02,51.19,67.77,0.4204,-1,-1,-1
144,24,267.21,325.51,175.20,511.08,0.8580,-1,-1,-1
144,31,1040.29,372.55,78.29,227.43,0.7546,-1,-1,-1
145,2,779.16,258.34,185.05,634.82,0.8604,-1,-1,-1
145,6,1121.79,296.58,186.92,500.51,0.8607,-1,-1,-1
145,9,664.34,396.46,80.28,210.38,0.7023,-1,-1,-1
145,19,961.93,329.18,83.47,337.96,0.7500,-1,-1,-1
145,21,1681.36,370.81,49.91,70.08,0.4224,-1,-1,-1
145,24,264.93,324.69,178.82,513.22,0.8531,-1,-1,-1
145,31,1041.88,375.90,79.38,222.75,0.7399,-1,-1,-1
146,2,780.49,262.62,189.25,636.59,0.8637,-1,-1,-1
146,6,1129.19,301.37,183.36,492.02,0.8740,-1,-1,-1
146,9,669.87,397.67,80.30,210.02,0.6983,-1,-1,-1
146,19,969.12,332.07,86.65,337.44,0.6869,-1,-1,-1
146,21,1694.38,378.87,45.88,63.34,0.3286,-1,-1,-1
146,24,268.32,324.66,177.85,524.47,0.8772,-1,-1,-1
146,31,1048.39,378.32,78.02,219.41,0.6477,-1,-1,-1
147,2,781.64,265.42,190.34,637.63,0.8649,-1,-1,-1
147,6,1134.09,298.31,187.65,490.37,0.8670,-1,-1,-1
147,9,669.74,396.17,81.84,215.84,0.7260,-1,-1,-1
147,19,964.43,330.91,91.98,341.06,0.7117,-1,-1,-1
147,21,1699.95,375.75,46.54,67.66,0.4333,-1,-1,-1
147,24,262.46,326.07,182.54,528.82,0.8601,-1,-1,-1
147,31,1049.96,382.12,80.31,220.53,0.6333,-1,-1,-1
148,2,789.95,265.73,184.98,635.56,0.8554,-1,-1,-1
148,6,1140.63,297.44,181.92,491.01,0.8670,-1,-1,-1
148,9,673.65,395.07,75.46,218.72,0.7260,-1,-1,-1
148,19,968.98,331.16,91.30,341.16,0.7304,-1,-1,-1
148,21,1699.65,375.02,51.84,68.75,0.3773,-1,-1,-1
148,24,257.93,325.81,186.27,541.86,0.8683,-1,-1,-1
148,31,1053.94,376.89,77.30,227.84,0.6769,-1,-1,-1
149,2,793.69,266.16,183.88,638.14,0.8616,-1,-1,-1
149,6,1148.21,298.50,178.49,487.96,0.8618,-1,-1,-1
149,9,675.30,401.25,76.41,217.44,0.6010,-1,-1,-1
149,19,973.27,336.38,86.95,338.03,0.7347,-1,-1,-1
149,21,1706.83,381.30,50.06,65.70,0.3493,-1,-1,-1
149,24,251.80,322.91,182.49,550.11,0.8649,-1,-1,-1
149,31,1055.79,378.37,77.40,229.39,0.6367,-1,-1,-1
150,2,793.03,266.54,185.33,637.34,0.8497,-1,-1,-1
150,6,1151.31,300.05,178.56,490.47,0.8641,-1,-1,-1
150,9,673.49,406.01,79.50,215.77,0.6139,-1,-1,-1
150,19,975.70,340.02,89.28,338.91,0.7370,-1,-1,-1
150,21,1711.48,381.42,51.67,67.01,0.4519,-1,-1,-1
150,24,246.78,318.15,179.35,559.22,0.8503,-1,-1,-1
150,31,1056.71,369.29,76.17,239.05,0.6723,-1,-1,-1
151,2,792.38,266.51,189.03,633.04,0.8407,-1,-1,-1
151,6,1152.36,299.42,180.13,501.75,0.8716,-1,-1,-1
151,9,675.32,409.79,77.65,213.16,0.6693,-1,-1,-1
151,19,981.01,340.83,84.42,342.07,0.7333,-1,-1,-1
151,21,1711.98,379.93,54.07,69.69,0.4883,-1,-1,-1
151,24,233.57,317.48,185.30,568.93,0.8507,-1,-1,-1
151,31,1056.40,369.24,77.12,241.70,0.5985,-1,-1,-1
152,2,789.03,265.09,192.85,624.42,0.8416,-1,-1,-1
152,6,1153.32,300.28,181.59,499.39,0.8801,-1,-1,-1
152,9,675.22,409.77,81.15,215.63,0.7136,-1,-1,-1
152,19,978.01,341.39,86.86,341.39,0.7106,-1,-1,-1
152,21,1716.02,378.61,54.65,70.95,0.5264,-1,-1,-1
152,24,225.55,313.63,188.39,578.07,0.8508,-1,-1,-1
152,31,1054.13,372.64,79.75,237.70,0.6059,-1,-1,-1
153,2,782.90,262.65,202.83,617.47,0.8416,-1,-1,-1
153,6,1158.18,302.66,179.41,498.36,0.8824,-1,-1,-1
153,9,675.40,410.15,83.98,219.40,0.7123,-1,-1,-1
153,19,983.59,341.41,82.43,345.83,0.7249,-1,-1,-1
153,21,1719.37,385.87,50.61,67.15,0.4314,-1,-1,-1
153,24,213.09,311.09,196.14,582.65,0.8584,-1,-1,-1
153,31,1055.54,372.42,79.23,239.13,0.6202,-1,-1,-1
154,2,776.37,260.99,211.00,618.17,0.8593,-1,-1,-1
154,6,1158.89,303.01,178.69,496.18,0.8731,-1,-1,-1
154,9,676.01,411.13,86.96,220.89,0.7175,-1,-1,-1
154,19,980.24,341.15,84.57,344.60,0.7265,-1,-1,-1
154,21,1723.26,385.33,50.47,68.20,0.4096,-1,-1,-1
154,24,201.17,308.93,203.22,588.40,0.8723,-1,-1,-1
154,31,1053.75,374.04,80.81,238.69,0.6568,-1,-1,-1
155,2,769.12,258.52,218.15,619.85,0.8684,-1,-1,-1
155,6,1160.64,302.58,177.35,500.05,0.8790,-1,-1,-1
155,9,671.61,406.60,99.99,224.32,0.7301,-1,-1,-1
155,19,983.96,339.97,80.49,342.41,0.7273,-1,-1,-1
155,21,1721.36,378.18,51.47,72.30,0.3254,-1,-1,-1
155,24,190.73,306.38,208.19,592.02,0.8711,-1,-1,-1
155,31,1053.90,372.51,80.26,238.98,0.7020,-1,-1,-1
156,2,764.67,257.49,225.84,623.56,0.8701,-1,-1,-1
156,6,1158.89,306.60,180.44,507.03,0.8775,-1,-1,-1
156,9,672.22,405.02,99.60,226.58,0.7666,-1,-1,-1
156,19,981.42,339.64,83.55,344.01,0.7026,-1,-1,-1
156,21,1720.27,381.63,53.23,71.86,0.3498,-1,-1,-1
156,24,180.90,301.91,207.19,598.92,0.8714,-1,-1,-1
156,31,1052.36,370.26,80.29,242.97,0.6923,-1,-1,-1
157,2,758.95,260.14,231.21,625.90,0.8774,-1,-1,-1
157,6,1155.28,308.16,178.01,508.24,0.8729,-1,-1,-1
157,9,667.36,407.13,99.92,225.97,0.7038,-1,-1,-1
157,19,971.34,341.26,93.60,346.74,0.6966,-1,-1,-1
157,21,1721.51,380.70,53.22,74.72,0.4144,-1,-1,-1
157,24,170.30,300.72,211.67,604.34,0.8634,-1,-1,-1
157,31,1049.37,370.09,82.63,244.15,0.6786,-1,-1,-1
158,2,760.29,257.12,225.33,630.68,0.8731,-1,-1,-1
158,6,1149.76,304.77,177.23,507.40,0.8646,-1,-1,-1
158,9,661.86,405.71,79.27,228.09,0.6732,-1,-1,-1
158,19,967.02,341.41,90.96,344.49,0.7418,-1,-1,-1
158,21,1715.61,383.44,56.23,70.86,0.4164,-1,-1,-1
158,24,156.01,297.06,214.58,611.31,0.8608,-1,-1,-1
158,31,1044.31,370.98,85.54,243.54,0.7391,-1,-1,-1
159,2,766.08,262.94,216.98,629.05,0.8666,-1,-1,-1
159,6,1146.46,306.88,174.98,503.59,0.8761,-1,-1,-1
159,9,658.73,401.04,85.27,230.73,0.6601,-1,-1,-1
159,19,965.88,341.68,86.48,339.83,0.6551,-1,-1,-1
159,21,1710.28,377.44,58.77,75.07,0.5086,-1,-1,-1
159,24,138.25,294.58,218.14,622.38,0.8558,-1,-1,-1
159,31,1040.20,377.65,85.93,237.11,0.7012,-1,-1,-1
160,2,768.98,265.07,211.17,630.85,0.8641,-1,-1,-1
160,6,1141.61,305.94,173.67,506.88,0.8768,-1,-1,-1
160,9,649.84,401.60,96.16,229.83,0.6724,-1,-1,-1
160,19,961.67,338.92,91.32,340.05,0.7257,-1,-1,-1
160,21,1706.76,374.56,57.48,77.79,0.3369,-1,-1,-1
160,24,126.65,290.85,221.77,642.03,0.8640,-1,-1,-1
160,31,1037.55,378.71,83.13,234.58,0.6982,-1,-1,-1
160,33,748.80,355.33,70.00,277.81,0.5039,-1,-1,-1
161,2,770.93,271.37,209.31,628.25,0.8708,-1,-1,-1
161,6,1138.25,306.21,172.36,506.08,0.8784,-1,-1,-1
161,9,645.88,397.89,91.07,236.59,0.6922,-1,-1,-1
161,19,955.70,338.73,88.55,341.45,0.6701,-1,-1,-1
161,21,1706.46,372.87,55.31,80.69,0.3374,-1,-1,-1
161,24,112.46,290.57,225.48,659.27,0.8548,-1,-1,-1
161,31,1032.80,385.06,85.10,227.19,0.7512,-1,-1,-1
161,33,735.42,362.78,72.48,273.64,0.4961,-1,-1,-1
162,2,774.09,271.50,204.65,626.74,0.8824,-1,-1,-1
162,6,1132.99,298.99,171.47,513.88,0.8732,-1,-1,-1
162,9,637.70,395.20,77.90,239.60,0.7044,-1,-1,-1
162,19,950.48,336.13,81.64,348.31,0.6472,-1,-1,-1
162,21,1699.45,380.92,57.38,75.51,0.4564,-1,-1,-1
162,24,94.81,283.45,230.48,660.35,0.8687,-1,-1,-1
162,31,1025.73,386.54,83.28,224.89,0.7441,-1,-1,-1
162,33,730.63,360.68,78.30,278.96,0.6036,-1,-1,-1
163,2,774.06,270.20,200.42,629.11,0.8929,-1,-1,-1
163,6,1122.37,299.71,176.37,512.26,0.8681,-1,-1,-1
163,9,629.52,394.41,83.30,240.63,0.7251,-1,-1,-1
163,19,946.66,331.53,85.54,352.18,0.6177,-1,-1,-1
163,21,1693.91,382.18,55.33,74.85,0.4454,-1,-1,-1
163,24,82.62,284.55,221.72,678.62,0.8465,-1,-1,-1
163,31,1020.08,387.24,84.45,224.20,0.6820,-1,-1,-1
163,33,725.75,357.63,76.45,280.90,0.6669,-1,-1,-1
164,2,767.25,267.78,203.81,624.36,0.8909,-1,-1,-1
164,6,1112.81,297.42,183.93,510.07,0.8670,-1,-1,-1
164,9,619.04,392.47,87.29,243.93,0.7235,-1,-1,-1
164,19,943.18,333.27,82.68,350.32,0.6624,-1,-1,-1
164,24,55.99,282.59,246.41,697.50,0.8834,-1,-1,-1
164,31,1018.64,390.46,78.61,219.26,0.7018,-1,-1,-1
164,33,713.23,362.50,79.12,278.37,0.6744,-1,-1,-1
165,2,763.80,262.82,198.12,627.97,0.8865,-1,-1,-1
165,6,1106.88,299.20,181.82,505.50,0.8747,-1,-1,-1
165,9,610.06,392.97,85.27,243.98,0.6888,-1,-1,-1
165,19,942.01,332.77,81.92,347.21,0.6926,-1,-1,-1
165,21,1682.59,377.49,56.48,75.00,0.3298,-1,-1,-1
165,24,37.57,280.32,249.88,715.92,0.8714,-1,-1,-1
165,31,1014.52,391.08,78.61,215.23,0.6870,-1,-1,-1
165,33,707.63,364.03,79.04,277.32,0.7065,-1,-1,-1
166,2,766.15,258.66,194.68,631.67,0.8855,-1,-1,-1
166,6,1100.27,297.25,186.37,500.60,0.8768,-1,-1,-1
166,9,605.64,391.10,88.87,246.77,0.7178,-1,-1,-1
166,19,933.09,326.04,85.24,352.69,0.6962,-1,-1,-1
166,21,1677.99,375.45,53.65,75.32,0.3934,-1,-1,-1
166,24,19.08,278.58,262.21,726.51,0.8875,-1,-1,-1
166,31,1008.64,390.01,79.72,214.02,0.6683,-1,-1,-1
166,33,704.27,365.08,80.04,277.91,0.7312,-1,-1,-1
167,2,767.11,256.05,192.66,631.04,0.8746,-1,-1,-1
167,6,1094.00,292.00,192.13,505.74,0.8659,-1,-1,-1
167,9,601.15,389.74,86.50,248.97,0.7263,-1,-1,-1
167,19,934.03,324.91,84.05,349.80,0.6920,-1,-1,-1
167,21,1679.19,374.49,55.36,74.70,0.3865,-1,-1,-1
167,24,6.58,273.74,255.53,737.37,0.8649,-1,-1,-1
167,31,1008.73,397.37,77.44,208.51,0.5613,-1,-1,-1
167,33,697.71,361.88,87.66,282.06,0.7087,-1,-1,-1
168,2,773.93,253.36,184.59,619.63,0.8656,-1,-1,-1
168,6,1090.85,291.59,191.51,504.08,0.8647,-1,-1,-1
168,9,596.59,389.44,88.26,248.97,0.6910,-1,-1,-1
168,19,930.38,329.38,86.51,348.89,0.6993,-1,-1,-1
168,21,1672.92,371.58,59.79,77.77,0.3809,-1,-1,-1
168,24,-0.84,263.98,256.91,751.99,0.8877,-1,-1,-1
168,31,1008.05,376.35,77.17,231.39,0.6038,-1,-1,-1
168,33,682.59,356.91,97.70,287.11,0.7779,-1,-1,-1
169,2,777.58,248.91,184.03,611.57,0.8632,-1,-1,-1
169,6,1086.88,291.42,193.83,502.65,0.8698,-1,-1,-1
169,9,590.78,387.40,91.18,252.19,0.7353,-1,-1,-1
169,19,929.22,329.07,84.46,343.34,0.6959,-1,-1,-1
169,21,1672.82,370.81,58.13,77.86,0.4163,-1,-1,-1
169,24,-0.68,256.79,241.47,763.86,0.9024,-1,-1,-1
169,31,1004.06,374.81,80.70,229.22,0.6376,-1,-1,-1
169,33,680.24,355.99,96.38,281.84,0.7695,-1,-1,-1
170,2,778.66,247.86,180.99,610.44,0.8546,-1,-1,-1
170,6,1081.21,290.88,198.50,506.01,0.8707,-1,-1,-1
170,9,588.91,386.65,81.14,251.61,0.6204,-1,-1,-1
170,19,928.12,329.57,81.62,342.67,0.6888,-1,-1,-1
170,21,1676.56,368.75,52.40,77.50,0.3143,-1,-1,-1
170,24,-0.80,250.36,228.90,776.84,0.9022,-1,-1,-1
170,31,1004.24,371.25,80.75,232.41,0.6337,-1,-1,-1
170,33,672.56,352.31,104.45,288.03,0.7919,-1,-1,-1
171,2,777.57,245.96,180.27,614.29,0.8563,-1,-1,-1
171,6,1078.90,290.59,201.02,510.01,0.8683,-1,-1,-1
171,9,581.11,382.35,90.39,259.60,0.6404,-1,-1,-1
171,19,927.65,328.61,83.47,347.88,0.7114,-1,-1,-1
171,24,-0.77,245.74,217.68,789.82,0.9018,-1,-1,-1
171,31,1005.86,366.54,77.26,230.79,0.6713,-1,-1,-1
171,33,664.08,352.47,112.57,292.58,0.8040,-1,-1,-1
172,2,775.37,247.28,184.18,618.86,0.8505,-1,-1,-1
172,6,1075.54,290.25,204.35,509.30,0.8734,-1,-1,-1
172,9,573.48,384.65,99.41,261.03,0.6859,-1,-1,-1
172,19,928.16,338.10,80.76,333.81,0.6799,-1,-1,-1
172,24,-0.51,240.99,204.61,799.69,0.8958,-1,-1,-1
172,31,1002.23,367.04,78.67,229.92,0.6566,-1,-1,-1
172,33,659.14,350.68,117.57,295.85,0.8317,-1,-1,-1
173,2,777.30,245.35,180.18,621.70,0.8552,-1,-1,-1
173,6,1074.41,288.92,202.84,511.50,0.8675,-1,-1,-1
173,9,565.47,385.84,103.32,261.49,0.7059,-1,-1,-1
173,19,926.74,336.57,78.04,335.26,0.6682,-1,-1,-1
173,21,1674.74,363.82,53.26,76.59,0.4413,-1,-1,-1
173,24,-0.96,235.83,194.34,816.46,0.8878,-1,-1,-1
173,31,1002.25,372.52,78.87,221.47,0.6629,-1,-1,-1
173,33,656.75,347.60,122.86,299.15,0.8318,-1,-1,-1
174,2,775.95,246.21,182.78,623.28,0.8592,-1,-1,-1
174,6,1076.91,288.81,204.48,516.16,0.8718,-1,-1,-1
174,9,562.77,380.43,94.71,269.88,0.6958,-1,-1,-1
174,19,928.20,335.40,77.60,336.83,0.6468,-1,-1,-1
174,21,1675.97,362.61,54.72,75.49,0.4158,-1,-1,-1
174,24,-0.85,231.95,186.84,828.17,0.8844,-1,-1,-1
174,31,1003.00,367.72,76.60,227.83,0.6680,-1,-1,-1
174,33,655.47,345.41,125.59,301.26,0.8182,-1,-1,-1
175,2,780.13,247.51,178.30,628.18,0.8636,-1,-1,-1
175,6,1080.53,288.99,203.76,520.33,0.8729,-1,-1,-1
175,9,559.90,379.19,95.91,272.97,0.6822,-1,-1,-1
175,19,930.30,329.68,77.83,342.55,0.6399,-1,-1,-1
175,21,1680.00,363.20,56.63,75.90,0.4679,-1,-1,-1
175,24,-0.46,226.56,179.03,837.00,0.8854,-1,-1,-1
175,31,1004.08,367.81,76.21,230.79,0.6665,-1,-1,-1
175,33,653.83,345.06,128.71,304.11,0.8183,-1,-1,-1
176,2,785.18,254.23,175.66,628.36,0.8478,-1,-1,-1
176,6,1084.18,289.78,203.03,520.16,0.8721,-1,-1,-1
176,9,555.39,378.63,100.83,276.44,0.7236,-1,-1,-1
176,19,932.93,325.58,74.33,347.30,0.6381,-1,-1,-1
176,21,1686.10,363.92,50.41,72.35,0.3567,-1,-1,-1
176,24,0.03,226.93,172.63,844.09,0.8836,-1,-1,-1
176,31,1008.37,365.81,74.65,231.86,0.6803,-1,-1,-1
176,33,654.43,345.43,126.80,310.60,0.8106,-1,-1,-1
177,2,786.76,258.44,176.62,626.78,0.8483,-1,-1,-1
177,6,1087.05,290.78,202.50,517.36,0.8749,-1,-1,-1
177,9,554.24,379.80,102.10,274.70,0.7126,-1,-1,-1
177,19,935.00,323.84,64.55,349.29,0.5911,-1,-1,-1
177,21,1683.94,359.02,58.21,74.36,0.3953,-1,-1,-1
177,24,0.83,225.13,162.29,850.66,0.8760,-1,-1,-1
177,31,1009.14,368.17,75.13,229.12,0.6892,-1,-1,-1
177,33,654.36,345.94,127.14,311.28,0.8148,-1,-1,-1
178,2,790.30,262.46,177.78,625.42,0.8573,-1,-1,-1
178,6,1090.92,290.17,205.83,524.28,0.8789,-1,-1,-1
178,9,554.71,379.74,100.15,277.33,0.7326,-1,-1,-1
178,19,940.67,327.12,57.87,352.87,0.4103,-1,-1,-1
178,21,1690.94,360.07,56.96,74.90,0.3316,-1,-1,-1
178,24,0.76,222.37,155.24,854.04,0.8740,-1,-1,-1
178,31,1014.36,370.98,74.45,228.47,0.6448,-1,-1,-1
178,33,653.85,348.74,133.03,314.37,0.8252,-1,-1,-1
179,2,792.19,263.52,177.24,624.22,0.8564,-1,-1,-1
179,6,1099.40,287.59,200.89,527.37,0.8803,-1,-1,-1
179,9,553.29,379.59,102.22,279.97,0.7099,-1,-1,-1
179,19,931.64,302.45,71.88,370.94,0.5765,-1,-1,-1
179,21,1686.32,356.93,69.01,79.19,0.4432,-1,-1,-1
179,24,1.71,227.26,143.79,849.34,0.8739,-1,-1,-1
179,31,1015.67,374.98,75.39,222.73,0.6753,-1,-1,-1
179,33,651.03,349.78,140.78,314.66,0.8252,-1,-1,-1
180,2,795.62,267.05,180.72,616.60,0.8629,-1,-1,-1
180,6,1104.44,290.62,201.82,523.16,0.8717,-1,-1,-1
180,9,553.10,378.77,104.48,283.86,0.7638,-1,-1,-1
180,19,943.11,316.52,59.70,358.41,0.3256,-1,-1,-1
180,21,1696.55,357.85,65.73,76.94,0.4636,-1,-1,-1
180,24,2.53,231.30,133.54,846.32,0.8652,-1,-1,-1
180,31,1018.83,384.08,74.39,215.78,0.6115,-1,-1,-1
180,33,653.70,351.36,135.02,315.53,0.7986,-1,-1,-1
181,2,796.41,265.70,183.82,618.29,0.8678,-1,-1,-1
181,6,1114.28,284.71,196.55,527.51,0.8747,-1,-1,-1
181,9,554.31,382.32,103.34,283.47,0.7259,-1,-1,-1
181,19,942.83,311.89,59.94,360.04,0.3647,-1,-1,-1
181,21,1713.13,355.58,51.66,77.21,0.4130,-1,-1,-1
181,24,2.28,260.87,127.34,816.63,0.8625,-1,-1,-1
181,31,1019.26,371.76,77.05,227.46,0.6326,-1,-1,-1
181,33,654.45,351.30,137.42,320.52,0.8163,-1,-1,-1
182,2,796.54,264.95,185.05,617.55,0.8722,-1,-1,-1
182,6,1120.93,286.08,196.59,526.39,0.8726,-1,-1,-1
182,9,555.27,383.36,107.03,286.57,0.7498,-1,-1,-1
182,19,944.72,313.28,63.26,360.80,0.4416,-1,-1,-1
182,21,1713.89,355.28,59.50,77.44,0.5692,-1,-1,-1
182,24,2.47,288.03,118.32,790.19,0.8565,-1,-1,-1
182,31,1022.09,378.13,80.62,220.30,0.7337,-1,-1,-1
182,33,654.59,351.40,137.27,323.63,0.8203,-1,-1,-1
183,2,799.39,263.19,191.91,610.38,0.8732,-1,-1,-1
183,6,1131.90,282.46,191.22,519.13,0.8705,-1,-1,-1
183,9,555.04,386.88,107.41,286.46,0.7396,-1,-1,-1
183,19,947.29,314.16,64.50,356.37,0.3326,-1,-1,-1
183,21,1715.45,353.77,60.65,78.07,0.4129,-1,-1,-1
183,24,3.96,312.96,105.36,764.01,0.8433,-1,-1,-1
183,31,1024.77,384.44,80.56,215.18,0.6707,-1,-1,-1
183,33,654.63,348.81,143.72,324.77,0.8300,-1,-1,-1
184,2,801.95,264.84,193.27,596.94,0.8759,-1,-1,-1
184,6,1133.58,282.57,193.02,515.17,0.8754,-1,-1,-1
184,9,555.56,389.58,110.87,283.63,0.7550,-1,-1,-1
184,19,951.42,306.64,66.93,367.92,0.4233,-1,-1,-1
184,21,1726.77,353.67,61.17,77.73,0.4387,-1,-1,-1
184,24,4.05,382.38,93.26,693.41,0.8428,-1,-1,-1
184,31,1031.47,381.54,80.62,221.78,0.6437,-1,-1,-1
184,33,660.61,347.39,143.99,327.54,0.8310,-1,-1,-1
185,2,802.04,262.03,194.36,598.51,0.8585,-1,-1,-1
185,6,1139.91,283.32,192.54,512.16,0.8707,-1,-1,-1
185,9,557.58,390.73,116.67,285.54,0.7166,-1,-1,-1
185,19,958.06,312.37,70.56,363.32,0.6063,-1,-1,-1
185,21,1727.59,350.70,64.65,79.48,0.4080,-1,-1,-1
185,24,3.11,390.60,85.54,684.92,0.8066,-1,-1,-1
185,31,1037.31,384.60,77.02,217.20,0.6761,-1,-1,-1
185,33,670.17,328.84,136.64,349.93,0.8512,-1,-1,-1
186,2,803.87,257.23,192.82,605.65,0.8642,-1,-1,-1
186,6,1149.91,284.69,185.41,514.57,0.8792,-1,-1,-1
186,9,558.24,390.80,119.13,287.94,0.7528,-1,-1,-1
186,19,962.42,318.16,67.11,359.16,0.5449,-1,-1,-1
186,21,1738.87,352.17,62.04,78.90,0.4772,-1,-1,-1
186,24,0.24,397.16,84.18,678.54,0.7608,-1,-1,-1
186,31,1037.37,383.70,82.61,218.44,0.6858,-1,-1,-1
186,33,669.82,324.44,138.50,357.04,0.8470,-1,-1,-1
187,2,805.95,253.60,195.15,605.02,0.8675,-1,-1,-1
187,6,1153.87,279.41,189.58,521.67,0.8826,-1,-1,-1
187,9,557.81,385.57,124.33,294.56,0.7656,-1,-1,-1
187,19,970.43,343.23,60.63,334.78,0.3719,-1,-1,-1
187,21,1755.56,353.99,55.27,77.01,0.3292,-1,-1,-1
187,24,5.57,415.15,63.50,659.66,0.4285,-1,-1,-1
187,31,1042.75,377.91,79.64,220.95,0.7040,-1,-1,-1
187,33,671.07,328.55,138.24,351.09,0.8514,-1,-1,-1
188,2,800.65,252.40,203.52,607.55,0.8690,-1,-1,-1
188,6,1154.80,279.04,189.71,520.64,0.8860,-1,-1,-1
188,9,557.00,385.10,125.81,294.25,0.7759,-1,-1,-1
188,21,1762.30,353.94,50.76,73.86,0.4168,-1,-1,-1
188,31,1037.20,376.68,85.34,223.68,0.7112,-1,-1,-1
188,33,668.80,325.65,139.08,352.16,0.8552,-1,-1,-1
189,2,798.97,252.80,203.93,611.06,0.8674,-1,-1,-1
189,6,1159.90,275.92,182.22,523.91,0.8823,-1,-1,-1
189,9,554.07,381.58,131.11,298.58,0.7089,-1,-1,-1
189,21,1760.43,351.74,56.99,74.84,0.4733,-1,-1,-1
189,31,1037.47,375.07,85.38,224.30,0.7260,-1,-1,-1
189,33,666.72,325.05,141.80,355.52,0.8493,-1,-1,-1
190,2,803.55,251.49,199.62,613.83,0.8584,-1,-1,-1
190,6,1159.87,275.31,185.69,527.35,0.8807,-1,-1,-1
190,9,547.95,379.79,141.25,301.78,0.7275,-1,-1,-1
190,21,1757.08,353.30,61.67,76.51,0.4660,-1,-1,-1
190,31,1031.62,376.17,91.54,221.54,0.7131,-1,-1,-1
190,33,671.99,323.05,136.27,360.07,0.8447,-1,-1,-1
191,2,805.41,253.15,197.81,618.65,0.8553,-1,-1,-1
191,6,1161.26,278.39,185.69,529.24,0.8796,-1,-1,-1
191,9,546.13,378.19,136.66,305.72,0.6637,-1,-1,-1
191,19,978.14,329.19,56.35,353.99,0.3147,-1,-1,-1
191,21,1758.80,355.36,60.36,78.62,0.4883,-1,-1,-1
191,31,1034.19,374.06,89.61,225.77,0.6991,-1,-1,-1
191,33,671.46,324.74,135.60,361.23,0.8073,-1,-1,-1
192,2,811.52,260.65,191.55,618.21,0.8578,-1,-1,-1
192,6,1160.40,285.70,183.75,527.92,0.8861,-1,-1,-1
192,9,541.46,377.63,101.18,307.33,0.7033,-1,-1,-1
192,21,1756.94,360.40,64.04,77.68,0.4312,-1,-1,-1
192,31,1031.88,378.62,89.79,222.79,0.7033,-1,-1,-1
192,33,666.36,325.67,140.27,361.58,0.8327,-1,-1,-1
193,2,810.03,264.79,194.50,617.36,0.8681,-1,-1,-1
193,6,1160.31,285.21,179.32,531.15,0.8836,-1,-1,-1
193,9,535.35,377.11,130.78,308.74,0.6637,-1,-1,-1
193,21,1754.19,361.03,69.67,77.52,0.4428,-1,-1,-1
193,31,1030.62,376.18,88.83,227.16,0.6985,-1,-1,-1
193,33,657.02,330.72,148.89,360.01,0.7863,-1,-1,-1
194,2,806.41,268.56,198.60,613.75,0.8654,-1,-1,-1
194,6,1158.82,288.11,177.58,534.89,0.8792,-1,-1,-1
194,9,530.63,377.67,132.78,313.24,0.7532,-1,-1,-1
194,21,1756.49,362.93,67.51,79.69,0.4237,-1,-1,-1
194,31,1034.86,378.34,84.78,227.26,0.7263,-1,-1,-1
194,33,656.22,332.31,145.82,365.21,0.8255,-1,-1,-1
195,2,802.11,274.59,205.61,609.62,0.8796,-1,-1,-1
195,6,1155.07,291.42,175.84,534.28,0.8688,-1,-1,-1
195,9,521.64,380.71,112.78,316.51,0.7483,-1,-1,-1
195,21,1757.62,367.62,64.96,79.58,0.5029,-1,-1,-1
195,31,1026.46,381.15,90.65,225.31,0.7376,-1,-1,-1
195,33,645.35,337.62,153.13,367.33,0.8444,-1,-1,-1
196,2,798.32,270.68,206.73,615.58,0.8865,-1,-1,-1
196,6,1148.63,294.61,176.46,536.92,0.8562,-1,-1,-1
196,9,514.72,379.83,115.23,323.42,0.7625,-1,-1,-1
196,21,1761.35,369.29,59.19,79.25,0.3738,-1,-1,-1
196,31,1021.08,384.03,93.34,223.20,0.7185,-1,-1,-1
196,33,643.86,342.81,151.21,365.60,0.8287,-1,-1,-1
197,2,796.20,271.32,208.93,615.26,0.8946,-1,-1,-1
197,6,1144.33,294.93,173.93,536.40,0.8556,-1,-1,-1
197,9,506.59,383.36,114.97,323.85,0.7715,-1,-1,-1
197,21,1757.57,375.88,62.89,74.21,0.3220,-1,-1,-1
197,31,1018.59,388.45,93.28,221.72,0.7610,-1,-1,-1
197,33,634.11,342.38,153.99,369.82,0.8225,-1,-1,-1
198,2,797.83,273.04,207.35,615.85,0.8890,-1,-1,-1
198,6,1137.84,297.25,177.98,526.49,0.8548,-1,-1,-1
198,9,495.22,385.90,118.84,330.82,0.7919,-1,-1,-1
198,31,1015.40,391.13,91.71,220.76,0.7204,-1,-1,-1
198,33,619.18,343.55,159.24,375.66,0.8376,-1,-1,-1
199,2,806.51,276.44,195.64,593.64,0.8819,-1,-1,-1
199,6,1133.20,297.95,180.26,544.17,0.8627,-1,-1,-1
199,9,488.33,388.82,122.34,332.45,0.8201,-1,-1,-1
199,31,1009.96,397.89,91.33,214.76,0.7437,-1,-1,-1
199,33,604.29,348.49,164.74,383.25,0.8337,-1,-1,-1
200,2,801.03,281.29,201.44,584.64,0.8845,-1,-1,-1
200,6,1124.95,299.65,183.82,541.75,0.8616,-1,-1,-1
200,9,478.39,393.69,132.41,336.00,0.7003,-1,-1,-1
200,21,1734.61,381.19,72.02,79.81,0.5506,-1,-1,-1
200,31,1009.54,406.70,87.66,209.01,0.6668,-1,-1,-1
200,33,609.15,349.43,150.92,383.69,0.8437,-1,-1,-1
201,2,801.20,281.16,195.04,588.61,0.8868,-1,-1,-1
201,6,1116.19,304.28,188.33,529.91,0.8699,-1,-1,-1
201,9,467.53,396.14,115.35,333.91,0.7718,-1,-1,-1
201,21,1731.96,384.43,72.88,79.37,0.4133,-1,-1,-1
201,31,1009.39,393.90,80.86,222.98,0.7352,-1,-1,-1
201,33,581.68,347.31,166.32,383.78,0.7973,-1,-1,-1
202,2,796.25,281.24,194.18,593.59,0.8919,-1,-1,-1
202,6,1110.67,304.21,190.46,531.57,0.8721,-1,-1,-1
202,9,457.46,399.95,129.90,334.38,0.8074,-1,-1,-1
202,21,1725.65,383.89,75.10,81.52,0.4248,-1,-1,-1
202,31,1005.72,405.23,79.97,214.69,0.6840,-1,-1,-1
202,33,584.82,346.10,152.90,389.72,0.8086,-1,-1,-1
203,2,800.14,281.94,186.62,595.80,0.8817,-1,-1,-1
203,6,1106.45,304.50,193.27,531.86,0.8731,-1,-1,-1
203,9,444.51,396.88,107.91,344.48,0.6159,-1,-1,-1
203,21,1728.96,384.44,67.62,82.35,0.4239,-1,-1,-1
203,31,1001.11,409.06,82.07,215.06,0.7237,-1,-1,-1
203,33,578.68,344.10,155.86,397.36,0.8281,-1,-1,-1
203,38,761.28,397.76,63.75,241.17,0.4428,-1,-1,-1
204,2,807.64,284.95,175.86,596.75,0.8649,-1,-1,-1
204,6,1104.28,303.48,191.34,530.66,0.8711,-1,-1,-1
204,9,434.04,398.88,142.90,346.64,0.7255,-1,-1,-1
204,21,1730.54,384.87,64.46,82.02,0.3565,-1,-1,-1
204,31,1004.32,413.11,77.12,217.11,0.7368,-1,-1,-1
204,33,572.80,344.45,156.48,397.40,0.8170,-1,-1,-1
204,38,758.42,400.14,68.39,240.79,0.6660,-1,-1,-1
205,2,807.83,286.33,174.50,598.36,0.8644,-1,-1,-1
205,6,1102.98,303.67,192.91,529.49,0.8741,-1,-1,-1
205,9,425.24,399.02,146.08,348.81,0.7800,-1,-1,-1
205,21,1722.57,382.60,70.18,84.35,0.4837,-1,-1,-1
205,31,1002.53,413.87,76.42,214.55,0.7014,-1,-1,-1
205,33,564.60,343.48,152.46,399.99,0.8010,-1,-1,-1
205,38,758.86,397.19,68.36,244.94,0.6582,-1,-1,-1
206,2,808.13,287.91,172.55,599.92,0.8670,-1,-1,-1
206,6,1099.60,307.18,199.67,531.67,0.8667,-1,-1,-1
206,9,418.53,396.71,150.65,352.79,0.7962,-1,-1,-1
206,21,1730.77,381.91,62.29,84.38,0.4244,-1,-1,-1
206,31,999.75,415.48,79.10,211.21,0.6889,-1,-1,-1
206,33,558.92,342.53,155.60,404.96,0.8318,-1,-1,-1
206,38,756.02,396.46,69.39,249.23,0.6908,-1,-1,-1
207,2,808.31,289.32,171.13,598.55,0.8644,-1,-1,-1
207,6,1096.03,307.83,204.58,533.90,0.8681,-1,-1,-1
207,9,412.36,395.00,148.14,356.42,0.8313,-1,-1,-1
207,21,1735.55,382.16,58.04,84.24,0.3867,-1,-1,-1
207,31,1000.06,414.14,78.12,214.40,0.6987,-1,-1,-1
207,33,551.32,344.24,161.99,406.57,0.8531,-1,-1,-1
207,38,753.57,395.89,71.88,248.68,0.6905,-1,-1,-1
208,2,809.06,290.01,169.19,598.07,0.8560,-1,-1,-1
208,6,1094.17,304.08,207.94,540.21,0.8679,-1,-1,-1
208,9,404.45,394.71,143.46,358.19,0.8411,-1,-1,-1
208,21,1741.43,383.39,53.36,82.72,0.3026,-1,-1,-1
208,31,1003.23,409.07,75.13,211.90,0.7249,-1,-1,-1
208,33,546.17,335.39,161.56,414.67,0.8586,-1,-1,-1
208,38,753.74,393.74,71.50,250.56,0.6881,-1,-1,-1
209,2,807.54,291.48,170.03,598.28,0.8554,-1,-1,-1
209,6,1095.16,305.14,209.35,542.06,0.8675,-1,-1,-1
209,9,399.53,391.07,147.48,362.55,0.8271,-1,-1,-1
209,21,1746.21,383.39,51.04,80.74,0.3862,-1,-1,-1
209,31,1002.27,402.97,75.96,217.09,0.7165,-1,-1,-1
209,33,536.78,335.40,174.27,420.62,0.8639,-1,-1,-1
209,38,754.58,394.18,67.44,251.91,0.6311,-1,-1,-1
210,2,804.45,294.88,173.14,597.36,0.8647,-1,-1,-1
210,6,1096.40,308.87,210.81,539.82,0.8719,-1,-1,-1
210,9,392.37,389.25,146.82,365.97,0.8245,-1,-1,-1
210,21,1724.56,383.00,71.31,83.91,0.4032,-1,-1,-1
210,31,1001.76,403.83,78.05,216.78,0.5581,-1,-1,-1
210,33,532.04,339.92,177.61,422.42,0.8500,-1,-1,-1
210,38,748.14,392.95,71.80,254.83,0.6423,-1,-1,-1
211,2,803.29,293.88,175.00,601.20,0.8700,-1,-1,-1
211,6,1096.98,310.20,210.29,545.19,0.8725,-1,-1,-1
211,9,384.59,389.34,147.88,367.13,0.8249,-1,-1,-1
211,21,1747.47,382.23,50.58,83.34,0.4626,-1,-1,-1
211,31,1003.78,418.58,74.40,203.01,0.5493,-1,-1,-1
211,33,519.92,328.61,186.55,442.59,0.8323,-1,-1,-1
211,38,745.45,394.24,72.05,257.91,0.6486,-1,-1,-1
212,2,796.95,291.98,184.16,600.48,0.8608,-1,-1,-1
212,6,1095.59,314.98,213.62,540.64,0.8650,-1,-1,-1
212,9,376.95,389.49,143.31,376.41,0.8260,-1,-1,-1
212,31,999.26,404.76,78.83,218.39,0.6691,-1,-1,-1
212,33,503.34,331.03,200.72,448.84,0.8212,-1,-1,-1
212,38,742.33,395.31,75.04,258.97,0.6525,-1,-1,-1
213,2,793.39,293.43,183.33,600.26,0.8643,-1,-1,-1
213,6,1095.53,310.98,212.53,546.66,0.8608,-1,-1,-1
213,9,368.24,390.87,150.81,387.21,0.8419,-1,-1,-1
213,31,995.63,402.34,82.17,222.47,0.7168,-1,-1,-1
213,33,507.64,340.98,191.95,443.31,0.8368,-1,-1,-1
213,38,740.13,396.87,70.01,263.29,0.6702,-1,-1,-1
214,2,790.87,299.20,184.96,589.44,0.8604,-1,-1,-1
214,6,1096.51,319.32,212.78,545.06,0.8702,-1,-1,-1
214,9,364.54,397.61,150.63,391.24,0.8434,-1,-1,-1
214,31,995.05,411.47,83.75,219.15,0.7443,-1,-1,-1
214,33,505.91,344.37,191.22,448.03,0.8454,-1,-1,-1
214,38,738.95,403.18,69.20,260.00,0.6720,-1,-1,-1
215,2,788.11,293.35,188.78,582.34,0.8647,-1,-1,-1
215,6,1101.63,312.87,208.84,555.70,0.8719,-1,-1,-1
215,9,360.42,396.78,150.09,396.86,0.8481,-1,-1,-1
215,31,994.53,406.48,86.15,222.65,0.7165,-1,-1,-1
215,33,503.53,341.39,193.56,455.91,0.8644,-1,-1,-1
215,38,738.50,401.19,68.16,260.01,0.6939,-1,-1,-1
216,2,786.09,291.39,192.88,588.34,0.8661,-1,-1,-1
216,6,1112.41,310.31,199.84,559.95,0.8832,-1,-1,-1
216,9,358.00,397.05,149.64,402.60,0.8467,-1,-1,-1
216,21,1763.29,397.01,49.60,76.56,0.3600,-1,-1,-1
216,31,1004.12,414.02,79.53,215.80,0.7526,-1,-1,-1
216,33,501.42,336.89,191.98,467.41,0.8711,-1,-1,-1
216,38,741.24,400.38,67.21,259.10,0.6179,-1,-1,-1
217,2,785.92,290.28,194.99,589.52,0.8724,-1,-1,-1
217,6,1116.67,308.73,201.44,559.57,0.8830,-1,-1,-1
217,9,356.37,397.79,149.47,401.97,0.8454,-1,-1,-1
217,21,1769.75,393.91,45.28,78.31,0.3739,-1,-1,-1
217,31,1007.42,417.76,80.93,213.66,0.7735,-1,-1,-1
217,33,501.41,333.23,191.42,474.73,0.8697,-1,-1,-1
217,38,743.29,398.49,67.55,267.15,0.6353,-1,-1,-1
218,2,790.85,289.93,194.03,592.24,0.8777,-1,-1,-1
218,6,1125.26,312.95,196.04,551.27,0.8741,-1,-1,-1
218,9,354.06,397.19,157.93,409.65,0.8513,-1,-1,-1
218,31,1011.17,424.28,80.00,207.13,0.7528,-1,-1,-1
218,33,503.78,325.67,187.99,485.51,0.8720,-1,-1,-1
218,38,748.11,397.26,65.11,270.76,0.6780,-1,-1,-1
218,40,663.47,400.35,54.99,197.97,0.4524,-1,-1,-1
219,2,795.21,290.85,194.93,592.71,0.8761,-1,-1,-1
219,6,1131.54,313.55,196.35,546.27,0.8745,-1,-1,-1
219,9,353.25,396.74,166.06,414.71,0.8511,-1,-1,-1
219,21,1783.80,395.25,51.01,81.40,0.3226,-1,-1,-1
219,31,1016.49,419.77,81.40,216.83,0.7157,-1,-1,-1
219,33,507.54,323.72,188.41,488.36,0.8770,-1,-1,-1
219,38,750.38,398.00,66.99,273.14,0.6845,-1,-1,-1
219,40,666.23,406.76,56.53,185.14,0.3865,-1,-1,-1
220,2,794.16,296.11,198.28,593.22,0.8704,-1,-1,-1
220,6,1136.54,314.38,196.83,545.34,0.8720,-1,-1,-1
220,9,353.47,394.98,168.07,416.95,0.8582,-1,-1,-1
220,21,1793.60,394.08,48.86,81.87,0.4104,-1,-1,-1
220,31,1020.38,419.20,81.24,216.90,0.7220,-1,-1,-1
220,33,510.39,322.77,187.94,491.21,0.8667,-1,-1,-1
220,38,750.28,398.64,72.54,272.84,0.6722,-1,-1,-1
220,40,665.18,404.85,60.62,179.11,0.5584,-1,-1,-1
221,2,802.10,298.32,199.16,595.95,0.8588,-1,-1,-1
221,6,1145.73,314.77,199.41,545.61,0.8733,-1,-1,-1
221,9,352.17,389.54,171.27,423.78,0.8508,-1,-1,-1
221,21,1798.14,394.76,52.93,85.38,0.4938,-1,-1,-1
221,31,1026.02,423.10,80.79,214.52,0.7114,-1,-1,-1
221,33,510.70,318.25,188.22,496.96,0.8654,-1,-1,-1
221,38,753.79,396.54,75.54,276.88,0.7018,-1,-1,-1
221,40,665.20,404.78,64.61,184.29,0.5406,-1,-1,-1
222,2,807.96,300.18,195.69,598.49,0.8565,-1,-1,-1
222,6,1155.70,318.46,192.70,545.73,0.8893,-1,-1,-1
222,9,350.98,386.45,172.67,428.33,0.8546,-1,-1,-1
222,21,1812.14,399.36,49.97,81.39,0.4913,-1,-1,-1
222,31,1023.11,423.63,88.10,216.77,0.7128,-1,-1,-1
222,33,511.29,315.38,188.99,502.93,0.8747,-1,-1,-1
222,38,757.08,397.07,78.14,277.95,0.7176,-1,-1,-1
222,40,667.81,407.01,68.65,187.61,0.5042,-1,-1,-1
223,2,817.59,302.91,191.71,596.17,0.8708,-1,-1,-1
223,6,1163.29,317.44,190.20,548.09,0.8806,-1,-1,-1
223,9,347.91,385.58,175.61,430.23,0.8502,-1,-1,-1
223,21,1816.05,396.12,52.88,85.34,0.4954,-1,-1,-1
223,31,1035.12,420.53,77.83,219.48,0.7053,-1,-1,-1
223,33,511.16,312.64,192.21,501.81,0.8740,-1,-1,-1
223,38,759.68,395.70,79.72,279.45,0.7209,-1,-1,-1
223,40,668.94,407.12,70.08,190.28,0.5437,-1,-1,-1
223,42,1431.83,528.11,156.40,330.46,0.3560,-1,-1,-1
224,2,823.11,305.27,193.76,593.37,0.8798,-1,-1,-1
224,6,1169.10,311.37,189.15,556.19,0.8861,-1,-1,-1
224,9,347.49,384.94,173.37,431.03,0.8485,-1,-1,-1
224,21,1822.13,394.64,56.94,88.11,0.4427,-1,-1,-1
224,31,1038.43,418.49,80.83,219.24,0.7570,-1,-1,-1
224,33,508.92,304.83,196.50,513.76,0.8764,-1,-1,-1
224,38,760.61,392.73,83.17,285.92,0.8187,-1,-1,-1
224,40,671.63,406.80,69.17,195.02,0.4124,-1,-1,-1
224,42,1444.65,532.68,144.77,324.82,0.4130,-1,-1,-1
225,2,826.63,303.89,200.39,593.63,0.8804,-1,-1,-1
225,6,1175.96,313.79,188.98,555.15,0.8826,-1,-1,-1
225,9,347.85,384.34,167.65,434.79,0.8529,-1,-1,-1
225,21,1834.62,397.89,54.04,84.20,0.4400,-1,-1,-1
225,31,1038.78,421.00,82.03,215.69,0.7668,-1,-1,-1
225,33,506.71,300.14,201.42,526.02,0.8706,-1,-1,-1
225,38,760.31,393.28,89.06,286.56,0.8124,-1,-1,-1
225,40,672.82,404.58,68.56,201.38,0.5328,-1,-1,-1
226,2,837.27,301.75,195.33,586.95,0.8722,-1,-1,-1
226,6,1179.28,313.52,187.29,558.09,0.8714,-1,-1,-1
226,9,340.53,381.80,170.46,438.18,0.8619,-1,-1,-1
226,21,1835.24,395.00,59.73,87.29,0.6334,-1,-1,-1
226,31,1038.28,422.83,82.96,212.95,0.7553,-1,-1,-1
226,33,498.71,300.63,208.53,533.30,0.8715,-1,-1,-1
226,38,759.77,393.84,95.05,287.68,0.7938,-1,-1,-1
226,40,672.30,405.81,71.69,214.03,0.6470,-1,-1,-1
227,2,837.80,301.31,197.46,578.72,0.8734,-1,-1,-1
227,6,1182.45,314.72,188.58,558.35,0.8637,-1,-1,-1
227,9,334.04,378.67,171.02,449.21,0.8502,-1,-1,-1
227,21,1837.55,397.99,65.12,85.78,0.4285,-1,-1,-1
227,31,1041.04,426.90,86.06,207.91,0.7622,-1,-1,-1
227,33,492.23,296.28,212.79,546.87,0.8762,-1,-1,-1
227,38,754.73,393.59,101.91,290.27,0.7858,-1,-1,-1
227,40,671.77,403.22,73.24,217.99,0.6700,-1,-1,-1
228,2,841.21,298.50,195.12,597.55,0.8665,-1,-1,-1
228,6,1184.38,315.45,187.24,564.01,0.8641,-1,-1,-1
228,9,330.52,371.47,162.19,463.92,0.8496,-1,-1,-1
228,21,1840.79,397.75,66.58,85.39,0.3609,-1,-1,-1
228,31,1043.30,419.98,85.42,214.00,0.7659,-1,-1,-1
228,33,472.16,291.72,231.97,554.12,0.8746,-1,-1,-1
228,38,754.53,393.23,104.96,293.19,0.7977,-1,-1,-1
228,40,667.10,400.89,78.77,226.25,0.6482,-1,-1,-1
229,2,848.62,296.41,188.98,592.90,0.8580,-1,-1,-1
229,6,1184.06,316.72,187.17,565.42,0.8664,-1,-1,-1
229,9,321.12,368.77,162.22,474.41,0.8457,-1,-1,-1
229,21,1847.63,396.85,61.13,88.44,0.4353,-1,-1,-1
229,31,1046.70,420.56,82.79,213.17,0.7605,-1,-1,-1
229,33,471.49,290.98,227.10,554.97,0.8691,-1,-1,-1
229,38,754.66,393.77,103.09,296.21,0.8026,-1,-1,-1
229,40,662.97,400.95,81.17,226.91,0.6377,-1,-1,-1
230,2,855.17,297.35,186.56,582.22,0.8512,-1,-1,-1
230,6,1185.26,316.79,186.70,564.91,0.8678,-1,-1,-1
230,9,307.93,371.62,175.28,482.56,0.8695,-1,-1,-1
230,21,1849.06,398.91,65.52,89.14,0.4776,-1,-1,-1
230,31,1048.51,419.12,80.24,216.18,0.7607,-1,-1,-1
230,33,451.35,291.06,243.77,567.44,0.8506,-1,-1,-1
230,38,755.22,396.12,101.96,297.33,0.8082,-1,-1,-1
230,40,658.30,397.99,86.07,231.83,0.6842,-1,-1,-1
231,2,862.24,298.71,180.81,574.62,0.8569,-1,-1,-1
231,6,1184.57,315.87,187.06,567.50,0.8617,-1,-1,-1
231,9,293.63,376.76,177.82,480.78,0.8450,-1,-1,-1
231,21,1850.01,401.60,66.62,89.26,0.5359,-1,-1,-1
231,31,1047.70,416.73,80.64,219.12,0.7492,-1,-1,-1
231,33,444.16,288.77,248.49,581.86,0.8316,-1,-1,-1
231,38,755.16,395.75,102.06,300.34,0.8188,-1,-1,-1
231,40,653.14,398.10,91.31,245.03,0.6943,-1,-1,-1
232,2,863.01,298.63,179.62,574.21,0.8496,-1,-1,-1
232,6,1182.76,316.36,186.79,570.84,0.8625,-1,-1,-1
232,9,275.56,373.01,178.07,494.44,0.8271,-1,-1,-1
232,21,1851.46,402.87,65.19,90.98,0.5295,-1,-1,-1
232,31,1045.03,422.08,79.57,214.87,0.7541,-1,-1,-1
232,33,438.15,287.60,243.48,589.49,0.8571,-1,-1,-1
232,38,749.80,400.59,102.65,300.09,0.8366,-1,-1,-1
232,40,646.48,398.99,93.00,266.98,0.7756,-1,-1,-1
232,42,1470.10,478.00,148.01,410.90,0.3149,-1,-1,-1
233,2,855.92,301.78,183.90,583.61,0.8623,-1,-1,-1
233,6,1178.75,318.33,190.32,577.35,0.8611,-1,-1,-1
233,9,252.73,370.42,194.09,510.96,0.8720,-1,-1,-1
233,21,1848.97,408.14,67.31,88.71,0.5335,-1,-1,-1
233,31,1042.24,422.19,79.92,219.87,0.7543,-1,-1,-1
233,33,425.97,284.65,245.86,606.36,0.8818,-1,-1,-1
233,38,734.48,394.93,112.38,307.21,0.8272,-1,-1,-1
233,40,636.69,406.25,95.40,279.34,0.7755,-1,-1,-1
234,2,856.43,303.17,184.38,585.32,0.8706,-1,-1,-1
234,6,1173.09,321.98,194.17,574.87,0.8714,-1,-1,-1
234,9,247.55,367.84,189.55,522.60,0.8781,-1,-1,-1
234,21,1847.85,412.33,67.27,85.54,0.4891,-1,-1,-1
234,31,1036.34,426.65,81.30,218.10,0.7215,-1,-1,-1
234,33,410.79,280.43,242.86,616.84,0.8917,-1,-1,-1
234,38,735.10,391.08,107.56,312.71,0.8216,-1,-1,-1
234,40,630.71,403.74,96.96,287.39,0.7805,-1,-1,-1
235,2,855.44,304.28,185.17,588.84,0.8744,-1,-1,-1
235,6,1162.88,320.96,199.44,577.32,0.8778,-1,-1,-1
235,9,231.96,363.70,190.33,534.22,0.8850,-1,-1,-1
235,21,1850.35,413.75,64.36,86.16,0.4452,-1,-1,-1
235,31,1037.24,426.63,78.85,217.26,0.7090,-1,-1,-1
235,33,394.86,272.58,248.27,626.55,0.8765,-1,-1,-1
235,38,722.09,391.41,111.51,314.42,0.8088,-1,-1,-1
235,40,624.42,404.72,94.72,290.10,0.7867,-1,-1,-1
236,2,856.95,307.38,181.22,589.92,0.8761,-1,-1,-1
236,6,1156.67,323.41,204.50,576.47,0.8717,-1,-1,-1
236,9,218.19,362.85,194.45,536.33,0.8436,-1,-1,-1
236,21,1850.12,415.83,65.67,85.70,0.5012,-1,-1,-1
236,31,1032.17,428.78,82.30,213.89,0.6683,-1,-1,-1
236,33,386.21,269.34,241.82,635.67,0.8691,-1,-1,-1
236,38,721.74,392.31,108.82,319.15,0.7959,-1,-1,-1
236,40,612.74,405.94,100.84,302.68,0.8308,-1,-1,-1
237,2,858.55,312.04,177.25,588.95,0.8785,-1,-1,-1
237,6,1153.29,325.07,208.43,570.12,0.8787,-1,-1,-1
237,9,203.61,360.85,198.61,542.86,0.8654,-1,-1,-1
237,21,1849.32,416.44,66.62,87.90,0.5015,-1,-1,-1
237,31,1035.39,427.88,76.57,219.43,0.6898,-1,-1,-1
237,33,375.55,265.78,242.25,642.47,0.8657,-1,-1,-1
237,38,708.83,393.47,118.74,322.20,0.7995,-1,-1,-1
237,40,607.08,406.39,98.69,304.97,0.7909,-1,-1,-1
238,2,857.89,312.90,174.12,592.82,0.8762,-1,-1,-1
238,6,1148.10,329.36,213.44,563.01,0.8780,-1,-1,-1
238,9,190.23,351.25,197.83,557.50,0.8589,-1,-1,-1
238,21,1846.61,416.36,68.72,91.39,0.5426,-1,-1,-1
238,31,1036.81,427.23,74.25,221.97,0.5367,-1,-1,-1
238,33,360.24,260.10,239.84,658.04,0.8688,-1,-1,-1
238,38,713.76,388.26,112.45,327.12,0.8139,-1,-1,-1
238,40,598.84,406.26,102.94,306.32,0.7959,-1,-1,-1
239,2,856.22,318.59,173.45,590.70,0.8673,-1,-1,-1
239,6,1145.94,327.79,212.44,563.98,0.8812,-1,-1,-1
239,9,176.20,349.85,192.66,565.45,0.8869,-1,-1,-1
239,21,1847.18,418.53,66.06,91.36,0.5649,-1,-1,-1
239,31,1031.93,427.08,71.35,225.35,0.5558,-1,-1,-1
239,33,337.16,257.69,256.21,661.79,0.8638,-1,-1,-1
239,38,701.99,387.63,118.86,331.19,0.8320,-1,-1,-1
239,40,593.03,404.98,101.05,312.43,0.7613,-1,-1,-1
240,2,850.46,322.87,169.83,589.44,0.8587,-1,-1,-1
240,6,1135.84,327.28,218.70,568.23,0.8883,-1,-1,-1
240,9,152.15,345.65,205.14,575.23,0.8437,-1,-1,-1
240,21,1841.24,420.96,68.53,92.45,0.5895,-1,-1,-1
240,31,1030.51,433.75,73.85,228.08,0.5878,-1,-1,-1
240,33,307.52,252.67,282.97,670.53,0.8766,-1,-1,-1
240,38,697.48,388.09,119.15,334.59,0.8186,-1,-1,-1
240,40,588.46,407.13,101.02,313.68,0.7663,-1,-1,-1
241,2,844.02,323.36,168.29,589.35,0.8659,-1,-1,-1
241,6,1132.38,326.35,216.93,571.44,0.8763,-1,-1,-1
241,9,136.15,347.59,207.30,572.70,0.8463,-1,-1,-1
241,21,1840.38,423.76,68.74,89.26,0.4499,-1,-1,-1
241,31,1018.90,426.92,80.85,226.57,0.4999,-1,-1,-1
241,33,305.46,250.48,264.12,676.99,0.8830,-1,-1,-1
241,38,691.98,389.89,120.99,334.65,0.8160,-1,-1,-1
241,40,578.39,407.11,102.31,323.03,0.8256,-1,-1,-1
242,2,833.76,324.10,169.75,588.46,0.8503,-1,-1,-1
242,6,1130.04,328.44,215.51,570.28,0.8684,-1,-1,-1
242,9,99.44,340.10,232.13,590.58,0.8461,-1,-1,-1
242,21,1829.24,421.87,76.25,93.38,0.4365,-1,-1,-1
242,31,1012.57,424.40,78.22,232.64,0.5247,-1,-1,-1
242,33,282.30,245.61,280.11,695.92,0.8867,-1,-1,-1
242,38,682.75,389.82,121.95,338.09,0.8129,-1,-1,-1
242,40,569.32,403.87,103.18,328.21,0.8341,-1,-1,-1
243,2,824.81,318.78,174.53,591.97,0.8415,-1,-1,-1
243,6,1124.59,329.46,213.75,571.79,0.8705,-1,-1,-1
243,9,81.78,338.49,231.91,597.55,0.8168,-1,-1,-1
243,21,1825.84,420.70,71.20,94.26,0.5533,-1,-1,-1
243,31,1007.88,426.59,77.98,241.67,0.5492,-1,-1,-1
243,33,247.46,241.23,305.89,720.22,0.8872,-1,-1,-1
243,38,681.30,389.63,115.34,343.21,0.8162,-1,-1,-1
243,40,553.63,402.69,113.28,330.60,0.8131,-1,-1,-1
243,42,1441.83,473.13,160.40,426.28,0.4277,-1,-1,-1
244,2,815.20,317.23,178.87,591.85,0.8402,-1,-1,-1
244,6,1117.78,332.54,215.64,571.10,0.8609,-1,-1,-1
244,9,64.30,336.18,231.67,628.81,0.8240,-1,-1,-1
244,21,1823.51,421.35,70.94,92.45,0.5692,-1,-1,-1
244,31,1005.20,425.81,78.87,234.99,0.6818,-1,-1,-1
244,33,214.92,236.68,327.57,760.86,0.8653,-1,-1,-1
244,38,675.65,392.80,113.42,342.13,0.8384,-1,-1,-1
244,40,543.50,400.26,114.09,338.36,0.7689,-1,-1,-1
245,2,802.11,316.74,185.19,586.01,0.8471,-1,-1,-1
245,6,1114.54,333.04,215.00,571.31,0.8653,-1,-1,-1
245,9,23.57,336.03,256.37,635.59,0.8575,-1,-1,-1
245,21,1821.59,422.01,68.13,92.51,0.5663,-1,-1,-1
245,31,1003.75,412.53,75.73,241.76,0.5802,-1,-1,-1
245,33,202.32,236.78,328.44,747.49,0.8577,-1,-1,-1
245,38,666.02,393.56,118.20,345.60,0.8308,-1,-1,-1
245,40,531.77,398.79,114.81,345.49,0.7876,-1,-1,-1
246,2,792.92,316.56,193.07,577.24,0.8483,-1,-1,-1
246,6,1109.77,333.35,217.75,573.52,0.8730,-1,-1,-1
246,9,13.35,334.34,243.69,643.25,0.8509,-1,-1,-1
246,21,1817.98,422.01,67.82,92.02,0.5319,-1,-1,-1
246,31,998.60,418.12,75.23,232.46,0.6102,-1,-1,-1
246,33,183.21,232.96,339.73,801.86,0.8851,-1,-1,-1
246,38,653.05,392.19,123.19,353.46,0.8207,-1,-1,-1
246,40,520.50,397.39,121.74,350.38,0.8028,-1,-1,-1
247,2,788.95,316.74,195.47,576.24,0.8435,-1,-1,-1
247,6,1105.24,335.59,220.56,573.53,0.8730,-1,-1,-1
247,9,-1.26,336.32,245.39,657.20,0.8650,-1,-1,-1
247,21,1810.38,420.42,70.22,92.62,0.5252,-1,-1,-1
247,31,994.82,430.77,74.99,222.21,0.5132,-1,-1,-1
247,33,146.98,230.36,363.34,814.48,0.8751,-1,-1,-1
247,38,646.52,393.38,126.93,355.66,0.8229,-1,-1,-1
247,40,514.09,398.62,117.30,359.22,0.7666,-1,-1,-1
247,45,952.09,393.29,58.98,337.99,0.3259,-1,-1,-1
248,2,783.44,320.18,203.44,577.19,0.8274,-1,-1,-1
248,6,1100.36,335.78,221.50,583.86,0.8771,-1,-1,-1
248,9,-3.46,335.82,233.02,679.29,0.8501,-1,-1,-1
248,21,1817.79,425.59,57.93,91.98,0.3506,-1,-1,-1
248,31,992.76,426.58,71.58,236.43,0.4325,-1,-1,-1
248,33,110.67,230.16,386.71,810.60,0.8777,-1,-1,-1
248,38,640.37,397.52,125.11,358.23,0.7826,-1,-1,-1
248,40,505.77,400.12,115.38,366.81,0.8088,-1,-1,-1
248,45,946.28,386.34,61.04,357.64,0.4087,-1,-1,-1
249,2,779.48,322.96,194.20,578.91,0.8298,-1,-1,-1
249,6,1101.89,338.68,218.33,586.91,0.8771,-1,-1,-1
249,9,-0.89,354.50,202.67,686.11,0.8293,-1,-1,-1
249,21,1804.39,425.25,71.11,91.28,0.4910,-1,-1,-1
249,31,988.63,439.76,71.75,242.63,0.3225,-1,-1,-1
249,33,95.41,225.65,382.56,837.49,0.8827,-1,-1,-1
249,38,631.75,395.65,131.47,367.83,0.7801,-1,-1,-1
249,40,497.26,403.58,122.63,377.16,0.7965,-1,-1,-1
249,42,1409.47,480.14,170.36,438.07,0.3769,-1,-1,-1
249,45,940.67,367.23,67.06,381.27,0.5874,-1,-1,-1
250,2,775.47,321.68,196.19,584.00,0.8365,-1,-1,-1
250,6,1102.04,339.47,217.78,589.10,0.8788,-1,-1,-1
250,9,-0.91,343.12,184.79,723.53,0.8306,-1,-1,-1
250,21,1811.22,426.71,65.99,90.56,0.3877,-1,-1,-1
250,33,81.32,220.94,382.17,848.90,0.8588,-1,-1,-1
250,38,628.85,396.13,131.54,373.07,0.8157,-1,-1,-1
250,40,493.58,406.87,120.34,380.07,0.7874,-1,-1,-1
250,45,937.74,371.97,71.92,379.92,0.5603,-1,-1,-1
251,2,774.81,326.94,195.04,586.42,0.8483,-1,-1,-1
251,6,1103.49,338.52,216.63,592.41,0.8795,-1,-1,-1
251,9,-2.46,338.87,174.08,731.04,0.8394,-1,-1,-1
251,21,1809.00,428.88,70.94,88.01,0.3561,-1,-1,-1
251,33,73.53,216.80,372.87,856.92,0.8853,-1,-1,-1
251,38,625.65,398.52,133.77,376.04,0.8166,-1,-1,-1
251,40,486.62,412.76,127.11,380.91,0.8384,-1,-1,-1
251,45,939.42,371.13,67.57,383.91,0.4816,-1,-1,-1
252,2,774.47,329.30,190.22,591.83,0.8510,-1,-1,-1
252,6,1104.26,341.51,216.44,591.65,0.8808,-1,-1,-1
252,9,-1.59,338.35,156.76,732.86,0.8276,-1,-1,-1
252,21,1806.75,430.38,78.24,88.07,0.3164,-1,-1,-1
252,33,68.41,210.93,364.21,863.22,0.8886,-1,-1,-1
252,38,610.65,399.85,146.27,379.96,0.8207,-1,-1,-1
252,40,478.46,413.78,133.35,384.32,0.8333,-1,-1,-1
252,45,937.12,361.59,75.96,395.87,0.4317,-1,-1,-1
253,2,773.97,330.19,190.95,597.54,0.8523,-1,-1,-1
253,6,1109.80,340.72,214.12,595.53,0.8716,-1,-1,-1
253,9,-0.26,335.54,138.43,738.94,0.8348,-1,-1,-1
253,21,1813.65,427.26,71.73,88.82,0.3173,-1,-1,-1
253,33,69.87,201.94,349.52,865.49,0.9057,-1,-1,-1
253,38,602.15,397.21,153.24,378.53,0.8345,-1,-1,-1
253,40,473.13,412.76,136.12,389.96,0.8362,-1,-1,-1
253,45,933.04,369.85,79.68,387.12,0.4850,-1,-1,-1
254,2,775.02,334.42,194.31,595.72,0.8486,-1,-1,-1
254,6,1112.64,339.61,211.17,591.93,0.8703,-1,-1,-1
254,9,0.88,336.78,123.68,735.86,0.8302,-1,-1,-1
254,21,1817.72,424.37,71.45,83.01,0.3261,-1,-1,-1
254,33,51.12,197.05,352.62,871.94,0.9119,-1,-1,-1
254,38,603.35,399.02,152.97,380.34,0.8476,-1,-1,-1
254,40,470.71,416.62,134.04,395.73,0.8381,-1,-1,-1
254,45,943.44,389.53,111.41,375.18,0.6337,-1,-1,-1
255,2,777.53,339.36,200.08,593.05,0.8591,-1,-1,-1
255,6,1116.11,337.97,213.84,589.91,0.8779,-1,-1,-1
255,9,3.00,333.41,105.76,740.80,0.7594,-1,-1,-1
255,21,1822.13,423.90,74.43,89.99,0.4647,-1,-1,-1
255,33,32.07,188.04,364.43,884.16,0.9113,-1,-1,-1
255,38,601.16,399.53,156.26,384.14,0.8398,-1,-1,-1
255,40,469.48,416.35,133.90,400.31,0.8348,-1,-1,-1
255,45,945.68,396.53,120.13,370.23,0.6908,-1,-1,-1
256,2,786.30,346.94,192.18,588.21,0.8654,-1,-1,-1
256,6,1121.24,341.56,215.87,583.20,0.8771,-1,-1,-1
256,9,3.32,334.19,93.15,737.77,0.7023,-1,-1,-1
256,21,1822.67,424.72,84.35,92.58,0.5411,-1,-1,-1
256,33,14.55,178.18,375.25,896.76,0.9073,-1,-1,-1
256,38,596.87,402.09,163.12,388.34,0.8378,-1,-1,-1
256,40,466.60,415.63,139.79,407.31,0.8296,-1,-1,-1
256,45,949.11,396.53,127.28,372.50,0.6650,-1,-1,-1
257,2,791.20,352.25,193.95,581.98,0.8737,-1,-1,-1
257,6,1128.38,341.87,213.31,578.74,0.8827,-1,-1,-1
257,9,3.01,415.14,83.05,651.24,0.5353,-1,-1,-1
257,21,1832.26,425.89,76.83,92.87,0.3616,-1,-1,-1
257,33,7.20,180.20,372.72,887.67,0.9080,-1,-1,-1
257,38,595.89,400.86,162.19,397.42,0.8300,-1,-1,-1
257,40,464.85,415.67,140.44,411.85,0.8238,-1,-1,-1
257,45,954.21,420.37,128.90,352.00,0.5349,-1,-1,-1
258,2,797.64,349.92,190.20,584.66,0.8658,-1,-1,-1
258,6,1134.63,340.47,211.09,580.93,0.8778,-1,-1,-1
258,21,1826.64,421.19,87.25,95.91,0.4481,-1,-1,-1
258,33,1.16,174.06,373.41,893.59,0.9189,-1,-1,-1
258,38,593.49,400.78,164.16,405.82,0.8384,-1,-1,-1
258,40,464.14,412.73,137.16,414.35,0.8268,-1,-1,-1
258,45,960.64,439.46,126.88,331.78,0.5040,-1,-1,-1
259,2,800.38,350.38,191.06,587.32,0.8702,-1,-1,-1
259,6,1139.11,340.52,208.81,581.30,0.8935,-1,-1,-1
259,21,1849.20,421.42,69.44,94.21,0.4242,-1,-1,-1
259,33,-0.69,168.49,371.62,899.50,0.9222,-1,-1,-1
259,38,586.67,404.99,170.73,401.63,0.8513,-1,-1,-1
259,40,458.61,409.60,137.12,413.94,0.8326,-1,-1,-1
259,45,963.44,427.36,125.20,343.80,0.5852,-1,-1,-1
260,2,804.82,347.43,192.12,588.72,0.8502,-1,-1,-1
260,6,1145.63,339.92,205.35,588.34,0.8958,-1,-1,-1
260,21,1852.38,423.39,67.08,93.63,0.3698,-1,-1,-1
260,33,-0.58,159.11,366.40,910.65,0.9303,-1,-1,-1
260,38,583.49,409.77,174.37,401.10,0.8413,-1,-1,-1
260,40,452.21,407.29,142.72,421.37,0.8237,-1,-1,-1
260,45,979.80,431.46,113.94,337.39,0.5948,-1,-1,-1
261,2,817.54,343.26,183.10,574.26,0.8507,-1,-1,-1
261,6,1148.28,340.28,204.20,589.56,0.9040,-1,-1,-1
261,21,1853.43,424.21,65.91,94.45,0.3952,-1,-1,-1
261,33,-0.41,150.28,359.02,921.80,0.9334,-1,-1,-1
261,38,585.99,411.02,169.15,405.64,0.8246,-1,-1,-1
261,40,449.44,403.81,143.97,424.91,0.8191,-1,-1,-1
261,45,976.50,430.93,119.61,341.33,0.6726,-1,-1,-1
261,48,784.40,454.50,56.59,205.35,0.5752,-1,-1,-1
262,2,822.37,341.25,180.97,567.99,0.8614,-1,-1,-1
262,6,1151.58,339.45,203.70,591.32,0.9056,-1,-1,-1
262,21,1860.87,423.09,58.47,95.15,0.4687,-1,-1,-1
262,33,-0.22,142.46,348.71,930.47,0.9328,-1,-1,-1
262,38,592.69,411.04,157.07,409.10,0.7841,-1,-1,-1
262,40,445.27,403.60,143.64,433.22,0.8476,-1,-1,-1
262,45,977.18,428.74,123.17,343.97,0.6617,-1,-1,-1
262,48,783.93,455.22,58.50,207.96,0.5739,-1,-1,-1
263,2,826.86,340.98,175.40,564.92,0.8499,-1,-1,-1
263,6,1156.17,336.88,202.52,594.60,0.9056,-1,-1,-1
263,21,1864.08,423.30,55.41,94.08,0.3665,-1,-1,-1
263,33,-0.02,128.99,336.38,943.04,0.9311,-1,-1,-1
263,38,589.49,407.64,153.38,419.54,0.7175,-1,-1,-1
263,40,439.49,400.38,144.02,440.75,0.8474,-1,-1,-1
263,45,984.62,426.28,121.34,346.24,0.6633,-1,-1,-1
263,48,784.33,451.29,60.85,212.23,0.5935,-1,-1,-1
264,2,825.75,339.76,176.63,564.23,0.8390,-1,-1,-1
264,6,1158.27,335.68,203.04,595.97,0.8980,-1,-1,-1
264,21,1865.06,419.94,46.08,93.72,0.3386,-1,-1,-1
264,33,0.28,122.67,322.43,946.96,0.9192,-1,-1,-1
264,38,585.55,403.27,152.44,425.86,0.7754,-1,-1,-1
264,40,425.11,394.50,158.46,456.47,0.8480,-1,-1,-1
264,45,983.90,420.70,131.54,352.83,0.6280,-1,-1,-1
264,48,787.17,448.54,58.77,216.66,0.6358,-1,-1,-1
265,2,829.91,329.06,169.53,569.62,0.8413,-1,-1,-1
265,6,1159.26,333.81,203.63,598.41,0.8975,-1,-1,-1
265,21,1868.86,420.12,50.42,94.91,0.3802,-1,-1,-1
265,33,0.85,114.04,303.69,953.41,0.8963,-1,-1,-1
265,38,583.42,395.91,146.42,423.53,0.7812,-1,-1,-1
265,40,413.38,394.87,164.76,455.50,0.8465,-1,-1,-1
265,45,997.29,413.24,125.30,357.22,0.7847,-1,-1,-1
265,48,786.64,444.98,62.00,228.88,0.6927,-1,-1,-1
266,2,832.44,323.73,168.78,578.12,0.8497,-1,-1,-1
266,6,1160.50,331.40,203.23,601.73,0.8977,-1,-1,-1
266,21,1877.45,419.48,41.98,95.35,0.4606,-1,-1,-1
266,33,2.42,119.46,280.06,940.86,0.8292,-1,-1,-1
266,38,574.25,389.18,151.93,427.83,0.7626,-1,-1,-1
266,40,405.58,397.51,159.49,454.83,0.8254,-1,-1,-1
266,45,997.23,408.19,139.68,359.71,0.7645,-1,-1,-1
266,48,785.77,443.63,65.59,229.77,0.7496,-1,-1,-1
267,2,837.01,323.37,164.96,579.20,0.8438,-1,-1,-1
267,6,1162.66,330.35,203.21,603.43,0.8953,-1,-1,-1
267,21,1882.28,418.55,37.18,94.92,0.4994,-1,-1,-1
267,33,3.24,235.05,251.81,817.60,0.8197,-1,-1,-1
267,38,545.01,379.04,179.02,445.95,0.8280,-1,-1,-1
267,40,404.23,389.84,152.78,465.59,0.8342,-1,-1,-1
267,45,1007.99,405.49,131.55,359.48,0.7733,-1,-1,-1
267,48,786.29,442.64,67.96,234.91,0.7603,-1,-1,-1
267,49,722.03,467.33,41.22,141.55,0.3075,-1,-1,-1
268,2,843.59,324.20,155.98,580.35,0.8449,-1,-1,-1
268,6,1163.01,327.66,203.43,604.71,0.8972,-1,-1,-1
268,21,1883.74,416.18,35.64,95.72,0.4883,-1,-1,-1
268,33,4.61,239.66,209.24,751.61,0.8356,-1,-1,-1
268,38,552.22,373.81,168.22,453.00,0.8388,-1,-1,-1
268,40,401.94,389.75,153.22,469.34,0.8424,-1,-1,-1
268,45,1011.24,403.64,130.10,362.82,0.8019,-1,-1,-1
268,48,785.25,441.22,71.72,236.25,0.7923,-1,-1,-1
268,49,721.26,466.95,40.85,140.55,0.3100,-1,-1,-1
269,2,847.34,325.05,151.04,579.61,0.8460,-1,-1,-1
269,6,1162.43,324.40,204.46,612.49,0.8879,-1,-1,-1
269,21,1885.17,412.69,34.12,98.91,0.4549,-1,-1,-1
269,33,2.38,223.01,182.13,819.63,0.8225,-1,-1,-1
269,38,548.26,362.28,167.06,464.21,0.8325,-1,-1,-1
269,40,393.88,379.28,156.25,482.90,0.8692,-1,-1,-1
269,45,1002.72,400.79,142.69,371.47,0.7269,-1,-1,-1
269,48,784.55,438.32,70.94,235.10,0.7776,-1,-1,-1
270,2,831.05,319.64,168.28,582.92,0.8152,-1,-1,-1
270,6,1161.16,317.45,203.61,615.58,0.8819,-1,-1,-1
270,21,1888.04,410.08,31.29,100.66,0.3746,-1,-1,-1
270,33,-1.92,231.26,162.23,549.14,0.5931,-1,-1,-1
270,38,543.11,350.51,171.78,473.93,0.8408,-1,-1,-1
270,40,384.40,369.55,164.30,489.88,0.8760,-1,-1,-1
270,45,1002.61,396.50,147.19,373.43,0.6434,-1,-1,-1
270,48,782.73,434.11,71.23,232.24,0.7536,-1,-1,-1
271,2,832.27,320.63,164.67,578.90,0.7982,-1,-1,-1
271,6,1160.81,316.02,202.61,610.89,0.8905,-1,-1,-1
271,21,1891.24,404.77,28.08,103.97,0.3264,-1,-1,-1
271,33,2.04,221.00,125.80,575.91,0.4010,-1,-1,-1
271,38,536.16,347.80,175.60,474.53,0.8421,-1,-1,-1
271,40,374.33,364.13,170.92,495.10,0.8747,-1,-1,-1
271,45,1010.43,396.28,138.00,374.03,0.7604,-1,-1,-1
271,48,780.66,430.11,71.62,231.76,0.7620,-1,-1,-1
272,2,839.62,318.30,148.18,576.18,0.8417,-1,-1,-1
272,6,1159.11,309.22,200.40,610.07,0.8949,-1,-1,-1
272,21,1887.18,403.34,32.16,102.08,0.3505,-1,-1,-1
272,33,-0.41,239.13,98.94,568.03,0.3166,-1,-1,-1
272,38,530.20,344.67,174.75,477.18,0.8574,-1,-1,-1
272,40,356.07,350.97,171.26,508.07,0.8719,-1,-1,-1
272,45,1009.77,393.74,137.97,372.44,0.7889,-1,-1,-1
272,48,776.07,425.28,71.86,227.79,0.7922,-1,-1,-1
272,49,710.54,458.65,40.93,134.31,0.3519,-1,-1,-1
273,2,830.38,317.30,154.49,570.96,0.8368,-1,-1,-1
273,6,1154.69,304.78,201.06,609.04,0.8988,-1,-1,-1
273,21,1881.88,396.98,37.36,103.92,0.4525,-1,-1,-1
273,38,524.34,339.95,171.74,478.41,0.8677,-1,-1,-1
273,40,341.32,343.12,169.79,512.76,0.8806,-1,-1,-1
273,45,1007.48,391.58,138.24,374.73,0.7886,-1,-1,-1
273,48,768.08,418.86,74.43,227.82,0.7441,-1,-1,-1
273,49,703.19,449.27,44.46,138.77,0.3986,-1,-1,-1
273,51,961.44,359.78,66.60,397.59,0.3749,-1,-1,-1
274,2,825.60,306.50,155.21,577.68,0.8517,-1,-1,-1
274,6,1149.84,301.43,204.14,604.14,0.8962,-1,-1,-1
274,21,1879.94,390.10,39.30,108.06,0.4728,-1,-1,-1
274,38,518.41,334.77,181.67,489.73,0.8622,-1,-1,-1
274,40,330.97,333.42,166.27,517.72,0.8699,-1,-1,-1
274,45,998.05,387.27,146.47,378.26,0.7956,-1,-1,-1
274,48,765.77,413.18,71.13,241.49,0.7058,-1,-1,-1
274,49,699.87,444.08,42.02,139.19,0.4364,-1,-1,-1
275,2,812.01,300.96,169.05,575.47,0.8568,-1,-1,-1
275,6,1138.78,293.94,212.65,599.34,0.8891,-1,-1,-1
275,21,1872.27,393.49,47.33,103.00,0.4514,-1,-1,-1
275,38,506.81,325.90,187.36,496.92,0.8632,-1,-1,-1
275,40,316.13,321.56,177.46,524.72,0.8607,-1,-1,-1
275,45,987.40,380.38,154.51,382.26,0.8150,-1,-1,-1
275,48,758.42,403.44,71.24,250.70,0.6671,-1,-1,-1
275,52,2.92,660.39,193.20,419.16,0.5318,-1,-1,-1
276,2,804.43,288.19,165.21,582.66,0.8377,-1,-1,-1
276,6,1135.51,288.63,213.87,594.49,0.8892,-1,-1,-1
276,21,1871.13,391.13,48.24,101.15,0.3668,-1,-1,-1
276,38,498.34,317.99,187.80,507.31,0.8690,-1,-1,-1
276,40,299.31,316.69,183.06,531.56,0.8737,-1,-1,-1
276,45,981.98,372.83,154.76,387.83,0.8267,-1,-1,-1
276,48,752.36,398.44,69.08,252.86,0.6719,-1,-1,-1
276,51,941.41,325.26,61.48,414.71,0.4669,-1,-1,-1
277,2,796.95,282.25,165.04,567.18,0.8437,-1,-1,-1
277,6,1130.20,280.50,216.14,595.29,0.8845,-1,-1,-1
277,21,1869.21,385.14,50.34,98.57,0.3425,-1,-1,-1
277,38,488.77,304.64,188.14,508.61,0.8566,-1,-1,-1
277,40,288.68,302.65,176.38,548.71,0.8823,-1,-1,-1
277,45,993.62,366.35,139.39,394.68,0.7623,-1,-1,-1
277,48,743.77,391.85,68.35,248.41,0.6605,-1,-1,-1
277,51,939.85,326.04,66.81,412.79,0.4958,-1,-1,-1
278,2,785.88,277.92,168.79,561.20,0.8565,-1,-1,-1
278,6,1124.80,274.83,215.03,596.59,0.8731,-1,-1,-1
278,21,1864.56,379.76,54.86,97.98,0.3427,-1,-1,-1
278,38,481.08,298.21,182.90,527.03,0.8625,-1,-1,-1
278,40,273.78,301.24,176.43,554.44,0.8595,-1,-1,-1
278,45,977.56,354.43,153.63,399.96,0.7672,-1,-1,-1
278,48,740.61,387.42,63.74,239.17,0.6234,-1,-1,-1
278,49,672.93,420.61,44.11,134.64,0.3242,-1,-1,-1
278,51,936.84,342.96,90.59,385.29,0.4710,-1,-1,-1
279,2,775.53,268.74,176.73,563.62,0.8401,-1,-1,-1
279,6,1121.77,266.28,217.52,597.49,0.8719,-1,-1,-1
279,21,1862.55,374.85,56.79,98.29,0.4477,-1,-1,-1
279,38,473.17,294.57,183.73,531.16,0.8795,-1,-1,-1
279,40,257.53,293.76,188.15,569.27,0.8748,-1,-1,-1
279,45,976.49,345.23,153.58,402.81,0.7965,-1,-1,-1
279,48,733.05,376.47,66.39,242.11,0.6372,-1,-1,-1
279,51,926.30,306.72,72.58,406.13,0.6059,-1,-1,-1
280,2,773.67,259.88,172.93,562.35,0.8441,-1,-1,-1
280,6,1117.74,256.63,220.15,602.16,0.8695,-1,-1,-1
280,21,1862.67,370.36,56.82,96.41,0.4226,-1,-1,-1
280,38,469.59,281.37,183.30,545.37,0.8745,-1,-1,-1
280,40,246.18,278.06,188.21,581.92,0.8668,-1,-1,-1
280,45,981.47,334.33,148.22,407.64,0.7760,-1,-1,-1
280,48,730.17,370.69,65.84,246.73,0.6924,-1,-1,-1
280,51,925.84,299.06,75.54,409.15,0.4326,-1,-1,-1
281,2,776.48,250.63,173.15,555.76,0.8472,-1,-1,-1
281,6,1120.47,250.39,217.94,600.81,0.8827,-1,-1,-1
281,21,1866.26,363.18,53.15,96.04,0.4039,-1,-1,-1
281,38,463.99,271.32,187.91,554.38,0.8881,-1,-1,-1
281,40,234.07,270.71,200.03,590.52,0.8720,-1,-1,-1
281,45,983.11,319.56,148.00,419.85,0.7967,-1,-1,-1
281,48,729.02,366.01,61.57,235.97,0.6351,-1,-1,-1
281,51,922.96,279.18,82.68,420.28,0.6058,-1,-1,-1
282,2,762.38,236.85,187.32,570.85,0.8555,-1,-1,-1
282,6,1117.04,239.73,219.89,606.42,0.8778,-1,-1,-1
282,21,1870.39,353.89,48.82,99.26,0.3750,-1,-1,-1
282,38,458.96,245.16,193.23,573.00,0.8818,-1,-1,-1
282,40,225.49,250.52,205.81,600.30,0.8828,-1,-1,-1
282,45,986.15,306.72,144.39,422.61,0.7747,-1,-1,-1
282,48,727.67,355.15,62.44,246.43,0.6161,-1,-1,-1
282,49,661.93,385.16,40.89,149.95,0.3100,-1,-1,-1
282,51,919.60,270.05,78.02,413.96,0.4659,-1,-1,-1
283,2,762.12,230.52,188.32,569.39,0.8244,-1,-1,-1
283,6,1118.95,228.41,221.77,608.42,0.8830,-1,-1,-1
283,21,1870.52,344.50,48.74,101.97,0.4121,-1,-1,-1
283,38,452.55,228.70,199.15,576.69,0.8749,-1,-1,-1
283,40,211.91,237.92,214.70,610.76,0.8724,-1,-1,-1
283,45,984.50,298.25,147.98,429.53,0.7853,-1,-1,-1
283,48,726.12,345.71,62.42,252.14,0.6341,-1,-1,-1
283,49,662.99,377.27,38.12,142.88,0.3455,-1,-1,-1
283,51,919.90,261.92,73.96,414.68,0.5170,-1,-1,-1
284,2,764.29,222.95,188.70,569.14,0.8240,-1,-1,-1
284,6,1120.96,220.43,222.91,616.10,0.8841,-1,-1,-1
284,38,442.38,220.64,210.52,573.32,0.8762,-1,-1,-1
284,40,204.42,225.72,216.87,630.06,0.8725,-1,-1,-1
284,45,976.82,288.67,161.89,435.77,0.7918,-1,-1,-1
284,48,724.65,341.47,64.56,245.17,0.6230,-1,-1,-1
284,51,918.95,254.27,73.53,418.71,0.5829,-1,-1,-1
285,2,767.99,215.27,184.69,573.86,0.8501,-1,-1,-1
285,6,1122.33,212.73,225.32,619.96,0.8894,-1,-1,-1
285,21,1878.26,318.22,40.92,111.78,0.3142,-1,-1,-1
285,38,435.52,207.40,218.67,590.89,0.8818,-1,-1,-1
285,40,194.13,212.87,222.98,635.60,0.8812,-1,-1,-1
285,45,980.77,282.37,162.01,439.62,0.7205,-1,-1,-1
285,48,725.76,332.99,65.47,251.07,0.6385,-1,-1,-1
285,49,664.73,364.25,37.97,139.65,0.4341,-1,-1,-1
285,51,922.14,247.27,71.62,420.78,0.3607,-1,-1,-1
286,2,772.65,210.48,182.02,573.74,0.8569,-1,-1,-1
286,6,1124.98,206.33,225.23,623.87,0.8912,-1,-1,-1
286,38,434.87,191.20,219.44,596.78,0.8973,-1,-1,-1
286,40,180.91,200.22,226.20,645.62,0.8713,-1,-1,-1
286,45,976.51,272.05,174.42,453.62,0.7820,-1,-1,-1
286,48,724.58,323.49,69.39,254.03,0.6696,-1,-1,-1
286,49,666.44,361.00,37.52,144.24,0.4439,-1,-1,-1
286,51,920.94,236.74,74.92,425.32,0.4865,-1,-1,-1
287,2,779.55,203.62,175.35,574.01,0.8645,-1,-1,-1
287,6,1125.12,201.82,233.40,619.31,0.8860,-1,-1,-1
287,38,432.60,178.17,221.83,607.20,0.9020,-1,-1,-1
287,40,172.95,186.59,227.90,653.89,0.8781,-1,-1,-1
287,45,973.86,261.43,185.54,458.70,0.7523,-1,-1,-1
287,48,726.13,312.99,72.90,260.62,0.7309,-1,-1,-1
287,49,671.18,349.40,34.49,148.55,0.3269,-1,-1,-1
287,51,922.34,231.81,80.09,422.25,0.5898,-1,-1,-1
288,2,778.63,200.37,180.76,569.55,0.8553,-1,-1,-1
288,6,1141.01,191.94,226.40,624.62,0.8755,-1,-1,-1
288,38,430.91,166.46,222.99,619.66,0.8978,-1,-1,-1
288,40,168.09,177.60,226.57,660.32,0.8819,-1,-1,-1
288,45,987.11,258.02,180.83,462.55,0.6572,-1,-1,-1
288,48,730.98,304.37,70.25,260.95,0.7741,-1,-1,-1
288,49,672.62,340.26,40.34,151.81,0.4636,-1,-1,-1
288,51,919.80,226.70,83.73,414.32,0.4561,-1,-1,-1
289,2,782.26,189.93,187.00,568.93,0.8407,-1,-1,-1
289,6,1147.68,184.60,229.78,627.48,0.8710,-1,-1,-1
289,38,419.60,161.70,236.91,635.72,0.9001,-1,-1,-1
289,40,153.71,161.70,233.80,674.85,0.8979,-1,-1,-1
289,45,1006.77,255.10,165.08,467.13,0.6337,-1,-1,-1
289,48,731.90,298.22,73.89,268.76,0.7495,-1,-1,-1
289,49,678.76,333.87,39.58,152.60,0.3439,-1,-1,-1
289,51,928.44,224.22,74.54,402.75,0.5353,-1,-1,-1
290,2,789.32,189.15,191.15,570.18,0.8397,-1,-1,-1
290,6,1160.57,183.21,222.30,623.32,0.8728,-1,-1,-1
290,38,414.87,154.45,243.02,654.45,0.9081,-1,-1,-1
290,40,148.78,148.81,231.57,687.26,0.9037,-1,-1,-1
290,45,1025.49,246.16,155.03,480.96,0.7889,-1,-1,-1
290,48,734.85,295.77,74.17,266.30,0.7407,-1,-1,-1
290,49,685.00,332.70,40.89,153.46,0.4232,-1,-1,-1
290,51,939.66,225.81,98.05,407.57,0.4267,-1,-1,-1
291,2,798.47,184.89,182.57,565.43,0.8224,-1,-1,-1
291,6,1174.99,179.49,214.40,621.25,0.8647,-1,-1,-1
291,38,408.64,151.77,251.44,659.32,0.9073,-1,-1,-1
291,40,136.53,140.74,239.44,696.23,0.9060,-1,-1,-1
291,45,1029.59,239.02,160.67,490.80,0.7919,-1,-1,-1
291,48,738.61,288.40,76.77,268.44,0.7280,-1,-1,-1
291,51,944.35,216.15,90.48,411.33,0.3618,-1,-1,-1
292,2,797.85,181.18,188.88,559.36,0.8276,-1,-1,-1
292,6,1183.12,172.50,216.34,616.37,0.8790,-1,-1,-1
292,38,404.68,150.89,257.40,671.99,0.9081,-1,-1,-1
292,40,129.78,135.34,234.07,711.42,0.9045,-1,-1,-1
292,45,1032.94,232.81,167.18,490.78,0.8052,-1,-1,-1
292,48,740.12,282.84,81.25,272.41,0.7390,-1,-1,-1
292,51,948.41,207.77,83.94,415.19,0.3781,-1,-1,-1
293,2,810.26,175.39,182.20,552.74,0.8413,-1,-1,-1
293,6,1192.10,170.62,213.45,608.40,0.8884,-1,-1,-1
293,38,399.59,146.65,259.23,689.76,0.9056,-1,-1,-1
293,40,109.77,134.58,247.81,735.97,0.8795,-1,-1,-1
293,45,1036.81,230.25,179.60,495.78,0.8317,-1,-1,-1
293,48,744.80,278.45,84.00,274.04,0.7460,-1,-1,-1
293,51,961.44,201.15,92.35,415.17,0.6720,-1,-1,-1
294,2,820.16,172.76,177.27,553.07,0.8255,-1,-1,-1
294,6,1209.39,170.47,207.21,610.91,0.8750,-1,-1,-1
294,38,397.61,145.31,259.87,701.98,0.9051,-1,-1,-1
294,40,77.74,134.32,275.03,757.21,0.8919,-1,-1,-1
294,45,1045.71,226.58,180.21,499.49,0.8478,-1,-1,-1
294,48,750.65,279.13,88.02,273.56,0.7557,-1,-1,-1
294,51,965.01,200.46,97.94,430.65,0.7168,-1,-1,-1
295,2,828.39,182.51,179.13,549.97,0.8324,-1,-1,-1
295,6,1225.01,171.64,199.17,614.56,0.8756,-1,-1,-1
295,38,393.50,142.11,264.72,732.65,0.9052,-1,-1,-1
295,40,53.82,131.27,292.45,770.03,0.8917,-1,-1,-1
295,45,1052.90,220.53,184.16,512.72,0.8543,-1,-1,-1
295,48,757.34,279.01,89.26,276.97,0.7890,-1,-1,-1
295,51,971.79,201.71,87.35,431.74,0.6423,-1,-1,-1
296,2,838.81,176.28,172.08,555.81,0.8426,-1,-1,-1
296,6,1236.26,173.11,195.72,617.67,0.8677,-1,-1,-1
296,38,387.85,136.48,273.23,748.81,0.9053,-1,-1,-1
296,40,33.04,131.84,304.33,780.76,0.8953,-1,-1,-1
296,45,1061.58,209.70,183.44,536.16,0.8657,-1,-1,-1
296,48,759.99,277.21,92.86,279.12,0.7959,-1,-1,-1
296,51,973.41,200.45,96.99,429.32,0.6073,-1,-1,-1
297,2,851.63,177.99,160.86,556.69,0.8252,-1,-1,-1
297,6,1250.73,172.22,192.05,627.11,0.8732,-1,-1,-1
297,38,379.65,129.86,278.01,760.04,0.9120,-1,-1,-1
297,40,28.06,127.46,302.78,802.27,0.8992,-1,-1,-1
297,45,1070.65,207.26,194.06,539.97,0.8557,-1,-1,-1
297,48,768.58,276.45,88.81,278.29,0.7943,-1,-1,-1
297,51,979.02,207.64,115.13,412.40,0.6992,-1,-1,-1
298,2,856.98,180.16,163.84,556.50,0.8207,-1,-1,-1
298,6,1261.65,171.80,188.35,631.55,0.8680,-1,-1,-1
298,38,374.17,117.74,281.27,778.12,0.9057,-1,-1,-1
298,40,27.21,124.29,297.28,817.75,0.9006,-1,-1,-1
298,45,1077.36,204.35,196.07,547.00,0.8600,-1,-1,-1
298,48,773.33,278.75,89.12,273.50,0.8059,-1,-1,-1
298,51,986.08,215.03,102.78,417.93,0.6982,-1,-1,-1
299,2,866.52,181.41,155.96,555.69,0.8376,-1,-1,-1
299,6,1263.25,168.72,191.06,636.94,0.8651,-1,-1,-1
299,38,366.10,105.12,284.64,796.39,0.9076,-1,-1,-1
299,40,19.93,112.29,301.23,848.13,0.8969,-1,-1,-1
299,45,1077.26,204.44,208.32,552.56,0.8725,-1,-1,-1
299,48,778.40,277.74,91.17,279.29,0.7900,-1,-1,-1
299,51,991.84,202.99,97.93,428.61,0.6974,-1,-1,-1
300,2,867.56,184.45,156.46,559.35,0.8302,-1,-1,-1
300,6,1256.39,168.62,205.05,640.92,0.8556,-1,-1,-1
300,38,351.51,95.02,298.68,811.91,0.9086,-1,-1,-1
300,40,8.64,105.50,309.29,876.70,0.8934,-1,-1,-1
300,45,1084.85,201.73,214.41,570.73,0.8650,-1,-1,-1
300,48,781.48,277.03,94.65,279.44,0.7576,-1,-1,-1
300,51,998.43,201.60,96.12,426.42,0.7377,-1,-1,-1
301,2,871.80,182.25,154.56,559.27,0.8476,-1,-1,-1
301,6,1251.80,166.24,216.66,649.36,0.8449,-1,-1,-1
301,38,339.37,80.46,307.07,832.44,0.9149,-1,-1,-1
301,40,0.12,95.79,308.00,893.15,0.9062,-1,-1,-1
301,45,1089.38,200.95,217.07,585.55,0.8556,-1,-1,-1
301,48,783.29,277.19,95.56,278.64,0.7728,-1,-1,-1
301,51,1004.76,201.87,104.95,424.57,0.7580,-1,-1,-1
302,2,875.43,184.29,152.75,558.86,0.8388,-1,-1,-1
302,6,1261.35,169.97,209.52,649.23,0.8353,-1,-1,-1
302,38,323.20,73.16,319.17,842.35,0.8990,-1,-1,-1
302,40,-0.51,81.02,291.33,917.67,0.8998,-1,-1,-1
302,45,1096.66,199.05,213.78,581.91,0.8601,-1,-1,-1
302,48,781.72,277.17,98.85,280.76,0.7842,-1,-1,-1
302,51,1008.11,201.22,99.91,426.29,0.7562,-1,-1,-1
303,2,879.19,184.19,148.27,558.00,0.8491,-1,-1,-1
303,6,1265.40,171.74,205.04,649.84,0.8203,-1,-1,-1
303,38,310.87,56.67,327.31,863.04,0.9052,-1,-1,-1
303,40,-0.65,60.41,275.33,945.11,0.9199,-1,-1,-1
303,45,1105.13,199.78,204.81,582.45,0.8450,-1,-1,-1
303,48,781.64,277.35,100.14,280.88,0.7874,-1,-1,-1
303,51,1010.09,202.60,94.37,426.23,0.7693,-1,-1,-1
304,2,873.97,183.45,150.77,561.67,0.8530,-1,-1,-1
304,6,1273.45,170.84,197.11,652.91,0.8169,-1,-1,-1
304,38,298.00,55.50,336.35,872.77,0.9151,-1,-1,-1
304,40,0.74,45.57,243.13,963.17,0.9052,-1,-1,-1
304,45,1105.31,197.03,204.41,613.62,0.8093,-1,-1,-1
304,48,784.78,278.27,95.56,280.33,0.7860,-1,-1,-1
304,51,1010.49,207.37,96.34,421.99,0.7773,-1,-1,-1
305,2,866.18,186.82,156.41,565.21,0.8585,-1,-1,-1
305,6,1280.89,170.05,188.95,655.40,0.8157,-1,-1,-1
305,38,291.06,46.43,338.97,920.48,0.9232,-1,-1,-1
305,40,0.89,32.71,213.36,982.44,0.8994,-1,-1,-1
305,45,1104.85,197.90,207.41,620.92,0.8279,-1,-1,-1
305,48,783.91,279.23,95.24,281.14,0.7692,-1,-1,-1
305,51,1010.05,211.18,96.06,419.20,0.7821,-1,-1,-1
306,2,859.08,185.20,161.47,563.41,0.8555,-1,-1,-1
306,6,1282.85,169.75,186.07,651.37,0.8278,-1,-1,-1
306,38,271.97,44.82,351.75,953.20,0.9222,-1,-1,-1
306,40,-1.34,32.13,195.76,1000.44,0.9008,-1,-1,-1
306,45,1103.92,196.63,209.61,645.77,0.8549,-1,-1,-1
306,48,783.70,278.73,95.78,286.56,0.7622,-1,-1,-1
306,51,1008.69,209.18,97.03,423.25,0.7793,-1,-1,-1
307,2,857.71,184.13,159.31,551.51,0.8395,-1,-1,-1
307,6,1295.03,168.84,174.31,656.83,0.8341,-1,-1,-1
307,38,250.22,39.48,368.82,980.43,0.9120,-1,-1,-1
307,40,-2.06,33.38,174.22,1031.18,0.8719,-1,-1,-1
307,45,1103.70,195.11,215.47,654.66,0.8695,-1,-1,-1
307,48,782.08,275.85,93.18,291.82,0.7258,-1,-1,-1
307,51,1003.64,213.20,101.90,419.59,0.7994,-1,-1,-1
308,2,855.30,180.82,160.54,551.03,0.8266,-1,-1,-1
308,6,1292.92,165.84,172.94,657.80,0.8200,-1,-1,-1
308,38,238.90,34.08,366.81,1007.73,0.9127,-1,-1,-1
308,40,-1.77,129.43,147.65,925.47,0.7841,-1,-1,-1
308,45,1102.24,189.68,222.56,670.63,0.8625,-1,-1,-1
308,48,779.64,275.56,92.18,288.99,0.7536,-1,-1,-1
308,51,1000.96,212.04,102.36,424.74,0.7789,-1,-1,-1
309,2,849.21,182.61,165.50,551.85,0.8232,-1,-1,-1
309,6,1292.95,169.00,166.91,652.31,0.8161,-1,-1,-1
309,38,218.00,36.54,375.76,1021.91,0.9073,-1,-1,-1
309,40,-2.61,176.39,126.70,869.95,0.8346,-1,-1,-1
309,45,1096.23,188.75,227.97,678.86,0.8720,-1,-1,-1
309,48,776.71,279.94,86.40,279.39,0.7654,-1,-1,-1
309,51,999.08,212.17,103.67,426.38,0.7737,-1,-1,-1
310,2,846.15,182.46,169.76,546.12,0.8141,-1,-1,-1
310,6,1295.88,166.89,164.15,661.60,0.8175,-1,-1,-1
310,38,197.55,29.32,386.95,1026.72,0.9192,-1,-1,-1
310,40,-6.05,194.92,111.93,525.58,0.7406,-1,-1,-1
310,45,1095.70,177.66,233.54,698.17,0.8821,-1,-1,-1
310,48,776.97,277.65,83.75,287.31,0.7567,-1,-1,-1
310,51,998.41,212.07,106.09,425.86,0.7730,-1,-1,-1
311,2,829.58,184.75,186.87,548.31,0.8267,-1,-1,-1
311,6,1300.54,166.17,160.95,654.58,0.8227,-1,-1,-1
311,38,182.12,15.59,391.13,1060.61,0.9179,-1,-1,-1
311,40,-2.45,200.94,92.37,499.42,0.7666,-1,-1,-1
311,45,1095.16,174.31,240.36,704.17,0.8850,-1,-1,-1
311,48,776.90,273.15,81.88,291.32,0.7438,-1,-1,-1
311,51,999.13,209.09,101.03,428.86,0.7596,-1,-1,-1
312,2,825.16,184.03,191.31,552.87,0.8291,-1,-1,-1
312,6,1308.98,165.00,156.09,647.24,0.8074,-1,-1,-1
312,38,163.98,6.64,400.07,1069.49,0.9187,-1,-1,-1
312,45,1103.13,160.63,240.18,721.51,0.8852,-1,-1,-1
312,48,774.57,271.97,81.29,293.63,0.7625,-1,-1,-1
312,51,999.78,205.80,101.84,434.03,0.7450,-1,-1,-1
313,2,818.54,183.92,197.23,555.63,0.8409,-1,-1,-1
313,6,1306.80,163.65,156.60,648.99,0.8349,-1,-1,-1
313,38,139.81,4.95,416.87,1064.97,0.9193,-1,-1,-1
313,45,1104.85,145.16,245.25,744.42,0.9039,-1,-1,-1
313,48,770.76,270.45,82.27,297.21,0.7451,-1,-1,-1
313,51,1000.13,208.82,102.76,431.62,0.7383,-1,-1,-1
314,2,816.17,184.52,195.86,553.93,0.8280,-1,-1,-1
314,6,1305.82,160.07,159.23,654.88,0.8442,-1,-1,-1
314,38,118.58,3.59,431.97,1068.50,0.9262,-1,-1,-1
314,45,1102.51,139.42,251.33,758.69,0.9015,-1,-1,-1
314,48,766.44,271.51,85.64,293.42,0.7467,-1,-1,-1
314,51,997.54,211.35,98.23,433.56,0.7383,-1,-1,-1
315,2,821.07,182.63,187.98,551.74,0.8238,-1,-1,-1
315,6,1313.20,156.93,152.67,643.65,0.8538,-1,-1,-1
315,38,85.80,2.02,455.55,1070.04,0.9280,-1,-1,-1
315,45,1106.89,132.14,249.80,787.52,0.8932,-1,-1,-1
315,48,765.05,269.55,84.70,296.62,0.7851,-1,-1,-1
315,51,994.81,217.62,105.25,421.25,0.7509,-1,-1,-1
316,2,818.76,183.36,189.96,553.03,0.8325,-1,-1,-1
316,6,1311.54,153.87,155.14,649.12,0.8471,-1,-1,-1
316,38,50.97,0.84,477.63,1070.76,0.9244,-1,-1,-1
316,45,1111.54,126.23,252.51,813.37,0.8757,-1,-1,-1
316,48,761.50,265.62,85.58,298.54,0.8011,-1,-1,-1
316,51,996.87,214.79,97.27,430.88,0.7437,-1,-1,-1
317,2,817.06,181.14,191.12,554.31,0.8486,-1,-1,-1
317,6,1319.01,149.17,145.85,659.09,0.8293,-1,-1,-1
317,38,20.49,2.86,497.17,1073.33,0.9126,-1,-1,-1
317,45,1112.30,115.26,261.38,837.61,0.8755,-1,-1,-1
317,48,761.58,263.49,84.97,299.57,0.8028,-1,-1,-1
317,51,993.23,215.96,98.97,428.43,0.7488,-1,-1,-1
318,2,818.81,181.44,187.80,549.48,0.8554,-1,-1,-1
318,6,1321.26,147.97,141.89,661.83,0.8409,-1,-1,-1
318,38,2.17,2.74,497.16,1069.10,0.9352,-1,-1,-1
318,45,1115.35,110.34,269.03,849.41,0.8674,-1,-1,-1
318,48,756.52,261.67,88.50,297.87,0.8061,-1,-1,-1
318,51,989.63,212.78,103.74,426.47,0.7451,-1,-1,-1
319,2,815.41,175.61,190.10,554.86,0.8725,-1,-1,-1
319,6,1325.21,144.12,137.67,661.54,0.7978,-1,-1,-1
319,38,-0.51,5.00,485.02,1065.62,0.9363,-1,-1,-1
319,45,1118.58,97.65,276.59,882.06,0.8562,-1,-1,-1
319,48,743.00,260.46,100.54,301.38,0.7688,-1,-1,-1
319,51,986.51,209.47,105.46,428.43,0.7697,-1,-1,-1
320,2,811.49,170.48,193.17,552.04,0.8588,-1,-1,-1
320,6,1335.98,138.58,128.44,665.86,0.7606,-1,-1,-1
320,38,-0.27,4.88,464.44,1064.97,0.9442,-1,-1,-1
320,45,1121.38,95.61,281.66,900.92,0.8739,-1,-1,-1
320,48,742.21,257.62,99.42,305.67,0.7758,-1,-1,-1
320,51,983.58,204.71,107.93,428.68,0.7799,-1,-1,-1
321,2,806.91,165.22,195.79,558.37,0.8604,-1,-1,-1
321,6,1341.09,133.76,126.75,664.91,0.6846,-1,-1,-1
321,38,-0.19,2.73,439.94,1067.60,0.9350,-1,-1,-1
321,45,1131.74,88.70,284.66,936.58,0.8600,-1,-1,-1
321,48,739.36,255.32,99.47,307.15,0.7509,-1,-1,-1
321,51,980.60,202.04,110.66,427.77,0.7955,-1,-1,-1
322,2,821.60,165.30,181.68,554.07,0.8670,-1,-1,-1
322,38,0.48,5.94,415.77,1063.91,0.9326,-1,-1,-1
322,45,1139.45,80.34,322.17,964.44,0.8696,-1,-1,-1
322,48,735.88,252.04,100.32,309.72,0.7628,-1,-1,-1
322,51,978.22,197.66,111.01,427.12,0.8073,-1,-1,-1
323,2,821.44,162.45,179.62,547.53,0.8679,-1,-1,-1
323,38,1.09,5.27,387.26,1060.94,0.9174,-1,-1,-1
323,45,1141.54,69.91,334.07,983.16,0.8946,-1,-1,-1
323,48,730.62,250.11,104.05,313.89,0.7615,-1,-1,-1
323,51,975.00,196.22,113.57,422.20,0.7988,-1,-1,-1
324,2,820.71,168.07,176.41,534.67,0.8712,-1,-1,-1
324,38,0.97,5.64,354.13,1062.41,0.9323,-1,-1,-1
324,45,1153.95,60.38,325.05,1007.41,0.9057,-1,-1,-1
324,48,727.58,251.23,102.39,316.98,0.7622,-1,-1,-1
324,51,973.99,195.38,113.64,421.88,0.7911,-1,-1,-1
325,2,828.87,165.76,168.15,539.34,0.8730,-1,-1,-1
325,38,1.42,7.04,318.38,1059.90,0.9180,-1,-1,-1
325,45,1161.23,49.27,322.12,1024.36,0.9014,-1,-1,-1
325,48,720.19,252.48,106.62,317.87,0.7676,-1,-1,-1
325,51,973.94,194.90,113.50,424.99,0.7900,-1,-1,-1
326,2,829.57,164.67,167.72,541.89,0.8595,-1,-1,-1
326,38,-4.33,7.58,318.19,1061.22,0.8382,-1,-1,-1
326,45,1166.10,30.68,329.07,1040.24,0.9037,-1,-1,-1
326,48,711.71,250.47,114.05,321.10,0.8044,-1,-1,-1
326,51,974.08,193.55,113.43,429.06,0.7918,-1,-1,-1
327,2,830.46,167.21,166.72,543.60,0.8587,-1,-1,-1
327,38,12.98,8.37,236.54,1061.58,0.7919,-1,-1,-1
327,45,1175.76,21.90,338.52,1050.32,0.8797,-1,-1,-1
327,48,710.85,252.47,112.93,321.10,0.8104,-1,-1,-1
327,51,974.62,195.43,111.91,429.70,0.8010,-1,-1,-1
328,2,831.41,167.75,165.61,544.33,0.8508,-1,-1,-1
328,38,22.20,9.10,180.61,1057.56,0.5431,-1,-1,-1
328,45,1180.41,10.20,360.59,1063.73,0.8863,-1,-1,-1
328,48,713.36,251.38,108.27,318.93,0.8147,-1,-1,-1
328,51,975.37,195.65,110.96,430.14,0.7967,-1,-1,-1
329,2,840.16,164.73,161.37,553.61,0.8471,-1,-1,-1
329,38,20.08,83.98,139.58,624.95,0.6090,-1,-1,-1
329,45,1193.04,3.96,367.90,1066.03,0.8879,-1,-1,-1
329,48,708.96,249.60,113.64,323.95,0.8112,-1,-1,-1
329,51,976.08,197.31,111.32,431.21,0.7772,-1,-1,-1
329,56,558.25,299.71,47.25,160.13,0.4017,-1,-1,-1
330,2,843.69,162.91,159.12,562.20,0.8480,-1,-1,-1
330,45,1212.06,2.43,367.37,1071.32,0.9027,-1,-1,-1
330,48,709.28,250.38,113.58,328.52,0.8105,-1,-1,-1
330,51,981.40,200.18,113.79,429.27,0.7866,-1,-1,-1
330,56,557.54,300.30,50.26,161.42,0.3656,-1,-1,-1
331,2,846.36,172.99,158.30,558.49,0.8285,-1,-1,-1
331,45,1227.93,0.97,387.10,1065.30,0.9053,-1,-1,-1
331,48,710.96,251.50,111.62,331.53,0.7928,-1,-1,-1
331,51,985.54,202.91,113.46,431.20,0.7898,-1,-1,-1
332,2,852.32,180.22,155.32,559.67,0.8325,-1,-1,-1
332,45,1241.78,1.24,396.37,1065.28,0.9074,-1,-1,-1
332,48,709.63,253.96,113.98,329.64,0.8179,-1,-1,-1
332,51,987.36,205.09,113.52,434.25,0.7766,-1,-1,-1
333,2,851.16,184.19,155.76,560.82,0.8342,-1,-1,-1
333,45,1263.18,1.39,404.53,1072.57,0.8985,-1,-1,-1
333,48,706.96,255.98,116.53,330.65,0.8161,-1,-1,-1
333,51,987.82,209.73,113.40,431.43,0.7653,-1,-1,-1
333,58,825.78,236.16,65.12,294.06,0.4481,-1,-1,-1
334,2,848.71,190.35,158.75,561.03,0.8281,-1,-1,-1
334,45,1268.35,4.59,431.59,1063.17,0.8801,-1,-1,-1
334,48,703.89,256.19,119.29,336.76,0.8238,-1,-1,-1
334,51,988.54,216.64,116.53,430.59,0.7868,-1,-1,-1
334,56,554.48,315.59,54.64,160.75,0.3374,-1,-1,-1
334,58,823.36,236.07,68.02,266.16,0.4498,-1,-1,-1
335,2,848.99,194.75,155.73,556.41,0.8273,-1,-1,-1
335,45,1269.98,2.65,468.84,1064.28,0.8815,-1,-1,-1
335,48,702.17,257.55,119.82,339.27,0.8351,-1,-1,-1
335,51,991.57,220.92,115.29,430.90,0.7875,-1,-1,-1
335,58,823.42,239.88,67.34,328.27,0.4028,-1,-1,-1
336,2,845.28,195.48,156.66,560.41,0.8165,-1,-1,-1
336,45,1314.48,3.14,471.79,1067.53,0.8630,-1,-1,-1
336,48,699.71,260.48,119.77,338.76,0.8275,-1,-1,-1
336,51,988.03,222.37,119.83,434.42,0.7736,-1,-1,-1
336,58,818.86,238.44,69.84,327.05,0.4094,-1,-1,-1
337,2,842.07,197.51,159.19,557.81,0.8060,-1,-1,-1
337,45,1329.15,3.02,518.58,1072.89,0.8613,-1,-1,-1
337,48,693.16,259.41,121.32,347.98,0.8259,-1,-1,-1
337,51,983.15,224.31,118.27,434.26,0.7442,-1,-1,-1
337,58,815.30,236.36,71.15,341.86,0.3190,-1,-1,-1
337,59,1243.58,166.64,191.77,639.57,0.8167,-1,-1,-1
338,2,832.19,198.41,166.87,557.66,0.8049,-1,-1,-1
338,45,1294.61,3.40,605.25,1070.01,0.8668,-1,-1,-1
338,48,688.49,265.79,122.58,345.09,0.8237,-1,-1,-1
338,51,979.97,227.82,125.17,438.24,0.7655,-1,-1,-1
338,58,811.31,241.03,70.68,368.14,0.4710,-1,-1,-1
338,59,1234.25,165.89,203.49,665.12,0.7975,-1,-1,-1
339,2,826.50,190.38,171.30,553.97,0.8118,-1,-1,-1
339,45,1300.13,4.35,605.97,1063.93,0.8687,-1,-1,-1
339,48,685.06,267.76,122.96,351.63,0.8341,-1,-1,-1
339,51,978.49,230.32,123.84,437.74,0.7800,-1,-1,-1
339,58,810.08,247.13,68.24,371.30,0.5081,-1,-1,-1
339,59,1234.41,163.51,200.89,694.34,0.7663,-1,-1,-1
340,2,822.20,188.99,175.39,548.99,0.8297,-1,-1,-1
340,45,1306.04,4.24,613.59,1064.36,0.9069,-1,-1,-1
340,48,682.94,268.34,121.10,352.41,0.8166,-1,-1,-1
340,51,978.56,229.20,124.15,438.12,0.7770,-1,-1,-1
340,58,806.39,247.59,70.97,369.67,0.5410,-1,-1,-1
340,59,1237.34,168.81,180.90,685.60,0.7245,-1,-1,-1
341,2,823.03,189.45,175.24,546.64,0.8322,-1,-1,-1
341,45,1314.73,0.90,605.05,1067.00,0.7950,-1,-1,-1
341,48,679.75,267.13,121.74,357.17,0.8114,-1,-1,-1
341,51,982.59,226.14,124.06,440.11,0.7799,-1,-1,-1
341,58,802.58,245.47,73.59,373.58,0.5492,-1,-1,-1
341,59,1234.92,159.63,214.59,703.29,0.8385,-1,-1,-1
342,2,815.71,188.13,183.62,548.71,0.8410,-1,-1,-1
342,45,1326.57,-0.87,591.46,1070.02,0.7246,-1,-1,-1
342,48,673.27,261.31,126.94,364.81,0.8049,-1,-1,-1
342,51,984.05,225.06,121.48,439.43,0.7761,-1,-1,-1
342,58,801.51,241.71,72.44,374.35,0.4383,-1,-1,-1
342,59,1234.31,161.62,211.98,693.82,0.8681,-1,-1,-1
343,2,811.27,190.49,186.84,547.56,0.8416,-1,-1,-1
343,6,1231.34,160.40,213.88,692.61,0.8766,-1,-1,-1
343,45,1338.28,-0.03,580.49,1063.66,0.8409,-1,-1,-1
343,48,668.83,256.84,126.27,367.73,0.8083,-1,-1,-1
343,51,979.14,224.61,127.66,438.64,0.7748,-1,-1,-1
343,56,524.97,323.12,62.09,171.99,0.3132,-1,-1,-1
343,58,784.68,238.16,83.72,377.83,0.4873,-1,-1,-1
344,2,810.90,186.76,186.47,554.26,0.8396,-1,-1,-1
344,6,1227.14,158.72,213.17,699.54,0.8709,-1,-1,-1
344,45,1371.16,-1.19,545.79,1065.84,0.6124,-1,-1,-1
344,48,663.99,257.40,125.46,365.47,0.8233,-1,-1,-1
344,51,979.69,223.27,125.13,438.70,0.7764,-1,-1,-1
344,58,784.97,237.18,79.56,393.23,0.5835,-1,-1,-1
345,2,804.41,186.28,191.42,557.23,0.8208,-1,-1,-1
345,6,1221.99,145.28,224.13,711.48,0.8771,-1,-1,-1
345,48,660.55,254.33,123.97,372.41,0.8166,-1,-1,-1
345,51,981.97,222.04,123.47,432.56,0.7704,-1,-1,-1
345,58,782.52,234.56,78.74,396.93,0.5978,-1,-1,-1
346,2,796.50,187.33,193.36,557.00,0.8373,-1,-1,-1
346,6,1211.19,145.06,243.26,713.83,0.8884,-1,-1,-1
346,48,655.39,249.84,124.18,372.41,0.8279,-1,-1,-1
346,51,970.06,215.72,133.91,432.48,0.7824,-1,-1,-1
346,58,775.17,232.28,80.94,393.12,0.5102,-1,-1,-1
347,2,798.22,188.83,185.52,555.53,0.8246,-1,-1,-1
347,6,1198.12,146.68,252.00,707.99,0.8844,-1,-1,-1
347,48,645.78,248.20,125.88,373.53,0.8123,-1,-1,-1
347,51,967.64,216.02,130.00,430.40,0.7904,-1,-1,-1
347,58,767.29,232.04,87.04,389.35,0.5978,-1,-1,-1
347,60,1506.33,8.41,412.69,929.66,0.7918,-1,-1,-1
348,2,800.49,190.22,183.15,553.97,0.8372,-1,-1,-1
348,6,1193.89,142.75,255.16,706.95,0.8904,-1,-1,-1
348,48,637.66,244.56,128.16,378.41,0.8083,-1,-1,-1
348,51,965.27,215.27,129.76,428.80,0.7690,-1,-1,-1
348,58,760.04,229.86,90.50,398.73,0.6800,-1,-1,-1
348,60,1574.17,21.30,345.14,928.64,0.8336,-1,-1,-1
349,2,800.11,190.20,183.41,554.89,0.8324,-1,-1,-1
349,6,1185.59,141.99,258.26,695.09,0.8941,-1,-1,-1
349,48,629.19,236.16,132.24,390.80,0.8216,-1,-1,-1
349,51,960.95,214.46,132.95,430.01,0.7864,-1,-1,-1
349,56,487.90,302.52,55.60,176.49,0.3407,-1,-1,-1
349,58,760.00,225.53,88.40,404.13,0.6885,-1,-1,-1
349,60,1644.37,58.13,276.56,822.34,0.6176,-1,-1,-1
350,2,798.26,191.98,183.77,549.58,0.8525,-1,-1,-1
350,6,1178.77,142.54,260.93,691.52,0.9023,-1,-1,-1
350,48,622.81,235.39,133.06,390.40,0.8168,-1,-1,-1
350,51,962.71,216.48,126.77,430.15,0.7828,-1,-1,-1
350,56,482.77,307.95,59.19,174.56,0.3176,-1,-1,-1
350,58,755.15,224.04,92.65,409.20,0.7422,-1,-1,-1
350,60,1730.03,241.57,202.29,486.03,0.3230,-1,-1,-1
351,2,795.75,191.51,186.64,546.32,0.8546,-1,-1,-1
351,6,1170.17,143.60,265.87,693.03,0.9032,-1,-1,-1
351,48,618.67,237.79,133.17,394.19,0.8098,-1,-1,-1
351,51,967.02,216.71,118.39,431.42,0.7629,-1,-1,-1
351,56,477.79,302.31,56.49,181.20,0.3559,-1,-1,-1
351,58,750.98,220.93,92.79,414.54,0.7204,-1,-1,-1
351,64,1087.70,328.64,68.24,182.10,0.4750,-1,-1,-1
352,2,801.00,190.32,180.65,548.40,0.8531,-1,-1,-1
352,6,1163.39,143.34,271.62,698.59,0.9019,-1,-1,-1
352,48,612.15,235.83,134.09,398.02,0.8204,-1,-1,-1
352,51,961.24,216.87,121.41,434.97,0.7865,-1,-1,-1
352,58,742.86,218.40,98.21,420.68,0.7637,-1,-1,-1
352,64,1080.78,328.43,68.64,182.98,0.4209,-1,-1,-1
353,2,802.32,188.65,181.37,550.01,0.8543,-1,-1,-1
353,6,1158.65,142.74,269.16,702.84,0.9062,-1,-1,-1
353,48,607.93,229.34,129.94,403.16,0.8318,-1,-1,-1
353,51,959.44,216.22,119.19,432.77,0.7815,-1,-1,-1
353,58,735.87,212.23,101.50,428.04,0.7589,-1,-1,-1
354,2,797.96,191.29,180.10,538.94,0.8786,-1,-1,-1
354,6,1151.53,143.54,269.48,708.36,0.9091,-1,-1,-1
354,48,595.14,228.62,136.39,402.74,0.8402,-1,-1,-1
354,51,959.60,217.97,113.59,430.87,0.8013,-1,-1,-1
354,58,727.30,211.97,108.66,430.94,0.7820,-1,-1,-1
354,64,1053.89,321.42,75.93,185.36,0.4927,-1,-1,-1
355,2,797.50,189.62,175.90,533.61,0.8715,-1,-1,-1
355,6,1146.71,143.76,272.35,711.06,0.9113,-1,-1,-1
355,48,588.54,229.52,132.11,405.56,0.8504,-1,-1,-1
355,51,952.04,219.50,112.52,429.28,0.8027,-1,-1,-1
355,58,717.33,207.76,115.97,439.10,0.7995,-1,-1,-1
355,64,1046.01,318.27,79.35,187.99,0.6033,-1,-1,-1
356,2,795.87,186.80,174.53,530.33,0.8466,-1,-1,-1
356,6,1138.65,142.24,277.81,713.41,0.9122,-1,-1,-1
356,48,572.19,224.87,142.19,412.69,0.7328,-1,-1,-1
356,51,945.13,220.17,112.89,429.64,0.7970,-1,-1,-1
356,58,713.39,206.99,110.82,441.62,0.7953,-1,-1,-1
356,64,1039.93,315.83,74.98,189.15,0.4223,-1,-1,-1
357,2,794.61,188.60,171.56,525.89,0.8535,-1,-1,-1
357,6,1137.70,140.76,271.68,716.96,0.9101,-1,-1,-1
357,48,568.67,224.00,135.60,417.45,0.8211,-1,-1,-1
357,51,940.06,215.47,110.71,432.13,0.7734,-1,-1,-1
357,56,432.91,293.93,61.31,187.03,0.3285,-1,-1,-1
357,58,698.18,203.84,119.81,447.78,0.8155,-1,-1,-1
357,64,1037.02,323.33,64.29,182.77,0.5091,-1,-1,-1
358,2,786.21,183.85,171.03,538.48,0.8457,-1,-1,-1
358,6,1129.53,141.64,275.18,719.16,0.9096,-1,-1,-1
358,48,554.88,220.66,137.97,415.25,0.8382,-1,-1,-1
358,51,937.62,215.55,107.42,435.99,0.7533,-1,-1,-1
358,56,420.75,294.11,59.73,188.16,0.4941,-1,-1,-1
358,58,684.40,198.67,126.55,453.82,0.8258,-1,-1,-1
358,64,1025.42,319.08,67.32,182.92,0.6303,-1,-1,-1
359,2,788.35,181.00,162.03,540.74,0.8551,-1,-1,-1
359,6,1122.69,140.80,277.87,720.30,0.9081,-1,-1,-1
359,48,538.78,222.33,141.93,420.55,0.8263,-1,-1,-1
359,51,924.22,216.72,111.09,439.17,0.7786,-1,-1,-1
359,58,671.83,194.87,137.48,451.79,0.7880,-1,-1,-1
359,64,1016.15,314.43,69.58,189.59,0.4345,-1,-1,-1
360,2,780.77,178.76,163.55,546.40,0.8692,-1,-1,-1
360,6,1117.18,140.43,276.41,724.32,0.9103,-1,-1,-1
360,48,525.41,220.45,146.03,428.59,0.8212,-1,-1,-1
360,51,917.67,214.02,108.40,443.61,0.8036,-1,-1,-1
360,56,401.93,297.51,55.15,182.12,0.3155,-1,-1,-1
360,58,657.70,193.52,141.42,458.73,0.8507,-1,-1,-1
360,64,1005.77,316.03,69.88,187.84,0.5750,-1,-1,-1
361,2,773.49,179.21,163.68,546.23,0.8704,-1,-1,-1
361,6,1112.76,140.96,274.34,726.50,0.9073,-1,-1,-1
361,48,510.84,218.83,147.46,431.29,0.8108,-1,-1,-1
361,51,913.50,214.65,104.20,444.77,0.8196,-1,-1,-1
361,56,391.85,294.35,55.83,187.33,0.4513,-1,-1,-1
361,58,651.91,190.63,140.16,468.07,0.8320,-1,-1,-1
361,64,994.83,313.75,73.81,191.05,0.6071,-1,-1,-1
362,2,768.89,180.81,161.20,552.27,0.8695,-1,-1,-1
362,6,1108.63,141.12,271.89,724.79,0.9080,-1,-1,-1
362,48,492.05,223.49,152.44,430.64,0.8175,-1,-1,-1
362,51,905.80,216.41,103.56,439.49,0.7837,-1,-1,-1
362,56,383.21,298.94,54.92,188.78,0.3403,-1,-1,-1
362,58,632.68,192.18,153.29,465.14,0.8564,-1,-1,-1
362,64,989.79,319.08,74.22,186.49,0.6273,-1,-1,-1
363,2,764.26,185.25,158.46,548.64,0.8487,-1,-1,-1
363,6,1103.54,139.94,272.93,734.94,0.9079,-1,-1,-1
363,48,481.30,222.47,152.63,445.00,0.7932,-1,-1,-1
363,51,900.31,212.21,99.26,441.65,0.7349,-1,-1,-1
363,58,617.31,192.46,160.29,469.52,0.8521,-1,-1,-1
363,64,983.24,320.44,74.11,190.40,0.5427,-1,-1,-1
364,2,763.60,190.94,153.28,549.82,0.8128,-1,-1,-1
364,6,1103.32,136.73,270.55,736.85,0.9065,-1,-1,-1
364,48,463.58,218.71,161.05,458.16,0.7917,-1,-1,-1
364,51,897.28,210.28,97.71,440.97,0.7014,-1,-1,-1
364,58,605.28,189.57,169.06,480.92,0.8516,-1,-1,-1
364,64,972.50,312.27,79.89,197.40,0.5644,-1,-1,-1
365,2,762.63,193.92,157.33,548.01,0.8135,-1,-1,-1
365,6,1103.02,136.41,268.97,737.39,0.8993,-1,-1,-1
365,48,434.06,221.69,186.89,458.70,0.8289,-1,-1,-1
365,51,895.96,209.29,92.51,446.66,0.6425,-1,-1,-1
365,58,589.19,192.11,183.31,483.84,0.8248,-1,-1,-1
365,64,967.94,316.52,81.90,195.79,0.5235,-1,-1,-1
366,2,760.21,200.56,153.88,542.82,0.8148,-1,-1,-1
366,6,1100.69,138.39,267.25,729.13,0.9022,-1,-1,-1
366,48,442.14,222.38,169.87,461.45,0.8047,-1,-1,-1
366,51,894.22,212.56,89.00,440.00,0.6737,-1,-1,-1
366,56,357.69,304.27,61.84,188.65,0.3826,-1,-1,-1
366,58,587.49,197.74,180.72,481.56,0.8614,-1,-1,-1
366,64,963.91,322.56,83.84,193.32,0.4407,-1,-1,-1
367,2,759.69,198.45,152.81,543.64,0.8245,-1,-1,-1
367,6,1100.52,135.41,268.07,723.93,0.9027,-1,-1,-1
367,48,437.24,222.32,165.71,466.25,0.7962,-1,-1,-1
367,51,893.92,207.74,87.18,440.57,0.6704,-1,-1,-1
367,56,355.13,308.68,68.28,185.79,0.3069,-1,-1,-1
367,58,591.86,193.08,175.35,490.39,0.8713,-1,-1,-1
367,64,964.57,312.21,81.21,199.08,0.4087,-1,-1,-1
368,2,759.11,197.72,154.90,546.11,0.8273,-1,-1,-1
368,6,1100.09,133.34,267.73,720.06,0.9023,-1,-1,-1
368,48,433.59,220.65,173.62,472.05,0.8179,-1,-1,-1
368,51,894.01,206.33,84.91,436.39,0.6241,-1,-1,-1
368,58,594.50,192.69,169.22,500.40,0.8601,-1,-1,-1
368,64,958.97,309.07,83.11,199.46,0.4076,-1,-1,-1
369,2,758.33,194.45,161.76,547.50,0.8539,-1,-1,-1
369,6,1103.27,133.59,264.90,714.34,0.9053,-1,-1,-1
369,48,427.33,220.57,172.44,473.28,0.8273,-1,-1,-1
369,51,894.97,203.83,83.80,437.59,0.5824,-1,-1,-1
369,58,591.94,190.61,166.60,506.32,0.8630,-1,-1,-1
369,64,959.48,315.41,85.68,196.85,0.4774,-1,-1,-1
370,2,758.12,193.35,165.64,539.87,0.8225,-1,-1,-1
370,6,1104.17,132.90,263.93,716.50,0.9057,-1,-1,-1
370,48,423.09,221.67,173.41,475.16,0.8254,-1,-1,-1
370,51,895.31,205.73,84.76,437.94,0.6354,-1,-1,-1
370,58,587.11,193.38,166.01,509.30,0.8552,-1,-1,-1
371,2,757.14,195.54,166.59,537.56,0.8487,-1,-1,-1
371,6,1106.38,133.36,259.95,722.22,0.9058,-1,-1,-1
371,48,419.23,223.91,177.41,478.49,0.8529,-1,-1,-1
371,51,897.49,207.89,84.53,440.79,0.6908,-1,-1,-1
371,58,584.18,195.31,166.56,517.47,0.8639,-1,-1,-1
372,2,761.31,194.95,163.76,539.59,0.8479,-1,-1,-1
372,6,1111.48,132.80,255.12,729.03,0.9056,-1,-1,-1
372,48,416.85,223.88,177.68,480.47,0.8712,-1,-1,-1
372,51,901.38,209.05,81.54,442.88,0.6808,-1,-1,-1
372,58,579.61,193.25,169.84,525.07,0.8649,-1,-1,-1
372,64,964.16,317.72,78.32,196.10,0.4471,-1,-1,-1
373,2,760.81,198.51,167.51,539.18,0.8568,-1,-1,-1
373,6,1112.99,137.59,253.91,731.02,0.8971,-1,-1,-1
373,48,413.85,225.66,176.48,482.34,0.8659,-1,-1,-1
373,51,901.41,210.02,81.51,438.89,0.6622,-1,-1,-1
373,58,573.00,192.79,175.73,528.72,0.8676,-1,-1,-1
373,64,965.72,323.50,82.68,194.95,0.4450,-1,-1,-1
374,2,762.42,197.34,168.51,541.15,0.8473,-1,-1,-1
374,6,1115.14,139.64,250.56,737.27,0.8923,-1,-1,-1
374,48,409.09,225.47,175.39,487.45,0.8636,-1,-1,-1
374,51,902.76,210.32,85.78,444.45,0.6742,-1,-1,-1
374,58,567.13,190.78,179.94,532.31,0.8708,-1,-1,-1
374,64,967.22,328.47,84.02,191.94,0.4815,-1,-1,-1
375,2,765.51,200.87,166.49,544.62,0.8540,-1,-1,-1
375,6,1118.46,140.88,245.83,742.97,0.8946,-1,-1,-1
375,48,402.97,229.97,174.10,487.76,0.8468,-1,-1,-1
375,51,906.71,210.71,81.93,447.26,0.6610,-1,-1,-1
375,58,559.19,190.97,189.16,542.60,0.8769,-1,-1,-1
375,64,967.26,330.37,81.16,195.61,0.5213,-1,-1,-1
376,2,769.40,203.63,164.14,548.04,0.8526,-1,-1,-1
376,6,1121.53,143.05,239.06,748.81,0.8952,-1,-1,-1
376,48,395.27,229.00,171.99,502.53,0.8512,-1,-1,-1
376,51,908.65,219.40,81.88,447.35,0.6487,-1,-1,-1
376,58,557.57,190.97,189.46,550.00,0.8625,-1,-1,-1
376,64,968.11,318.90,82.97,208.99,0.3928,-1,-1,-1
377,2,773.64,206.59,161.81,550.19,0.8858,-1,-1,-1
377,6,1121.12,152.86,239.51,747.12,0.8949,-1,-1,-1
377,48,393.97,224.40,171.38,517.26,0.8409,-1,-1,-1
377,51,913.82,223.81,76.51,446.81,0.7018,-1,-1,-1
377,58,549.01,187.31,196.29,553.22,0.8649,-1,-1,-1
377,64,971.76,336.93,82.46,197.94,0.4268,-1,-1,-1
378,2,781.71,212.11,156.81,547.28,0.8389,-1,-1,-1
378,6,1122.74,157.36,238.85,748.20,0.8988,-1,-1,-1
378,48,388.04,219.84,172.42,527.92,0.8224,-1,-1,-1
378,51,915.63,232.02,77.79,438.76,0.7254,-1,-1,-1
378,58,543.03,187.16,202.21,554.05,0.8593,-1,-1,-1
378,64,974.33,338.98,81.48,197.82,0.3577,-1,-1,-1
379,2,779.36,214.74,161.24,552.96,0.8407,-1,-1,-1
379,6,1123.80,156.71,236.94,755.67,0.8961,-1,-1,-1
379,48,386.44,220.61,166.48,535.39,0.8025,-1,-1,-1
379,51,917.75,236.11,76.36,435.34,0.6470,-1,-1,-1
379,58,536.22,190.14,207.18,560.15,0.8640,-1,-1,-1
379,64,972.26,338.24,83.35,201.56,0.4144,-1,-1,-1
379,68,737.32,318.72,51.58,197.34,0.4673,-1,-1,-1
380,2,783.80,217.47,159.19,548.71,0.8446,-1,-1,-1
380,6,1123.62,159.13,235.97,757.01,0.8913,-1,-1,-1
380,48,375.98,215.02,175.51,549.16,0.8125,-1,-1,-1
380,51,915.29,239.43,82.34,433.72,0.7157,-1,-1,-1
380,58,533.17,187.87,208.43,569.05,0.8708,-1,-1,-1
380,64,978.59,346.25,79.53,196.15,0.3365,-1,-1,-1
380,68,736.88,316.82,57.53,203.43,0.5993,-1,-1,-1
381,2,784.12,220.78,160.74,547.72,0.8389,-1,-1,-1
381,6,1120.47,157.64,235.86,754.98,0.8835,-1,-1,-1
381,48,374.99,212.01,174.66,558.75,0.8110,-1,-1,-1
381,51,916.26,243.05,81.50,432.75,0.7360,-1,-1,-1
381,58,522.48,183.98,214.12,579.45,0.8745,-1,-1,-1
381,64,981.13,342.94,77.80,198.97,0.3936,-1,-1,-1
381,68,735.09,316.14,59.55,210.79,0.6483,-1,-1,-1
382,2,784.50,219.55,159.68,544.84,0.8465,-1,-1,-1
382,6,1118.15,155.76,233.60,760.81,0.8809,-1,-1,-1
382,48,371.53,210.26,178.96,568.05,0.8097,-1,-1,-1
382,51,919.01,243.68,83.53,435.37,0.7016,-1,-1,-1
382,58,522.32,182.41,213.67,591.02,0.8719,-1,-1,-1
382,64,982.98,352.98,76.72,190.69,0.4971,-1,-1,-1
382,68,732.86,316.64,61.38,212.84,0.6496,-1,-1,-1
383,2,785.40,217.83,160.01,541.54,0.8408,-1,-1,-1
383,6,1112.31,154.01,234.72,761.93,0.8807,-1,-1,-1
383,48,364.89,207.96,177.28,569.62,0.8215,-1,-1,-1
383,51,919.42,243.80,84.59,438.21,0.6834,-1,-1,-1
383,58,513.03,179.99,221.46,601.81,0.8766,-1,-1,-1
383,64,984.20,353.93,73.85,189.62,0.4688,-1,-1,-1
383,68,731.80,318.00,60.45,208.59,0.6419,-1,-1,-1
384,2,786.04,217.32,162.16,540.46,0.8467,-1,-1,-1
384,6,1109.14,151.93,236.34,767.10,0.8834,-1,-1,-1
384,48,356.05,207.26,182.15,571.60,0.8232,-1,-1,-1
384,51,920.47,244.85,99.08,435.84,0.5748,-1,-1,-1
384,58,506.62,177.99,223.25,607.94,0.8648,-1,-1,-1
384,68,727.88,320.38,62.26,210.30,0.6527,-1,-1,-1
385,2,784.99,217.00,164.80,544.36,0.8420,-1,-1,-1
385,6,1105.77,156.21,242.08,760.54,0.8836,-1,-1,-1
385,48,347.22,210.61,190.74,572.04,0.8393,-1,-1,-1
385,51,918.81,245.72,102.60,435.49,0.6018,-1,-1,-1
385,58,507.01,176.18,221.31,617.16,0.8602,-1,-1,-1
385,68,726.52,321.84,64.75,212.34,0.6968,-1,-1,-1
386,2,780.01,214.79,170.33,533.03,0.8174,-1,-1,-1
386,6,1094.71,156.46,255.86,755.82,0.8873,-1,-1,-1
386,48,340.66,209.03,185.25,570.01,0.8334,-1,-1,-1
386,51,920.95,243.84,87.99,428.10,0.5454,-1,-1,-1
386,58,493.04,174.23,233.74,621.34,0.8639,-1,-1,-1
386,64,977.88,350.56,76.08,196.46,0.3372,-1,-1,-1
386,68,727.74,320.01,60.94,209.93,0.6587,-1,-1,-1
387,2,776.99,213.58,170.69,531.12,0.8360,-1,-1,-1
387,6,1084.49,156.81,266.43,749.12,0.8935,-1,-1,-1
387,48,331.40,201.39,188.09,585.92,0.8386,-1,-1,-1
387,51,918.80,244.80,80.63,430.63,0.6180,-1,-1,-1
387,58,484.74,169.29,237.28,632.17,0.8618,-1,-1,-1
387,64,978.11,349.83,76.33,197.77,0.3529,-1,-1,-1
387,68,721.55,317.78,65.66,212.11,0.6779,-1,-1,-1
388,2,777.70,211.56,171.24,532.26,0.8343,-1,-1,-1
388,6,1083.22,158.94,268.65,743.89,0.8874,-1,-1,-1
388,48,320.86,192.52,191.43,597.96,0.8473,-1,-1,-1
388,51,917.81,240.26,85.21,434.15,0.5087,-1,-1,-1
388,58,479.24,166.95,236.89,650.00,0.8644,-1,-1,-1
388,64,976.28,348.25,76.24,199.46,0.3796,-1,-1,-1
388,68,718.48,317.30,68.46,210.52,0.7094,-1,-1,-1
389,2,779.03,208.99,164.57,539.22,0.8424,-1,-1,-1
389,6,1082.86,157.31,268.83,748.42,0.8913,-1,-1,-1
389,48,315.34,184.94,190.25,606.13,0.8410,-1,-1,-1
389,51,916.18,242.45,83.39,434.21,0.5921,-1,-1,-1
389,58,479.04,161.54,234.02,659.25,0.8636,-1,-1,-1
389,64,975.12,330.09,79.85,218.96,0.3129,-1,-1,-1
389,68,717.68,316.77,68.47,212.46,0.6895,-1,-1,-1
390,2,777.49,210.31,163.07,541.28,0.8471,-1,-1,-1
390,6,1078.15,156.73,275.60,751.57,0.8852,-1,-1,-1
390,48,305.69,183.76,197.89,608.63,0.8351,-1,-1,-1
390,51,914.84,241.92,80.95,433.42,0.6594,-1,-1,-1
390,58,478.87,155.41,233.63,670.22,0.8716,-1,-1,-1
390,64,976.62,337.99,79.30,214.77,0.3818,-1,-1,-1
390,68,715.56,316.84,71.64,213.05,0.7295,-1,-1,-1
391,2,772.11,209.95,164.72,544.07,0.8496,-1,-1,-1
391,6,1066.94,157.57,286.76,756.90,0.8882,-1,-1,-1
391,48,293.94,181.21,202.51,613.59,0.8369,-1,-1,-1
391,51,910.50,236.83,84.57,437.49,0.6518,-1,-1,-1
391,58,476.94,148.49,236.25,679.19,0.8718,-1,-1,-1
391,64,977.24,343.16,73.79,209.32,0.5999,-1,-1,-1
391,68,711.14,316.41,74.88,213.40,0.7367,-1,-1,-1
392,2,770.61,211.86,163.33,547.33,0.8334,-1,-1,-1
392,6,1061.20,156.76,291.23,767.48,0.8942,-1,-1,-1
392,48,286.63,175.00,202.50,626.66,0.8499,-1,-1,-1
392,51,908.25,235.02,82.32,440.39,0.6604,-1,-1,-1
392,58,476.93,142.95,233.47,689.98,0.8749,-1,-1,-1
392,64,977.37,334.31,72.76,216.48,0.4814,-1,-1,-1
392,68,707.58,314.40,77.91,215.18,0.7612,-1,-1,-1
393,2,768.88,219.78,166.59,537.36,0.8212,-1,-1,-1
393,6,1058.51,157.08,293.76,770.87,0.8968,-1,-1,-1
393,48,271.31,171.60,211.04,634.31,0.8570,-1,-1,-1
393,51,905.65,238.87,84.82,436.43,0.6173,-1,-1,-1
393,58,473.68,139.21,231.89,695.76,0.8783,-1,-1,-1
393,64,974.18,329.74,75.23,220.34,0.5624,-1,-1,-1
393,68,706.69,313.92,77.63,217.15,0.7597,-1,-1,-1
394,2,767.08,219.83,161.07,538.21,0.8076,-1,-1,-1
394,6,1057.11,156.61,293.90,772.86,0.9046,-1,-1,-1
394,48,258.76,163.85,219.21,643.94,0.8637,-1,-1,-1
394,51,904.97,234.38,81.14,435.52,0.6202,-1,-1,-1
394,58,465.39,132.76,235.30,704.52,0.8821,-1,-1,-1
394,64,972.09,330.46,77.50,219.59,0.6040,-1,-1,-1
394,68,702.99,313.62,78.38,215.58,0.7512,-1,-1,-1
395,2,760.13,220.53,164.55,539.13,0.8039,-1,-1,-1
395,6,1053.44,156.10,296.63,777.91,0.9004,-1,-1,-1
395,48,221.01,159.68,248.76,648.20,0.8654,-1,-1,-1
395,51,901.03,232.05,81.35,437.20,0.6271,-1,-1,-1
395,58,461.79,126.21,232.93,715.04,0.8771,-1,-1,-1
395,64,970.26,342.49,73.34,206.43,0.6170,-1,-1,-1
395,68,701.10,311.26,77.64,217.60,0.7430,-1,-1,-1
396,2,758.83,222.90,161.57,534.03,0.8091,-1,-1,-1
396,6,1052.24,156.20,299.37,777.90,0.8991,-1,-1,-1
396,48,225.10,157.24,229.22,662.15,0.8677,-1,-1,-1
396,51,899.59,237.16,81.49,432.83,0.6874,-1,-1,-1
396,58,454.30,116.04,236.90,727.53,0.8803,-1,-1,-1
396,64,968.95,338.69,73.31,209.38,0.6424,-1,-1,-1
396,68,697.50,309.01,77.37,218.58,0.7348,-1,-1,-1
396,70,1027.87,378.41,44.47,170.19,0.3488,-1,-1,-1
397,2,756.44,221.72,159.19,530.73,0.8139,-1,-1,-1
397,6,1052.17,156.05,297.98,779.74,0.8980,-1,-1,-1
397,48,191.95,156.70,257.33,667.05,0.8704,-1,-1,-1
397,51,896.49,238.79,81.86,428.57,0.6888,-1,-1,-1
397,58,443.53,109.03,243.37,737.32,0.8861,-1,-1,-1
397,64,967.64,337.04,75.95,209.89,0.6279,-1,-1,-1
397,68,696.10,309.29,73.11,220.08,0.7449,-1,-1,-1
398,2,751.17,217.47,159.24,538.18,0.8312,-1,-1,-1
398,6,1051.71,156.20,295.16,781.04,0.8983,-1,-1,-1
398,48,168.38,147.31,275.06,689.43,0.8857,-1,-1,-1
398,51,893.68,238.95,83.13,430.17,0.6816,-1,-1,-1
398,58,433.34,101.00,251.18,747.92,0.8952,-1,-1,-1
398,64,967.99,339.09,75.88,207.70,0.6033,-1,-1,-1
398,68,693.32,306.91,70.71,221.70,0.7579,-1,-1,-1
399,2,746.10,215.04,158.52,538.36,0.8551,-1,-1,-1
399,6,1052.60,155.32,292.06,785.11,0.8964,-1,-1,-1
399,48,133.12,143.69,295.05,700.29,0.8967,-1,-1,-1
399,51,886.72,238.25,89.30,430.90,0.7182,-1,-1,-1
399,58,425.91,93.22,255.06,756.89,0.8931,-1,-1,-1
399,64,967.27,335.74,75.79,211.24,0.6220,-1,-1,-1
399,68,691.53,303.96,67.71,224.91,0.7866,-1,-1,-1
400,2,738.91,216.02,159.61,529.08,0.8429,-1,-1,-1
400,6,1051.99,154.74,291.73,788.53,0.8990,-1,-1,-1
400,48,125.45,141.53,292.98,705.33,0.8944,-1,-1,-1
400,51,880.17,238.78,92.95,431.91,0.7514,-1,-1,-1
400,58,418.10,90.33,265.44,763.44,0.8945,-1,-1,-1
400,64,964.87,329.03,83.05,218.88,0.5427,-1,-1,-1
400,68,690.97,305.30,65.68,222.82,0.7743,-1,-1,-1
401,2,728.81,216.07,165.62,517.27,0.8635,-1,-1,-1
401,6,1053.14,154.49,287.86,782.12,0.8997,-1,-1,-1
401,48,116.90,140.32,290.20,719.24,0.8956,-1,-1,-1
401,51,876.97,234.35,93.90,440.14,0.7816,-1,-1,-1
401,58,412.44,84.95,272.02,775.41,0.8992,-1,-1,-1
401,64,964.78,329.86,84.37,217.82,0.6049,-1,-1,-1
401,68,687.16,303.95,65.53,223.30,0.7250,-1,-1,-1
402,2,727.14,212.46,165.79,520.46,0.8795,-1,-1,-1
402,6,1056.31,148.05,282.30,792.58,0.8974,-1,-1,-1
402,48,114.78,136.45,283.04,728.14,0.8979,-1,-1,-1
402,51,873.87,235.24,97.82,439.05,0.8048,-1,-1,-1
402,58,405.60,80.51,278.87,794.11,0.8986,-1,-1,-1
402,64,966.01,330.49,79.49,216.08,0.6072,-1,-1,-1
402,68,687.15,302.52,62.75,225.49,0.5681,-1,-1,-1
403,2,725.19,211.97,165.65,522.61,0.8770,-1,-1,-1
403,6,1059.82,149.51,278.74,797.52,0.8966,-1,-1,-1
403,48,106.28,135.40,277.96,750.92,0.8964,-1,-1,-1
403,51,872.98,236.64,97.70,438.48,0.8047,-1,-1,-1
403,58,397.48,75.60,287.15,818.96,0.9080,-1,-1,-1
403,64,969.40,342.55,76.00,204.65,0.5805,-1,-1,-1
403,68,686.95,303.34,62.35,228.20,0.5822,-1,-1,-1
404,2,722.95,212.17,166.55,525.43,0.8640,-1,-1,-1
404,6,1065.01,148.95,281.67,794.88,0.8900,-1,-1,-1
404,48,94.05,131.46,279.40,773.06,0.9013,-1,-1,-1
404,51,873.09,237.10,98.82,444.79,0.8012,-1,-1,-1
404,58,387.91,74.46,293.58,840.93,0.9093,-1,-1,-1
404,64,970.23,338.75,78.17,210.68,0.6395,-1,-1,-1
404,68,686.10,304.29,62.80,228.53,0.5455,-1,-1,-1
405,2,726.33,214.69,162.67,525.66,0.8623,-1,-1,-1
405,6,1063.47,151.14,286.69,790.24,0.8890,-1,-1,-1
405,48,77.42,129.79,288.44,783.66,0.8914,-1,-1,-1
405,51,873.39,238.74,98.60,441.14,0.8015,-1,-1,-1
405,58,375.24,75.50,304.69,838.97,0.9082,-1,-1,-1
405,64,972.00,338.43,80.14,211.61,0.6546,-1,-1,-1
405,68,687.75,303.91,60.88,229.63,0.5207,-1,-1,-1
406,2,723.42,216.51,166.97,526.79,0.8494,-1,-1,-1
406,6,1065.29,150.49,287.57,781.07,0.8773,-1,-1,-1
406,48,55.68,129.79,304.43,789.44,0.8919,-1,-1,-1
406,51,873.41,239.62,101.54,437.99,0.7961,-1,-1,-1
406,58,364.55,73.42,316.02,851.51,0.9054,-1,-1,-1
406,64,975.70,343.72,84.55,211.50,0.6670,-1,-1,-1
406,68,689.16,305.19,62.34,231.44,0.4916,-1,-1,-1
407,2,727.56,217.77,164.26,528.39,0.8589,-1,-1,-1
407,6,1072.19,149.43,282.75,777.59,0.8777,-1,-1,-1
407,48,59.21,120.91,298.71,805.32,0.8889,-1,-1,-1
407,51,873.70,238.68,102.16,441.88,0.7981,-1,-1,-1
407,58,355.08,74.92,329.00,859.05,0.9049,-1,-1,-1
407,64,978.25,346.87,84.44,208.21,0.6536,-1,-1,-1
407,68,689.87,305.65,64.34,235.59,0.5944,-1,-1,-1
408,2,725.69,220.21,167.50,528.80,0.8641,-1,-1,-1
408,6,1077.32,149.00,278.75,777.90,0.8891,-1,-1,-1
408,48,40.79,117.19,313.86,812.67,0.9036,-1,-1,-1
408,51,872.20,239.70,105.13,440.89,0.7924,-1,-1,-1
408,58,350.67,70.73,331.51,876.10,0.9037,-1,-1,-1
408,64,980.95,334.40,84.47,221.10,0.6136,-1,-1,-1
408,68,694.26,305.04,59.83,237.77,0.4717,-1,-1,-1
409,2,729.45,220.82,166.15,534.31,0.8602,-1,-1,-1
409,6,1084.70,150.08,273.59,783.86,0.8948,-1,-1,-1
409,48,48.06,113.97,306.44,825.26,0.9047,-1,-1,-1
409,51,873.02,241.94,107.23,436.26,0.8035,-1,-1,-1
409,58,354.07,68.06,325.26,897.30,0.9088,-1,-1,-1
409,64,986.88,343.76,76.72,210.53,0.6594,-1,-1,-1
409,68,700.65,307.07,53.05,240.65,0.4868,-1,-1,-1
410,2,732.32,224.14,165.07,534.25,0.8374,-1,-1,-1
410,6,1091.62,151.62,270.45,786.89,0.8921,-1,-1,-1
410,48,41.41,110.98,313.03,835.89,0.9032,-1,-1,-1
410,51,874.87,239.46,116.05,437.99,0.7898,-1,-1,-1
410,58,359.53,65.48,313.95,914.25,0.9161,-1,-1,-1
410,64,994.59,346.75,74.59,208.70,0.6309,-1,-1,-1
410,68,704.74,309.43,57.72,242.06,0.6066,-1,-1,-1
411,2,733.47,224.97,170.28,535.38,0.8014,-1,-1,-1
411,6,1100.01,149.42,265.62,796.42,0.8892,-1,-1,-1
411,48,31.41,105.08,310.81,845.96,0.9078,-1,-1,-1
411,51,881.84,239.54,112.48,437.94,0.7873,-1,-1,-1
411,58,358.59,61.78,313.69,924.09,0.9158,-1,-1,-1
411,64,999.57,351.44,81.99,206.82,0.6637,-1,-1,-1
411,68,710.53,309.04,54.59,241.39,0.5889,-1,-1,-1
412,2,736.15,226.55,172.46,530.98,0.8136,-1,-1,-1
412,6,1101.87,154.16,271.41,798.82,0.8924,-1,-1,-1
412,48,19.93,95.59,312.64,858.46,0.9168,-1,-1,-1
412,51,889.86,235.42,108.31,443.70,0.7513,-1,-1,-1
412,58,352.07,56.06,317.98,960.74,0.9129,-1,-1,-1
412,64,1003.16,345.84,83.49,212.68,0.7008,-1,-1,-1
412,68,716.27,308.42,55.84,239.48,0.5474,-1,-1,-1
412,70,1068.92,376.20,50.61,166.42,0.3598,-1,-1,-1
412,71,653.08,343.74,55.12,190.43,0.6277,-1,-1,-1
413,2,741.57,226.11,172.61,527.69,0.8177,-1,-1,-1
413,6,1103.33,153.96,276.89,803.72,0.8973,-1,-1,-1
413,48,2.41,89.45,322.41,867.85,0.9265,-1,-1,-1
413,51,891.01,229.67,114.49,445.87,0.7524,-1,-1,-1
413,58,343.95,48.05,325.55,979.95,0.9110,-1,-1,-1
413,64,1010.49,343.23,78.92,214.18,0.5991,-1,-1,-1
413,68,724.19,306.22,53.87,240.40,0.4626,-1,-1,-1
413,71,652.32,346.54,59.11,186.78,0.6629,-1,-1,-1
414,2,752.05,227.07,166.80,524.87,0.8208,-1,-1,-1
414,6,1109.19,154.05,274.77,807.14,0.8896,-1,-1,-1
414,48,-0.34,82.54,319.75,878.85,0.9296,-1,-1,-1
414,51,893.75,234.11,121.96,444.92,0.7819,-1,-1,-1
414,58,336.00,37.34,326.52,997.32,0.9024,-1,-1,-1
414,64,1017.12,340.44,77.95,217.38,0.6414,-1,-1,-1
414,68,727.63,302.95,57.25,241.45,0.4855,-1,-1,-1
414,71,654.31,341.94,64.45,197.25,0.6432,-1,-1,-1
415,2,753.54,223.37,168.76,528.47,0.8246,-1,-1,-1
415,6,1115.57,153.43,272.65,809.97,0.8864,-1,-1,-1
415,48,-0.70,77.81,316.85,883.68,0.9252,-1,-1,-1
415,51,900.97,239.65,117.45,439.56,0.8091,-1,-1,-1
415,58,326.07,24.83,338.63,1018.23,0.9130,-1,-1,-1
415,64,1019.90,349.71,83.94,211.10,0.6748,-1,-1,-1
415,68,731.03,302.01,57.62,236.82,0.4366,-1,-1,-1
415,71,654.84,341.68,67.58,188.13,0.6432,-1,-1,-1
416,2,748.79,219.98,176.95,523.01,0.8438,-1,-1,-1
416,6,1119.82,151.60,272.01,814.61,0.8904,-1,-1,-1
416,48,-0.62,65.37,311.44,910.38,0.9217,-1,-1,-1
416,51,905.39,237.21,119.75,445.90,0.7919,-1,-1,-1
416,58,316.26,11.81,346.24,1037.68,0.9137,-1,-1,-1
416,64,1022.30,349.45,85.66,210.65,0.5941,-1,-1,-1
416,71,656.28,340.93,67.42,186.91,0.6558,-1,-1,-1
417,2,746.74,221.32,181.23,521.03,0.8358,-1,-1,-1
417,6,1124.08,151.07,268.29,824.28,0.8915,-1,-1,-1
417,48,-0.87,55.83,308.13,951.94,0.9180,-1,-1,-1
417,51,906.61,237.45,120.14,444.51,0.7984,-1,-1,-1
417,58,293.12,4.16,365.94,1051.99,0.9091,-1,-1,-1
417,64,1028.97,344.16,81.97,213.67,0.6625,-1,-1,-1
417,71,656.82,341.35,68.32,189.01,0.6607,-1,-1,-1
418,2,746.88,219.20,182.60,521.05,0.8438,-1,-1,-1
418,6,1127.28,147.91,267.36,826.74,0.8919,-1,-1,-1
418,48,1.07,48.64,277.06,985.29,0.9163,-1,-1,-1
418,51,910.73,233.72,122.32,444.66,0.7833,-1,-1,-1
418,58,276.01,1.91,378.87,1057.49,0.9150,-1,-1,-1
418,64,1031.46,334.95,82.93,220.30,0.6665,-1,-1,-1
418,71,656.24,339.74,68.40,191.70,0.6720,-1,-1,-1
419,2,745.60,209.53,182.20,532.32,0.8541,-1,-1,-1
419,6,1126.48,146.69,268.96,823.77,0.8903,-1,-1,-1
419,48,-0.17,41.26,260.55,991.12,0.9105,-1,-1,-1
419,51,911.32,233.97,119.56,443.05,0.7778,-1,-1,-1
419,58,255.47,2.23,394.14,1062.85,0.9215,-1,-1,-1
419,64,1032.53,336.72,84.69,219.46,0.6329,-1,-1,-1
419,71,653.26,337.30,68.01,201.37,0.6739,-1,-1,-1
420,2,742.61,207.71,183.74,534.32,0.8563,-1,-1,-1
420,6,1126.16,142.94,269.68,826.47,0.8896,-1,-1,-1
420,48,-0.25,38.60,245.15,1003.32,0.9036,-1,-1,-1
420,51,909.84,235.32,123.37,446.16,0.7859,-1,-1,-1
420,58,240.46,2.55,402.82,1069.88,0.9256,-1,-1,-1
420,64,1031.31,332.55,91.06,226.54,0.6364,-1,-1,-1
420,71,650.55,336.97,67.12,206.48,0.6765,-1,-1,-1
421,2,742.67,211.13,185.35,530.13,0.8575,-1,-1,-1
421,6,1122.23,138.42,276.56,830.36,0.8914,-1,-1,-1
421,48,-0.35,26.39,229.96,978.69,0.9001,-1,-1,-1
421,51,909.03,235.12,121.54,443.65,0.7928,-1,-1,-1
421,58,220.78,3.57,417.23,1069.17,0.9258,-1,-1,-1
421,64,1031.40,334.99,91.21,223.76,0.6429,-1,-1,-1
421,71,649.50,336.59,69.03,205.33,0.6760,-1,-1,-1
422,2,741.09,211.82,182.79,540.96,0.8470,-1,-1,-1
422,6,1118.34,129.99,281.00,836.26,0.8866,-1,-1,-1
422,48,-0.11,16.25,211.94,984.14,0.8890,-1,-1,-1
422,51,907.76,236.13,121.55,445.19,0.7922,-1,-1,-1
422,58,201.30,2.03,425.18,1073.99,0.9196,-1,-1,-1
422,64,1031.26,339.74,89.27,218.85,0.5485,-1,-1,-1
422,71,644.53,333.84,69.17,210.01,0.6862,-1,-1,-1
423,2,738.87,211.65,176.78,537.27,0.8480,-1,-1,-1
423,6,1109.26,126.47,290.64,839.09,0.8932,-1,-1,-1
423,48,0.27,14.03,191.76,992.05,0.8902,-1,-1,-1
423,51,907.53,238.39,120.85,444.51,0.7742,-1,-1,-1
423,58,186.42,1.14,428.18,1076.15,0.9225,-1,-1,-1
423,64,1030.75,341.42,89.99,218.01,0.5634,-1,-1,-1
423,71,640.42,332.09,73.71,213.66,0.7178,-1,-1,-1
424,2,738.02,214.56,172.54,530.91,0.8378,-1,-1,-1
424,6,1105.56,126.83,297.21,836.86,0.9005,-1,-1,-1
424,48,0.02,10.77,171.90,1003.33,0.8764,-1,-1,-1
424,51,902.64,241.12,128.03,441.25,0.7509,-1,-1,-1
424,58,162.98,2.33,439.04,1075.99,0.9273,-1,-1,-1
424,64,1028.42,340.84,86.72,218.43,0.6044,-1,-1,-1
424,71,637.15,331.79,76.90,212.98,0.7002,-1,-1,-1
425,2,732.19,214.08,176.75,536.25,0.8377,-1,-1,-1
425,6,1100.12,126.49,302.59,827.52,0.9028,-1,-1,-1
425,48,0.95,9.02,146.13,1008.70,0.8435,-1,-1,-1
425,51,899.21,239.42,127.81,439.86,0.7742,-1,-1,-1
425,58,134.69,1.78,459.37,1072.94,0.9243,-1,-1,-1
425,64,1029.15,338.58,84.91,219.42,0.6206,-1,-1,-1
425,68,718.46,295.58,53.58,247.58,0.3057,-1,-1,-1
425,71,632.94,326.90,75.60,220.00,0.7006,-1,-1,-1
426,2,733.89,213.59,171.70,535.26,0.8401,-1,-1,-1
426,6,1091.56,127.22,312.88,814.12,0.9032,-1,-1,-1
426,48,-3.72,43.00,133.63,737.63,0.5767,-1,-1,-1
426,51,894.48,236.42,134.65,442.92,0.7949,-1,-1,-1
426,58,107.57,1.38,471.44,1071.92,0.9262,-1,-1,-1
426,64,1026.75,333.81,84.72,220.19,0.6321,-1,-1,-1
426,71,631.10,326.44,73.30,216.60,0.6849,-1,-1,-1
426,72,559.10,320.74,44.17,193.78,0.4464,-1,-1,-1
427,2,728.34,214.76,178.35,537.48,0.8310,-1,-1,-1
427,6,1085.89,129.17,317.78,809.47,0.9002,-1,-1,-1
427,48,2.79,145.39,95.51,534.64,0.7120,-1,-1,-1
427,51,897.54,235.68,131.64,442.88,0.7798,-1,-1,-1
427,58,69.69,1.93,494.67,1067.92,0.9224,-1,-1,-1
427,64,1025.17,331.98,84.42,223.39,0.5849,-1,-1,-1
427,71,626.29,326.82,72.91,221.23,0.7199,-1,-1,-1
427,72,549.03,332.59,53.17,180.07,0.5202,-1,-1,-1
428,2,718.09,219.79,183.74,529.63,0.8338,-1,-1,-1
428,6,1081.35,129.79,322.14,814.83,0.9039,-1,-1,-1
428,48,1.86,156.57,72.78,525.12,0.4362,-1,-1,-1
428,51,892.09,235.32,136.84,442.79,0.7977,-1,-1,-1
428,58,41.14,3.15,516.57,1067.08,0.9213,-1,-1,-1
428,64,1025.46,332.42,80.05,223.70,0.4999,-1,-1,-1
428,71,620.15,326.94,74.02,220.65,0.7152,-1,-1,-1
428,72,542.02,312.52,55.55,196.19,0.5875,-1,-1,-1
429,2,709.29,215.04,187.85,542.62,0.8319,-1,-1,-1
429,6,1076.61,131.70,321.41,817.84,0.9048,-1,-1,-1
429,51,895.25,234.03,130.38,441.54,0.7767,-1,-1,-1
429,58,3.47,2.58,540.04,1068.78,0.9302,-1,-1,-1
429,64,1029.22,330.45,75.93,227.83,0.4856,-1,-1,-1
429,71,615.71,328.72,69.64,221.87,0.7547,-1,-1,-1
429,72,538.52,321.33,56.17,194.03,0.5870,-1,-1,-1
430,2,703.29,214.20,175.38,547.14,0.8380,-1,-1,-1
430,6,1070.33,134.46,329.06,822.41,0.9091,-1,-1,-1
430,51,896.13,234.11,126.89,436.07,0.7792,-1,-1,-1
430,58,-0.86,3.26,536.22,1069.54,0.9266,-1,-1,-1
430,64,1033.33,329.57,73.89,223.96,0.4597,-1,-1,-1
430,71,612.82,324.75,70.80,224.86,0.7131,-1,-1,-1
430,72,533.24,334.29,53.82,175.44,0.4660,-1,-1,-1
431,2,694.18,211.33,172.32,555.46,0.8260,-1,-1,-1
431,6,1069.36,134.02,327.90,826.49,0.9050,-1,-1,-1
431,51,894.24,232.88,127.00,434.26,0.7827,-1,-1,-1
431,58,-0.69,2.89,523.86,1069.77,0.9298,-1,-1,-1
431,64,1036.13,329.17,71.61,225.20,0.3725,-1,-1,-1
431,71,606.32,326.41,76.38,228.66,0.6761,-1,-1,-1
431,72,528.33,334.91,53.31,183.26,0.4574,-1,-1,-1
431,74,993.70,314.25,79.34,237.26,0.3990,-1,-1,-1
432,2,683.94,208.04,175.60,572.98,0.8331,-1,-1,-1
432,6,1067.39,134.04,329.83,830.79,0.9038,-1,-1,-1
432,51,894.53,230.88,126.23,433.02,0.7884,-1,-1,-1
432,58,-0.59,4.83,516.78,1069.42,0.9352,-1,-1,-1
432,64,1036.49,328.03,71.64,224.91,0.3760,-1,-1,-1
432,71,603.78,326.84,72.81,228.67,0.6596,-1,-1,-1
432,72,523.17,347.50,53.48,215.23,0.4125,-1,-1,-1
432,74,996.08,315.15,77.13,236.63,0.4669,-1,-1,-1
433,2,678.96,205.32,179.30,559.98,0.8283,-1,-1,-1
433,6,1069.25,132.96,328.53,834.36,0.9033,-1,-1,-1
433,51,893.85,231.39,125.34,431.43,0.7961,-1,-1,-1
433,58,-0.12,6.07,503.68,1062.97,0.9355,-1,-1,-1
433,71,600.51,324.87,74.31,228.10,0.6439,-1,-1,-1
433,72,518.75,340.45,56.09,187.01,0.4223,-1,-1,-1
433,74,998.56,309.86,75.67,241.62,0.5637,-1,-1,-1
434,2,676.42,201.64,175.51,576.86,0.8402,-1,-1,-1
434,6,1072.48,130.88,325.96,834.56,0.9013,-1,-1,-1
434,51,892.59,227.89,126.28,432.75,0.7959,-1,-1,-1
434,58,0.17,3.92,493.76,1064.45,0.9387,-1,-1,-1
434,64,1043.44,323.58,65.69,231.38,0.3387,-1,-1,-1
434,71,597.30,320.94,71.53,232.16,0.6851,-1,-1,-1
434,72,518.62,327.98,55.01,185.57,0.4287,-1,-1,-1
434,74,1002.71,309.58,72.33,239.87,0.5198,-1,-1,-1
435,2,675.13,198.60,172.94,560.59,0.8254,-1,-1,-1
435,6,1072.80,127.95,326.53,837.65,0.9037,-1,-1,-1
435,51,890.61,225.46,128.65,432.00,0.7788,-1,-1,-1
435,58,0.60,2.71,483.93,1064.79,0.9396,-1,-1,-1
435,64,1046.82,321.92,61.43,238.28,0.3124,-1,-1,-1
435,71,595.34,319.29,73.73,233.04,0.6861,-1,-1,-1
435,72,516.78,310.42,53.15,196.22,0.6675,-1,-1,-1
435,74,1000.23,304.78,72.51,240.65,0.5411,-1,-1,-1
436,2,672.68,196.04,174.91,553.46,0.7972,-1,-1,-1
436,6,1075.39,125.03,325.40,843.30,0.9070,-1,-1,-1
436,51,898.87,224.39,120.76,432.45,0.7700,-1,-1,-1
436,58,0.98,2.54,474.50,1066.65,0.9397,-1,-1,-1
436,71,595.58,317.87,72.88,232.12,0.7088,-1,-1,-1
436,72,515.12,307.35,52.65,200.50,0.6148,-1,-1,-1
436,74,997.73,303.24,74.61,241.92,0.5425,-1,-1,-1
437,2,669.17,193.84,173.75,530.15,0.8139,-1,-1,-1
437,6,1079.87,119.98,323.09,846.15,0.9055,-1,-1,-1
437,51,901.08,223.61,118.98,432.57,0.7562,-1,-1,-1
437,58,1.47,2.24,458.74,1073.07,0.9357,-1,-1,-1
437,64,1047.34,312.98,64.58,234.15,0.4987,-1,-1,-1
437,71,590.98,312.80,75.75,231.72,0.7240,-1,-1,-1
437,72,514.33,345.04,52.19,161.39,0.5872,-1,-1,-1
437,74,995.38,301.65,71.76,240.76,0.5714,-1,-1,-1
437,76,819.34,300.25,81.50,230.69,0.6744,-1,-1,-1
438,2,662.74,194.73,176.88,527.42,0.8385,-1,-1,-1
438,6,1080.39,117.39,323.24,836.12,0.9003,-1,-1,-1
438,51,904.49,223.42,115.43,434.72,0.7558,-1,-1,-1
438,58,2.12,3.74,433.96,1068.56,0.9349,-1,-1,-1
438,64,1049.77,313.69,61.91,231.79,0.3877,-1,-1,-1
438,71,588.84,312.52,75.09,233.58,0.7310,-1,-1,-1
438,72,512.99,336.58,50.27,169.43,0.4232,-1,-1,-1
438,74,994.56,301.15,72.93,239.35,0.5699,-1,-1,-1
438,76,816.18,300.86,84.03,231.55,0.6726,-1,-1,-1
439,2,662.05,195.31,174.37,527.39,0.8540,-1,-1,-1
439,6,1086.02,114.24,318.82,840.68,0.9013,-1,-1,-1
439,51,905.70,223.56,113.40,436.62,0.7577,-1,-1,-1
439,58,1.69,3.65,410.08,1070.02,0.9277,-1,-1,-1
439,64,1050.46,312.47,67.27,232.57,0.4697,-1,-1,-1
439,71,584.87,312.56,76.11,234.07,0.7219,-1,-1,-1
439,72,510.64,328.72,51.35,174.97,0.4345,-1,-1,-1
439,74,994.98,301.08,72.94,236.83,0.6400,-1,-1,-1
439,76,812.15,299.33,85.56,237.72,0.7251,-1,-1,-1
440,2,657.02,194.29,176.17,527.94,0.8673,-1,-1,-1
440,6,1089.09,110.83,320.28,839.93,0.8844,-1,-1,-1
440,51,904.20,221.50,112.73,438.35,0.7694,-1,-1,-1
440,58,1.54,3.55,384.86,1064.17,0.9269,-1,-1,-1
440,64,1051.30,308.66,68.63,237.00,0.5682,-1,-1,-1
440,71,582.64,307.96,77.72,243.82,0.7691,-1,-1,-1
440,72,506.88,324.15,52.89,179.38,0.4083,-1,-1,-1
440,74,994.16,300.98,74.66,235.95,0.7051,-1,-1,-1
440,76,808.69,297.07,84.18,239.70,0.7016,-1,-1,-1
441,2,656.73,196.50,177.33,530.13,0.8638,-1,-1,-1
441,6,1093.45,106.00,321.06,841.94,0.8998,-1,-1,-1
441,51,906.03,222.80,111.94,437.98,0.7795,-1,-1,-1
441,58,1.49,3.10,356.11,1064.69,0.9199,-1,-1,-1
441,64,1050.92,308.39,70.99,241.53,0.6096,-1,-1,-1
441,71,583.23,305.33,76.23,247.49,0.7662,-1,-1,-1
441,72,506.82,312.10,53.46,191.83,0.4089,-1,-1,-1
441,74,994.65,297.78,75.86,239.26,0.7105,-1,-1,-1
441,76,809.04,296.34,83.19,241.47,0.6954,-1,-1,-1
442,2,658.52,199.20,176.18,530.57,0.8552,-1,-1,-1
442,6,1098.64,107.26,322.26,827.45,0.8974,-1,-1,-1
442,51,910.75,225.07,109.19,434.02,0.7338,-1,-1,-1
442,58,2.03,3.45,323.77,1064.34,0.9135,-1,-1,-1
442,64,1056.09,316.00,71.76,236.45,0.6575,-1,-1,-1
442,71,583.98,306.09,75.79,249.44,0.7717,-1,-1,-1
442,72,510.67,329.98,52.01,175.60,0.4276,-1,-1,-1
442,74,995.77,298.00,75.71,243.42,0.6779,-1,-1,-1
442,76,812.73,297.64,87.86,236.30,0.7282,-1,-1,-1
443,2,664.15,199.45,171.68,527.37,0.8510,-1,-1,-1
443,6,1104.35,112.39,323.77,815.85,0.8967,-1,-1,-1
443,51,909.63,225.16,110.25,435.30,0.7464,-1,-1,-1
443,58,2.64,4.17,292.97,1062.59,0.8933,-1,-1,-1
443,64,1060.92,314.41,69.91,238.68,0.5986,-1,-1,-1
443,71,583.92,310.00,79.18,248.17,0.7730,-1,-1,-1
443,72,514.11,337.23,50.45,170.77,0.4490,-1,-1,-1
443,74,998.39,295.49,80.96,243.73,0.6435,-1,-1,-1
443,76,814.99,300.45,87.12,230.01,0.7587,-1,-1,-1
444,2,669.80,202.01,167.49,519.30,0.8448,-1,-1,-1
444,6,1113.82,115.13,317.08,811.33,0.9003,-1,-1,-1
444,51,914.71,226.89,106.96,431.66,0.7101,-1,-1,-1
444,58,4.17,4.66,263.23,1060.93,0.8392,-1,-1,-1
444,64,1062.20,300.99,72.01,247.74,0.5815,-1,-1,-1
444,71,586.11,307.97,80.28,250.69,0.7619,-1,-1,-1
444,72,516.95,344.15,50.66,162.54,0.4902,-1,-1,-1
444,74,999.25,299.20,83.49,242.84,0.6358,-1,-1,-1
444,76,818.32,300.39,83.90,233.92,0.7715,-1,-1,-1
445,2,674.47,204.01,169.49,509.08,0.8417,-1,-1,-1
445,6,1120.55,121.38,314.91,820.21,0.8973,-1,-1,-1
445,51,909.46,221.86,116.85,441.14,0.7752,-1,-1,-1
445,58,10.83,4.91,231.00,1061.89,0.3823,-1,-1,-1
445,64,1071.16,303.43,72.83,242.74,0.5714,-1,-1,-1
445,71,585.16,308.08,83.14,250.55,0.7621,-1,-1,-1
445,72,521.95,331.22,50.11,174.98,0.4920,-1,-1,-1
445,74,1008.05,290.76,82.70,247.51,0.7154,-1,-1,-1
445,76,820.79,298.20,87.71,236.04,0.7828,-1,-1,-1
446,2,682.76,201.99,165.16,499.36,0.8350,-1,-1,-1
446,6,1129.17,127.00,314.42,819.64,0.9060,-1,-1,-1
446,51,907.23,220.38,121.78,448.77,0.8087,-1,-1,-1
446,58,-14.87,4.93,297.36,1063.11,0.7284,-1,-1,-1
446,64,1078.87,301.83,69.66,245.67,0.6522,-1,-1,-1
446,71,585.01,309.99,88.96,249.47,0.7386,-1,-1,-1
446,72,523.95,345.23,55.11,162.76,0.5355,-1,-1,-1
446,74,1012.96,296.35,79.70,248.65,0.7713,-1,-1,-1
446,76,826.63,295.23,86.09,238.85,0.7906,-1,-1,-1
447,2,685.19,200.54,171.87,512.00,0.8357,-1,-1,-1
447,6,1140.52,127.15,308.53,826.41,0.9060,-1,-1,-1
447,51,916.26,220.28,123.32,451.36,0.7665,-1,-1,-1
447,64,1086.78,300.61,67.72,249.57,0.6899,-1,-1,-1
447,71,589.00,311.15,88.78,247.97,0.6904,-1,-1,-1
447,72,530.45,355.06,52.31,151.11,0.5002,-1,-1,-1
447,74,1017.61,292.49,84.49,250.52,0.7645,-1,-1,-1
447,76,834.49,295.75,87.77,239.29,0.7574,-1,-1,-1
448,2,688.90,200.88,178.74,524.09,0.8418,-1,-1,-1
448,6,1146.92,139.30,314.09,824.38,0.9052,-1,-1,-1
448,51,923.06,219.00,124.34,454.62,0.7440,-1,-1,-1
448,64,1094.73,304.63,70.00,247.34,0.6795,-1,-1,-1
448,71,589.69,312.60,90.24,248.09,0.6965,-1,-1,-1
448,72,536.33,328.72,51.49,180.69,0.4991,-1,-1,-1
448,74,1027.20,297.16,80.86,250.48,0.7393,-1,-1,-1
448,76,841.71,296.76,84.43,239.43,0.7969,-1,-1,-1
449,2,700.20,203.04,172.09,519.25,0.8163,-1,-1,-1
449,6,1152.48,143.19,315.85,824.57,0.9073,-1,-1,-1
449,51,932.58,216.76,116.27,454.09,0.7733,-1,-1,-1
449,64,1101.82,317.11,70.86,236.80,0.6746,-1,-1,-1
449,71,602.28,315.64,84.97,251.28,0.7452,-1,-1,-1
449,72,541.04,316.98,56.40,195.67,0.5240,-1,-1,-1
449,74,1038.83,297.44,76.39,249.24,0.7119,-1,-1,-1
449,76,846.35,297.77,86.01,238.91,0.7500,-1,-1,-1
450,2,706.72,201.96,172.66,512.98,0.8152,-1,-1,-1
450,6,1161.58,148.29,308.64,828.94,0.9099,-1,-1,-1
450,51,928.15,219.00,120.36,452.63,0.7804,-1,-1,-1
450,64,1106.76,315.05,71.71,240.05,0.7051,-1,-1,-1
450,71,606.84,315.27,83.45,250.59,0.7176,-1,-1,-1
450,72,545.90,326.70,54.80,184.26,0.4893,-1,-1,-1
450,74,1038.75,299.77,80.33,246.57,0.7050,-1,-1,-1
450,76,851.87,298.69,82.54,234.74,0.7163,-1,-1,-1
451,2,709.42,201.37,173.31,512.98,0.8245,-1,-1,-1
451,6,1169.93,151.69,306.28,832.75,0.9031,-1,-1,-1
451,51,940.30,221.09,116.61,444.35,0.7806,-1,-1,-1
451,64,1116.42,320.34,71.19,234.96,0.6989,-1,-1,-1
451,71,603.86,314.77,88.70,254.45,0.7413,-1,-1,-1
451,72,552.17,317.10,54.38,192.05,0.4585,-1,-1,-1
451,74,1052.45,288.27,72.16,255.04,0.6922,-1,-1,-1
451,76,855.64,293.66,91.58,242.06,0.7238,-1,-1,-1
452,2,719.61,200.18,165.66,511.37,0.8416,-1,-1,-1
452,6,1176.66,153.91,308.16,836.45,0.9043,-1,-1,-1
452,51,946.59,220.31,122.64,437.45,0.7665,-1,-1,-1
452,64,1124.13,315.49,71.20,242.54,0.6754,-1,-1,-1
452,71,606.16,315.01,90.42,253.09,0.7351,-1,-1,-1
452,72,557.93,318.84,52.95,185.45,0.4512,-1,-1,-1
452,74,1056.75,294.71,80.62,250.06,0.7423,-1,-1,-1
452,76,856.88,298.91,92.40,236.45,0.7779,-1,-1,-1
453,2,726.30,203.52,163.69,513.77,0.8455,-1,-1,-1
453,6,1183.89,157.43,305.27,840.70,0.9096,-1,-1,-1
453,51,951.21,216.68,124.24,441.87,0.7951,-1,-1,-1
453,64,1131.57,317.34,69.31,241.42,0.7209,-1,-1,-1
453,71,616.57,314.68,81.70,256.81,0.7705,-1,-1,-1
453,72,565.11,312.16,55.20,192.96,0.5494,-1,-1,-1
453,74,1065.45,299.38,77.00,252.50,0.7403,-1,-1,-1
453,76,873.05,297.33,81.08,242.13,0.7864,-1,-1,-1
453,77,710.15,256.73,63.48,301.90,0.3694,-1,-1,-1
454,2,733.10,202.47,166.05,513.94,0.8183,-1,-1,-1
454,6,1191.26,159.26,305.26,843.24,0.9113,-1,-1,-1
454,51,951.97,219.49,133.38,442.00,0.7834,-1,-1,-1
454,64,1140.07,311.79,70.72,247.36,0.6243,-1,-1,-1
454,71,618.88,308.83,85.91,258.68,0.7544,-1,-1,-1
454,72,572.05,322.10,52.91,186.07,0.3955,-1,-1,-1
454,74,1074.86,300.11,77.75,251.17,0.7128,-1,-1,-1
454,76,879.18,299.02,83.72,242.63,0.7318,-1,-1,-1
454,77,709.33,257.01,67.46,314.87,0.6271,-1,-1,-1
455,2,737.04,198.30,170.71,522.95,0.8354,-1,-1,-1
455,6,1194.66,157.57,308.88,844.84,0.9117,-1,-1,-1
455,51,961.90,221.54,127.25,435.72,0.7787,-1,-1,-1
455,64,1153.23,313.50,65.77,246.14,0.6147,-1,-1,-1
455,71,625.91,302.39,82.86,268.10,0.7663,-1,-1,-1
455,72,580.09,315.24,54.61,191.05,0.5631,-1,-1,-1
455,74,1082.52,301.17,74.97,251.32,0.7152,-1,-1,-1
455,76,885.49,305.14,84.98,232.05,0.6955,-1,-1,-1
455,77,716.36,257.64,67.16,311.01,0.5841,-1,-1,-1
456,2,752.47,199.20,162.06,520.92,0.8262,-1,-1,-1
456,6,1199.50,157.29,312.23,835.29,0.9041,-1,-1,-1
456,51,965.53,211.88,127.55,445.11,0.7564,-1,-1,-1
456,64,1156.63,313.86,66.49,245.45,0.5434,-1,-1,-1
456,68,720.49,254.41,74.47,318.60,0.6254,-1,-1,-1
456,71,630.68,300.64,84.92,269.86,0.7503,-1,-1,-1
456,72,581.82,318.22,57.30,191.58,0.5166,-1,-1,-1
456,74,1089.53,299.41,74.37,246.96,0.7143,-1,-1,-1
456,76,896.12,300.03,78.76,239.47,0.6623,-1,-1,-1
457,2,761.42,201.99,162.58,519.63,0.8140,-1,-1,-1
457,6,1204.22,155.42,316.37,835.42,0.9002,-1,-1,-1
457,51,975.39,212.95,122.04,442.21,0.7679,-1,-1,-1
457,64,1158.52,309.35,68.84,249.74,0.3957,-1,-1,-1
457,68,725.75,251.03,75.92,321.09,0.6758,-1,-1,-1
457,71,630.87,299.86,91.39,267.52,0.7409,-1,-1,-1
457,72,588.92,306.68,56.63,203.36,0.5273,-1,-1,-1
457,74,1093.84,297.15,77.25,250.90,0.6779,-1,-1,-1
457,76,901.02,298.15,81.74,240.22,0.6765,-1,-1,-1
458,2,769.84,199.84,160.36,518.61,0.8165,-1,-1,-1
458,6,1205.89,153.83,319.50,834.54,0.8970,-1,-1,-1
458,51,993.66,211.34,118.05,440.87,0.7765,-1,-1,-1
458,68,727.72,249.81,75.79,318.02,0.7533,-1,-1,-1
458,71,633.87,296.81,91.52,271.47,0.7160,-1,-1,-1
458,72,596.81,306.81,54.62,198.93,0.4867,-1,-1,-1
458,74,1102.78,291.80,72.56,257.50,0.7099,-1,-1,-1
458,76,907.56,297.88,88.79,240.18,0.7448,-1,-1,-1
459,2,775.86,205.20,159.61,516.48,0.8479,-1,-1,-1
459,6,1202.60,147.51,334.71,842.41,0.9081,-1,-1,-1
459,51,997.51,205.38,122.05,445.81,0.8080,-1,-1,-1
459,68,729.53,250.52,76.65,322.34,0.7665,-1,-1,-1
459,71,639.27,296.87,91.28,272.74,0.7246,-1,-1,-1
459,72,598.13,301.89,56.05,203.27,0.4791,-1,-1,-1
459,74,1105.21,293.42,81.81,257.60,0.7441,-1,-1,-1
459,76,912.54,297.05,82.25,237.97,0.7838,-1,-1,-1
460,2,783.88,203.25,154.98,511.90,0.8534,-1,-1,-1
460,6,1201.77,140.46,345.04,835.31,0.9100,-1,-1,-1
460,51,995.02,208.42,133.18,445.00,0.7902,-1,-1,-1
460,68,732.66,246.70,79.44,329.28,0.7715,-1,-1,-1
460,71,639.63,296.16,92.46,272.07,0.7375,-1,-1,-1
460,74,1108.40,295.80,80.56,255.08,0.7271,-1,-1,-1
460,76,921.45,296.12,79.39,238.33,0.7891,-1,-1,-1
461,2,785.82,203.31,158.42,508.33,0.8305,-1,-1,-1
461,6,1201.50,135.77,349.76,832.07,0.9076,-1,-1,-1
461,51,1003.93,211.29,124.56,445.20,0.7849,-1,-1,-1
461,68,735.28,242.24,81.04,331.51,0.7558,-1,-1,-1
461,71,642.01,294.13,92.07,276.51,0.7434,-1,-1,-1
461,74,1109.36,293.76,86.55,252.98,0.7293,-1,-1,-1
461,76,928.67,296.47,78.43,236.91,0.7532,-1,-1,-1
462,2,787.14,200.87,158.65,507.63,0.8074,-1,-1,-1
462,6,1201.95,130.92,353.74,828.13,0.9069,-1,-1,-1
462,51,1001.89,208.75,128.36,452.69,0.7935,-1,-1,-1
462,68,737.43,241.83,81.79,328.18,0.7589,-1,-1,-1
462,71,643.74,292.28,90.86,278.43,0.7775,-1,-1,-1
462,72,616.09,292.31,46.87,199.97,0.3996,-1,-1,-1
462,74,1113.52,294.51,83.96,253.83,0.6671,-1,-1,-1
462,76,932.36,294.94,80.19,234.80,0.7295,-1,-1,-1
463,2,785.77,197.65,161.55,513.73,0.8200,-1,-1,-1
463,6,1203.34,131.95,353.18,819.29,0.9067,-1,-1,-1
463,51,1001.46,207.78,132.07,451.86,0.8011,-1,-1,-1
463,68,736.60,239.24,80.76,333.88,0.7518,-1,-1,-1
463,71,642.52,292.99,91.26,278.64,0.7689,-1,-1,-1
463,74,1118.51,292.20,82.21,251.50,0.6626,-1,-1,-1
463,76,935.87,289.19,79.32,236.49,0.7368,-1,-1,-1
464,2,781.69,189.59,165.38,511.15,0.8133,-1,-1,-1
464,6,1211.02,128.46,345.90,824.53,0.9036,-1,-1,-1
464,51,1001.64,206.66,135.13,451.99,0.8049,-1,-1,-1
464,68,734.66,239.60,81.73,332.11,0.7740,-1,-1,-1
464,71,638.84,290.14,90.28,276.08,0.7707,-1,-1,-1
464,72,617.12,289.42,47.27,203.31,0.4225,-1,-1,-1
464,74,1117.57,287.16,81.96,254.40,0.6682,-1,-1,-1
464,76,934.02,284.25,80.86,236.88,0.7360,-1,-1,-1
465,2,778.50,184.77,167.88,512.81,0.8151,-1,-1,-1
465,6,1212.18,122.78,343.08,832.11,0.9071,-1,-1,-1
465,51,1002.83,207.24,135.13,449.90,0.7877,-1,-1,-1
465,68,728.65,232.57,85.30,336.91,0.7614,-1,-1,-1
465,71,636.08,283.95,90.87,284.30,0.7540,-1,-1,-1
465,74,1126.11,287.98,74.67,251.40,0.6099,-1,-1,-1
465,76,933.73,279.49,80.19,240.03,0.7205,-1,-1,-1
466,2,772.89,180.02,172.43,512.95,0.8060,-1,-1,-1
466,6,1208.91,119.44,347.12,840.96,0.9075,-1,-1,-1
466,51,1003.16,205.09,135.93,445.60,0.7773,-1,-1,-1
466,68,725.80,227.79,84.90,340.04,0.7357,-1,-1,-1
466,71,632.97,282.74,89.66,284.79,0.7079,-1,-1,-1
466,74,1128.16,285.98,69.71,251.32,0.5965,-1,-1,-1
466,76,933.21,275.46,81.15,242.31,0.7321,-1,-1,-1
467,2,768.64,181.07,180.79,507.39,0.8207,-1,-1,-1
467,6,1203.83,119.19,352.53,845.63,0.9090,-1,-1,-1
467,51,1003.31,204.66,133.00,449.70,0.7819,-1,-1,-1
467,68,718.11,223.95,89.36,344.40,0.7118,-1,-1,-1
467,71,623.01,276.43,95.70,294.24,0.7178,-1,-1,-1
467,74,1125.80,282.87,72.31,254.21,0.6252,-1,-1,-1
467,76,931.19,275.18,83.63,242.49,0.7591,-1,-1,-1
468,2,767.77,179.60,176.36,509.56,0.8276,-1,-1,-1
468,6,1196.43,117.97,358.00,855.50,0.9128,-1,-1,-1
468,51,999.58,203.73,132.45,450.31,0.7760,-1,-1,-1
468,68,713.93,219.30,87.77,353.82,0.7291,-1,-1,-1
468,71,618.24,274.84,94.86,296.76,0.7477,-1,-1,-1
468,74,1119.41,279.87,77.48,254.14,0.5721,-1,-1,-1
468,76,929.81,275.17,82.84,242.32,0.7662,-1,-1,-1
469,2,765.00,180.31,173.94,507.04,0.8288,-1,-1,-1
469,6,1194.08,118.08,359.00,864.07,0.9113,-1,-1,-1
469,51,999.30,203.55,128.80,443.54,0.7853,-1,-1,-1
469,68,707.15,218.17,85.80,354.70,0.7503,-1,-1,-1
469,71,613.15,268.46,90.93,303.16,0.8043,-1,-1,-1
469,74,1111.64,279.89,85.50,254.68,0.5767,-1,-1,-1
469,76,925.31,272.86,85.04,243.76,0.7716,-1,-1,-1
470,2,763.24,175.97,177.17,515.93,0.8397,-1,-1,-1
470,6,1191.05,119.19,357.41,866.76,0.9143,-1,-1,-1
470,51,996.16,198.73,132.24,448.39,0.8000,-1,-1,-1
470,68,703.33,215.54,89.39,357.45,0.7716,-1,-1,-1
470,71,600.63,267.28,99.91,303.00,0.7811,-1,-1,-1
470,74,1111.33,277.58,82.32,257.97,0.6248,-1,-1,-1
470,76,922.57,273.01,81.66,243.00,0.7861,-1,-1,-1
471,2,761.36,174.77,174.42,513.47,0.8406,-1,-1,-1
471,6,1182.45,118.24,365.37,877.80,0.9087,-1,-1,-1
471,51,994.86,195.39,130.33,451.08,0.7971,-1,-1,-1
471,68,692.71,212.67,92.91,359.20,0.7392,-1,-1,-1
471,71,595.36,264.57,97.55,307.70,0.7758,-1,-1,-1
471,74,1106.09,272.51,80.61,260.94,0.5649,-1,-1,-1
471,76,917.74,272.99,84.92,243.50,0.8014,-1,-1,-1
472,2,754.43,174.13,177.05,512.62,0.8626,-1,-1,-1
472,6,1186.00,119.13,356.93,875.34,0.9108,-1,-1,-1
472,51,991.38,196.96,131.22,449.77,0.7829,-1,-1,-1
472,68,686.10,208.96,97.31,361.89,0.7864,-1,-1,-1
472,71,591.21,264.92,98.26,307.43,0.8215,-1,-1,-1
472,74,1104.34,271.08,81.92,265.68,0.6573,-1,-1,-1
472,76,917.44,271.82,82.37,243.13,0.8046,-1,-1,-1
473,2,757.25,174.40,174.86,514.31,0.8753,-1,-1,-1
473,6,1185.49,117.83,354.79,871.82,0.9105,-1,-1,-1
473,51,988.55,196.39,127.80,450.73,0.7750,-1,-1,-1
473,68,680.58,205.89,100.69,364.89,0.8139,-1,-1,-1
473,71,585.88,262.21,97.89,310.40,0.8205,-1,-1,-1
473,74,1103.68,271.13,86.14,266.21,0.6943,-1,-1,-1
473,76,917.13,272.77,81.10,242.56,0.7932,-1,-1,-1
474,2,759.56,175.97,172.67,513.62,0.8765,-1,-1,-1
474,6,1187.72,114.60,347.85,863.36,0.9123,-1,-1,-1
474,51,986.96,195.43,126.66,450.11,0.7777,-1,-1,-1
474,68,675.66,205.62,103.92,369.19,0.8079,-1,-1,-1
474,71,582.13,261.47,94.49,310.33,0.8550,-1,-1,-1
474,74,1101.08,269.13,81.31,268.27,0.7446,-1,-1,-1
474,76,916.77,274.74,78.63,242.77,0.7575,-1,-1,-1
475,2,759.54,175.95,174.69,514.26,0.8667,-1,-1,-1
475,6,1186.91,111.75,348.48,859.83,0.9117,-1,-1,-1
475,51,988.61,196.43,115.89,437.18,0.7678,-1,-1,-1
475,68,667.78,203.68,107.70,371.26,0.8245,-1,-1,-1
475,71,575.06,259.90,97.30,311.41,0.8387,-1,-1,-1
475,74,1096.64,266.86,80.09,267.91,0.7514,-1,-1,-1
475,76,917.21,277.43,79.05,237.48,0.7595,-1,-1,-1
476,2,760.69,176.36,176.13,512.17,0.8653,-1,-1,-1
476,6,1189.02,106.17,347.18,860.91,0.9087,-1,-1,-1
476,51,984.49,194.36,115.77,434.20,0.7697,-1,-1,-1
476,68,662.89,202.80,110.54,374.47,0.8286,-1,-1,-1
476,71,572.12,258.15,93.43,313.73,0.8237,-1,-1,-1
476,74,1098.76,263.58,75.72,271.06,0.7604,-1,-1,-1
476,76,919.30,277.19,73.79,234.17,0.7493,-1,-1,-1
477,2,765.12,178.03,173.66,510.84,0.8642,-1,-1,-1
477,6,1191.25,103.04,345.18,855.60,0.9085,-1,-1,-1
477,51,983.54,194.48,115.24,433.75,0.7660,-1,-1,-1
477,68,658.10,203.76,114.72,378.92,0.8370,-1,-1,-1
477,71,570.40,261.18,94.14,315.35,0.8305,-1,-1,-1
477,74,1098.97,263.70,75.40,272.16,0.7605,-1,-1,-1
477,76,919.59,280.29,73.04,232.81,0.7565,-1,-1,-1
478,2,769.76,179.44,172.62,509.37,0.8513,-1,-1,-1
478,6,1190.89,101.86,348.51,844.04,0.9091,-1,-1,-1
478,51,981.13,195.76,117.30,434.41,0.7657,-1,-1,-1
478,68,654.68,206.08,117.25,384.78,0.8425,-1,-1,-1
478,71,559.13,264.23,100.77,322.38,0.8093,-1,-1,-1
478,74,1096.40,265.94,77.69,272.15,0.7685,-1,-1,-1
478,76,921.23,279.79,71.53,235.97,0.6692,-1,-1,-1
479,2,774.92,179.28,172.21,506.86,0.8615,-1,-1,-1
479,6,1192.35,101.57,349.41,839.25,0.9118,-1,-1,-1
479,51,979.01,196.23,122.49,433.40,0.7524,-1,-1,-1
479,68,652.49,206.05,120.91,387.19,0.8355,-1,-1,-1
479,71,550.77,262.48,108.47,324.86,0.8060,-1,-1,-1
479,74,1097.10,265.89,76.47,273.33,0.7661,-1,-1,-1
479,76,918.45,241.97,79.86,275.51,0.5611,-1,-1,-1
480,2,777.40,180.76,174.57,503.24,0.8563,-1,-1,-1
480,6,1194.53,101.50,349.39,843.65,0.9095,-1,-1,-1
480,51,979.11,194.74,121.52,444.55,0.7587,-1,-1,-1
480,68,648.20,206.37,128.27,389.74,0.8168,-1,-1,-1
480,71,547.76,264.25,106.99,328.09,0.8076,-1,-1,-1
480,74,1097.03,266.44,77.58,276.40,0.7606,-1,-1,-1
480,76,918.78,235.09,79.75,283.22,0.4907,-1,-1,-1
481,2,781.99,179.89,171.91,502.94,0.8588,-1,-1,-1
481,6,1196.80,103.18,350.73,852.42,0.9125,-1,-1,-1
481,51,978.99,196.04,124.12,449.51,0.7735,-1,-1,-1
481,68,647.88,208.14,132.18,393.69,0.8176,-1,-1,-1
481,71,544.89,268.12,108.33,329.27,0.8049,-1,-1,-1
481,74,1096.91,272.64,80.16,271.39,0.7873,-1,-1,-1
481,76,924.60,269.56,73.69,249.19,0.3708,-1,-1,-1
482,2,785.36,186.63,176.77,502.64,0.8506,-1,-1,-1
482,6,1199.78,108.03,355.25,857.57,0.9112,-1,-1,-1
482,51,978.18,200.35,126.27,442.85,0.7633,-1,-1,-1
482,68,650.33,212.00,132.46,394.84,0.8242,-1,-1,-1
482,71,544.67,273.88,108.03,328.23,0.7956,-1,-1,-1
482,74,1097.63,276.46,80.83,270.43,0.7678,-1,-1,-1
483,2,788.79,183.28,177.51,507.89,0.8504,-1,-1,-1
483,6,1201.67,109.18,356.18,863.09,0.9092,-1,-1,-1
483,51,982.18,201.03,130.43,447.05,0.7989,-1,-1,-1
483,68,650.31,210.49,136.67,397.59,0.8170,-1,-1,-1
483,71,546.52,271.43,105.17,331.77,0.7803,-1,-1,-1
483,74,1101.13,274.89,85.34,274.99,0.7716,-1,-1,-1
484,2,799.26,183.12,170.50,509.67,0.8523,-1,-1,-1
484,6,1204.29,113.04,354.59,868.05,0.9080,-1,-1,-1
484,51,987.49,203.72,125.83,448.84,0.8213,-1,-1,-1
484,68,651.38,209.03,131.25,404.22,0.8115,-1,-1,-1
484,71,547.38,269.76,103.13,338.64,0.7712,-1,-1,-1
484,74,1102.52,275.81,88.23,274.30,0.7834,-1,-1,-1
485,2,805.73,190.71,172.07,500.37,0.8441,-1,-1,-1
485,6,1208.07,114.36,355.15,881.33,0.9015,-1,-1,-1
485,51,994.02,207.61,122.61,449.76,0.8207,-1,-1,-1
485,68,653.03,208.21,129.05,412.04,0.8023,-1,-1,-1
485,71,544.81,272.01,107.63,342.23,0.7960,-1,-1,-1
485,74,1105.02,275.00,86.14,279.17,0.7895,-1,-1,-1
486,2,811.44,192.00,171.84,506.24,0.8457,-1,-1,-1
486,6,1214.97,118.57,349.81,892.68,0.9044,-1,-1,-1
486,51,998.91,211.48,121.09,448.10,0.8141,-1,-1,-1
486,68,655.24,208.11,136.41,412.49,0.8146,-1,-1,-1
486,71,545.47,271.62,110.08,345.98,0.7992,-1,-1,-1
486,74,1104.77,279.75,97.84,276.49,0.7859,-1,-1,-1
487,2,819.32,195.07,171.45,512.58,0.8607,-1,-1,-1
487,6,1223.00,130.61,348.74,891.75,0.9047,-1,-1,-1
487,51,1005.10,217.81,121.24,448.56,0.7954,-1,-1,-1
487,68,657.39,208.88,148.60,418.28,0.8053,-1,-1,-1
487,71,543.03,269.48,112.58,352.02,0.8125,-1,-1,-1
487,74,1113.30,283.10,92.92,279.91,0.7877,-1,-1,-1
488,2,824.76,203.04,174.55,509.82,0.8573,-1,-1,-1
488,6,1225.57,138.62,348.48,893.29,0.9043,-1,-1,-1
488,51,1005.22,222.05,126.35,448.96,0.8014,-1,-1,-1
488,68,660.14,211.29,147.04,418.95,0.8050,-1,-1,-1
488,71,543.46,271.72,113.54,354.98,0.8079,-1,-1,-1
488,74,1118.72,285.76,93.12,277.91,0.7800,-1,-1,-1
489,2,833.55,207.03,178.46,510.23,0.8523,-1,-1,-1
489,6,1227.62,141.76,348.17,892.16,0.9078,-1,-1,-1
489,51,1012.07,228.78,121.30,441.35,0.7792,-1,-1,-1
489,68,662.52,211.54,153.95,421.48,0.8044,-1,-1,-1
489,71,541.93,270.15,118.39,360.44,0.7908,-1,-1,-1
489,74,1129.58,292.78,88.30,277.21,0.7963,-1,-1,-1
490,2,839.03,214.19,177.87,508.20,0.8671,-1,-1,-1
490,6,1230.04,143.11,350.98,889.75,0.9106,-1,-1,-1
490,51,1014.73,229.19,123.76,447.93,0.7752,-1,-1,-1
490,68,664.45,213.18,153.46,426.60,0.8000,-1,-1,-1
490,71,535.61,271.79,130.37,363.14,0.7834,-1,-1,-1
490,74,1133.13,296.89,90.64,273.53,0.8022,-1,-1,-1
491,2,844.05,218.56,178.51,508.35,0.8650,-1,-1,-1
491,6,1227.80,142.55,356.13,894.33,0.9101,-1,-1,-1
491,51,1015.73,228.04,123.46,448.48,0.7797,-1,-1,-1
491,68,664.40,213.45,159.32,429.88,0.8142,-1,-1,-1
491,71,530.80,272.91,133.66,365.41,0.7804,-1,-1,-1
491,74,1135.66,300.10,92.94,273.24,0.8188,-1,-1,-1
492,2,847.90,224.66,177.53,507.29,0.8460,-1,-1,-1
492,6,1224.77,141.40,367.93,894.43,0.9084,-1,-1,-1
492,51,1013.91,231.67,126.32,451.91,0.7854,-1,-1,-1
492,68,666.23,213.52,157.49,432.22,0.8301,-1,-1,-1
492,71,526.54,273.25,142.34,366.49,0.8084,-1,-1,-1
492,74,1136.38,304.49,96.20,274.95,0.8235,-1,-1,-1
493,2,850.89,231.05,172.84,505.15,0.8308,-1,-1,-1
493,6,1222.71,136.18,361.16,903.69,0.8987,-1,-1,-1
493,51,1015.12,232.51,128.35,452.78,0.8118,-1,-1,-1
493,68,660.16,213.43,160.18,436.21,0.8133,-1,-1,-1
493,71,523.28,274.44,143.67,368.99,0.7976,-1,-1,-1
493,74,1135.34,309.21,100.30,272.33,0.8218,-1,-1,-1
494,2,855.20,230.45,173.65,494.79,0.8307,-1,-1,-1
494,6,1217.67,133.72,352.43,891.72,0.8984,-1,-1,-1
494,51,1014.30,233.22,127.58,448.26,0.8161,-1,-1,-1
494,68,659.87,213.32,157.70,443.99,0.8266,-1,-1,-1
494,71,519.94,275.75,144.87,376.12,0.8201,-1,-1,-1
494,74,1134.00,311.02,102.73,271.74,0.7900,-1,-1,-1
495,2,858.89,229.96,171.29,496.16,0.8383,-1,-1,-1
495,6,1212.97,131.25,354.57,884.90,0.9057,-1,-1,-1
495,51,1009.10,234.18,129.41,447.28,0.8093,-1,-1,-1
495,68,654.91,213.11,162.40,451.63,0.8198,-1,-1,-1
495,71,516.00,278.03,145.55,380.00,0.7913,-1,-1,-1
495,74,1136.53,312.31,99.39,274.19,0.7831,-1,-1,-1
496,2,859.72,229.54,172.89,495.98,0.8124,-1,-1,-1
496,6,1213.97,127.46,351.60,879.90,0.9091,-1,-1,-1
496,51,1010.26,234.71,128.88,445.09,0.8065,-1,-1,-1
496,68,643.98,213.88,173.74,454.94,0.8374,-1,-1,-1
496,71,512.91,281.63,143.72,382.00,0.8008,-1,-1,-1
496,74,1141.51,312.78,96.56,275.52,0.7657,-1,-1,-1
497,2,859.96,229.29,175.26,468.73,0.8113,-1,-1,-1
497,6,1212.30,121.58,352.05,887.13,0.9161,-1,-1,-1
497,51,1009.02,234.10,129.40,446.54,0.8105,-1,-1,-1
497,68,637.27,213.36,179.19,456.32,0.8462,-1,-1,-1
497,71,509.36,283.37,143.72,384.12,0.8175,-1,-1,-1
497,74,1141.90,312.63,96.79,278.85,0.7443,-1,-1,-1
498,2,859.25,228.81,177.70,456.95,0.8130,-1,-1,-1
498,6,1210.42,118.31,352.72,897.63,0.9115,-1,-1,-1
498,51,1008.01,235.26,129.80,447.28,0.8242,-1,-1,-1
498,68,634.26,212.85,177.49,460.29,0.8765,-1,-1,-1
498,71,507.59,286.15,137.53,382.58,0.8260,-1,-1,-1
498,74,1141.76,312.49,97.06,279.58,0.7722,-1,-1,-1
499,2,859.19,227.31,178.24,490.37,0.8189,-1,-1,-1
499,6,1211.36,115.55,351.47,907.94,0.9119,-1,-1,-1
499,51,1008.00,233.12,128.96,449.71,0.8059,-1,-1,-1
499,68,629.53,214.64,173.16,463.64,0.8769,-1,-1,-1
499,71,498.55,287.56,143.94,387.13,0.8103,-1,-1,-1
499,74,1143.61,311.94,95.08,283.32,0.7386,-1,-1,-1
500,2,859.29,226.36,176.58,487.79,0.8312,-1,-1,-1
500,6,1208.08,114.52,354.77,919.06,0.9101,-1,-1,-1
500,51,1008.69,232.60,125.64,453.50,0.8008,-1,-1,-1
500,68,624.81,214.19,170.99,472.58,0.8410,-1,-1,-1
500,71,493.67,290.07,142.12,390.98,0.8254,-1,-1,-1
500,74,1141.30,312.48,97.47,285.60,0.7397,-1,-1,-1
501,2,857.25,226.72,179.58,492.09,0.8406,-1,-1,-1
501,6,1208.14,114.43,353.97,926.59,0.9116,-1,-1,-1
501,51,1007.62,233.38,127.21,453.79,0.8120,-1,-1,-1
501,68,622.00,212.16,169.47,482.38,0.8424,-1,-1,-1
501,71,486.67,283.43,143.28,399.92,0.8325,-1,-1,-1
501,74,1143.30,311.98,95.22,284.38,0.7572,-1,-1,-1
502,2,858.18,227.50,180.55,489.12,0.8463,-1,-1,-1
502,6,1208.95,114.74,352.21,931.22,0.9147,-1,-1,-1
502,51,1004.12,235.36,128.77,453.06,0.8182,-1,-1,-1
502,68,615.92,213.19,174.76,484.66,0.8388,-1,-1,-1
502,71,480.59,282.97,140.64,405.62,0.8264,-1,-1,-1
502,74,1141.79,311.39,96.97,283.39,0.7961,-1,-1,-1
503,2,855.28,225.59,179.50,496.86,0.8428,-1,-1,-1
503,6,1208.64,116.30,351.59,933.52,0.9156,-1,-1,-1
503,51,1001.98,235.39,131.63,448.85,0.8123,-1,-1,-1
503,68,609.01,206.62,164.37,487.57,0.8484,-1,-1,-1
503,71,470.76,277.44,142.08,411.27,0.8173,-1,-1,-1
503,74,1138.37,309.15,96.96,285.11,0.8149,-1,-1,-1
504,2,851.96,224.82,183.36,492.13,0.8408,-1,-1,-1
504,6,1206.81,116.95,352.71,937.88,0.9172,-1,-1,-1
504,51,1001.97,233.62,128.64,448.07,0.8057,-1,-1,-1
504,68,601.49,196.20,168.38,500.85,0.8539,-1,-1,-1
504,71,461.84,274.80,145.20,415.01,0.8150,-1,-1,-1
504,74,1136.82,305.53,98.94,288.88,0.8099,-1,-1,-1
505,2,854.94,224.95,183.41,496.18,0.8215,-1,-1,-1
505,6,1208.21,116.00,352.59,942.35,0.9194,-1,-1,-1
505,51,1005.39,230.28,118.59,449.13,0.7632,-1,-1,-1
505,68,590.44,195.06,173.68,504.17,0.8638,-1,-1,-1
505,71,451.80,269.15,144.62,422.80,0.8090,-1,-1,-1
505,74,1135.44,302.42,97.62,288.24,0.8118,-1,-1,-1
506,2,854.55,224.03,183.16,503.72,0.8191,-1,-1,-1
506,6,1207.78,114.13,353.50,945.08,0.9161,-1,-1,-1
506,51,1002.70,232.37,119.05,439.91,0.7542,-1,-1,-1
506,68,581.93,188.20,168.42,507.58,0.8521,-1,-1,-1
506,71,440.55,266.21,153.16,428.05,0.8198,-1,-1,-1
506,74,1128.95,299.20,105.01,290.34,0.8075,-1,-1,-1
507,2,859.48,227.96,175.99,501.27,0.8123,-1,-1,-1
507,6,1210.86,112.04,351.10,934.09,0.9159,-1,-1,-1
507,51,1000.88,232.99,118.41,440.51,0.7590,-1,-1,-1
507,68,572.86,186.55,169.60,507.49,0.8500,-1,-1,-1
507,71,432.13,262.23,150.17,435.35,0.8504,-1,-1,-1
507,74,1129.33,297.32,102.55,290.92,0.8148,-1,-1,-1
508,2,854.41,229.66,175.86,498.08,0.8230,-1,-1,-1
508,6,1211.96,107.98,348.52,932.79,0.9172,-1,-1,-1
508,51,1004.00,227.62,107.39,447.11,0.7304,-1,-1,-1
508,68,562.73,180.19,169.23,519.74,0.8464,-1,-1,-1
508,71,418.08,258.85,149.85,439.82,0.8383,-1,-1,-1
508,74,1133.01,296.22,96.73,290.12,0.7944,-1,-1,-1
509,2,854.47,228.86,173.39,492.47,0.8007,-1,-1,-1
509,6,1210.36,104.52,348.12,934.00,0.9159,-1,-1,-1
509,51,1002.58,226.90,96.71,449.75,0.7386,-1,-1,-1
509,68,550.14,174.36,173.11,527.22,0.8653,-1,-1,-1
509,71,408.70,255.20,149.20,443.82,0.8460,-1,-1,-1
509,74,1127.32,295.45,96.28,289.50,0.7944,-1,-1,-1
510,2,851.23,228.18,172.38,489.00,0.7938,-1,-1,-1
510,6,1207.43,100.65,356.33,932.85,0.9113,-1,-1,-1
510,51,998.34,227.58,97.82,448.52,0.7139,-1,-1,-1
510,68,535.97,169.93,179.11,535.78,0.8798,-1,-1,-1
510,71,393.51,253.87,149.53,450.99,0.8394,-1,-1,-1
510,74,1121.51,293.41,98.18,290.73,0.8058,-1,-1,-1
510,81,1077.38,309.58,50.37,207.64,0.4558,-1,-1,-1
511,2,859.76,221.19,163.72,488.26,0.7536,-1,-1,-1
511,6,1204.76,94.41,358.97,921.02,0.9118,-1,-1,-1
511,51,993.35,219.75,100.39,459.31,0.6838,-1,-1,-1
511,68,523.23,170.62,178.08,537.12,0.8654,-1,-1,-1
511,71,375.44,251.57,159.28,461.38,0.8519,-1,-1,-1
511,74,1119.41,289.46,96.72,295.03,0.8112,-1,-1,-1
511,81,1071.32,310.99,58.49,204.49,0.5248,-1,-1,-1
512,2,856.41,219.32,160.52,482.20,0.7488,-1,-1,-1
512,6,1204.84,87.30,354.45,906.55,0.9077,-1,-1,-1
512,51,990.37,216.37,101.99,464.86,0.6845,-1,-1,-1
512,68,511.30,168.40,183.75,547.25,0.8665,-1,-1,-1
512,71,362.92,251.45,159.21,470.50,0.8264,-1,-1,-1
512,74,1114.50,284.95,97.75,297.51,0.7847,-1,-1,-1
512,81,1067.44,307.24,59.16,202.12,0.4564,-1,-1,-1
513,2,851.63,214.55,161.60,483.33,0.8258,-1,-1,-1
513,6,1207.18,83.00,351.40,899.37,0.9028,-1,-1,-1
513,51,988.92,221.25,84.29,453.24,0.6108,-1,-1,-1
513,68,500.88,161.67,189.23,560.52,0.8585,-1,-1,-1
513,71,350.65,246.18,161.51,481.23,0.8544,-1,-1,-1
513,74,1111.61,283.91,97.78,296.45,0.7459,-1,-1,-1
513,81,1060.77,308.75,63.43,203.43,0.5029,-1,-1,-1
514,2,850.92,205.51,159.29,488.43,0.7774,-1,-1,-1
514,6,1211.18,74.43,348.17,899.23,0.9053,-1,-1,-1
514,51,987.47,212.99,89.41,451.76,0.6747,-1,-1,-1
514,68,488.03,157.65,197.06,572.09,0.8477,-1,-1,-1
514,71,341.29,247.00,164.72,475.88,0.8290,-1,-1,-1
514,74,1108.57,278.02,100.14,297.34,0.7839,-1,-1,-1
514,81,1059.84,300.17,61.55,212.34,0.4240,-1,-1,-1
515,2,850.36,204.25,158.26,486.49,0.7923,-1,-1,-1
515,6,1213.90,68.15,345.70,906.02,0.9065,-1,-1,-1
515,51,987.74,210.53,90.10,452.72,0.6657,-1,-1,-1
515,68,480.98,155.17,197.17,580.50,0.8480,-1,-1,-1
515,71,329.38,245.61,169.19,480.76,0.8544,-1,-1,-1
515,74,1104.84,274.61,101.98,298.85,0.8049,-1,-1,-1
515,81,1057.39,293.70,57.39,220.76,0.4458,-1,-1,-1
516,2,848.66,201.91,158.89,486.88,0.8172,-1,-1,-1
516,6,1217.36,62.68,342.00,911.79,0.9067,-1,-1,-1
516,51,987.62,205.40,88.74,448.70,0.6721,-1,-1,-1
516,68,470.13,151.48,205.92,586.13,0.8653,-1,-1,-1
516,71,317.84,244.66,173.38,491.62,0.8639,-1,-1,-1
516,74,1105.02,273.18,100.51,298.98,0.8175,-1,-1,-1
516,81,1054.22,295.55,61.27,216.94,0.4499,-1,-1,-1
517,2,851.06,198.77,155.13,490.13,0.8158,-1,-1,-1
517,6,1219.54,59.81,340.96,920.93,0.9086,-1,-1,-1
517,51,987.87,203.89,85.16,438.53,0.6631,-1,-1,-1
517,68,465.54,151.12,208.84,596.01,0.8866,-1,-1,-1
517,71,309.04,239.88,171.32,505.54,0.8547,-1,-1,-1
517,74,1105.93,270.91,101.02,300.99,0.8208,-1,-1,-1
517,81,1055.26,295.43,61.14,213.57,0.5299,-1,-1,-1
518,2,852.21,197.42,153.08,493.29,0.7925,-1,-1,-1
518,6,1219.89,57.71,341.64,931.93,0.9090,-1,-1,-1
518,51,987.96,201.36,82.35,437.04,0.6681,-1,-1,-1
518,68,459.46,147.27,213.18,605.81,0.8800,-1,-1,-1
518,71,299.20,234.53,173.72,518.88,0.8636,-1,-1,-1
518,74,1103.43,268.76,104.94,305.25,0.8105,-1,-1,-1
518,81,1053.81,288.10,56.09,218.88,0.4940,-1,-1,-1
518,86,832.62,326.90,59.77,227.81,0.3331,-1,-1,-1
519,2,851.14,196.43,154.99,494.44,0.7936,-1,-1,-1
519,6,1220.52,57.63,341.40,935.07,0.9034,-1,-1,-1
519,51,987.58,199.26,81.96,436.60,0.6413,-1,-1,-1
519,68,452.10,143.42,218.29,615.72,0.8662,-1,-1,-1
519,71,290.53,230.18,177.11,530.16,0.8635,-1,-1,-1
519,74,1100.73,264.25,107.56,308.45,0.8085,-1,-1,-1
519,81,1056.07,290.82,57.01,220.53,0.5481,-1,-1,-1
520,2,853.26,193.94,153.09,496.13,0.7846,-1,-1,-1
520,6,1226.61,56.10,337.50,943.57,0.9024,-1,-1,-1
520,51,987.37,196.62,81.91,439.22,0.6353,-1,-1,-1
520,68,448.06,139.37,222.84,624.10,0.8580,-1,-1,-1
520,71,278.65,225.38,183.28,535.48,0.8732,-1,-1,-1
520,74,1102.46,264.89,107.86,304.79,0.8027,-1,-1,-1
520,81,1056.46,285.48,53.57,221.75,0.5429,-1,-1,-1
521,2,857.00,197.64,151.08,496.10,0.7856,-1,-1,-1
521,6,1231.24,59.93,336.40,948.29,0.9021,-1,-1,-1
521,51,989.78,196.98,82.16,440.27,0.6698,-1,-1,-1
521,68,446.80,135.64,225.69,630.94,0.8568,-1,-1,-1
521,71,273.20,228.46,185.31,535.71,0.8841,-1,-1,-1
521,74,1108.43,264.79,108.74,306.73,0.7963,-1,-1,-1
521,81,1059.87,296.07,57.08,212.56,0.5823,-1,-1,-1
522,2,858.43,198.75,151.13,492.34,0.8086,-1,-1,-1
522,6,1233.53,57.95,330.16,957.02,0.9047,-1,-1,-1
522,51,989.64,195.62,82.05,441.92,0.6513,-1,-1,-1
522,68,443.65,129.94,228.80,638.86,0.8673,-1,-1,-1
522,71,266.16,223.21,187.91,544.34,0.8765,-1,-1,-1
522,74,1108.33,262.19,106.99,306.39,0.7994,-1,-1,-1
522,81,1059.80,284.23,56.33,215.80,0.5766,-1,-1,-1
523,2,862.95,197.56,148.57,492.44,0.8158,-1,-1,-1
523,6,1234.17,55.12,325.74,965.35,0.9079,-1,-1,-1
523,51,990.16,193.58,82.90,446.59,0.6680,-1,-1,-1
523,68,436.74,117.96,234.53,655.07,0.8748,-1,-1,-1
523,71,254.67,217.26,198.46,552.68,0.8784,-1,-1,-1
523,74,1107.66,259.89,109.70,305.08,0.7869,-1,-1,-1
523,81,1059.78,284.98,60.09,215.30,0.6366,-1,-1,-1
524,2,869.06,199.17,145.56,491.58,0.8325,-1,-1,-1
524,6,1235.86,53.79,324.03,962.21,0.9067,-1,-1,-1
524,51,992.65,194.82,81.74,446.64,0.6186,-1,-1,-1
524,68,433.10,117.92,237.81,658.43,0.8760,-1,-1,-1
524,71,248.31,215.83,201.87,562.02,0.8795,-1,-1,-1
524,74,1104.45,257.00,116.26,308.16,0.7973,-1,-1,-1
524,81,1059.79,281.88,62.12,217.31,0.6618,-1,-1,-1
525,2,872.91,200.14,149.68,490.70,0.8534,-1,-1,-1
525,6,1235.36,49.00,328.74,966.15,0.9048,-1,-1,-1
525,51,994.71,201.33,84.53,439.27,0.5604,-1,-1,-1
525,68,432.84,112.73,241.61,666.79,0.8756,-1,-1,-1
525,71,240.59,212.77,203.42,566.50,0.8766,-1,-1,-1
525,74,1111.44,256.78,114.48,307.09,0.8082,-1,-1,-1
525,81,1065.02,280.29,61.95,219.09,0.6512,-1,-1,-1
526,2,877.48,199.31,149.91,493.87,0.8614,-1,-1,-1
526,6,1239.72,48.15,328.43,964.36,0.9025,-1,-1,-1
526,51,996.46,202.63,88.01,444.71,0.5396,-1,-1,-1
526,68,429.55,110.76,248.16,670.85,0.8780,-1,-1,-1
526,71,232.31,209.86,206.17,574.04,0.8671,-1,-1,-1
526,74,1114.14,255.90,117.71,311.09,0.8281,-1,-1,-1
526,81,1069.76,276.89,59.40,221.57,0.7117,-1,-1,-1
527,2,880.14,200.76,151.80,491.43,0.8386,-1,-1,-1
527,6,1244.52,49.61,326.23,961.88,0.9087,-1,-1,-1
527,51,997.13,204.15,91.12,447.80,0.6064,-1,-1,-1
527,68,424.67,111.07,255.87,673.42,0.8746,-1,-1,-1
527,71,224.95,205.34,206.80,584.43,0.8561,-1,-1,-1
527,74,1117.22,259.26,119.66,308.91,0.8429,-1,-1,-1
527,81,1072.16,279.07,62.88,225.24,0.7562,-1,-1,-1
528,2,877.97,199.60,157.71,492.99,0.8257,-1,-1,-1
528,6,1242.42,46.51,332.79,963.54,0.9093,-1,-1,-1
528,51,999.39,203.29,93.05,450.92,0.5892,-1,-1,-1
528,68,420.31,108.09,260.61,681.13,0.8841,-1,-1,-1
528,71,223.68,206.11,209.29,589.51,0.8462,-1,-1,-1
528,74,1125.95,260.52,111.52,310.25,0.8396,-1,-1,-1
528,81,1077.99,278.06,62.92,226.08,0.7219,-1,-1,-1
529,2,875.97,198.53,158.26,489.84,0.8119,-1,-1,-1
529,6,1242.06,47.86,335.46,953.64,0.9104,-1,-1,-1
529,51,1002.04,203.26,90.20,452.40,0.6234,-1,-1,-1
529,68,415.58,104.20,269.44,693.37,0.8815,-1,-1,-1
529,71,222.45,205.83,209.54,608.55,0.8254,-1,-1,-1
529,74,1133.30,261.59,108.14,311.62,0.8125,-1,-1,-1
529,81,1085.01,284.00,58.61,226.32,0.7214,-1,-1,-1
530,2,889.04,196.66,144.16,490.85,0.7797,-1,-1,-1
530,6,1246.93,49.27,342.80,938.92,0.9049,-1,-1,-1
530,51,1008.57,208.25,87.39,451.79,0.7042,-1,-1,-1
530,68,403.09,101.10,282.41,713.38,0.8805,-1,-1,-1
530,71,213.07,206.16,218.53,630.19,0.8274,-1,-1,-1
530,74,1137.37,262.10,107.52,313.77,0.8001,-1,-1,-1
530,81,1089.11,297.44,62.11,210.33,0.6527,-1,-1,-1
531,2,877.94,195.46,159.19,491.42,0.7960,-1,-1,-1
531,6,1247.83,48.88,345.66,937.48,0.9106,-1,-1,-1
531,51,1010.46,206.87,92.86,458.55,0.7155,-1,-1,-1
531,68,401.18,93.71,283.53,742.96,0.8830,-1,-1,-1
531,71,208.44,208.83,218.11,635.45,0.8438,-1,-1,-1
531,74,1143.93,264.93,106.05,311.42,0.8076,-1,-1,-1
531,81,1093.94,293.26,64.10,213.29,0.7253,-1,-1,-1
532,2,887.26,198.20,156.50,486.48,0.8205,-1,-1,-1
532,6,1250.48,47.17,349.17,949.16,0.9081,-1,-1,-1
532,51,1013.67,201.91,92.30,462.59,0.6443,-1,-1,-1
532,68,396.87,92.18,288.65,757.66,0.8871,-1,-1,-1
532,71,203.24,211.66,222.54,634.08,0.8573,-1,-1,-1
532,74,1146.82,264.98,105.96,313.76,0.8131,-1,-1,-1
532,81,1099.79,293.84,60.28,216.22,0.7337,-1,-1,-1
533,2,892.66,200.29,153.66,485.84,0.8352,-1,-1,-1
533,6,1252.93,48.06,355.67,955.63,0.9008,-1,-1,-1
533,51,1015.69,203.02,92.47,460.40,0.7142,-1,-1,-1
533,68,387.47,90.99,297.92,762.97,0.8827,-1,-1,-1
533,71,197.25,214.17,221.61,640.63,0.8669,-1,-1,-1
533,74,1151.52,269.47,105.58,315.10,0.8023,-1,-1,-1
533,81,1103.11,285.29,61.71,225.41,0.6588,-1,-1,-1
534,2,895.92,201.59,153.19,496.24,0.8348,-1,-1,-1
534,6,1260.55,44.55,358.70,966.53,0.9035,-1,-1,-1
534,51,1015.98,198.52,91.86,465.94,0.6622,-1,-1,-1
534,68,380.36,90.57,303.81,764.13,0.8852,-1,-1,-1
534,71,188.72,216.70,221.59,641.86,0.8752,-1,-1,-1
534,74,1154.23,270.39,106.91,316.23,0.7684,-1,-1,-1
534,81,1106.33,287.14,64.23,231.90,0.6001,-1,-1,-1
535,2,896.03,204.95,153.89,492.93,0.8421,-1,-1,-1
535,6,1263.56,43.23,357.99,978.46,0.9082,-1,-1,-1
535,51,1017.64,199.24,94.78,471.98,0.6860,-1,-1,-1
535,68,373.50,86.98,303.86,778.12,0.8757,-1,-1,-1
535,71,178.99,210.43,227.91,676.21,0.8801,-1,-1,-1
535,74,1152.93,269.90,113.31,317.21,0.7880,-1,-1,-1
535,81,1106.38,288.85,60.21,232.05,0.4041,-1,-1,-1
536,2,900.46,205.32,152.03,494.75,0.8320,-1,-1,-1
536,6,1263.23,41.60,366.74,988.00,0.9050,-1,-1,-1
536,51,1019.14,197.10,92.93,468.51,0.7120,-1,-1,-1
536,68,370.91,82.53,300.38,808.12,0.8700,-1,-1,-1
536,71,167.10,208.69,234.37,683.17,0.8808,-1,-1,-1
536,74,1154.71,269.46,112.31,317.85,0.8016,-1,-1,-1
536,81,1108.64,293.48,59.54,225.57,0.3574,-1,-1,-1
537,2,902.99,209.92,150.85,492.82,0.8228,-1,-1,-1
537,6,1263.97,40.88,371.38,994.35,0.9050,-1,-1,-1
537,51,1019.73,198.83,92.94,462.98,0.6987,-1,-1,-1
537,68,362.74,78.80,301.94,830.32,0.8744,-1,-1,-1
537,71,151.36,205.26,241.51,694.66,0.8765,-1,-1,-1
537,74,1155.73,269.95,111.46,318.07,0.7666,-1,-1,-1
537,81,1113.14,284.91,65.20,240.73,0.3741,-1,-1,-1
538,2,904.00,212.73,152.16,490.11,0.8181,-1,-1,-1
538,6,1267.01,41.17,375.88,1000.66,0.9047,-1,-1,-1
538,51,1019.99,200.38,100.84,459.69,0.7041,-1,-1,-1
538,68,350.38,66.96,298.80,849.03,0.8846,-1,-1,-1
538,71,136.24,198.72,244.46,708.85,0.8730,-1,-1,-1
538,74,1158.44,268.39,109.82,321.26,0.8012,-1,-1,-1
538,81,1114.95,282.34,63.73,245.56,0.3623,-1,-1,-1
539,2,902.93,211.77,151.04,491.54,0.8160,-1,-1,-1
539,6,1268.46,40.04,377.94,1007.96,0.9043,-1,-1,-1
539,51,1020.36,199.84,104.02,451.06,0.7195,-1,-1,-1
539,68,341.80,53.19,306.81,866.09,0.8803,-1,-1,-1
539,71,111.72,188.11,251.47,721.79,0.8693,-1,-1,-1
539,74,1154.69,265.22,110.54,323.50,0.7895,-1,-1,-1
540,2,903.31,212.43,151.74,490.59,0.8093,-1,-1,-1
540,6,1273.13,41.58,374.21,1014.45,0.9040,-1,-1,-1
540,51,1021.27,198.68,92.11,453.58,0.6252,-1,-1,-1
540,68,326.48,50.77,310.26,872.66,0.8769,-1,-1,-1
540,71,98.99,178.92,243.12,736.13,0.8850,-1,-1,-1
540,74,1151.48,266.10,109.04,322.38,0.7979,-1,-1,-1
541,2,903.15,216.63,147.97,483.11,0.8053,-1,-1,-1
541,6,1271.82,51.27,377.31,1010.32,0.9000,-1,-1,-1
541,51,1018.27,200.10,96.27,454.14,0.7100,-1,-1,-1
541,68,303.16,42.17,310.27,887.14,0.8858,-1,-1,-1
541,71,75.91,180.03,253.05,744.16,0.8952,-1,-1,-1
541,74,1135.23,268.51,118.76,321.70,0.7811,-1,-1,-1
542,2,896.71,211.88,150.96,488.34,0.7968,-1,-1,-1
542,6,1272.32,53.52,377.85,1005.56,0.8952,-1,-1,-1
542,51,1016.47,198.45,85.87,454.97,0.6574,-1,-1,-1
542,68,289.28,34.23,305.12,901.62,0.8866,-1,-1,-1
542,71,52.63,167.29,257.79,754.48,0.8870,-1,-1,-1
542,74,1140.27,266.79,110.56,323.54,0.8209,-1,-1,-1
542,89,584.72,291.59,70.15,250.51,0.6277,-1,-1,-1
543,2,891.54,208.73,153.07,489.90,0.8219,-1,-1,-1
543,6,1276.51,51.93,375.46,1001.38,0.8988,-1,-1,-1
543,51,1017.29,195.03,82.64,455.22,0.6314,-1,-1,-1
543,68,258.87,19.91,324.61,919.38,0.8778,-1,-1,-1
543,71,28.63,159.26,263.45,770.77,0.8897,-1,-1,-1
543,74,1132.14,265.25,111.15,321.42,0.7957,-1,-1,-1
543,89,581.68,287.39,75.34,255.56,0.5999,-1,-1,-1
544,2,891.45,204.94,152.12,486.41,0.8169,-1,-1,-1
544,6,1278.32,52.47,374.20,1006.53,0.8985,-1,-1,-1
544,51,1014.99,191.39,85.43,460.47,0.5613,-1,-1,-1
544,68,253.80,11.23,311.90,936.95,0.8982,-1,-1,-1
544,71,4.89,154.44,271.58,781.67,0.8870,-1,-1,-1
544,74,1116.86,262.83,122.01,327.64,0.8358,-1,-1,-1
544,89,579.40,286.92,74.39,257.70,0.6435,-1,-1,-1
544,90,1637.23,287.51,63.71,154.57,0.3282,-1,-1,-1
545,2,889.52,203.90,151.61,483.33,0.8098,-1,-1,-1
545,6,1280.60,54.18,372.29,1000.49,0.9040,-1,-1,-1
545,51,1011.91,200.03,85.91,459.54,0.6115,-1,-1,-1
545,68,220.44,4.20,330.42,950.27,0.8899,-1,-1,-1
545,71,-1.39,146.80,254.97,801.94,0.8814,-1,-1,-1
545,74,1108.82,264.73,125.57,328.56,0.8419,-1,-1,-1
545,89,577.76,289.89,72.74,254.87,0.6477,-1,-1,-1
545,90,1638.34,290.59,63.29,155.14,0.3135,-1,-1,-1
546,2,884.28,202.33,156.58,484.35,0.8076,-1,-1,-1
546,6,1279.45,54.49,372.82,999.97,0.9042,-1,-1,-1
546,51,1009.28,199.64,94.01,446.23,0.4935,-1,-1,-1
546,68,200.94,5.17,339.54,959.34,0.9040,-1,-1,-1
546,71,-2.62,141.75,236.59,825.00,0.8869,-1,-1,-1
546,74,1110.50,269.05,119.12,324.13,0.8204,-1,-1,-1
546,89,574.17,288.66,70.83,253.42,0.6967,-1,-1,-1
546,90,1638.44,301.03,60.51,147.64,0.3620,-1,-1,-1
547,2,878.45,201.32,155.65,485.06,0.8089,-1,-1,-1
547,6,1278.73,53.57,370.07,991.92,0.9079,-1,-1,-1
547,51,1001.83,201.27,106.84,448.93,0.6085,-1,-1,-1
547,68,181.46,2.49,346.77,967.07,0.8974,-1,-1,-1
547,71,-3.33,132.37,219.68,839.92,0.8793,-1,-1,-1
547,74,1112.67,268.56,109.44,323.12,0.7745,-1,-1,-1
547,89,568.52,289.79,61.34,254.35,0.6278,-1,-1,-1
547,90,1637.91,299.81,58.77,149.57,0.3407,-1,-1,-1
548,2,873.92,202.67,156.07,486.18,0.8154,-1,-1,-1
548,6,1278.45,52.71,367.76,978.18,0.9041,-1,-1,-1
548,51,1000.22,202.71,117.65,447.80,0.6327,-1,-1,-1
548,68,158.70,3.05,362.27,987.63,0.8995,-1,-1,-1
548,71,-4.00,125.34,203.80,841.73,0.8606,-1,-1,-1
548,74,1097.48,269.99,116.57,325.55,0.8081,-1,-1,-1
548,89,563.05,287.67,61.86,259.07,0.6733,-1,-1,-1
548,90,1631.94,292.76,61.34,157.15,0.3878,-1,-1,-1
549,2,868.42,202.13,151.08,490.92,0.8360,-1,-1,-1
549,6,1277.77,50.20,364.31,967.86,0.9045,-1,-1,-1
549,51,994.39,217.14,132.59,431.31,0.6796,-1,-1,-1
549,68,113.97,0.88,402.65,1028.11,0.8784,-1,-1,-1
549,71,-5.34,127.56,194.89,847.47,0.8491,-1,-1,-1
549,74,1097.59,271.70,111.67,323.42,0.8209,-1,-1,-1
549,89,555.17,291.43,64.26,254.30,0.6633,-1,-1,-1
549,90,1629.73,295.96,60.20,156.63,0.4338,-1,-1,-1
550,2,866.50,203.91,152.36,493.07,0.8403,-1,-1,-1
550,6,1277.22,48.49,361.67,971.92,0.9036,-1,-1,-1
550,51,988.43,208.80,81.74,444.98,0.4560,-1,-1,-1
550,68,90.43,2.15,398.82,1064.93,0.8849,-1,-1,-1
550,71,0.85,161.96,154.79,821.17,0.8167,-1,-1,-1
550,74,1097.77,272.39,103.09,323.53,0.8087,-1,-1,-1
550,89,546.27,286.25,72.19,260.80,0.6643,-1,-1,-1
550,90,1624.44,291.82,61.90,162.98,0.4778,-1,-1,-1
551,2,864.96,208.32,147.81,487.59,0.8466,-1,-1,-1
551,6,1276.23,47.69,362.00,984.83,0.8995,-1,-1,-1
551,51,983.43,207.68,81.68,434.71,0.3067,-1,-1,-1
551,68,64.03,1.34,405.63,1074.09,0.8871,-1,-1,-1
551,71,-2.62,251.73,144.22,734.58,0.8400,-1,-1,-1
551,74,1094.60,274.23,103.32,321.15,0.7984,-1,-1,-1
551,89,540.96,280.58,63.27,268.02,0.7285,-1,-1,-1
551,90,1620.96,285.02,64.29,170.61,0.4939,-1,-1,-1
551,92,1023.57,287.60,111.27,339.26,0.6773,-1,-1,-1
552,2,858.90,212.90,148.13,480.16,0.8402,-1,-1,-1
552,6,1276.40,48.55,359.20,991.91,0.8993,-1,-1,-1
552,51,975.09,211.77,85.63,415.49,0.4470,-1,-1,-1
552,68,25.33,3.82,424.99,1068.90,0.9076,-1,-1,-1
552,71,-1.82,240.23,125.09,751.91,0.7941,-1,-1,-1
552,74,1094.87,276.92,97.03,320.50,0.7477,-1,-1,-1
552,89,534.11,283.22,69.59,267.24,0.7324,-1,-1,-1
552,90,1618.57,279.89,66.59,177.09,0.3784,-1,-1,-1
552,92,1013.82,283.43,123.99,348.03,0.6554,-1,-1,-1
553,2,852.10,216.27,146.03,480.40,0.8144,-1,-1,-1
553,6,1280.29,47.38,353.93,998.89,0.8958,-1,-1,-1
553,51,972.70,212.61,85.68,421.79,0.5710,-1,-1,-1
553,68,0.56,2.20,438.03,1065.08,0.9053,-1,-1,-1
553,71,-5.45,236.88,115.17,762.77,0.4725,-1,-1,-1
553,74,1097.41,275.97,87.60,319.79,0.7461,-1,-1,-1
553,89,529.54,290.62,70.21,261.37,0.7058,-1,-1,-1
553,90,1615.41,281.01,68.11,178.16,0.3165,-1,-1,-1
553,92,1014.64,271.75,122.66,363.68,0.6267,-1,-1,-1
554,2,851.74,221.06,136.97,480.54,0.8399,-1,-1,-1
554,6,1274.74,47.28,352.44,1004.92,0.9026,-1,-1,-1
554,51,964.73,213.73,84.58,463.93,0.6286,-1,-1,-1
554,68,-1.59,4.19,429.92,1062.18,0.9109,-1,-1,-1
554,74,1096.34,277.64,89.75,328.04,0.6848,-1,-1,-1
554,89,527.02,286.56,70.30,268.32,0.7207,-1,-1,-1
554,90,1612.36,287.33,71.95,171.51,0.5709,-1,-1,-1
554,92,1018.34,268.41,117.44,371.12,0.6176,-1,-1,-1
555,2,853.06,222.04,132.24,482.95,0.8488,-1,-1,-1
555,6,1268.71,50.61,353.28,1008.04,0.9051,-1,-1,-1
555,51,960.16,214.90,87.24,465.04,0.6516,-1,-1,-1
555,68,1.62,3.11,381.58,1062.52,0.8840,-1,-1,-1
555,74,1098.17,279.40,82.30,335.22,0.4512,-1,-1,-1
555,89,522.91,288.79,74.29,268.36,0.7476,-1,-1,-1
555,90,1605.91,291.01,77.23,169.62,0.6565,-1,-1,-1
555,92,1016.45,268.49,121.50,374.95,0.6406,-1,-1,-1
556,2,849.88,222.37,133.99,482.02,0.8435,-1,-1,-1
556,6,1266.85,53.78,352.52,1014.64,0.9005,-1,-1,-1
556,51,960.66,216.62,91.53,465.03,0.7287,-1,-1,-1
556,68,0.17,5.83,350.27,1058.08,0.9233,-1,-1,-1
556,89,520.65,289.96,70.36,270.07,0.7283,-1,-1,-1
556,90,1607.07,292.01,76.53,171.58,0.6456,-1,-1,-1
556,92,1018.63,262.28,125.52,382.91,0.6031,-1,-1,-1
557,2,845.48,220.13,136.68,484.35,0.8358,-1,-1,-1
557,6,1270.79,55.61,345.63,1013.08,0.8958,-1,-1,-1
557,51,960.35,213.30,93.79,464.43,0.7583,-1,-1,-1
557,68,-1.30,4.46,339.03,1062.50,0.9184,-1,-1,-1
557,89,516.82,292.72,70.94,269.54,0.7234,-1,-1,-1
557,90,1605.88,288.91,77.53,175.65,0.5221,-1,-1,-1
557,92,1044.15,261.37,121.63,378.53,0.7519,-1,-1,-1
558,2,838.49,218.63,142.19,488.67,0.8393,-1,-1,-1
558,6,1277.52,56.42,334.60,1015.24,0.8954,-1,-1,-1
558,51,960.76,216.07,93.33,460.10,0.8012,-1,-1,-1
558,68,-2.53,4.63,331.83,1062.80,0.8745,-1,-1,-1
558,89,516.06,293.07,72.36,270.64,0.7385,-1,-1,-1
558,90,1605.12,287.96,82.95,176.66,0.4423,-1,-1,-1
558,92,1050.22,256.16,116.35,389.02,0.7894,-1,-1,-1
559,2,831.87,220.66,149.52,483.00,0.8352,-1,-1,-1
559,6,1284.76,57.37,325.12,1011.91,0.9023,-1,-1,-1
559,51,957.66,213.86,99.58,454.95,0.7987,-1,-1,-1
559,68,-4.40,7.02,354.12,1063.68,0.8954,-1,-1,-1
559,89,520.15,289.46,69.23,278.06,0.7440,-1,-1,-1
559,90,1603.67,291.63,94.30,175.61,0.5063,-1,-1,-1
559,92,1047.81,255.68,120.95,392.21,0.7931,-1,-1,-1
560,2,823.62,224.74,158.94,475.31,0.8428,-1,-1,-1
560,6,1289.34,59.83,316.17,1008.05,0.8923,-1,-1,-1
560,51,955.76,219.93,103.68,444.78,0.7660,-1,-1,-1
560,68,-3.88,5.05,349.93,1063.75,0.7989,-1,-1,-1
560,89,520.46,291.75,71.06,278.07,0.7424,-1,-1,-1
560,90,1602.02,293.05,102.92,175.35,0.6286,-1,-1,-1
560,92,1062.36,263.96,111.62,383.33,0.7205,-1,-1,-1
561,2,821.78,221.60,160.83,474.83,0.8466,-1,-1,-1
561,6,1293.84,56.40,318.41,1011.70,0.8955,-1,-1,-1
561,51,955.98,217.25,109.59,446.26,0.7843,-1,-1,-1
561,68,0.70,6.38,334.37,1061.72,0.8637,-1,-1,-1
561,89,523.19,287.28,75.94,281.72,0.7173,-1,-1,-1
561,90,1606.78,283.83,117.67,182.70,0.5895,-1,-1,-1
561,92,1080.07,272.48,113.05,370.38,0.7060,-1,-1,-1
562,2,817.50,218.30,164.73,472.13,0.8433,-1,-1,-1
562,6,1297.51,54.66,314.27,1018.98,0.9004,-1,-1,-1
562,51,954.25,213.94,114.29,453.71,0.7992,-1,-1,-1
562,68,0.12,12.84,332.15,1054.60,0.8348,-1,-1,-1
562,89,524.70,289.01,74.51,278.95,0.6949,-1,-1,-1
562,90,1617.43,285.62,110.70,181.70,0.6895,-1,-1,-1
562,92,1093.14,271.14,112.73,380.50,0.7619,-1,-1,-1
563,2,817.76,218.48,166.19,476.32,0.8472,-1,-1,-1
563,6,1302.03,58.71,324.20,1015.55,0.8957,-1,-1,-1
563,51,957.67,216.02,114.08,454.70,0.8121,-1,-1,-1
563,68,2.42,7.22,315.83,1060.68,0.8743,-1,-1,-1
563,89,527.64,289.31,73.54,281.27,0.7384,-1,-1,-1
563,90,1630.18,283.68,116.25,184.93,0.5993,-1,-1,-1
563,92,1102.43,271.28,129.12,382.58,0.7909,-1,-1,-1
564,2,822.06,219.16,165.68,480.81,0.8585,-1,-1,-1
564,6,1304.99,52.84,339.90,1021.38,0.8986,-1,-1,-1
564,51,962.92,214.39,116.42,461.91,0.7956,-1,-1,-1
564,68,3.40,6.35,304.61,1063.65,0.8590,-1,-1,-1
564,74,1068.77,271.56,93.84,344.34,0.5487,-1,-1,-1
564,89,534.11,293.86,72.17,279.46,0.7498,-1,-1,-1
564,90,1645.27,278.92,106.21,190.83,0.6526,-1,-1,-1
564,92,1113.37,270.16,148.80,388.32,0.7522,-1,-1,-1
565,2,833.05,224.62,161.68,478.32,0.8559,-1,-1,-1
565,6,1306.94,53.39,358.57,1025.53,0.9025,-1,-1,-1
565,51,972.11,217.16,117.70,463.71,0.7981,-1,-1,-1
565,68,8.01,11.66,286.37,1054.98,0.7608,-1,-1,-1
565,74,1083.02,274.90,92.53,339.24,0.6708,-1,-1,-1
565,89,542.85,303.14,72.95,272.59,0.7163,-1,-1,-1
565,90,1658.92,280.84,113.42,196.55,0.6562,-1,-1,-1
565,92,1131.37,270.28,166.14,391.85,0.7974,-1,-1,-1
566,2,839.87,226.84,160.46,477.73,0.8489,-1,-1,-1
566,6,1314.37,53.73,367.03,1013.98,0.8978,-1,-1,-1
566,51,975.77,215.76,122.23,462.15,0.7564,-1,-1,-1
566,68,7.54,8.90,266.29,1059.64,0.7997,-1,-1,-1
566,74,1087.14,273.27,103.54,341.41,0.6526,-1,-1,-1
566,89,548.54,303.76,72.31,272.60,0.7248,-1,-1,-1
566,90,1675.30,281.58,101.96,195.48,0.7203,-1,-1,-1
566,92,1137.76,273.95,184.21,394.65,0.7251,-1,-1,-1
567,2,846.58,231.55,161.98,479.40,0.8364,-1,-1,-1
567,6,1320.80,53.95,382.55,1006.12,0.9166,-1,-1,-1
567,51,981.40,222.96,117.39,447.59,0.7655,-1,-1,-1
567,68,8.70,5.58,245.91,1063.44,0.7285,-1,-1,-1
567,74,1092.23,273.16,108.37,351.29,0.7413,-1,-1,-1
567,89,553.10,304.59,74.15,272.53,0.7417,-1,-1,-1
567,90,1692.35,281.84,104.02,193.66,0.6558,-1,-1,-1
567,92,1142.41,270.71,209.11,400.64,0.7992,-1,-1,-1
568,2,849.75,230.83,164.50,480.27,0.8452,-1,-1,-1
568,6,1311.72,54.16,404.39,1016.28,0.9163,-1,-1,-1
568,51,987.29,225.60,121.49,452.46,0.8195,-1,-1,-1
568,68,16.23,9.59,218.72,1062.96,0.3052,-1,-1,-1
568,74,1095.74,271.65,115.18,353.94,0.7460,-1,-1,-1
568,89,558.63,300.59,77.01,276.17,0.7535,-1,-1,-1
568,90,1704.83,283.07,104.71,197.40,0.6212,-1,-1,-1
568,92,1150.18,282.02,192.87,393.79,0.8633,-1,-1,-1
569,2,854.92,232.55,162.75,480.84,0.8512,-1,-1,-1
569,6,1320.92,54.80,408.70,1016.95,0.9097,-1,-1,-1
569,51,997.86,227.03,118.28,462.27,0.8181,-1,-1,-1
569,74,1103.88,275.68,112.04,353.78,0.7734,-1,-1,-1
569,89,564.29,300.13,79.00,279.38,0.7623,-1,-1,-1
569,90,1717.10,286.21,102.91,198.90,0.6674,-1,-1,-1
569,92,1153.84,284.61,195.47,395.07,0.8655,-1,-1,-1
570,2,863.42,242.34,157.08,474.53,0.8605,-1,-1,-1
570,6,1320.14,56.22,426.89,1015.63,0.9009,-1,-1,-1
570,51,1008.37,231.76,114.37,461.45,0.8223,-1,-1,-1
570,74,1110.71,276.28,118.02,352.07,0.7814,-1,-1,-1
570,89,567.57,295.38,80.16,285.10,0.7629,-1,-1,-1
570,90,1729.92,289.25,102.94,198.45,0.6612,-1,-1,-1
570,92,1166.18,281.33,196.79,403.20,0.8490,-1,-1,-1
571,2,870.13,245.32,156.66,473.49,0.8515,-1,-1,-1
571,6,1327.63,54.15,421.70,1019.78,0.9150,-1,-1,-1
571,51,1012.53,233.47,111.92,464.17,0.7977,-1,-1,-1
571,74,1110.03,273.64,129.26,357.55,0.8050,-1,-1,-1
571,89,571.06,303.58,78.90,282.37,0.7939,-1,-1,-1
571,90,1740.19,289.48,104.01,201.17,0.5994,-1,-1,-1
571,92,1170.66,279.47,202.03,412.10,0.8298,-1,-1,-1
572,2,874.82,238.78,156.94,477.04,0.8206,-1,-1,-1
572,6,1326.53,53.52,431.92,1021.90,0.9047,-1,-1,-1
572,51,1015.02,233.37,115.18,461.60,0.7808,-1,-1,-1
572,74,1118.77,274.55,129.95,360.45,0.7914,-1,-1,-1
572,89,576.36,305.58,76.02,279.08,0.8195,-1,-1,-1
572,90,1751.03,289.75,105.52,201.86,0.5634,-1,-1,-1
572,92,1194.18,281.36,187.88,410.81,0.8293,-1,-1,-1
573,2,880.61,238.59,152.95,476.72,0.8281,-1,-1,-1
573,6,1332.23,55.02,441.53,1020.62,0.8942,-1,-1,-1
573,51,1022.05,233.41,114.67,458.08,0.7582,-1,-1,-1
573,74,1121.97,276.24,133.60,359.51,0.8218,-1,-1,-1
573,89,580.10,308.68,74.40,278.50,0.7776,-1,-1,-1
573,90,1761.30,293.10,104.08,201.03,0.6063,-1,-1,-1
573,92,1214.67,284.71,173.05,409.91,0.8170,-1,-1,-1
574,2,884.17,239.52,158.44,477.21,0.8419,-1,-1,-1
574,6,1340.55,54.15,441.92,1019.78,0.9082,-1,-1,-1
574,51,1025.90,236.40,115.68,455.12,0.7596,-1,-1,-1
574,74,1127.58,278.85,132.38,361.53,0.8297,-1,-1,-1
574,89,584.91,306.27,75.74,280.81,0.7113,-1,-1,-1
574,90,1774.43,294.20,106.72,203.78,0.5543,-1,-1,-1
574,92,1235.17,283.36,163.52,414.38,0.7739,-1,-1,-1
575,2,886.58,239.13,157.85,474.93,0.8422,-1,-1,-1
575,6,1350.06,57.22,435.37,1013.62,0.9107,-1,-1,-1
575,51,1030.55,235.95,112.48,459.87,0.7711,-1,-1,-1
575,74,1134.12,278.25,130.94,364.38,0.8403,-1,-1,-1
575,89,589.13,304.66,74.83,281.78,0.6911,-1,-1,-1
575,92,1250.82,282.78,154.15,417.84,0.7156,-1,-1,-1
576,2,889.31,238.71,156.35,472.61,0.8239,-1,-1,-1
576,6,1356.88,60.51,433.52,1009.17,0.9127,-1,-1,-1
576,51,1030.15,236.13,113.17,455.92,0.7834,-1,-1,-1
576,74,1139.73,274.34,132.49,369.18,0.8363,-1,-1,-1
576,89,591.76,314.75,74.10,273.86,0.7103,-1,-1,-1
576,90,1786.23,296.10,115.30,205.08,0.5532,-1,-1,-1
576,92,1271.49,280.76,140.84,423.51,0.7408,-1,-1,-1
577,2,892.73,236.80,154.18,470.34,0.8184,-1,-1,-1
577,6,1360.48,60.69,433.83,1009.11,0.9074,-1,-1,-1
577,51,1030.40,226.47,112.61,474.58,0.7901,-1,-1,-1
577,74,1140.52,274.06,134.80,370.94,0.8281,-1,-1,-1
577,89,587.65,316.74,78.84,272.33,0.6706,-1,-1,-1
577,90,1794.83,295.41,115.51,201.54,0.6055,-1,-1,-1
577,92,1293.26,287.92,137.63,424.15,0.7620,-1,-1,-1
578,2,893.56,236.68,153.76,470.97,0.8286,-1,-1,-1
578,6,1367.55,63.28,436.59,1006.57,0.9024,-1,-1,-1
578,51,1030.62,224.40,112.97,476.92,0.7904,-1,-1,-1
578,74,1143.37,274.42,125.06,372.73,0.8224,-1,-1,-1
578,89,589.71,315.04,77.57,274.98,0.6977,-1,-1,-1
578,90,1798.07,299.41,117.16,201.56,0.5934,-1,-1,-1
578,92,1317.76,282.44,122.53,431.46,0.7279,-1,-1,-1
579,2,890.04,240.21,153.98,471.63,0.8383,-1,-1,-1
579,6,1385.68,71.09,423.65,997.32,0.9034,-1,-1,-1
579,51,1027.36,232.01,115.34,471.47,0.7846,-1,-1,-1
579,74,1142.13,276.55,129.60,377.01,0.8299,-1,-1,-1
579,89,589.51,307.22,73.84,290.65,0.7376,-1,-1,-1
579,90,1801.21,304.33,117.97,208.66,0.6257,-1,-1,-1
579,92,1329.82,284.00,123.70,442.84,0.7859,-1,-1,-1
580,2,892.17,242.42,149.03,467.66,0.8433,-1,-1,-1
580,6,1395.18,72.66,420.71,995.66,0.9024,-1,-1,-1
580,51,1022.48,234.93,119.75,466.32,0.7729,-1,-1,-1
580,74,1141.35,275.37,128.89,379.90,0.8004,-1,-1,-1
580,89,585.26,303.45,75.20,296.50,0.6826,-1,-1,-1
580,90,1808.06,304.57,111.29,212.55,0.6580,-1,-1,-1
580,92,1332.40,284.41,127.87,449.87,0.7709,-1,-1,-1
581,2,886.70,242.83,150.36,465.84,0.8373,-1,-1,-1
581,6,1411.49,69.66,413.93,995.57,0.9016,-1,-1,-1
581,51,1019.45,234.94,123.24,461.74,0.7767,-1,-1,-1
581,74,1146.51,285.69,119.12,369.70,0.7877,-1,-1,-1
581,89,583.52,307.81,72.14,292.49,0.7291,-1,-1,-1
581,90,1817.24,305.24,102.13,215.81,0.6044,-1,-1,-1
581,92,1334.43,283.51,150.25,454.54,0.7721,-1,-1,-1
582,2,886.07,245.87,145.29,464.68,0.8438,-1,-1,-1
582,6,1425.29,71.25,412.05,1002.22,0.9084,-1,-1,-1
582,51,1016.46,234.30,126.20,461.10,0.7830,-1,-1,-1
582,74,1148.10,286.00,116.82,369.40,0.7750,-1,-1,-1
582,89,581.95,308.35,72.14,293.09,0.7594,-1,-1,-1
582,90,1827.97,305.47,91.54,215.82,0.5269,-1,-1,-1
582,92,1335.82,285.92,169.06,451.07,0.8253,-1,-1,-1
582,93,1229.96,310.78,63.36,282.76,0.4564,-1,-1,-1
583,2,882.89,249.02,144.01,472.98,0.8495,-1,-1,-1
583,6,1430.62,72.69,415.75,1001.01,0.9085,-1,-1,-1
583,51,1013.21,232.65,129.29,464.10,0.7637,-1,-1,-1
583,74,1143.41,280.52,117.89,377.81,0.7814,-1,-1,-1
583,89,576.90,310.81,74.28,292.71,0.7641,-1,-1,-1
583,90,1837.34,307.03,82.05,217.72,0.5309,-1,-1,-1
583,92,1339.75,286.71,166.50,450.23,0.8008,-1,-1,-1
583,93,1233.16,312.41,61.97,283.59,0.5579,-1,-1,-1
584,2,875.22,249.57,146.98,477.63,0.8479,-1,-1,-1
584,6,1439.01,70.13,416.88,1002.80,0.9091,-1,-1,-1
584,51,1013.55,234.41,129.63,467.89,0.7647,-1,-1,-1
584,74,1142.65,284.32,121.27,377.18,0.7715,-1,-1,-1
584,89,574.73,304.70,74.38,294.71,0.7628,-1,-1,-1
584,90,1841.22,308.05,78.05,224.30,0.5700,-1,-1,-1
584,92,1339.20,281.60,168.18,456.72,0.7984,-1,-1,-1
584,93,1231.99,311.97,64.19,282.94,0.5490,-1,-1,-1
585,2,866.99,251.75,146.06,476.31,0.8625,-1,-1,-1
585,6,1443.96,72.08,416.91,996.57,0.9091,-1,-1,-1
585,51,1006.92,233.43,133.44,470.25,0.7861,-1,-1,-1
585,74,1141.87,284.46,121.19,379.39,0.7750,-1,-1,-1
585,89,573.01,308.13,71.23,291.99,0.7814,-1,-1,-1
585,90,1849.21,304.49,70.17,228.35,0.5228,-1,-1,-1
585,92,1339.58,282.41,164.13,451.38,0.7659,-1,-1,-1
585,93,1229.57,310.13,64.64,276.43,0.4705,-1,-1,-1
586,2,861.97,253.17,146.53,474.57,0.8470,-1,-1,-1
586,6,1453.50,70.76,412.49,1002.65,0.9039,-1,-1,-1
586,51,1008.37,234.59,127.11,469.88,0.8057,-1,-1,-1
586,74,1140.68,284.54,126.19,378.32,0.7451,-1,-1,-1
586,89,567.78,298.02,72.81,303.75,0.7591,-1,-1,-1
586,90,1851.71,306.57,67.72,230.62,0.4461,-1,-1,-1
586,92,1340.66,284.40,167.18,451.41,0.7408,-1,-1,-1
587,2,861.87,253.70,143.72,472.48,0.8500,-1,-1,-1
587,6,1459.79,66.75,409.65,1008.74,0.8986,-1,-1,-1
587,51,1008.40,236.64,122.30,468.54,0.8084,-1,-1,-1
587,74,1141.39,282.89,125.14,381.86,0.7568,-1,-1,-1
587,89,564.12,305.14,72.34,297.94,0.7177,-1,-1,-1
587,90,1853.61,308.96,65.95,227.84,0.4821,-1,-1,-1
587,92,1341.73,284.12,176.46,458.85,0.7564,-1,-1,-1
588,2,859.70,254.31,140.29,472.26,0.8394,-1,-1,-1
588,6,1465.60,65.40,404.36,1008.57,0.9020,-1,-1,-1
588,51,1002.13,239.48,123.47,466.07,0.7910,-1,-1,-1
588,74,1141.51,285.59,127.49,380.03,0.7229,-1,-1,-1
588,89,555.94,317.65,73.06,288.00,0.7265,-1,-1,-1
588,90,1856.46,308.76,63.10,225.54,0.5365,-1,-1,-1
588,92,1340.80,284.24,184.64,460.80,0.7545,-1,-1,-1
589,2,854.77,253.01,136.69,474.45,0.8394,-1,-1,-1
589,6,1468.43,63.01,407.76,1012.64,0.9034,-1,-1,-1
589,51,996.93,237.32,128.27,469.76,0.7998,-1,-1,-1
589,74,1140.79,283.57,135.37,384.39,0.7720,-1,-1,-1
589,89,552.24,322.32,69.93,282.85,0.7147,-1,-1,-1
589,90,1860.35,311.54,59.27,221.94,0.4634,-1,-1,-1
589,92,1340.93,283.33,195.32,468.58,0.7693,-1,-1,-1
590,2,849.40,251.52,137.82,477.44,0.8380,-1,-1,-1
590,6,1466.47,62.17,414.76,1014.38,0.9073,-1,-1,-1
590,51,980.78,239.74,139.95,467.95,0.8109,-1,-1,-1
590,74,1139.22,285.00,141.01,386.88,0.8113,-1,-1,-1
590,89,548.90,317.30,71.60,288.46,0.7127,-1,-1,-1
590,90,1864.41,313.79,55.10,221.62,0.3899,-1,-1,-1
590,92,1352.09,279.28,191.29,477.10,0.7314,-1,-1,-1
591,2,835.60,249.68,148.52,473.86,0.8401,-1,-1,-1
591,6,1466.80,60.99,418.22,1011.62,0.9094,-1,-1,-1
591,51,983.63,240.88,132.78,464.82,0.8066,-1,-1,-1
591,74,1140.08,281.54,138.71,391.05,0.8226,-1,-1,-1
591,89,542.63,318.70,74.66,288.66,0.7380,-1,-1,-1
591,90,1867.72,316.24,51.79,219.17,0.3591,-1,-1,-1
591,92,1378.59,278.81,166.49,480.25,0.7152,-1,-1,-1
592,2,827.95,250.10,149.24,468.65,0.8338,-1,-1,-1
592,6,1466.42,59.63,421.11,1011.74,0.9062,-1,-1,-1
592,51,983.87,239.43,130.37,469.42,0.8132,-1,-1,-1
592,74,1141.79,277.96,135.37,395.28,0.8066,-1,-1,-1
592,89,539.41,307.54,78.78,302.78,0.7281,-1,-1,-1
592,90,1870.36,333.69,49.53,198.50,0.3208,-1,-1,-1
592,92,1403.47,276.02,143.07,483.61,0.5636,-1,-1,-1
593,2,824.28,249.78,148.42,464.85,0.8351,-1,-1,-1
593,6,1463.71,60.39,426.09,1012.27,0.8957,-1,-1,-1
593,51,984.23,238.87,127.30,471.73,0.8157,-1,-1,-1
593,74,1142.72,280.66,134.38,396.58,0.8257,-1,-1,-1
593,89,537.78,304.69,79.37,308.82,0.7113,-1,-1,-1
593,92,1418.46,305.19,140.14,454.95,0.4432,-1,-1,-1
593,94,1107.59,317.90,53.19,243.15,0.6205,-1,-1,-1
594,2,814.18,250.67,157.38,463.12,0.8365,-1,-1,-1
594,6,1471.21,61.90,417.18,1013.92,0.8954,-1,-1,-1
594,51,982.51,241.36,125.95,472.43,0.8133,-1,-1,-1
594,74,1146.73,282.22,130.66,397.07,0.8041,-1,-1,-1
594,89,534.25,311.06,74.53,302.43,0.7296,-1,-1,-1
594,94,1108.47,317.98,54.47,244.06,0.6116,-1,-1,-1
595,2,808.40,250.26,159.58,464.53,0.8524,-1,-1,-1
595,6,1481.81,63.21,411.12,1010.72,0.9088,-1,-1,-1
595,51,982.67,243.42,126.09,472.17,0.8038,-1,-1,-1
595,74,1148.46,282.17,129.83,398.59,0.7977,-1,-1,-1
595,89,530.73,307.17,82.11,311.98,0.7636,-1,-1,-1
595,94,1106.07,314.21,57.92,248.22,0.6605,-1,-1,-1
596,2,803.28,250.67,163.93,464.63,0.8479,-1,-1,-1
596,6,1488.54,59.53,401.51,1015.18,0.9160,-1,-1,-1
596,51,977.03,243.33,134.98,473.00,0.8121,-1,-1,-1
596,74,1148.45,277.44,131.47,404.10,0.7775,-1,-1,-1
596,89,529.66,309.77,82.03,310.81,0.7562,-1,-1,-1
596,94,1106.14,312.10,58.98,250.79,0.5401,-1,-1,-1
597,2,801.44,247.95,163.01,468.79,0.8447,-1,-1,-1
597,6,1499.37,54.18,390.50,1020.56,0.9159,-1,-1,-1
597,51,976.80,243.70,138.24,473.83,0.8104,-1,-1,-1
597,74,1153.11,276.12,138.34,404.53,0.7707,-1,-1,-1
597,89,531.27,305.70,77.38,313.16,0.7629,-1,-1,-1
597,94,1105.43,313.85,60.73,250.21,0.5784,-1,-1,-1
598,2,801.41,251.50,164.25,475.46,0.8460,-1,-1,-1
598,6,1508.88,57.39,380.62,1016.11,0.9145,-1,-1,-1
598,51,980.92,250.01,139.72,481.98,0.8237,-1,-1,-1
598,74,1151.97,282.88,149.85,402.82,0.8047,-1,-1,-1
598,89,531.09,304.85,76.21,317.85,0.7488,-1,-1,-1
598,94,1108.37,317.13,60.42,244.27,0.4600,-1,-1,-1
599,2,801.61,254.51,165.23,474.47,0.8504,-1,-1,-1
599,6,1509.16,58.31,384.00,1018.02,0.9196,-1,-1,-1
599,51,987.20,251.84,137.05,479.10,0.8189,-1,-1,-1
599,74,1154.74,284.85,153.30,402.85,0.8043,-1,-1,-1
599,89,531.09,311.48,84.39,317.76,0.7502,-1,-1,-1
599,94,1107.54,316.87,61.58,249.17,0.3650,-1,-1,-1
600,2,806.53,256.44,161.27,475.56,0.8403,-1,-1,-1
600,6,1510.39,55.21,391.69,1023.38,0.9233,-1,-1,-1
600,51,993.20,250.99,134.73,483.84,0.8008,-1,-1,-1
600,74,1162.09,288.37,151.90,400.59,0.8259,-1,-1,-1
600,89,534.46,311.55,87.09,318.78,0.7339,-1,-1,-1
601,2,810.22,259.50,156.50,477.14,0.8455,-1,-1,-1
601,6,1510.15,55.91,403.21,1022.94,0.9238,-1,-1,-1
601,51,995.99,251.14,133.16,482.93,0.7933,-1,-1,-1
601,74,1166.71,282.17,154.71,408.00,0.7889,-1,-1,-1
601,89,537.14,313.45,83.19,318.69,0.7296,-1,-1,-1
601,94,1117.50,327.12,61.86,237.26,0.3972,-1,-1,-1
602,2,815.58,264.08,157.15,477.54,0.8390,-1,-1,-1
602,6,1509.56,58.01,409.72,1017.32,0.9214,-1,-1,-1
602,51,995.31,251.53,135.98,485.85,0.7933,-1,-1,-1
602,74,1187.00,280.86,140.54,413.84,0.7394,-1,-1,-1
602,89,540.64,318.44,83.79,315.78,0.7178,-1,-1,-1
602,94,1120.23,330.43,65.59,243.32,0.5204,-1,-1,-1
603,2,824.95,270.23,151.31,474.54,0.8149,-1,-1,-1
603,6,1516.81,61.24,403.03,1014.98,0.9261,-1,-1,-1
603,51,1005.02,256.62,126.88,479.83,0.7889,-1,-1,-1
603,74,1194.35,285.08,144.17,420.38,0.7151,-1,-1,-1
603,89,543.56,328.27,81.40,312.56,0.7380,-1,-1,-1
603,94,1125.04,346.35,65.05,230.43,0.5775,-1,-1,-1
603,96,1183.00,311.76,84.74,374.27,0.3742,-1,-1,-1
604,2,827.71,275.84,153.90,469.31,0.8230,-1,-1,-1
604,6,1522.94,63.01,397.01,1013.35,0.9279,-1,-1,-1
604,51,1010.95,261.36,124.76,476.82,0.8130,-1,-1,-1
604,74,1204.13,288.16,144.40,420.93,0.7598,-1,-1,-1
604,89,550.53,334.04,84.00,311.43,0.7054,-1,-1,-1
604,94,1132.70,349.07,62.53,231.82,0.6594,-1,-1,-1
604,96,1189.83,314.40,83.14,293.52,0.4478,-1,-1,-1
605,2,836.52,276.47,153.64,470.64,0.8312,-1,-1,-1
605,6,1524.49,61.72,395.49,1016.38,0.9181,-1,-1,-1
605,51,1014.51,259.22,126.81,469.93,0.8095,-1,-1,-1
605,74,1210.07,289.17,145.35,421.55,0.7430,-1,-1,-1
605,89,554.49,334.55,79.87,313.45,0.7404,-1,-1,-1
605,94,1135.81,350.80,66.08,232.91,0.6529,-1,-1,-1
605,96,1198.12,327.70,79.04,273.26,0.3810,-1,-1,-1
606,2,845.23,277.37,152.22,474.21,0.8152,-1,-1,-1
606,6,1534.62,63.39,385.33,1011.02,0.9222,-1,-1,-1
606,51,1016.71,259.97,126.93,468.66,0.7926,-1,-1,-1
606,74,1223.67,289.97,145.82,425.30,0.6471,-1,-1,-1
606,89,560.27,328.02,78.45,320.85,0.7158,-1,-1,-1
606,94,1141.99,352.36,67.54,234.30,0.6475,-1,-1,-1
606,96,1206.15,323.35,75.45,285.58,0.5184,-1,-1,-1
607,2,853.75,279.27,147.43,471.07,0.8365,-1,-1,-1
607,6,1542.93,65.72,376.90,1006.57,0.9140,-1,-1,-1
607,51,1029.44,262.01,119.27,468.60,0.8070,-1,-1,-1
607,74,1238.29,291.71,138.70,423.98,0.6691,-1,-1,-1
607,89,566.94,326.06,85.28,324.42,0.8040,-1,-1,-1
607,94,1150.79,339.84,66.15,246.09,0.6656,-1,-1,-1
607,96,1217.23,329.98,72.03,358.34,0.4791,-1,-1,-1
608,2,854.29,277.41,152.93,465.49,0.8296,-1,-1,-1
608,6,1553.02,67.46,366.90,1001.61,0.9174,-1,-1,-1
608,51,1035.70,264.04,126.63,462.89,0.7962,-1,-1,-1
608,74,1245.48,291.36,148.74,429.89,0.5397,-1,-1,-1
608,89,571.57,329.31,82.81,321.24,0.7610,-1,-1,-1
608,94,1156.36,344.92,68.23,241.81,0.7178,-1,-1,-1
608,96,1221.96,315.86,93.75,342.73,0.5471,-1,-1,-1
609,2,862.43,276.10,147.14,465.18,0.8197,-1,-1,-1
609,6,1561.58,69.83,358.10,1001.62,0.9201,-1,-1,-1
609,51,1037.60,261.08,134.94,470.84,0.8252,-1,-1,-1
609,74,1259.62,284.92,138.35,438.65,0.7263,-1,-1,-1
609,89,575.07,331.21,84.40,323.10,0.7841,-1,-1,-1
609,94,1161.58,349.59,72.09,242.19,0.6236,-1,-1,-1
609,96,1231.23,325.83,88.06,308.24,0.5666,-1,-1,-1
610,2,872.54,277.45,141.89,462.70,0.8262,-1,-1,-1
610,6,1568.72,72.84,350.76,1001.01,0.9221,-1,-1,-1
610,51,1042.20,264.20,133.33,473.09,0.8224,-1,-1,-1
610,74,1273.74,286.13,142.89,434.29,0.7584,-1,-1,-1
610,89,579.29,328.79,89.55,327.87,0.7514,-1,-1,-1
610,94,1166.03,349.22,71.28,240.50,0.5563,-1,-1,-1
610,96,1237.75,328.04,86.52,312.05,0.6004,-1,-1,-1
611,2,874.37,277.61,144.54,464.30,0.8167,-1,-1,-1
611,6,1582.78,69.28,336.66,1006.54,0.9176,-1,-1,-1
611,51,1041.55,268.45,134.34,469.85,0.7848,-1,-1,-1
611,74,1283.44,289.50,135.11,439.34,0.6794,-1,-1,-1
611,89,584.09,331.12,83.76,326.06,0.7415,-1,-1,-1
611,94,1166.18,346.71,71.85,242.28,0.6941,-1,-1,-1
611,96,1243.70,333.78,83.85,305.66,0.5944,-1,-1,-1
612,2,878.74,281.41,141.51,458.19,0.8333,-1,-1,-1
612,6,1599.33,75.42,319.74,1004.05,0.9152,-1,-1,-1
612,51,1030.68,274.91,145.58,471.18,0.8125,-1,-1,-1
612,74,1289.03,292.05,139.45,428.90,0.6941,-1,-1,-1
612,89,586.88,334.66,77.60,321.17,0.7757,-1,-1,-1
612,94,1171.44,347.46,71.39,247.14,0.6505,-1,-1,-1
612,96,1244.81,340.46,80.94,298.43,0.6031,-1,-1,-1
613,2,878.00,282.83,145.76,460.58,0.8365,-1,-1,-1
613,6,1610.00,78.17,309.28,995.30,0.9119,-1,-1,-1
613,51,1029.55,276.29,152.76,478.04,0.8460,-1,-1,-1
613,74,1299.19,296.28,133.49,439.14,0.6176,-1,-1,-1
613,89,587.24,333.54,79.16,323.42,0.7657,-1,-1,-1
613,94,1175.77,354.07,71.03,238.23,0.6586,-1,-1,-1
613,96,1246.19,335.56,85.47,312.06,0.5564,-1,-1,-1
614,2,883.80,287.40,143.90,465.61,0.8329,-1,-1,-1
614,6,1622.32,80.35,296.74,996.07,0.9143,-1,-1,-1
614,51,1030.85,277.52,159.57,480.22,0.8503,-1,-1,-1
614,74,1308.57,298.06,130.95,448.09,0.6621,-1,-1,-1
614,89,587.44,335.30,79.09,325.90,0.7686,-1,-1,-1
614,94,1181.76,360.31,66.83,239.72,0.6004,-1,-1,-1
614,96,1258.54,323.45,90.49,338.56,0.4749,-1,-1,-1
615,2,886.79,288.71,146.23,466.13,0.8360,-1,-1,-1
615,6,1638.15,81.74,281.38,993.11,0.9026,-1,-1,-1
615,51,1031.39,279.54,157.69,478.59,0.8322,-1,-1,-1
615,74,1319.24,294.40,118.79,456.55,0.7266,-1,-1,-1
615,89,589.41,345.21,80.97,321.19,0.7329,-1,-1,-1
615,94,1182.59,359.97,68.07,242.43,0.6269,-1,-1,-1
615,96,1266.12,322.01,93.10,350.05,0.5938,-1,-1,-1
616,2,885.23,294.84,151.01,461.92,0.8300,-1,-1,-1
616,6,1644.18,81.20,275.05,996.13,0.8897,-1,-1,-1
616,51,1032.24,283.03,165.39,478.90,0.8242,-1,-1,-1
616,74,1324.53,299.83,120.15,457.67,0.7240,-1,-1,-1
616,89,590.70,345.19,105.62,321.49,0.7144,-1,-1,-1
616,94,1187.42,362.00,65.23,238.29,0.5727,-1,-1,-1
616,96,1270.35,321.02,90.91,356.08,0.6120,-1,-1,-1
617,2,884.63,294.92,152.78,468.33,0.8438,-1,-1,-1
617,6,1659.51,93.52,260.08,982.81,0.8846,-1,-1,-1
617,51,1030.34,285.96,168.81,479.27,0.8451,-1,-1,-1
617,74,1328.72,299.86,118.83,462.95,0.7325,-1,-1,-1
617,89,590.15,340.91,92.97,330.14,0.7334,-1,-1,-1
617,94,1187.62,370.49,65.03,233.81,0.6007,-1,-1,-1
617,96,1272.67,323.78,91.63,363.29,0.5930,-1,-1,-1
618,2,886.32,298.57,151.02,469.77,0.8353,-1,-1,-1
618,6,1667.36,102.31,252.24,973.86,0.8813,-1,-1,-1
618,51,1030.46,288.16,174.00,481.89,0.8494,-1,-1,-1
618,74,1328.23,300.70,121.55,465.63,0.7380,-1,-1,-1
618,89,589.27,333.75,82.47,339.26,0.7856,-1,-1,-1
618,94,1189.15,372.17,65.00,241.68,0.5616,-1,-1,-1
618,96,1273.08,327.73,93.98,365.90,0.5695,-1,-1,-1
619,2,883.54,301.41,147.11,466.44,0.8364,-1,-1,-1
619,6,1667.07,106.47,252.25,968.72,0.8953,-1,-1,-1
619,51,1028.25,289.42,172.86,483.13,0.8100,-1,-1,-1
619,74,1328.87,302.55,132.13,465.90,0.7373,-1,-1,-1
619,89,586.78,336.17,80.71,338.32,0.7604,-1,-1,-1
619,94,1187.03,368.49,67.18,247.83,0.5265,-1,-1,-1
619,96,1274.26,328.66,98.64,371.91,0.5998,-1,-1,-1
619,97,1242.74,359.35,72.76,312.19,0.4384,-1,-1,-1
620,2,880.71,303.59,139.10,464.62,0.8233,-1,-1,-1
620,6,1681.75,113.07,238.14,962.70,0.8854,-1,-1,-1
620,51,1028.62,288.57,174.83,481.96,0.7865,-1,-1,-1
620,74,1330.68,302.40,124.00,468.67,0.7530,-1,-1,-1
620,89,580.82,338.94,84.36,342.21,0.6972,-1,-1,-1
620,94,1184.31,372.88,65.23,234.69,0.5810,-1,-1,-1
620,96,1266.71,329.11,103.51,378.61,0.6079,-1,-1,-1
620,97,1243.77,358.95,73.06,319.41,0.4095,-1,-1,-1
621,2,874.88,301.97,135.15,461.04,0.8240,-1,-1,-1
621,6,1687.39,122.43,231.39,953.20,0.8791,-1,-1,-1
621,51,1027.61,287.64,158.64,481.11,0.6815,-1,-1,-1
621,74,1329.62,304.85,123.12,464.22,0.7443,-1,-1,-1
621,89,578.45,336.33,81.21,346.06,0.7249,-1,-1,-1
621,94,1183.36,375.92,65.92,226.78,0.5060,-1,-1,-1
621,96,1265.99,330.18,106.63,380.92,0.6265,-1,-1,-1
622,2,868.06,302.58,150.93,461.29,0.8025,-1,-1,-1
622,6,1687.80,119.75,231.84,956.25,0.8935,-1,-1,-1
622,51,1025.86,287.30,141.15,478.84,0.7515,-1,-1,-1
622,74,1330.24,304.24,123.06,473.21,0.6595,-1,-1,-1
622,89,574.74,343.37,77.87,338.95,0.7757,-1,-1,-1
622,94,1185.16,376.14,63.78,196.11,0.3884,-1,-1,-1
622,96,1259.30,329.30,111.14,390.55,0.5655,-1,-1,-1
622,97,1240.74,360.15,69.72,322.45,0.3483,-1,-1,-1
622,98,1127.47,327.12,93.03,359.78,0.6479,-1,-1,-1
623,2,861.94,302.41,146.19,464.28,0.7994,-1,-1,-1
623,6,1692.54,119.20,227.27,957.96,0.8980,-1,-1,-1
623,51,1017.78,288.07,143.79,479.41,0.7788,-1,-1,-1
623,74,1328.98,306.80,125.81,475.35,0.6550,-1,-1,-1
623,89,569.23,340.21,86.81,344.41,0.7378,-1,-1,-1
623,94,1182.44,381.46,63.31,189.76,0.3104,-1,-1,-1
623,96,1254.64,330.92,114.19,393.85,0.5242,-1,-1,-1
623,98,1119.85,329.20,97.03,373.64,0.7147,-1,-1,-1
624,2,852.42,304.66,158.19,459.52,0.8459,-1,-1,-1
624,6,1696.24,114.41,223.60,961.54,0.8972,-1,-1,-1
624,51,1015.12,287.97,138.50,476.35,0.8130,-1,-1,-1
624,74,1327.64,308.78,123.12,471.07,0.7072,-1,-1,-1
624,89,565.05,340.22,85.59,342.13,0.7642,-1,-1,-1
624,96,1255.74,330.59,107.92,400.01,0.6016,-1,-1,-1
624,98,1120.04,332.88,95.84,383.98,0.6836,-1,-1,-1
625,2,850.58,304.29,155.37,455.23,0.8464,-1,-1,-1
625,6,1698.82,111.44,221.01,963.21,0.9030,-1,-1,-1
625,51,1009.47,283.81,134.93,473.02,0.7939,-1,-1,-1
625,74,1329.91,305.11,118.36,476.35,0.7266,-1,-1,-1
625,89,558.30,342.42,85.49,343.62,0.7328,-1,-1,-1
625,96,1243.02,331.86,115.74,403.91,0.6450,-1,-1,-1
625,98,1116.72,334.31,94.02,396.85,0.7390,-1,-1,-1
626,2,847.67,303.19,151.64,456.22,0.8217,-1,-1,-1
626,6,1702.69,116.18,217.13,957.91,0.9060,-1,-1,-1
626,51,1004.23,286.21,134.52,474.93,0.7885,-1,-1,-1
626,74,1326.78,304.75,121.41,477.96,0.7758,-1,-1,-1
626,89,552.30,345.55,81.91,344.19,0.7146,-1,-1,-1
626,96,1241.52,332.09,116.69,406.51,0.6937,-1,-1,-1
626,98,1109.03,335.01,95.59,396.14,0.7473,-1,-1,-1
627,2,839.48,301.34,157.32,458.72,0.8351,-1,-1,-1
627,6,1704.20,118.92,215.43,953.78,0.9040,-1,-1,-1
627,51,996.50,282.68,140.81,478.23,0.7869,-1,-1,-1
627,74,1325.72,304.53,121.99,477.91,0.7617,-1,-1,-1
627,89,545.61,342.64,82.98,351.49,0.7489,-1,-1,-1
627,96,1235.90,330.79,116.70,410.42,0.6725,-1,-1,-1
627,98,1107.56,334.26,91.46,398.97,0.7331,-1,-1,-1
628,2,826.28,300.84,166.11,457.32,0.8426,-1,-1,-1
628,6,1700.41,115.04,219.15,956.51,0.9048,-1,-1,-1
628,51,988.06,279.42,152.15,478.07,0.7587,-1,-1,-1
628,74,1324.26,301.97,121.53,480.22,0.7794,-1,-1,-1
628,89,540.81,337.47,81.13,355.66,0.7775,-1,-1,-1
628,96,1236.83,330.65,111.50,411.42,0.6842,-1,-1,-1
628,98,1100.17,329.57,100.26,411.43,0.7133,-1,-1,-1
629,2,825.76,300.20,166.37,456.92,0.8503,-1,-1,-1
629,6,1675.18,111.50,244.43,958.78,0.8827,-1,-1,-1
629,51,982.70,283.30,128.62,475.14,0.7742,-1,-1,-1
629,74,1323.27,300.75,121.11,481.69,0.7742,-1,-1,-1
629,89,536.16,342.56,90.92,352.90,0.6974,-1,-1,-1
629,96,1234.30,329.97,109.28,416.75,0.6714,-1,-1,-1
629,98,1091.14,327.52,109.72,418.56,0.7531,-1,-1,-1
630,2,824.49,302.80,162.57,453.39,0.8433,-1,-1,-1
630,6,1622.13,115.76,297.45,955.40,0.8887,-1,-1,-1
630,51,974.18,280.77,130.79,475.73,0.8154,-1,-1,-1
630,74,1322.78,300.72,120.48,483.65,0.7802,-1,-1,-1
630,89,530.44,339.53,87.40,359.95,0.7632,-1,-1,-1
630,96,1242.51,326.96,99.78,420.68,0.6420,-1,-1,-1
630,98,1086.06,325.95,116.19,421.74,0.7895,-1,-1,-1
631,2,821.32,304.10,164.38,454.82,0.8502,-1,-1,-1
631,6,1691.91,109.78,227.43,961.52,0.8920,-1,-1,-1
631,51,971.85,280.89,129.72,474.49,0.8286,-1,-1,-1
631,74,1323.52,301.33,120.75,482.99,0.7569,-1,-1,-1
631,89,526.88,345.17,83.52,351.29,0.7333,-1,-1,-1
631,96,1236.23,329.57,107.40,421.32,0.6412,-1,-1,-1
631,98,1083.29,326.69,125.21,421.31,0.8122,-1,-1,-1
632,2,815.44,306.11,167.23,456.20,0.8556,-1,-1,-1
632,6,1700.63,108.10,218.70,964.30,0.9015,-1,-1,-1
632,51,971.39,281.04,126.14,474.48,0.7858,-1,-1,-1
632,74,1325.53,303.01,124.97,483.65,0.7625,-1,-1,-1
632,89,524.88,345.43,82.51,353.69,0.7611,-1,-1,-1
632,96,1237.97,326.52,108.99,426.19,0.6625,-1,-1,-1
632,98,1083.04,325.91,125.62,424.23,0.8184,-1,-1,-1
633,2,813.84,308.52,168.74,456.53,0.8614,-1,-1,-1
633,6,1711.78,101.08,207.83,971.67,0.9041,-1,-1,-1
633,51,972.57,281.82,126.16,477.69,0.7674,-1,-1,-1
633,74,1328.12,300.47,122.83,486.82,0.7735,-1,-1,-1
633,89,523.20,341.71,85.03,359.96,0.7708,-1,-1,-1
633,96,1238.27,321.94,110.93,428.31,0.6771,-1,-1,-1
633,98,1088.47,326.31,119.99,428.03,0.8143,-1,-1,-1
634,2,812.97,309.96,169.62,457.69,0.8617,-1,-1,-1
634,6,1722.89,89.22,196.78,983.81,0.9051,-1,-1,-1
634,51,970.61,282.51,128.18,473.70,0.7813,-1,-1,-1
634,74,1332.95,303.99,122.77,487.57,0.7411,-1,-1,-1
634,89,521.66,348.27,87.37,359.32,0.7823,-1,-1,-1
634,96,1237.27,320.79,116.84,431.76,0.6787,-1,-1,-1
634,98,1092.84,328.04,121.54,430.82,0.8320,-1,-1,-1
635,2,812.76,310.68,172.21,460.18,0.8565,-1,-1,-1
635,6,1723.36,88.43,195.66,978.85,0.8871,-1,-1,-1
635,51,978.21,283.34,122.57,480.19,0.7795,-1,-1,-1
635,74,1336.15,299.87,125.15,492.31,0.6898,-1,-1,-1
635,89,521.12,350.37,86.82,361.06,0.7914,-1,-1,-1
635,96,1246.32,320.30,110.69,431.00,0.5887,-1,-1,-1
635,97,1235.18,346.79,72.27,380.61,0.3710,-1,-1,-1
635,98,1096.60,324.96,124.64,437.80,0.8294,-1,-1,-1
636,2,813.61,313.82,174.11,457.27,0.8366,-1,-1,-1
636,6,1718.57,85.38,201.00,988.43,0.8775,-1,-1,-1
636,51,983.73,284.74,124.50,485.70,0.7955,-1,-1,-1
636,74,1340.33,302.53,130.61,492.61,0.7266,-1,-1,-1
636,89,520.38,354.45,85.57,363.48,0.7789,-1,-1,-1
636,96,1248.77,316.35,113.35,436.40,0.6004,-1,-1,-1
636,97,1239.05,335.29,67.72,391.93,0.3300,-1,-1,-1
636,98,1101.82,327.11,122.51,440.33,0.8236,-1,-1,-1
637,2,819.93,318.93,170.53,445.72,0.8471,-1,-1,-1
637,6,1719.74,86.76,199.91,984.67,0.8706,-1,-1,-1
637,51,990.88,294.06,116.83,484.23,0.7989,-1,-1,-1
637,74,1342.97,304.39,130.80,497.28,0.7880,-1,-1,-1
637,89,519.54,359.64,89.27,361.04,0.7446,-1,-1,-1
637,96,1251.91,319.09,113.70,428.89,0.6424,-1,-1,-1
637,97,1233.24,351.57,75.26,378.83,0.4401,-1,-1,-1
637,98,1104.12,326.75,118.34,441.07,0.8152,-1,-1,-1
638,2,830.27,318.47,161.23,443.64,0.8644,-1,-1,-1
638,6,1711.62,85.88,207.28,985.53,0.8831,-1,-1,-1
638,51,990.66,294.89,117.02,479.83,0.8011,-1,-1,-1
638,74,1346.27,304.49,129.32,498.93,0.7828,-1,-1,-1
638,89,518.41,352.67,91.00,368.57,0.7296,-1,-1,-1
638,96,1256.31,315.68,109.66,433.30,0.6175,-1,-1,-1
638,97,1232.77,352.64,77.05,379.28,0.4989,-1,-1,-1
638,98,1104.63,331.16,125.21,436.18,0.8115,-1,-1,-1
639,2,837.58,319.05,154.57,452.07,0.8584,-1,-1,-1
639,6,1708.38,84.26,211.23,989.69,0.8779,-1,-1,-1
639,51,993.64,300.05,112.17,475.47,0.7983,-1,-1,-1
639,74,1354.61,304.63,128.90,500.35,0.7293,-1,-1,-1
639,89,519.06,366.07,93.52,358.00,0.7411,-1,-1,-1
639,96,1256.46,314.27,120.38,447.24,0.6933,-1,-1,-1
639,97,1237.15,352.54,69.29,377.63,0.4224,-1,-1,-1
639,98,1107.88,331.95,132.60,437.65,0.8286,-1,-1,-1
640,2,842.79,318.41,152.97,451.19,0.8471,-1,-1,-1
640,6,1702.82,77.21,215.80,996.64,0.8778,-1,-1,-1
640,51,998.46,301.83,112.79,476.23,0.7987,-1,-1,-1
640,74,1363.38,299.69,126.58,512.43,0.7233,-1,-1,-1
640,89,520.00,366.72,91.92,361.55,0.7260,-1,-1,-1
640,96,1257.38,316.19,124.31,458.08,0.7231,-1,-1,-1
640,97,1241.61,349.86,72.38,379.70,0.4234,-1,-1,-1
640,98,1109.36,331.57,139.26,440.72,0.8088,-1,-1,-1
641,2,848.65,320.15,151.83,447.62,0.8314,-1,-1,-1
641,6,1701.07,80.83,218.02,989.90,0.8735,-1,-1,-1
641,51,1002.77,305.57,111.40,468.91,0.7953,-1,-1,-1
641,74,1369.80,299.93,127.26,506.10,0.7790,-1,-1,-1
641,89,520.60,359.37,94.37,370.24,0.7320,-1,-1,-1
641,96,1257.64,311.72,128.78,463.46,0.7415,-1,-1,-1
641,98,1114.54,329.43,146.80,443.74,0.7947,-1,-1,-1
642,2,852.87,321.25,154.72,449.08,0.8220,-1,-1,-1
642,6,1698.52,89.48,220.58,982.45,0.8823,-1,-1,-1
642,51,1004.48,308.35,117.29,471.60,0.7901,-1,-1,-1
642,74,1377.80,303.25,128.38,511.26,0.7980,-1,-1,-1
642,89,526.07,359.31,109.76,374.10,0.7053,-1,-1,-1
642,96,1265.64,316.55,129.56,470.18,0.7781,-1,-1,-1
642,98,1121.25,330.66,149.73,447.01,0.7787,-1,-1,-1
643,2,856.88,321.40,153.96,444.93,0.8646,-1,-1,-1
643,6,1689.87,92.55,229.80,975.38,0.8824,-1,-1,-1
643,51,1005.51,308.52,119.09,482.74,0.8073,-1,-1,-1
643,74,1380.97,303.56,133.13,514.41,0.7877,-1,-1,-1
643,89,527.30,361.93,103.81,373.76,0.7173,-1,-1,-1
643,96,1276.68,316.23,125.35,473.64,0.6707,-1,-1,-1
643,98,1124.44,327.53,150.97,458.57,0.8041,-1,-1,-1
644,2,862.90,322.45,153.34,449.56,0.8759,-1,-1,-1
644,6,1686.46,99.03,232.71,975.37,0.8598,-1,-1,-1
644,51,1009.55,308.17,114.75,485.66,0.7891,-1,-1,-1
644,74,1390.39,299.43,135.56,524.48,0.8010,-1,-1,-1
644,89,528.23,362.63,102.97,379.10,0.7462,-1,-1,-1
644,96,1286.70,319.43,120.74,474.81,0.6627,-1,-1,-1
644,98,1132.06,321.79,153.41,470.67,0.8332,-1,-1,-1
645,2,868.09,323.90,154.18,451.13,0.8720,-1,-1,-1
645,6,1683.75,246.26,236.50,826.58,0.8211,-1,-1,-1
645,51,1009.95,309.42,120.12,488.47,0.7787,-1,-1,-1
645,74,1394.00,296.64,138.58,526.17,0.7465,-1,-1,-1
645,89,532.62,364.32,100.19,377.48,0.7623,-1,-1,-1
645,96,1298.05,312.73,115.70,481.91,0.6765,-1,-1,-1
645,98,1134.56,318.85,155.66,480.03,0.8501,-1,-1,-1
646,2,874.03,324.77,149.95,456.35,0.8632,-1,-1,-1
646,6,1687.51,258.08,232.26,800.96,0.8087,-1,-1,-1
646,51,1006.10,308.27,128.25,486.92,0.8055,-1,-1,-1
646,74,1405.16,294.51,130.85,528.97,0.7538,-1,-1,-1
646,89,532.50,363.33,100.59,381.33,0.7655,-1,-1,-1
646,96,1298.42,311.99,124.78,486.27,0.7240,-1,-1,-1
646,97,1272.88,343.70,76.42,421.74,0.3090,-1,-1,-1
646,98,1133.91,317.64,160.90,483.03,0.8514,-1,-1,-1
647,2,875.58,325.92,152.15,456.91,0.8575,-1,-1,-1
647,6,1684.81,275.56,234.96,794.06,0.8291,-1,-1,-1
647,51,1016.92,307.98,123.95,485.36,0.7981,-1,-1,-1
647,74,1411.65,291.60,130.01,540.95,0.7697,-1,-1,-1
647,89,533.83,362.70,100.76,383.50,0.7416,-1,-1,-1
647,96,1309.19,307.35,119.64,494.07,0.6981,-1,-1,-1
647,97,1276.98,343.81,75.05,414.64,0.5062,-1,-1,-1
647,98,1135.37,320.49,166.44,486.26,0.8492,-1,-1,-1
648,2,879.72,330.05,146.26,451.22,0.8508,-1,-1,-1
648,6,1688.18,282.67,231.60,789.93,0.8618,-1,-1,-1
648,51,1021.80,308.10,117.83,484.13,0.7956,-1,-1,-1
648,74,1416.37,295.11,131.70,539.45,0.7606,-1,-1,-1
648,89,533.69,360.32,99.91,388.10,0.7389,-1,-1,-1
648,96,1306.88,308.56,127.64,498.94,0.7372,-1,-1,-1
648,97,1280.68,343.68,69.61,414.29,0.4302,-1,-1,-1
648,98,1135.31,316.84,172.13,491.93,0.8570,-1,-1,-1
649,2,880.29,332.73,146.41,449.59,0.8452,-1,-1,-1
649,6,1696.00,288.33,223.98,780.16,0.8483,-1,-1,-1
649,51,1021.72,308.73,117.97,478.76,0.8046,-1,-1,-1
649,74,1423.57,294.30,132.72,540.01,0.7933,-1,-1,-1
649,89,534.15,360.78,101.33,388.82,0.7400,-1,-1,-1
649,96,1305.52,307.14,133.04,496.50,0.7512,-1,-1,-1
649,97,1283.69,343.92,66.08,418.45,0.3188,-1,-1,-1
649,98,1134.80,325.44,178.73,489.22,0.8706,-1,-1,-1
649,99,832.06,402.47,54.24,221.57,0.5080,-1,-1,-1
650,2,880.16,334.77,152.72,448.87,0.8350,-1,-1,-1
650,6,1706.69,288.60,213.07,778.37,0.8021,-1,-1,-1
650,51,1028.12,308.13,113.46,475.85,0.8099,-1,-1,-1
650,74,1427.37,293.56,137.73,543.60,0.8085,-1,-1,-1
650,89,533.42,360.87,105.96,390.57,0.7373,-1,-1,-1
650,96,1304.17,306.17,139.16,500.44,0.7611,-1,-1,-1
650,98,1133.96,317.41,184.33,507.80,0.8689,-1,-1,-1
650,99,829.15,402.14,59.66,222.44,0.4743,-1,-1,-1
651,2,879.55,334.91,157.94,448.96,0.8464,-1,-1,-1
651,6,1713.88,288.32,205.13,784.27,0.5790,-1,-1,-1
651,51,1030.18,306.16,113.39,474.56,0.7952,-1,-1,-1
651,74,1431.07,292.00,143.62,549.44,0.8441,-1,-1,-1
651,89,533.03,360.42,107.19,391.38,0.7278,-1,-1,-1
651,96,1309.73,305.28,138.64,506.85,0.7872,-1,-1,-1
651,98,1132.86,320.44,187.87,507.48,0.8503,-1,-1,-1
651,99,827.15,405.56,62.54,220.58,0.5590,-1,-1,-1
652,2,876.85,335.70,161.89,445.51,0.8387,-1,-1,-1
652,6,1727.08,291.06,193.90,633.17,0.6944,-1,-1,-1
652,51,1030.27,306.18,114.00,476.17,0.8057,-1,-1,-1
652,74,1433.72,296.39,145.36,546.38,0.8219,-1,-1,-1
652,89,531.56,362.72,115.20,389.63,0.7141,-1,-1,-1
652,96,1312.56,301.73,141.53,508.91,0.7737,-1,-1,-1
652,98,1130.75,320.09,192.61,512.77,0.8324,-1,-1,-1
652,99,818.95,406.64,68.44,221.66,0.6323,-1,-1,-1
653,2,874.17,338.55,164.71,440.11,0.8443,-1,-1,-1
653,6,1737.70,290.29,181.98,621.59,0.7907,-1,-1,-1
653,51,1031.22,305.96,114.37,478.50,0.8001,-1,-1,-1
653,74,1439.07,292.79,143.49,555.50,0.7715,-1,-1,-1
653,89,529.41,361.47,114.02,393.40,0.7024,-1,-1,-1
653,96,1311.93,307.74,146.19,504.31,0.7691,-1,-1,-1
653,98,1127.81,314.67,194.35,529.98,0.8399,-1,-1,-1
653,99,814.61,403.17,70.52,230.24,0.6535,-1,-1,-1
654,2,870.27,335.36,166.60,440.93,0.8417,-1,-1,-1
654,6,1751.42,287.11,167.95,675.68,0.7753,-1,-1,-1
654,51,1030.10,303.67,114.35,480.33,0.7951,-1,-1,-1
654,74,1441.03,293.46,145.98,551.49,0.7606,-1,-1,-1
654,89,526.17,358.36,99.99,397.56,0.7310,-1,-1,-1
654,96,1313.58,304.90,146.36,508.58,0.7868,-1,-1,-1
654,98,1124.51,310.97,198.57,539.14,0.8531,-1,-1,-1
654,99,808.77,402.08,76.35,230.31,0.6984,-1,-1,-1
655,2,867.34,332.93,167.85,446.31,0.8413,-1,-1,-1
655,6,1758.31,286.05,161.08,721.47,0.7631,-1,-1,-1
655,51,1028.03,303.28,116.71,478.36,0.7754,-1,-1,-1
655,74,1446.52,293.86,144.41,552.68,0.7371,-1,-1,-1
655,89,523.72,357.81,120.46,397.34,0.7642,-1,-1,-1
655,96,1316.59,295.00,144.96,522.77,0.8103,-1,-1,-1
655,98,1119.91,310.45,204.34,543.12,0.8420,-1,-1,-1
655,99,807.73,401.90,70.59,229.72,0.6973,-1,-1,-1
656,2,865.27,332.59,165.19,442.88,0.8471,-1,-1,-1
656,6,1768.97,283.79,150.62,751.52,0.7909,-1,-1,-1
656,51,1026.84,305.27,116.04,476.38,0.7898,-1,-1,-1
656,74,1449.45,292.66,144.19,559.04,0.7548,-1,-1,-1
656,89,517.76,359.07,110.56,402.94,0.7330,-1,-1,-1
656,96,1316.25,296.83,146.41,527.06,0.8156,-1,-1,-1
656,98,1116.16,311.55,202.87,543.25,0.8421,-1,-1,-1
656,99,807.41,405.89,67.28,227.71,0.7179,-1,-1,-1
657,2,859.50,336.42,167.11,437.48,0.8642,-1,-1,-1
657,6,1780.05,295.37,139.87,748.10,0.7591,-1,-1,-1
657,51,1026.10,307.07,114.16,482.17,0.7683,-1,-1,-1
657,74,1450.34,292.85,145.98,559.74,0.7551,-1,-1,-1
657,89,515.19,360.36,114.49,405.51,0.7420,-1,-1,-1
657,96,1314.66,298.47,149.23,532.77,0.8076,-1,-1,-1
657,98,1114.08,312.08,201.96,540.26,0.8436,-1,-1,-1
657,99,803.89,400.93,65.00,237.07,0.6989,-1,-1,-1
658,2,854.44,331.56,170.19,447.10,0.8728,-1,-1,-1
658,6,1790.36,290.17,129.42,765.37,0.7506,-1,-1,-1
658,51,1023.43,306.40,114.60,479.71,0.7670,-1,-1,-1
658,74,1452.93,290.47,145.16,561.47,0.7765,-1,-1,-1
658,89,510.24,359.91,119.73,405.02,0.8043,-1,-1,-1
658,96,1312.24,296.27,152.17,537.43,0.8145,-1,-1,-1
658,98,1112.09,310.46,202.53,532.70,0.8411,-1,-1,-1
658,99,797.43,407.05,67.86,231.34,0.6549,-1,-1,-1
659,2,852.77,330.11,170.18,444.38,0.8716,-1,-1,-1
659,6,1800.47,289.56,119.41,768.01,0.7336,-1,-1,-1
659,51,1020.23,306.12,113.58,480.06,0.7717,-1,-1,-1
659,74,1455.27,288.03,145.47,564.67,0.7847,-1,-1,-1
659,89,505.43,363.39,100.13,399.82,0.6656,-1,-1,-1
659,96,1310.32,296.13,155.71,540.25,0.8342,-1,-1,-1
659,98,1109.08,307.01,207.38,550.06,0.8460,-1,-1,-1
659,99,792.45,403.86,70.72,228.41,0.6917,-1,-1,-1
660,2,850.52,328.64,170.34,442.85,0.8648,-1,-1,-1
660,6,1806.89,282.63,112.90,784.74,0.7413,-1,-1,-1
660,51,1016.62,306.67,115.18,483.17,0.7692,-1,-1,-1
660,74,1456.18,286.71,146.90,567.71,0.7904,-1,-1,-1
660,89,500.46,363.63,100.19,398.56,0.7049,-1,-1,-1
660,96,1307.71,292.18,159.45,546.50,0.8386,-1,-1,-1
660,98,1105.71,302.59,209.10,557.79,0.8483,-1,-1,-1
660,99,788.73,395.84,72.65,235.09,0.7189,-1,-1,-1
661,2,848.43,327.38,167.98,447.31,0.8621,-1,-1,-1
661,6,1811.05,281.92,108.68,791.89,0.7535,-1,-1,-1
661,51,1012.84,306.25,115.08,488.58,0.7685,-1,-1,-1
661,74,1455.18,285.41,147.85,572.95,0.7939,-1,-1,-1
661,89,495.71,361.33,127.34,407.66,0.7471,-1,-1,-1
661,96,1306.47,289.96,161.99,554.07,0.8140,-1,-1,-1
661,97,1265.38,327.90,78.36,436.11,0.3182,-1,-1,-1
661,98,1103.97,298.79,208.25,563.78,0.8682,-1,-1,-1
661,99,787.16,393.82,68.68,241.36,0.7362,-1,-1,-1
662,2,847.55,328.41,167.17,453.20,0.8512,-1,-1,-1
662,6,1811.92,284.43,107.62,790.61,0.7515,-1,-1,-1
662,51,1015.03,312.38,106.91,485.75,0.7678,-1,-1,-1
662,74,1453.77,285.97,152.10,574.95,0.8017,-1,-1,-1
662,89,490.50,359.86,106.47,409.14,0.7767,-1,-1,-1
662,96,1303.70,286.18,165.79,560.17,0.8082,-1,-1,-1
662,98,1099.08,300.06,208.55,566.54,0.8827,-1,-1,-1
662,99,781.95,390.18,69.35,247.89,0.7737,-1,-1,-1
663,2,837.34,329.03,170.65,448.40,0.8381,-1,-1,-1
663,6,1811.10,281.21,108.44,793.88,0.7608,-1,-1,-1
663,51,1009.93,312.27,111.62,490.54,0.8036,-1,-1,-1
663,74,1451.36,285.96,154.69,575.74,0.8119,-1,-1,-1
663,89,481.42,356.73,111.13,414.21,0.7901,-1,-1,-1
663,96,1293.97,288.60,172.62,561.61,0.8231,-1,-1,-1
663,98,1093.02,296.22,213.21,573.23,0.8785,-1,-1,-1
664,2,833.27,332.23,172.81,441.52,0.8537,-1,-1,-1
664,6,1811.08,281.34,108.49,793.87,0.7674,-1,-1,-1
664,51,1007.31,311.40,109.94,490.83,0.8055,-1,-1,-1
664,74,1450.50,285.15,158.68,578.27,0.8186,-1,-1,-1
664,89,474.70,354.86,123.14,416.96,0.7977,-1,-1,-1
664,96,1286.45,288.99,179.54,565.48,0.8258,-1,-1,-1
664,98,1092.59,298.17,204.16,579.34,0.8739,-1,-1,-1
664,99,775.49,394.70,66.45,234.78,0.5356,-1,-1,-1
664,101,1257.11,332.78,58.14,132.84,0.3001,-1,-1,-1
665,2,845.21,332.90,153.18,433.31,0.8442,-1,-1,-1
665,6,1813.82,273.53,105.78,802.18,0.7560,-1,-1,-1
665,51,999.80,307.91,116.23,491.87,0.7882,-1,-1,-1
665,74,1448.86,284.35,159.08,580.72,0.8176,-1,-1,-1
665,89,468.83,356.35,109.74,418.88,0.7519,-1,-1,-1
665,96,1285.78,281.06,177.25,576.22,0.8552,-1,-1,-1
665,98,1087.82,294.15,215.87,583.97,0.8690,-1,-1,-1
665,99,764.99,396.36,75.13,240.44,0.6894,-1,-1,-1
665,101,1251.96,327.26,58.54,132.99,0.3658,-1,-1,-1
666,2,844.33,332.36,153.29,441.99,0.8453,-1,-1,-1
666,6,1801.74,266.24,117.71,810.04,0.7588,-1,-1,-1
666,51,994.29,304.42,116.32,491.93,0.7847,-1,-1,-1
666,74,1448.23,283.58,163.25,582.68,0.8404,-1,-1,-1
666,89,461.31,355.53,108.38,419.08,0.7394,-1,-1,-1
666,96,1274.12,281.79,185.19,578.18,0.8586,-1,-1,-1
666,98,1086.53,290.99,221.82,596.30,0.8739,-1,-1,-1
666,99,765.89,396.01,69.61,243.33,0.6972,-1,-1,-1
667,2,839.94,333.05,154.64,446.37,0.8482,-1,-1,-1
667,6,1790.17,263.09,129.29,810.69,0.7674,-1,-1,-1
667,51,987.67,303.73,118.42,476.36,0.7906,-1,-1,-1
667,74,1443.20,284.94,167.48,580.00,0.8499,-1,-1,-1
667,89,453.26,355.25,105.93,419.35,0.7101,-1,-1,-1
667,96,1274.89,274.60,180.72,585.75,0.8727,-1,-1,-1
667,98,1084.96,287.60,224.91,614.85,0.8776,-1,-1,-1
667,99,760.27,397.13,70.41,243.62,0.7136,-1,-1,-1
668,2,836.80,332.66,158.03,439.84,0.8553,-1,-1,-1
668,6,1789.95,260.04,129.59,813.99,0.7446,-1,-1,-1
668,51,981.57,302.12,119.64,488.02,0.7941,-1,-1,-1
668,74,1441.79,285.38,172.69,579.92,0.8600,-1,-1,-1
668,89,446.16,352.86,107.01,424.57,0.7816,-1,-1,-1
668,96,1270.86,269.57,181.79,589.58,0.8743,-1,-1,-1
668,98,1079.94,284.94,229.72,620.13,0.8779,-1,-1,-1
668,99,756.02,389.43,72.52,252.18,0.7265,-1,-1,-1
668,102,1221.99,325.30,63.49,94.22,0.3837,-1,-1,-1
669,2,835.99,331.31,159.97,431.76,0.8532,-1,-1,-1
669,6,1798.18,254.32,121.43,821.94,0.7749,-1,-1,-1
669,51,975.86,299.12,123.08,491.76,0.8046,-1,-1,-1
669,74,1440.22,282.03,178.00,582.77,0.8604,-1,-1,-1
669,89,440.71,343.91,109.56,435.07,0.7760,-1,-1,-1
669,96,1266.48,265.81,183.42,592.02,0.8621,-1,-1,-1
669,98,1075.95,282.55,235.38,637.77,0.8837,-1,-1,-1
669,99,749.44,391.94,74.87,249.90,0.6922,-1,-1,-1
670,2,834.77,330.07,156.16,430.18,0.8458,-1,-1,-1
670,6,1798.35,247.77,121.20,827.02,0.7926,-1,-1,-1
670,51,975.96,298.36,119.11,487.58,0.8183,-1,-1,-1
670,74,1440.81,280.31,178.73,584.26,0.8579,-1,-1,-1
670,89,433.05,348.96,112.67,434.23,0.7885,-1,-1,-1
670,96,1266.74,247.17,182.61,614.44,0.8559,-1,-1,-1
670,98,1073.70,281.04,238.00,653.00,0.8828,-1,-1,-1
670,99,741.01,387.92,82.46,255.37,0.7227,-1,-1,-1
671,2,834.81,329.36,148.61,433.43,0.8527,-1,-1,-1
671,6,1797.21,241.64,122.31,833.64,0.7864,-1,-1,-1
671,51,973.08,297.73,121.15,484.77,0.8108,-1,-1,-1
671,74,1440.02,277.37,181.80,589.13,0.8559,-1,-1,-1
671,89,429.13,349.18,114.13,434.16,0.8085,-1,-1,-1
671,96,1272.15,256.90,181.03,607.62,0.8529,-1,-1,-1
671,98,1074.58,281.36,238.16,668.00,0.8848,-1,-1,-1
671,99,740.35,383.42,79.64,260.05,0.7256,-1,-1,-1
672,2,836.32,329.27,148.78,434.80,0.8553,-1,-1,-1
672,6,1795.54,223.34,124.43,847.28,0.7837,-1,-1,-1
672,51,970.54,296.04,125.57,488.89,0.8134,-1,-1,-1
672,74,1441.32,275.64,182.68,590.30,0.8603,-1,-1,-1
672,89,424.36,348.22,120.83,440.90,0.7895,-1,-1,-1
672,96,1271.51,245.50,184.87,626.30,0.8493,-1,-1,-1
672,98,1075.70,279.63,239.92,687.07,0.8894,-1,-1,-1
672,99,737.38,383.17,82.11,262.69,0.7198,-1,-1,-1
673,2,838.04,328.12,140.20,433.70,0.8485,-1,-1,-1
673,6,1790.60,144.98,129.19,927.16,0.7710,-1,-1,-1
673,51,970.29,293.67,126.33,484.95,0.8158,-1,-1,-1
673,74,1443.32,274.19,183.54,594.15,0.8488,-1,-1,-1
673,89,421.00,352.02,120.25,438.81,0.7850,-1,-1,-1
673,96,1273.20,241.88,186.32,637.40,0.8355,-1,-1,-1
673,98,1075.51,273.77,247.79,698.67,0.8860,-1,-1,-1
673,99,737.17,379.88,79.42,265.69,0.7208,-1,-1,-1
674,2,838.44,328.04,137.96,433.33,0.8469,-1,-1,-1
674,6,1783.93,153.27,135.95,916.68,0.7815,-1,-1,-1
674,51,970.30,294.37,125.59,485.52,0.8091,-1,-1,-1
674,74,1444.77,273.44,188.70,592.67,0.8414,-1,-1,-1
674,89,420.05,353.83,118.84,439.99,0.7688,-1,-1,-1
674,96,1279.06,240.82,180.46,655.13,0.8243,-1,-1,-1
674,98,1073.10,266.07,258.91,710.85,0.8774,-1,-1,-1
674,99,737.12,380.22,83.25,262.48,0.7019,-1,-1,-1
675,2,838.89,328.51,139.08,434.70,0.8529,-1,-1,-1
675,6,1776.06,212.12,143.87,856.18,0.7946,-1,-1,-1
675,51,969.34,292.93,127.41,490.43,0.8133,-1,-1,-1
675,74,1446.98,273.19,190.86,594.24,0.8448,-1,-1,-1
675,89,417.11,349.74,122.95,448.06,0.7746,-1,-1,-1
675,96,1283.79,248.94,184.89,664.29,0.8162,-1,-1,-1
675,98,1069.36,264.25,269.03,718.22,0.8752,-1,-1,-1
675,99,736.93,382.50,81.91,258.53,0.7085,-1,-1,-1
676,2,837.82,329.48,140.15,436.46,0.8512,-1,-1,-1
676,6,1769.82,225.05,149.93,842.26,0.8226,-1,-1,-1
676,51,969.49,292.83,128.55,489.72,0.8215,-1,-1,-1
676,74,1457.37,272.57,185.42,586.25,0.8381,-1,-1,-1
676,89,414.68,351.04,125.69,450.46,0.7923,-1,-1,-1
676,96,1290.54,237.93,188.63,678.89,0.7949,-1,-1,-1
676,98,1067.47,258.48,280.97,727.93,0.8542,-1,-1,-1
676,99,734.61,382.07,84.69,260.96,0.7251,-1,-1,-1
677,2,837.55,327.31,142.91,437.79,0.8418,-1,-1,-1
677,6,1758.43,236.79,161.22,832.49,0.8335,-1,-1,-1
677,51,972.82,291.56,124.78,486.66,0.8249,-1,-1,-1
677,74,1461.43,266.46,188.78,593.57,0.8357,-1,-1,-1
677,89,411.34,346.82,126.58,454.43,0.7924,-1,-1,-1
677,96,1297.30,228.71,207.20,699.41,0.7771,-1,-1,-1
677,98,1064.28,250.74,291.59,700.38,0.8501,-1,-1,-1
677,99,734.18,379.58,86.87,264.74,0.7434,-1,-1,-1
678,2,838.33,326.42,142.54,439.89,0.8477,-1,-1,-1
678,6,1753.43,236.60,166.24,836.66,0.8555,-1,-1,-1
678,51,972.09,291.13,128.12,488.87,0.8167,-1,-1,-1
678,74,1468.28,263.79,182.37,596.15,0.8227,-1,-1,-1
678,89,409.01,348.23,128.47,454.49,0.7957,-1,-1,-1
678,96,1302.14,226.87,206.50,705.26,0.8077,-1,-1,-1
678,98,1060.76,241.97,309.31,701.66,0.8709,-1,-1,-1
678,99,734.13,379.74,86.52,266.43,0.7409,-1,-1,-1
679,2,837.36,327.59,146.77,438.24,0.8424,-1,-1,-1
679,6,1747.73,246.10,171.95,828.58,0.8450,-1,-1,-1
679,51,978.61,291.47,124.64,485.06,0.7903,-1,-1,-1
679,74,1477.61,263.26,180.41,594.48,0.8157,-1,-1,-1
679,89,408.46,348.18,126.76,454.67,0.7841,-1,-1,-1
679,96,1310.79,228.89,201.25,724.10,0.8381,-1,-1,-1
679,98,1060.96,236.23,315.88,737.49,0.8622,-1,-1,-1
679,99,734.27,378.36,85.46,266.36,0.7334,-1,-1,-1
680,2,835.20,329.59,159.14,438.27,0.8465,-1,-1,-1
680,6,1740.18,247.93,179.58,806.03,0.7730,-1,-1,-1
680,51,982.77,292.87,120.55,483.53,0.7722,-1,-1,-1
680,74,1486.69,262.12,183.19,604.84,0.8344,-1,-1,-1
680,89,408.97,347.00,129.08,458.76,0.7866,-1,-1,-1
680,96,1319.14,237.92,207.35,728.85,0.8708,-1,-1,-1
680,98,1064.70,231.03,297.12,767.78,0.8740,-1,-1,-1
680,99,735.59,377.90,86.94,270.26,0.7450,-1,-1,-1
681,2,837.50,332.06,162.13,437.22,0.8542,-1,-1,-1
681,6,1734.78,252.45,185.28,708.67,0.7892,-1,-1,-1
681,51,985.11,296.42,119.24,480.59,0.7804,-1,-1,-1
681,74,1490.29,262.27,187.12,609.09,0.8323,-1,-1,-1
681,89,411.25,345.38,130.47,462.59,0.7828,-1,-1,-1
681,96,1330.26,240.59,201.87,730.04,0.8649,-1,-1,-1
681,98,1073.01,225.79,286.24,787.29,0.8695,-1,-1,-1
681,99,735.25,382.40,92.57,270.85,0.7562,-1,-1,-1
682,2,838.67,333.29,170.01,442.27,0.8251,-1,-1,-1
682,6,1731.79,257.17,188.38,541.55,0.8296,-1,-1,-1
682,51,992.63,296.24,115.97,482.67,0.8021,-1,-1,-1
682,74,1500.50,259.85,177.49,620.12,0.8326,-1,-1,-1
682,89,413.38,345.69,127.72,464.59,0.7895,-1,-1,-1
682,96,1341.86,234.90,200.38,739.52,0.8559,-1,-1,-1
682,98,1079.15,223.62,287.21,793.13,0.8819,-1,-1,-1
682,99,737.11,381.85,93.40,274.74,0.7631,-1,-1,-1
683,2,845.95,335.85,165.40,429.32,0.8036,-1,-1,-1
683,6,1741.79,260.08,177.66,524.12,0.6998,-1,-1,-1
683,51,996.82,294.62,119.30,488.33,0.8025,-1,-1,-1
683,74,1508.02,256.83,167.22,623.61,0.8321,-1,-1,-1
683,89,414.18,347.47,125.74,463.31,0.7798,-1,-1,-1
683,96,1350.13,232.46,216.27,750.98,0.8695,-1,-1,-1
683,98,1083.81,220.43,293.34,814.59,0.8782,-1,-1,-1
683,99,739.82,382.81,91.61,273.79,0.7642,-1,-1,-1
684,2,849.75,336.73,161.47,436.40,0.8394,-1,-1,-1
684,6,1748.03,263.49,171.38,510.29,0.6227,-1,-1,-1
684,51,1002.34,296.60,114.67,489.72,0.8061,-1,-1,-1
684,74,1513.89,259.07,171.83,627.94,0.8201,-1,-1,-1
684,89,416.86,348.05,126.57,464.97,0.7941,-1,-1,-1
684,96,1359.36,224.27,222.90,763.31,0.8636,-1,-1,-1
684,98,1091.60,217.24,294.37,851.83,0.8764,-1,-1,-1
684,99,746.98,382.50,89.59,278.00,0.7768,-1,-1,-1
685,2,863.06,332.35,153.63,440.18,0.8129,-1,-1,-1
685,6,1757.01,267.27,161.97,514.61,0.4471,-1,-1,-1
685,51,1009.31,297.10,113.82,489.41,0.8056,-1,-1,-1
685,74,1521.70,260.79,162.47,620.26,0.7559,-1,-1,-1
685,89,420.62,340.71,129.46,473.84,0.7976,-1,-1,-1
685,96,1369.98,219.30,222.96,767.85,0.8326,-1,-1,-1
685,98,1096.90,214.68,300.09,865.33,0.8874,-1,-1,-1
685,99,753.46,382.47,87.49,281.16,0.7894,-1,-1,-1
686,2,874.60,333.43,145.23,433.62,0.8560,-1,-1,-1
686,6,1769.55,280.56,150.22,509.42,0.6643,-1,-1,-1
686,51,1016.99,293.25,118.29,491.17,0.7971,-1,-1,-1
686,74,1544.91,267.80,144.01,617.37,0.4319,-1,-1,-1
686,89,424.81,342.16,123.98,473.54,0.8145,-1,-1,-1
686,96,1385.84,209.40,235.81,781.58,0.8309,-1,-1,-1
686,98,1103.26,210.58,300.81,869.13,0.8993,-1,-1,-1
686,99,757.18,383.45,87.76,277.71,0.8152,-1,-1,-1
687,2,877.72,329.61,159.02,439.87,0.8462,-1,-1,-1
687,6,1790.10,302.42,129.46,546.22,0.6376,-1,-1,-1
687,51,1018.95,295.97,122.78,496.87,0.7963,-1,-1,-1
687,89,429.23,336.50,118.99,472.77,0.7953,-1,-1,-1
687,96,1394.53,201.08,271.09,796.45,0.8369,-1,-1,-1
687,98,1104.78,207.18,310.57,872.47,0.9021,-1,-1,-1
687,99,765.27,379.20,87.41,283.29,0.8177,-1,-1,-1
688,2,883.24,326.27,150.09,433.97,0.8326,-1,-1,-1
688,6,1806.11,332.37,113.98,532.33,0.6845,-1,-1,-1
688,51,1029.31,293.49,118.57,488.39,0.8105,-1,-1,-1
688,89,433.21,331.67,123.98,479.65,0.7644,-1,-1,-1
688,96,1408.56,190.94,286.96,809.58,0.8661,-1,-1,-1
688,98,1107.59,195.96,317.85,881.31,0.8989,-1,-1,-1
688,99,765.32,376.98,92.41,281.55,0.7855,-1,-1,-1
689,2,891.24,322.54,150.54,430.29,0.8104,-1,-1,-1
689,6,1827.07,370.39,93.38,498.06,0.5569,-1,-1,-1
689,51,1037.48,290.69,115.69,487.93,0.7760,-1,-1,-1
689,89,436.23,328.93,123.86,475.18,0.8085,-1,-1,-1
689,96,1419.04,188.25,294.35,804.31,0.8775,-1,-1,-1
689,98,1111.12,171.00,325.56,904.51,0.8957,-1,-1,-1
689,99,769.34,372.22,97.92,282.40,0.7699,-1,-1,-1
689,104,864.91,384.32,50.77,225.82,0.4416,-1,-1,-1
690,2,895.73,317.01,161.25,434.05,0.7930,-1,-1,-1
690,6,1850.42,406.49,70.35,475.38,0.3390,-1,-1,-1
690,51,1045.71,286.29,115.59,486.86,0.8151,-1,-1,-1
690,89,438.65,321.83,122.28,474.86,0.7846,-1,-1,-1
690,96,1427.36,178.17,318.15,813.15,0.8656,-1,-1,-1
690,98,1109.95,169.53,338.39,900.34,0.8985,-1,-1,-1
690,99,774.21,361.22,92.85,289.54,0.7458,-1,-1,-1
690,104,869.10,379.26,48.69,227.54,0.4066,-1,-1,-1
691,2,901.11,311.00,164.68,432.21,0.8085,-1,-1,-1
691,51,1048.14,283.05,115.69,486.20,0.7607,-1,-1,-1
691,89,440.77,318.95,122.52,477.63,0.7140,-1,-1,-1
691,96,1437.21,163.64,336.60,832.36,0.8798,-1,-1,-1
691,98,1109.81,177.83,343.36,896.70,0.9032,-1,-1,-1
691,99,777.66,361.78,93.45,290.00,0.7824,-1,-1,-1
691,104,867.22,380.88,48.89,213.31,0.3538,-1,-1,-1
692,2,906.82,307.01,144.58,432.86,0.7950,-1,-1,-1
692,51,1052.95,279.69,117.60,492.38,0.7502,-1,-1,-1
692,89,441.00,313.70,124.59,483.85,0.7420,-1,-1,-1
692,96,1444.71,153.09,347.04,860.73,0.8965,-1,-1,-1
692,98,1106.86,157.74,359.93,919.57,0.8951,-1,-1,-1
692,99,779.72,355.54,92.90,293.70,0.7837,-1,-1,-1
692,104,867.11,373.95,57.68,218.22,0.5084,-1,-1,-1
693,2,910.03,302.14,148.05,436.16,0.7916,-1,-1,-1
693,51,1059.97,272.69,105.25,518.47,0.6059,-1,-1,-1
693,89,439.81,309.64,149.60,488.14,0.6780,-1,-1,-1
693,96,1451.01,143.30,360.64,894.37,0.9008,-1,-1,-1
693,98,1104.38,132.88,377.69,939.66,0.8889,-1,-1,-1
693,99,778.45,353.75,93.95,291.99,0.7796,-1,-1,-1
693,104,866.33,370.92,62.31,220.78,0.5335,-1,-1,-1
694,2,909.88,299.46,142.85,437.95,0.8127,-1,-1,-1
694,51,1062.48,266.52,97.99,519.66,0.5495,-1,-1,-1
694,89,439.64,304.32,137.18,492.46,0.6919,-1,-1,-1
694,96,1454.80,138.58,381.49,914.19,0.8983,-1,-1,-1
694,98,1101.65,125.96,398.41,948.00,0.8896,-1,-1,-1
694,99,780.06,352.01,93.56,293.67,0.7485,-1,-1,-1
694,104,865.19,366.85,61.97,218.01,0.5095,-1,-1,-1
695,2,911.46,299.06,142.60,435.20,0.8104,-1,-1,-1
695,51,1061.53,258.95,131.99,632.12,0.5274,-1,-1,-1
695,89,434.87,298.62,125.55,494.65,0.7973,-1,-1,-1
695,96,1461.73,130.91,400.55,920.44,0.8994,-1,-1,-1
695,98,1092.92,111.93,425.05,962.19,0.8794,-1,-1,-1
695,99,780.89,346.30,89.46,295.65,0.7457,-1,-1,-1
695,104,867.07,363.31,64.31,224.96,0.6097,-1,-1,-1
696,2,910.30,301.27,138.77,432.02,0.8454,-1,-1,-1
696,51,1045.72,250.87,160.64,665.86,0.6175,-1,-1,-1
696,89,432.29,296.79,126.10,497.79,0.8192,-1,-1,-1
696,96,1466.59,125.67,412.31,936.25,0.9045,-1,-1,-1
696,98,1097.60,99.80,429.88,975.08,0.8823,-1,-1,-1
696,99,776.50,343.44,93.78,297.45,0.7685,-1,-1,-1
696,104,867.30,364.22,62.74,228.91,0.6270,-1,-1,-1
697,2,914.98,297.10,133.76,430.58,0.8154,-1,-1,-1
697,51,1043.33,248.67,154.11,680.19,0.6702,-1,-1,-1
697,89,425.56,295.26,132.26,498.17,0.7917,-1,-1,-1
697,96,1476.84,115.44,415.09,955.72,0.8911,-1,-1,-1
697,98,1109.40,84.33,438.10,990.63,0.8937,-1,-1,-1
697,99,775.72,337.24,95.33,300.57,0.7628,-1,-1,-1
697,104,865.94,361.97,62.61,229.01,0.6718,-1,-1,-1
698,2,917.15,290.85,140.90,437.25,0.8323,-1,-1,-1
698,51,1045.91,226.09,167.48,707.62,0.6729,-1,-1,-1
698,89,426.29,286.12,125.45,500.93,0.7802,-1,-1,-1
698,96,1481.26,111.68,428.41,954.28,0.9017,-1,-1,-1
698,98,1107.05,67.61,444.34,1007.93,0.9040,-1,-1,-1
698,99,774.47,338.51,97.65,299.76,0.7806,-1,-1,-1
698,104,862.55,358.00,65.69,228.02,0.6887,-1,-1,-1
699,2,918.20,285.17,150.29,440.09,0.8358,-1,-1,-1
699,51,1046.19,207.34,167.28,733.85,0.6962,-1,-1,-1
699,89,422.49,280.64,139.02,503.91,0.7728,-1,-1,-1
699,96,1492.78,97.49,426.05,963.88,0.9050,-1,-1,-1
699,98,1115.89,49.84,446.72,1027.88,0.9052,-1,-1,-1
699,99,772.43,334.88,102.83,301.37,0.7891,-1,-1,-1
699,104,863.98,351.83,64.92,229.11,0.6890,-1,-1,-1
700,2,919.42,283.30,149.00,439.99,0.8451,-1,-1,-1
700,51,1051.51,195.21,159.27,747.15,0.7593,-1,-1,-1
700,89,421.92,276.55,129.88,505.15,0.7965,-1,-1,-1
700,96,1501.10,80.22,417.92,984.67,0.9101,-1,-1,-1
700,98,1131.08,32.51,446.36,1043.08,0.8994,-1,-1,-1
700,99,771.72,332.38,103.02,303.61,0.7657,-1,-1,-1
700,104,866.69,347.22,61.57,230.95,0.6503,-1,-1,-1
701,2,920.63,282.96,147.17,436.12,0.8553,-1,-1,-1
701,51,1054.03,188.40,137.64,752.36,0.7719,-1,-1,-1
701,89,417.33,271.59,130.09,512.35,0.8244,-1,-1,-1
701,96,1511.13,73.39,408.20,988.47,0.9082,-1,-1,-1
701,98,1137.80,22.87,446.97,1050.54,0.8951,-1,-1,-1
701,99,773.44,328.57,103.15,305.19,0.7538,-1,-1,-1
701,104,864.69,345.32,65.68,233.90,0.6724,-1,-1,-1
702,2,921.50,279.58,139.66,433.08,0.8406,-1,-1,-1
702,51,1045.59,179.72,172.68,762.81,0.8141,-1,-1,-1
702,89,415.33,267.73,131.43,517.64,0.8279,-1,-1,-1
702,96,1512.22,63.32,407.50,999.01,0.9111,-1,-1,-1
702,98,1138.52,10.93,451.38,1061.29,0.8916,-1,-1,-1
702,99,774.95,324.63,97.17,305.75,0.7642,-1,-1,-1
702,104,858.67,338.42,73.38,238.68,0.7018,-1,-1,-1
703,2,922.21,277.19,134.09,431.01,0.8367,-1,-1,-1
703,51,1042.65,169.83,178.19,772.51,0.8353,-1,-1,-1
703,89,406.92,260.19,137.25,523.24,0.8179,-1,-1,-1
703,96,1520.78,48.94,399.22,1017.55,0.9060,-1,-1,-1
703,98,1148.45,3.37,451.40,1069.21,0.8957,-1,-1,-1
703,99,772.76,318.33,100.79,311.82,0.7657,-1,-1,-1
703,104,861.08,333.00,71.21,246.30,0.6811,-1,-1,-1
704,2,921.80,270.96,124.35,431.11,0.8207,-1,-1,-1
704,51,1034.29,158.74,208.62,783.04,0.8461,-1,-1,-1
704,89,399.52,254.02,138.66,522.93,0.8432,-1,-1,-1
704,96,1532.74,36.91,387.13,1029.52,0.9108,-1,-1,-1
704,98,1154.17,0.79,453.89,1069.96,0.9024,-1,-1,-1
704,99,772.24,313.44,105.41,313.21,0.7671,-1,-1,-1
704,104,861.10,328.29,69.99,247.30,0.6797,-1,-1,-1
705,2,920.24,263.10,122.38,430.91,0.8178,-1,-1,-1
705,51,1024.53,147.89,205.83,793.01,0.8461,-1,-1,-1
705,89,394.78,251.12,143.79,521.14,0.8589,-1,-1,-1
705,96,1545.16,11.27,374.84,1051.35,0.9014,-1,-1,-1
705,98,1159.30,1.07,453.00,1068.94,0.9049,-1,-1,-1
705,99,775.26,309.83,96.50,313.98,0.7491,-1,-1,-1
705,104,854.86,322.70,72.52,244.98,0.6568,-1,-1,-1
706,2,921.40,258.25,122.71,428.77,0.8048,-1,-1,-1
706,51,1002.30,136.46,214.74,818.33,0.8300,-1,-1,-1
706,89,392.64,242.61,141.24,528.50,0.8134,-1,-1,-1
706,96,1556.88,2.88,362.82,1063.05,0.9177,-1,-1,-1
706,98,1170.30,0.97,458.97,1070.82,0.9111,-1,-1,-1
706,99,772.74,302.65,95.32,316.57,0.7621,-1,-1,-1
706,104,852.66,318.40,73.57,249.54,0.6818,-1,-1,-1
707,2,920.26,254.43,123.88,425.80,0.7559,-1,-1,-1
707,51,991.18,120.16,221.53,856.50,0.8319,-1,-1,-1
707,89,388.66,236.62,142.58,528.25,0.8206,-1,-1,-1
707,96,1578.94,2.43,340.95,1069.48,0.9170,-1,-1,-1
707,98,1179.75,1.48,472.73,1072.89,0.9136,-1,-1,-1
707,99,777.05,294.87,89.56,316.01,0.7831,-1,-1,-1
707,104,853.08,312.21,73.41,248.25,0.6650,-1,-1,-1
708,2,922.29,240.28,104.27,434.64,0.6973,-1,-1,-1
708,51,977.75,106.89,228.35,881.96,0.8468,-1,-1,-1
708,89,386.99,231.07,145.08,530.21,0.7951,-1,-1,-1
708,96,1601.66,3.87,318.35,1068.76,0.9075,-1,-1,-1
708,98,1182.60,2.01,493.02,1068.08,0.9134,-1,-1,-1
708,99,771.48,288.58,100.66,318.06,0.7737,-1,-1,-1
708,104,852.18,305.20,74.23,256.70,0.6082,-1,-1,-1
709,2,913.03,229.95,119.85,437.00,0.5541,-1,-1,-1
709,51,968.79,97.29,262.59,904.54,0.8608,-1,-1,-1
709,89,382.14,217.25,145.10,544.18,0.8031,-1,-1,-1
709,96,1630.53,4.91,289.01,1074.72,0.8982,-1,-1,-1
709,98,1200.93,2.14,505.91,1068.35,0.9182,-1,-1,-1
709,99,766.46,281.36,106.01,322.32,0.7603,-1,-1,-1
709,104,851.54,300.73,74.00,253.04,0.5359,-1,-1,-1
710,51,936.20,85.82,302.20,927.25,0.8828,-1,-1,-1
710,89,378.64,212.03,145.26,542.88,0.7942,-1,-1,-1
710,96,1660.31,4.52,259.70,1075.36,0.8971,-1,-1,-1
710,98,1219.06,2.52,523.67,1066.06,0.9315,-1,-1,-1
710,99,766.69,274.45,104.73,326.30,0.7693,-1,-1,-1
710,104,854.51,297.16,69.37,250.08,0.4970,-1,-1,-1
711,51,926.45,79.53,312.21,943.79,0.8934,-1,-1,-1
711,89,374.56,207.05,146.30,546.19,0.8141,-1,-1,-1
711,96,1696.52,5.21,223.34,1056.91,0.8806,-1,-1,-1
711,98,1232.80,0.46,573.79,1066.74,0.9216,-1,-1,-1
711,99,774.24,270.17,96.36,329.01,0.7466,-1,-1,-1
711,104,853.16,295.51,69.55,254.71,0.4925,-1,-1,-1
712,51,915.31,63.68,324.51,974.11,0.9029,-1,-1,-1
712,89,371.21,203.68,145.60,550.62,0.8206,-1,-1,-1
712,96,1733.25,11.60,186.99,895.43,0.7734,-1,-1,-1
712,98,1255.99,3.55,576.34,1068.02,0.9110,-1,-1,-1
712,99,761.84,266.50,110.90,332.88,0.7431,-1,-1,-1
712,104,853.14,293.93,66.94,252.33,0.5975,-1,-1,-1
713,51,909.13,51.47,327.59,1005.83,0.8966,-1,-1,-1
713,89,366.02,196.57,147.72,556.65,0.8165,-1,-1,-1
713,96,1780.11,9.66,139.90,836.67,0.5930,-1,-1,-1
713,98,1275.35,4.97,604.70,1066.16,0.9159,-1,-1,-1
713,99,758.60,261.19,117.16,337.37,0.7594,-1,-1,-1
713,104,852.50,285.18,72.59,260.76,0.5329,-1,-1,-1
714,51,900.87,43.04,325.73,1020.00,0.8874,-1,-1,-1
714,89,363.81,194.18,148.56,558.10,0.8265,-1,-1,-1
714,98,1292.25,3.03,626.73,1066.17,0.9254,-1,-1,-1
714,99,756.32,258.92,117.36,339.06,0.7819,-1,-1,-1
714,104,853.77,284.83,68.04,261.82,0.5894,-1,-1,-1
715,51,890.34,36.49,326.62,1030.94,0.8909,-1,-1,-1
715,89,358.69,192.22,155.91,558.97,0.8250,-1,-1,-1
715,98,1285.37,0.04,633.91,1065.75,0.9283,-1,-1,-1
715,99,757.45,256.25,122.15,339.81,0.7667,-1,-1,-1
715,104,850.85,280.68,58.51,265.63,0.4192,-1,-1,-1
716,51,877.34,12.01,328.00,1053.56,0.8964,-1,-1,-1
716,89,356.48,189.69,151.35,564.40,0.8275,-1,-1,-1
716,98,1270.40,-0.06,649.10,1068.60,0.9285,-1,-1,-1
716,99,757.63,254.29,118.85,340.12,0.7612,-1,-1,-1
716,104,847.86,274.60,53.40,269.12,0.3651,-1,-1,-1
716,109,1238.23,317.22,60.32,205.89,0.5869,-1,-1,-1
717,51,858.49,2.87,343.43,1074.53,0.9083,-1,-1,-1
717,89,350.54,189.59,160.43,563.31,0.8039,-1,-1,-1
717,98,1262.87,-0.00,655.85,1067.21,0.9286,-1,-1,-1
717,99,755.12,248.75,126.45,346.75,0.8059,-1,-1,-1
717,109,1240.96,310.79,61.00,211.63,0.5069,-1,-1,-1
717,110,1201.24,320.16,48.50,182.96,0.3292,-1,-1,-1
718,51,844.13,12.19,339.98,1062.65,0.9026,-1,-1,-1
718,89,346.65,182.33,162.51,572.37,0.8186,-1,-1,-1
718,98,1260.35,1.26,658.59,1068.95,0.9181,-1,-1,-1
718,99,755.60,245.29,114.17,351.46,0.8089,-1,-1,-1
718,109,1237.90,307.90,68.82,214.56,0.5917,-1,-1,-1
719,51,817.55,3.08,350.88,1066.95,0.8994,-1,-1,-1
719,89,344.11,179.94,159.59,576.29,0.8281,-1,-1,-1
719,98,1263.48,1.56,655.79,1069.97,0.9180,-1,-1,-1
719,99,754.03,241.03,104.67,355.34,0.7686,-1,-1,-1
719,109,1240.66,311.88,72.54,209.31,0.5579,-1,-1,-1
720,51,791.26,2.47,359.88,1069.13,0.8882,-1,-1,-1
720,89,341.98,179.72,157.56,580.11,0.8484,-1,-1,-1
720,98,1275.30,2.72,643.75,1055.94,0.9173,-1,-1,-1
720,99,757.28,241.24,84.42,354.47,0.6816,-1,-1,-1
720,109,1242.76,305.85,75.51,215.33,0.6400,-1,-1,-1
720,111,1096.13,166.04,117.88,513.88,0.7163,-1,-1,-1
721,51,768.87,1.92,361.66,1076.76,0.9126,-1,-1,-1
721,89,337.92,173.99,159.81,588.50,0.8474,-1,-1,-1
721,98,1293.61,2.47,624.54,1062.74,0.8841,-1,-1,-1
721,109,1241.99,302.07,76.28,216.55,0.6067,-1,-1,-1
721,111,1092.60,164.56,130.37,519.42,0.7446,-1,-1,-1
722,51,748.65,2.08,367.96,1074.46,0.9107,-1,-1,-1
722,89,331.89,169.12,163.13,594.93,0.8438,-1,-1,-1
722,98,1305.89,1.89,612.11,1063.63,0.9197,-1,-1,-1
722,109,1245.32,294.63,65.93,224.19,0.4931,-1,-1,-1
722,111,1088.57,161.93,140.21,519.83,0.7898,-1,-1,-1
722,113,1315.43,115.78,157.88,496.32,0.7093,-1,-1,-1
723,51,725.14,1.98,371.90,1075.44,0.9035,-1,-1,-1
723,89,326.46,166.99,165.78,597.16,0.8462,-1,-1,-1
723,98,1313.75,2.14,603.98,1063.20,0.9027,-1,-1,-1
723,109,1246.59,311.65,65.24,209.80,0.5251,-1,-1,-1
723,111,1082.75,162.03,142.63,509.83,0.8310,-1,-1,-1
723,113,1302.99,109.80,167.96,556.85,0.7295,-1,-1,-1
724,51,699.14,1.86,390.75,1068.72,0.9060,-1,-1,-1
724,89,322.02,163.28,165.72,601.15,0.8366,-1,-1,-1
724,98,1322.96,5.15,594.26,1062.04,0.9019,-1,-1,-1
724,111,1078.17,158.85,150.47,508.91,0.8438,-1,-1,-1
724,113,1260.51,106.60,202.59,635.94,0.7752,-1,-1,-1
725,51,661.62,3.27,397.98,1070.04,0.9040,-1,-1,-1
725,89,316.02,158.17,166.99,605.82,0.8385,-1,-1,-1
725,98,1335.52,7.17,580.83,1062.92,0.8823,-1,-1,-1
725,111,1075.39,157.91,150.79,507.79,0.8371,-1,-1,-1
725,113,1240.51,101.12,216.02,664.35,0.8577,-1,-1,-1
726,51,632.70,3.58,404.47,1071.18,0.9086,-1,-1,-1
726,89,312.30,156.94,166.29,608.29,0.8181,-1,-1,-1
726,98,1350.94,8.02,567.97,1060.14,0.8124,-1,-1,-1
726,111,1071.99,154.34,160.36,509.07,0.8423,-1,-1,-1
726,113,1217.79,106.48,239.65,701.56,0.8565,-1,-1,-1
727,51,605.26,4.78,411.34,1069.71,0.9053,-1,-1,-1
727,89,296.55,147.72,172.83,614.51,0.8200,-1,-1,-1
727,98,1391.29,2.84,528.47,1066.34,0.8125,-1,-1,-1
727,111,1067.60,151.62,164.26,512.68,0.8544,-1,-1,-1
727,113,1188.51,105.94,273.24,697.27,0.8693,-1,-1,-1
728,2,941.46,181.86,121.68,444.00,0.7889,-1,-1,-1
728,51,565.18,4.48,435.31,1071.86,0.9091,-1,-1,-1
728,89,290.43,141.88,168.43,619.94,0.8495,-1,-1,-1
728,98,1525.66,7.11,392.61,1047.76,0.7385,-1,-1,-1
728,111,1066.76,147.91,144.14,511.09,0.6673,-1,-1,-1
728,113,1149.63,101.48,311.85,703.18,0.8592,-1,-1,-1
729,2,937.24,185.54,121.69,437.40,0.8448,-1,-1,-1
729,51,519.48,1.70,452.66,1072.49,0.9076,-1,-1,-1
729,89,280.19,129.59,168.58,629.01,0.8670,-1,-1,-1
729,98,1681.48,27.64,236.51,1032.81,0.6985,-1,-1,-1
729,111,1063.77,146.53,129.05,508.59,0.7569,-1,-1,-1
729,113,1124.44,93.35,336.37,709.04,0.8773,-1,-1,-1
730,2,920.54,184.46,144.05,437.24,0.8499,-1,-1,-1
730,51,467.96,1.75,475.36,1073.95,0.9227,-1,-1,-1
730,89,267.54,125.67,172.78,630.58,0.8434,-1,-1,-1
730,111,1055.13,142.04,135.55,514.34,0.8078,-1,-1,-1
730,113,1114.13,94.66,345.50,704.47,0.9000,-1,-1,-1
731,2,911.11,183.11,144.37,439.36,0.8390,-1,-1,-1
731,51,421.58,3.52,485.82,1071.70,0.9070,-1,-1,-1
731,89,253.72,121.16,172.75,637.54,0.8306,-1,-1,-1
731,111,1050.62,140.11,132.12,515.34,0.7970,-1,-1,-1
731,113,1113.66,94.43,341.14,706.31,0.8963,-1,-1,-1
732,2,904.58,183.50,154.43,438.11,0.8397,-1,-1,-1
732,51,359.29,3.99,519.49,1064.67,0.9132,-1,-1,-1
732,89,245.00,109.51,157.81,650.60,0.8457,-1,-1,-1
732,111,1050.42,138.79,125.13,515.03,0.8125,-1,-1,-1
732,113,1087.74,90.79,365.52,711.96,0.8787,-1,-1,-1
732,116,1442.83,296.12,31.13,46.79,0.3201,-1,-1,-1
733,2,899.18,180.28,164.48,437.59,0.8548,-1,-1,-1
733,51,244.40,3.95,599.71,1063.88,0.9026,-1,-1,-1
733,111,1046.90,134.93,119.01,513.84,0.8048,-1,-1,-1
733,113,1094.17,78.49,344.28,722.08,0.8631,-1,-1,-1
734,2,895.87,183.09,145.58,435.24,0.8419,-1,-1,-1
734,51,220.98,6.30,581.75,1060.31,0.9264,-1,-1,-1
734,111,1041.89,136.99,117.31,515.16,0.8040,-1,-1,-1
734,113,1076.35,80.77,344.72,735.52,0.8614,-1,-1,-1
735,2,889.66,182.72,141.40,424.66,0.8572,-1,-1,-1
735,51,160.28,4.32,614.96,1061.41,0.9090,-1,-1,-1
735,111,1034.55,138.31,113.42,520.54,0.7599,-1,-1,-1
735,113,1058.40,82.63,338.71,741.03,0.8627,-1,-1,-1
735,116,1422.56,292.18,32.00,46.26,0.4352,-1,-1,-1
735,117,741.60,208.87,107.43,401.75,0.6854,-1,-1,-1
736,2,886.47,181.76,137.88,428.77,0.8478,-1,-1,-1
736,51,49.41,2.44,686.73,1065.62,0.8626,-1,-1,-1
736,99,710.97,179.54,131.60,410.74,0.6393,-1,-1,-1
736,111,1026.75,135.87,106.35,525.82,0.6481,-1,-1,-1
736,113,1045.65,77.42,317.98,725.93,0.8802,-1,-1,-1
737,2,879.10,179.59,134.85,428.85,0.8370,-1,-1,-1
737,51,0.58,5.03,694.76,1060.51,0.9244,-1,-1,-1
737,99,672.35,177.77,158.82,427.08,0.7136,-1,-1,-1
737,111,1013.63,139.57,102.14,524.36,0.6674,-1,-1,-1
737,113,1047.82,72.25,276.86,726.52,0.8519,-1,-1,-1
738,2,863.41,176.57,135.96,432.51,0.8224,-1,-1,-1
738,51,-1.57,5.02,681.82,1057.81,0.9044,-1,-1,-1
738,99,646.41,171.25,157.55,437.87,0.7849,-1,-1,-1
738,111,1004.76,143.14,89.37,518.05,0.4708,-1,-1,-1
738,113,1020.17,68.50,257.85,738.47,0.8716,-1,-1,-1
738,118,750.60,210.45,64.68,318.76,0.4614,-1,-1,-1
739,2,841.68,176.88,137.39,435.65,0.8441,-1,-1,-1
739,51,-0.49,3.69,651.85,1053.23,0.9128,-1,-1,-1
739,99,623.25,166.46,170.26,445.91,0.8121,-1,-1,-1
739,113,1001.13,70.34,221.61,733.19,0.8283,-1,-1,-1
740,2,825.12,177.35,145.39,431.30,0.8414,-1,-1,-1
740,51,1.00,6.44,597.15,1051.07,0.9056,-1,-1,-1
740,99,614.44,164.40,159.81,460.17,0.8237,-1,-1,-1
740,113,974.37,67.24,200.17,735.15,0.8287,-1,-1,-1
741,2,818.26,178.35,141.65,431.88,0.8180,-1,-1,-1
741,51,0.43,4.44,543.19,1059.30,0.8885,-1,-1,-1
741,99,595.48,162.74,168.71,460.28,0.8470,-1,-1,-1
741,109,1146.95,283.90,63.55,232.23,0.5356,-1,-1,-1
741,113,950.68,68.04,200.66,757.67,0.8713,-1,-1,-1
742,2,807.89,177.85,140.40,436.56,0.8408,-1,-1,-1
742,51,4.56,4.36,448.31,1063.28,0.8361,-1,-1,-1
742,99,580.13,157.99,171.30,465.32,0.8487,-1,-1,-1
742,109,1141.37,274.95,55.81,254.42,0.4855,-1,-1,-1
742,113,920.00,67.59,212.03,762.49,0.8392,-1,-1,-1
743,2,797.70,181.35,141.54,437.55,0.8278,-1,-1,-1
743,51,25.06,10.35,296.16,1046.51,0.7070,-1,-1,-1
743,99,574.04,159.66,161.55,469.48,0.8280,-1,-1,-1
743,113,894.27,68.12,225.10,762.99,0.8161,-1,-1,-1
744,2,776.60,180.41,146.88,431.46,0.8212,-1,-1,-1
744,89,0.84,60.81,200.83,777.45,0.5667,-1,-1,-1
744,99,552.90,158.12,169.12,479.15,0.8404,-1,-1,-1
744,113,846.18,64.55,239.17,763.72,0.8343,-1,-1,-1
744,120,1073.93,228.99,96.84,303.72,0.6839,-1,-1,-1
745,2,764.92,181.59,135.68,430.08,0.7264,-1,-1,-1
745,89,-0.65,53.31,181.94,770.58,0.8732,-1,-1,-1
745,99,534.34,155.28,179.62,489.37,0.8414,-1,-1,-1
745,113,802.10,61.15,269.22,761.60,0.7785,-1,-1,-1
745,120,1064.99,230.28,103.30,305.45,0.7482,-1,-1,-1
746,2,752.69,182.02,127.87,422.96,0.7472,-1,-1,-1
746,89,-1.80,54.43,157.70,767.32,0.8566,-1,-1,-1
746,99,515.13,153.33,188.09,496.46,0.8397,-1,-1,-1
746,113,731.87,54.46,323.46,784.01,0.8055,-1,-1,-1
746,120,1051.79,223.81,101.77,313.07,0.7224,-1,-1,-1
747,2,732.92,183.68,118.22,397.49,0.6151,-1,-1,-1
747,89,-2.69,53.27,135.87,772.37,0.8305,-1,-1,-1
747,99,496.16,152.47,187.30,502.05,0.8303,-1,-1,-1
747,113,692.47,42.21,357.87,792.95,0.8325,-1,-1,-1
747,116,1272.71,298.38,35.26,46.05,0.3139,-1,-1,-1
747,120,1052.43,222.80,92.96,315.92,0.7046,-1,-1,-1
748,2,719.33,172.09,108.65,408.62,0.5253,-1,-1,-1
748,89,-3.14,61.91,115.82,770.40,0.8120,-1,-1,-1
748,99,481.75,149.77,190.50,505.63,0.8525,-1,-1,-1
748,113,655.54,50.35,380.23,786.00,0.8793,-1,-1,-1
748,120,1043.45,219.50,93.94,322.88,0.7131,-1,-1,-1
749,2,702.63,185.77,94.35,370.52,0.3420,-1,-1,-1
749,89,-4.80,105.34,101.83,717.84,0.7608,-1,-1,-1
749,99,464.18,148.74,199.18,517.82,0.8425,-1,-1,-1
749,111,920.99,140.76,86.12,363.02,0.4578,-1,-1,-1
749,113,672.09,49.06,351.75,787.99,0.8157,-1,-1,-1
749,120,1035.09,220.73,92.26,322.32,0.6747,-1,-1,-1
749,122,989.98,230.72,78.70,321.89,0.3816,-1,-1,-1
750,2,693.07,241.57,70.06,310.42,0.4288,-1,-1,-1
750,89,-2.71,178.71,81.09,642.86,0.7268,-1,-1,-1
750,99,450.93,148.74,199.97,521.86,0.7511,-1,-1,-1
750,111,906.04,136.56,89.28,463.13,0.3710,-1,-1,-1
750,113,642.64,55.17,369.35,790.49,0.8591,-1,-1,-1
750,120,1030.37,226.55,93.81,318.52,0.7401,-1,-1,-1
750,122,982.05,238.74,82.05,319.58,0.6538,-1,-1,-1
751,99,435.68,149.91,204.97,543.00,0.8016,-1,-1,-1
751,111,884.13,138.12,109.09,509.80,0.6954,-1,-1,-1
751,113,623.96,52.78,379.19,803.42,0.8737,-1,-1,-1
751,118,565.03,210.75,81.89,345.24,0.4252,-1,-1,-1
751,120,1031.98,227.60,89.53,320.95,0.7151,-1,-1,-1
751,122,979.22,241.21,83.52,321.61,0.6527,-1,-1,-1
752,99,427.86,143.65,202.78,552.19,0.8282,-1,-1,-1
752,111,868.94,140.38,119.61,521.33,0.7589,-1,-1,-1
752,113,612.74,54.26,367.57,808.93,0.8715,-1,-1,-1
752,118,562.92,207.15,76.70,352.86,0.3370,-1,-1,-1
752,120,1029.62,228.12,90.74,321.90,0.7483,-1,-1,-1
752,122,963.46,244.92,101.31,324.95,0.6893,-1,-1,-1
753,99,412.89,138.85,215.70,559.75,0.8388,-1,-1,-1
753,111,861.20,145.36,123.15,525.32,0.7676,-1,-1,-1
753,113,603.77,46.90,358.29,821.50,0.8887,-1,-1,-1
753,120,1031.95,230.03,89.68,316.88,0.7369,-1,-1,-1
753,122,961.35,250.38,112.41,325.50,0.7033,-1,-1,-1
754,99,395.67,136.34,229.34,564.45,0.8192,-1,-1,-1
754,111,856.20,149.46,124.23,527.23,0.7953,-1,-1,-1
754,113,596.52,47.78,339.86,827.45,0.8870,-1,-1,-1
754,120,1029.34,232.17,93.33,324.44,0.7432,-1,-1,-1
754,122,958.36,251.89,113.66,327.53,0.6713,-1,-1,-1
754,123,1831.19,326.39,88.00,374.38,0.5083,-1,-1,-1
755,99,394.15,134.37,222.36,568.79,0.8488,-1,-1,-1
755,111,849.45,149.74,130.11,531.74,0.7995,-1,-1,-1
755,113,575.14,43.91,342.85,837.89,0.8893,-1,-1,-1
755,120,1031.67,230.50,95.08,326.18,0.7176,-1,-1,-1
755,122,957.48,251.26,116.70,330.31,0.6923,-1,-1,-1
755,123,1824.04,310.47,95.17,394.02,0.5035,-1,-1,-1
756,99,384.42,132.49,220.28,582.72,0.8420,-1,-1,-1
756,111,847.01,153.65,133.62,528.72,0.8011,-1,-1,-1
756,113,542.53,39.33,336.90,850.92,0.8892,-1,-1,-1
756,120,1030.35,229.86,102.66,331.63,0.7037,-1,-1,-1
756,122,955.42,251.71,115.50,332.97,0.6800,-1,-1,-1
757,99,378.12,135.58,198.32,578.87,0.8539,-1,-1,-1
757,111,840.94,158.20,141.99,522.78,0.8020,-1,-1,-1
757,113,504.73,33.68,338.97,863.36,0.8795,-1,-1,-1
757,120,1029.91,230.14,107.57,333.75,0.7002,-1,-1,-1
757,122,955.03,251.82,115.65,338.29,0.7569,-1,-1,-1
757,123,1816.70,301.47,102.80,408.46,0.3698,-1,-1,-1
758,2,756.72,195.43,87.71,320.38,0.5819,-1,-1,-1
758,99,373.33,129.98,202.76,587.32,0.7722,-1,-1,-1
758,111,844.98,163.86,136.03,521.88,0.8243,-1,-1,-1
758,113,469.39,35.96,343.11,869.03,0.8792,-1,-1,-1
758,120,1037.16,228.44,115.24,334.37,0.7045,-1,-1,-1
758,122,957.54,250.44,126.27,343.71,0.7994,-1,-1,-1
759,2,711.25,203.13,129.28,437.68,0.3987,-1,-1,-1
759,99,372.16,133.72,203.39,595.69,0.7959,-1,-1,-1
759,111,844.35,168.14,134.16,524.20,0.8312,-1,-1,-1
759,113,459.99,33.92,321.84,881.00,0.8466,-1,-1,-1
759,120,1043.78,230.11,110.26,347.13,0.7294,-1,-1,-1
759,122,961.57,254.99,120.31,342.84,0.8125,-1,-1,-1
760,2,683.29,197.52,162.72,513.85,0.6900,-1,-1,-1
760,99,370.68,130.55,203.59,610.80,0.7835,-1,-1,-1
760,111,843.26,170.07,134.29,525.13,0.8297,-1,-1,-1
760,113,451.61,41.40,294.68,880.88,0.7887,-1,-1,-1
760,120,1051.15,228.67,105.24,363.11,0.7451,-1,-1,-1
760,122,967.07,255.60,118.51,347.64,0.8080,-1,-1,-1
761,2,716.50,202.43,134.52,437.74,0.8251,-1,-1,-1
761,99,370.49,133.27,197.69,608.01,0.7330,-1,-1,-1
761,111,846.03,171.96,132.17,528.14,0.8354,-1,-1,-1
761,113,413.89,42.43,321.10,891.97,0.7624,-1,-1,-1
761,120,1056.97,229.04,103.41,363.72,0.7628,-1,-1,-1
761,122,970.97,256.80,120.58,349.66,0.8297,-1,-1,-1
762,2,708.12,202.37,143.20,437.76,0.8178,-1,-1,-1
762,99,362.00,135.78,197.11,611.56,0.7186,-1,-1,-1
762,111,845.29,173.01,132.91,528.73,0.8350,-1,-1,-1
762,113,391.56,39.86,337.93,900.45,0.7496,-1,-1,-1
762,120,1062.60,230.36,98.37,362.98,0.7788,-1,-1,-1
762,122,970.80,250.26,129.01,358.35,0.8052,-1,-1,-1
762,123,1826.21,349.92,93.67,362.68,0.3065,-1,-1,-1
763,2,706.15,203.73,150.09,450.54,0.8338,-1,-1,-1
763,99,346.16,139.31,188.98,609.98,0.7552,-1,-1,-1
763,111,848.17,172.67,132.23,524.86,0.8248,-1,-1,-1
763,113,358.16,37.82,360.34,910.13,0.6402,-1,-1,-1
763,120,1064.38,230.91,106.49,366.34,0.7902,-1,-1,-1
763,122,974.57,250.21,136.64,360.65,0.8005,-1,-1,-1
764,2,711.91,205.85,146.74,451.66,0.8353,-1,-1,-1
764,99,332.25,120.83,192.02,639.33,0.5574,-1,-1,-1
764,111,848.33,172.08,135.61,530.90,0.8134,-1,-1,-1
764,113,328.12,38.26,387.91,916.77,0.8509,-1,-1,-1
764,120,1071.29,229.11,101.25,373.49,0.7762,-1,-1,-1
764,122,979.35,249.13,139.83,364.43,0.8014,-1,-1,-1
765,2,714.29,207.94,145.97,448.84,0.8441,-1,-1,-1
765,111,850.14,168.40,142.55,520.61,0.8033,-1,-1,-1
765,113,322.99,36.53,394.77,924.72,0.8615,-1,-1,-1
765,120,1077.79,228.33,101.77,374.39,0.7165,-1,-1,-1
765,122,983.54,250.95,142.56,368.85,0.7742,-1,-1,-1
766,2,717.06,210.31,144.18,445.12,0.8416,-1,-1,-1
766,111,855.85,166.67,137.32,512.78,0.8123,-1,-1,-1
766,113,305.18,34.32,412.19,926.79,0.9033,-1,-1,-1
766,120,1082.02,229.42,103.23,378.55,0.6848,-1,-1,-1
766,122,983.08,249.83,145.89,374.80,0.7986,-1,-1,-1
766,125,641.53,274.02,91.12,341.97,0.6816,-1,-1,-1
767,2,718.21,210.44,143.32,441.40,0.8456,-1,-1,-1
767,111,854.91,162.82,140.15,513.41,0.8091,-1,-1,-1
767,113,287.72,32.19,426.13,934.31,0.9007,-1,-1,-1
767,120,1087.39,225.94,119.18,388.48,0.7388,-1,-1,-1
767,122,976.60,250.30,164.08,379.62,0.8226,-1,-1,-1
767,125,633.13,272.33,100.23,341.62,0.7335,-1,-1,-1
768,2,721.14,207.43,139.18,441.12,0.8233,-1,-1,-1
768,111,856.97,159.18,137.90,516.04,0.8118,-1,-1,-1
768,113,268.39,31.32,438.75,939.14,0.9039,-1,-1,-1
768,120,1086.86,225.61,124.81,391.35,0.7687,-1,-1,-1
768,122,976.97,251.82,175.70,379.56,0.8122,-1,-1,-1
768,125,631.51,268.63,104.64,341.20,0.7523,-1,-1,-1
769,2,722.10,207.23,136.69,439.77,0.8093,-1,-1,-1
769,111,852.92,157.84,144.19,518.81,0.8252,-1,-1,-1
769,113,245.42,30.91,450.93,949.24,0.9093,-1,-1,-1
769,120,1090.94,226.45,112.41,395.27,0.7571,-1,-1,-1
769,122,975.29,251.93,185.35,385.14,0.8256,-1,-1,-1
769,125,630.05,265.84,105.52,347.84,0.7797,-1,-1,-1
770,2,724.55,204.97,133.56,439.56,0.8269,-1,-1,-1
770,111,851.33,155.19,148.62,521.01,0.8246,-1,-1,-1
770,113,222.14,25.25,459.08,962.92,0.8977,-1,-1,-1
770,120,1095.80,223.79,101.37,402.84,0.7136,-1,-1,-1
770,122,976.19,250.41,186.34,389.74,0.8340,-1,-1,-1
770,125,628.76,265.10,105.72,344.17,0.7875,-1,-1,-1
771,2,720.57,196.42,133.32,445.05,0.8493,-1,-1,-1
771,111,845.15,152.64,153.63,520.69,0.8573,-1,-1,-1
771,113,201.34,11.76,455.08,987.02,0.8926,-1,-1,-1
771,120,1099.03,219.61,99.95,409.19,0.7147,-1,-1,-1
771,122,975.11,243.91,187.71,396.84,0.8277,-1,-1,-1
771,125,626.64,254.67,107.42,347.48,0.7396,-1,-1,-1
772,2,722.80,201.75,131.20,439.63,0.8349,-1,-1,-1
772,111,843.76,152.69,150.93,524.10,0.8600,-1,-1,-1
772,113,178.77,9.46,456.13,981.33,0.8889,-1,-1,-1
772,120,1095.55,218.53,105.13,411.68,0.7857,-1,-1,-1
772,122,965.78,243.66,192.83,403.28,0.8341,-1,-1,-1
772,125,618.29,258.81,114.10,352.05,0.7896,-1,-1,-1
773,2,721.10,199.32,125.52,439.49,0.8332,-1,-1,-1
773,111,841.86,154.32,144.00,523.88,0.8636,-1,-1,-1
773,113,159.59,11.73,435.32,938.57,0.8627,-1,-1,-1
773,120,1092.64,213.82,110.88,418.77,0.7979,-1,-1,-1
773,122,962.70,239.98,195.63,408.98,0.8424,-1,-1,-1
773,125,615.85,258.77,111.51,351.24,0.8120,-1,-1,-1
774,2,714.41,191.62,127.36,441.97,0.8313,-1,-1,-1
774,99,428.30,64.74,193.93,751.54,0.5840,-1,-1,-1
774,111,836.77,150.79,142.87,530.29,0.8137,-1,-1,-1
774,113,147.39,5.05,395.45,941.36,0.8763,-1,-1,-1
774,120,1091.88,211.51,115.56,419.74,0.7751,-1,-1,-1
774,122,961.74,233.92,196.32,413.34,0.8587,-1,-1,-1
774,125,610.76,255.95,112.88,348.35,0.7971,-1,-1,-1
775,2,708.80,188.57,132.49,445.07,0.8173,-1,-1,-1
775,99,401.36,54.78,221.22,776.02,0.7691,-1,-1,-1
775,111,829.83,152.17,130.95,525.60,0.7834,-1,-1,-1
775,113,134.64,2.96,359.77,950.87,0.8708,-1,-1,-1
775,120,1085.39,206.57,121.72,423.74,0.7981,-1,-1,-1
775,122,959.10,228.30,198.35,415.31,0.8607,-1,-1,-1
775,125,607.22,249.25,113.77,360.05,0.7792,-1,-1,-1
776,2,698.89,188.69,136.75,443.93,0.8010,-1,-1,-1
776,99,381.19,47.17,240.37,782.59,0.7165,-1,-1,-1
776,111,818.41,151.45,139.03,529.11,0.7805,-1,-1,-1
776,113,112.98,0.82,347.69,965.08,0.8844,-1,-1,-1
776,120,1085.37,201.21,121.74,429.51,0.8108,-1,-1,-1
776,122,956.23,224.14,195.70,420.58,0.8485,-1,-1,-1
776,125,600.17,247.59,113.17,359.97,0.7793,-1,-1,-1
777,2,690.65,192.34,138.48,441.97,0.7900,-1,-1,-1
777,99,350.68,41.39,263.14,800.61,0.7782,-1,-1,-1
777,111,813.36,152.50,142.25,528.74,0.8012,-1,-1,-1
777,113,94.92,2.10,341.22,958.83,0.8973,-1,-1,-1
777,120,1082.47,198.56,130.81,429.67,0.8341,-1,-1,-1
777,122,954.60,221.49,189.68,425.43,0.8350,-1,-1,-1
777,125,591.91,246.38,112.24,367.54,0.7135,-1,-1,-1
778,2,680.62,190.82,137.46,449.33,0.7421,-1,-1,-1
778,99,332.56,36.53,280.19,832.81,0.8287,-1,-1,-1
778,111,812.80,153.13,140.33,528.24,0.8063,-1,-1,-1
778,113,76.71,3.08,329.80,981.39,0.8957,-1,-1,-1
778,120,1083.94,190.77,129.53,443.77,0.8310,-1,-1,-1
778,122,951.88,219.75,183.80,427.89,0.8406,-1,-1,-1
778,125,586.74,246.30,108.66,362.19,0.7243,-1,-1,-1
779,2,671.86,191.62,138.05,439.59,0.7597,-1,-1,-1
779,99,332.45,31.80,272.21,861.28,0.8167,-1,-1,-1
779,111,799.78,155.39,145.33,522.31,0.7421,-1,-1,-1
779,113,51.10,1.79,330.14,1005.51,0.8965,-1,-1,-1
779,120,1080.83,194.74,124.30,440.51,0.8094,-1,-1,-1
779,122,954.53,215.33,173.11,435.76,0.8366,-1,-1,-1
779,125,571.66,244.07,118.61,366.28,0.7650,-1,-1,-1
780,2,663.03,189.26,141.15,450.64,0.7399,-1,-1,-1
780,99,321.80,26.50,274.08,885.38,0.8464,-1,-1,-1
780,111,790.28,154.73,146.47,531.28,0.8078,-1,-1,-1
780,113,24.59,1.60,329.93,999.08,0.9101,-1,-1,-1
780,120,1076.07,193.22,128.74,448.48,0.8100,-1,-1,-1
780,122,950.70,213.86,169.58,438.30,0.8449,-1,-1,-1
780,125,566.76,243.60,114.23,360.49,0.6802,-1,-1,-1
781,2,679.31,190.02,120.65,447.62,0.6142,-1,-1,-1
781,99,307.19,20.16,289.58,889.19,0.8435,-1,-1,-1
781,111,791.82,152.73,141.88,532.56,0.8178,-1,-1,-1
781,113,0.45,4.12,329.04,1006.33,0.9109,-1,-1,-1
781,120,1074.71,191.83,137.35,455.51,0.8179,-1,-1,-1
781,122,952.14,212.81,163.04,446.87,0.8392,-1,-1,-1
781,125,566.69,242.98,104.10,359.01,0.6033,-1,-1,-1
782,2,675.50,191.14,126.11,445.14,0.6774,-1,-1,-1
782,99,279.89,10.44,318.51,913.77,0.8664,-1,-1,-1
782,111,786.28,157.53,145.82,525.28,0.8169,-1,-1,-1
782,113,-1.82,5.27,304.40,1003.65,0.9090,-1,-1,-1
782,120,1071.99,189.70,148.78,459.04,0.8123,-1,-1,-1
782,122,950.79,209.56,163.23,455.83,0.8712,-1,-1,-1
782,125,555.58,242.56,108.19,383.08,0.6249,-1,-1,-1
783,2,674.01,195.86,123.48,443.81,0.6681,-1,-1,-1
783,99,240.81,1.14,354.04,943.18,0.8585,-1,-1,-1
783,111,776.93,156.19,153.43,523.16,0.8087,-1,-1,-1
783,113,-1.55,3.59,277.02,1012.90,0.9017,-1,-1,-1
783,120,1069.63,190.70,151.72,459.12,0.8292,-1,-1,-1
783,122,949.69,209.75,164.02,461.80,0.8780,-1,-1,-1
783,125,536.34,242.53,122.04,385.58,0.6260,-1,-1,-1
784,2,678.82,197.05,117.77,441.64,0.7080,-1,-1,-1
784,99,228.15,0.98,361.21,966.00,0.8618,-1,-1,-1
784,111,784.52,154.91,139.27,523.63,0.7936,-1,-1,-1
784,113,-2.05,5.82,257.05,1011.61,0.9015,-1,-1,-1
784,120,1068.14,190.19,155.78,467.34,0.8241,-1,-1,-1
784,122,948.79,207.15,164.73,468.49,0.8679,-1,-1,-1
784,125,543.30,242.04,109.84,387.16,0.5873,-1,-1,-1
785,2,682.51,195.88,113.93,440.74,0.7288,-1,-1,-1
785,99,217.60,2.13,352.71,976.14,0.8932,-1,-1,-1
785,111,785.31,148.64,137.19,527.82,0.7901,-1,-1,-1
785,113,-1.26,8.84,236.39,1015.70,0.8981,-1,-1,-1
785,120,1071.17,185.57,155.84,478.55,0.8279,-1,-1,-1
785,122,946.56,205.91,167.10,471.76,0.8452,-1,-1,-1
785,125,536.54,238.25,118.97,389.47,0.6672,-1,-1,-1
786,2,681.87,196.31,114.66,440.57,0.7290,-1,-1,-1
786,99,206.84,0.74,355.00,986.18,0.8784,-1,-1,-1
786,111,785.00,146.96,140.12,524.17,0.8158,-1,-1,-1
786,113,-1.92,8.44,221.42,1016.78,0.8743,-1,-1,-1
786,120,1072.02,180.86,160.53,490.11,0.8265,-1,-1,-1
786,122,948.20,203.26,167.49,484.49,0.8299,-1,-1,-1
786,125,504.01,232.44,131.43,396.98,0.6942,-1,-1,-1
786,129,617.28,244.14,92.07,369.36,0.6327,-1,-1,-1
787,2,682.28,194.41,114.01,441.61,0.7787,-1,-1,-1
787,99,196.44,0.17,363.70,997.33,0.8835,-1,-1,-1
787,111,791.38,144.17,135.44,526.87,0.8248,-1,-1,-1
787,113,-1.08,36.26,201.82,992.56,0.8781,-1,-1,-1
787,120,1077.61,177.32,163.71,496.34,0.8363,-1,-1,-1
787,122,948.39,206.58,172.01,489.09,0.8344,-1,-1,-1
787,125,526.13,235.20,113.77,391.05,0.6557,-1,-1,-1
787,129,617.04,249.50,92.09,367.01,0.6548,-1,-1,-1
788,2,682.11,190.95,113.37,441.92,0.7529,-1,-1,-1
788,99,183.15,1.24,366.72,996.56,0.8982,-1,-1,-1
788,111,792.93,146.59,136.39,523.44,0.8244,-1,-1,-1
788,113,-1.33,58.10,187.27,978.06,0.8716,-1,-1,-1
788,120,1081.15,179.18,166.99,501.87,0.8460,-1,-1,-1
788,122,948.86,209.69,178.82,491.36,0.8561,-1,-1,-1
788,125,521.63,235.71,108.92,397.84,0.6461,-1,-1,-1
788,129,607.37,251.25,100.89,370.72,0.7316,-1,-1,-1
788,130,1853.98,268.51,65.22,462.22,0.4964,-1,-1,-1
789,2,682.26,193.67,123.00,449.42,0.7681,-1,-1,-1
789,99,170.90,0.04,372.06,1010.07,0.9007,-1,-1,-1
789,111,793.57,152.62,132.97,516.97,0.8370,-1,-1,-1
789,113,-1.95,85.41,177.90,965.07,0.8653,-1,-1,-1
789,120,1079.63,173.10,162.48,511.86,0.8343,-1,-1,-1
789,122,940.55,211.67,191.41,498.43,0.8385,-1,-1,-1
789,125,519.00,234.01,100.73,402.47,0.6090,-1,-1,-1
789,129,604.76,247.38,104.54,381.56,0.7483,-1,-1,-1
789,130,1842.83,282.44,75.81,471.71,0.4281,-1,-1,-1
790,2,689.97,186.44,121.19,449.34,0.7495,-1,-1,-1
790,99,162.09,-0.05,383.86,1022.74,0.8938,-1,-1,-1
790,111,794.99,150.35,134.89,519.42,0.8472,-1,-1,-1
790,113,1.61,99.23,157.94,960.62,0.8349,-1,-1,-1
790,120,1082.42,169.94,165.30,515.39,0.8421,-1,-1,-1
790,122,933.20,201.80,212.74,511.14,0.7913,-1,-1,-1
790,123,1838.15,326.30,81.17,400.33,0.4099,-1,-1,-1
790,125,517.99,232.54,101.98,401.16,0.5650,-1,-1,-1
790,129,605.66,248.74,106.47,384.55,0.7293,-1,-1,-1
791,2,691.92,195.89,128.53,442.39,0.7751,-1,-1,-1
791,99,148.53,0.71,397.88,1034.82,0.8914,-1,-1,-1
791,111,802.43,151.56,133.26,522.60,0.8245,-1,-1,-1
791,113,3.32,105.70,141.88,956.98,0.8022,-1,-1,-1
791,120,1091.55,169.16,172.44,517.84,0.7854,-1,-1,-1
791,122,964.78,198.46,192.00,524.82,0.8014,-1,-1,-1
791,123,1840.23,360.31,79.79,366.89,0.5014,-1,-1,-1
791,125,516.82,232.18,112.80,411.08,0.6058,-1,-1,-1
791,129,607.25,250.17,111.07,386.58,0.7472,-1,-1,-1
792,2,697.29,198.02,128.28,449.26,0.8057,-1,-1,-1
792,99,140.39,1.88,431.20,1044.48,0.8590,-1,-1,-1
792,111,810.35,155.27,130.21,519.71,0.8031,-1,-1,-1
792,113,8.39,121.38,123.30,946.52,0.5295,-1,-1,-1
792,120,1103.07,167.29,169.72,501.11,0.7372,-1,-1,-1
792,122,968.69,197.82,204.48,526.90,0.8236,-1,-1,-1
792,125,516.34,235.47,114.19,412.73,0.6414,-1,-1,-1
792,129,615.31,251.39,107.81,390.89,0.7983,-1,-1,-1
793,2,702.74,194.54,128.57,450.08,0.8048,-1,-1,-1
793,99,118.57,2.98,467.87,1051.86,0.8893,-1,-1,-1
793,111,816.79,153.07,135.45,526.24,0.8000,-1,-1,-1
793,113,12.90,441.68,106.53,605.68,0.5707,-1,-1,-1
793,120,1116.58,166.27,160.62,526.56,0.8172,-1,-1,-1
793,122,969.28,193.77,214.48,534.06,0.8464,-1,-1,-1
793,123,1841.27,398.37,78.40,346.57,0.3910,-1,-1,-1
793,125,519.75,233.91,111.21,400.70,0.5565,-1,-1,-1
793,129,617.63,252.34,113.55,393.95,0.7890,-1,-1,-1
793,132,12.84,141.30,47.86,426.65,0.5689,-1,-1,-1
794,2,710.49,196.39,128.36,444.08,0.7989,-1,-1,-1
794,99,102.92,2.86,487.32,1071.08,0.9024,-1,-1,-1
794,111,818.92,155.73,141.09,527.40,0.7787,-1,-1,-1
794,113,12.20,467.97,92.17,582.03,0.5624,-1,-1,-1
794,120,1122.48,160.50,163.92,538.28,0.8549,-1,-1,-1
794,122,978.89,187.52,224.84,545.37,0.8461,-1,-1,-1
794,123,1724.35,389.10,192.09,352.79,0.3899,-1,-1,-1
794,125,524.27,232.81,113.22,412.53,0.6186,-1,-1,-1
794,129,615.75,254.75,125.61,394.75,0.7142,-1,-1,-1
794,132,21.57,157.84,40.50,407.35,0.3681,-1,-1,-1
795,2,725.67,197.16,125.68,450.77,0.7715,-1,-1,-1
795,99,85.41,2.11,508.89,1068.42,0.9214,-1,-1,-1
795,111,839.73,158.39,133.28,528.15,0.8233,-1,-1,-1
795,113,10.71,543.81,85.81,505.81,0.4802,-1,-1,-1
795,120,1138.70,156.11,163.46,538.78,0.8197,-1,-1,-1
795,122,987.17,176.75,231.65,563.83,0.8167,-1,-1,-1
795,125,527.61,235.74,106.99,415.30,0.6671,-1,-1,-1
795,129,617.55,256.72,129.44,396.03,0.7390,-1,-1,-1
795,132,26.71,177.57,32.29,396.05,0.3064,-1,-1,-1
796,2,732.34,201.61,131.29,451.92,0.8063,-1,-1,-1
796,99,62.74,1.84,535.60,1067.64,0.9201,-1,-1,-1
796,111,846.45,161.76,137.19,529.83,0.8365,-1,-1,-1
796,113,8.16,550.53,79.62,486.20,0.5384,-1,-1,-1
796,120,1150.53,160.74,161.82,559.26,0.8436,-1,-1,-1
796,122,992.66,181.14,237.68,559.89,0.8529,-1,-1,-1
796,125,532.52,236.69,118.38,380.89,0.5604,-1,-1,-1
796,129,634.51,255.90,113.37,402.37,0.7113,-1,-1,-1
797,2,743.63,207.54,132.97,451.77,0.7888,-1,-1,-1
797,99,38.35,2.41,565.06,1066.82,0.9131,-1,-1,-1
797,111,857.14,169.90,129.92,526.01,0.8139,-1,-1,-1
797,113,2.35,550.91,81.58,282.96,0.4130,-1,-1,-1
797,120,1169.44,161.19,154.02,584.64,0.8541,-1,-1,-1
797,122,999.09,181.34,249.65,573.04,0.8469,-1,-1,-1
797,125,533.21,239.07,119.76,352.16,0.5608,-1,-1,-1
797,129,620.77,259.64,137.60,407.50,0.7170,-1,-1,-1
798,2,749.00,212.33,131.18,444.12,0.8194,-1,-1,-1
798,99,12.58,3.40,605.84,1060.02,0.9107,-1,-1,-1
798,111,862.61,172.72,130.70,529.83,0.8024,-1,-1,-1
798,120,1178.06,163.62,160.82,598.22,0.8343,-1,-1,-1
798,122,998.21,184.38,261.96,589.97,0.8452,-1,-1,-1
798,125,535.41,243.15,118.68,330.42,0.5450,-1,-1,-1
798,129,632.60,260.46,131.44,412.24,0.7289,-1,-1,-1
799,2,748.97,215.94,134.55,446.74,0.8061,-1,-1,-1
799,99,-0.39,3.38,630.94,1061.08,0.9041,-1,-1,-1
799,111,862.68,179.07,139.16,526.94,0.7983,-1,-1,-1
799,120,1187.84,164.50,159.56,614.74,0.8224,-1,-1,-1
799,122,998.34,185.95,270.37,607.96,0.8558,-1,-1,-1
799,125,535.79,247.23,124.75,349.87,0.5395,-1,-1,-1
799,129,641.40,262.42,124.63,414.11,0.7689,-1,-1,-1
800,2,756.58,224.68,132.73,442.04,0.8025,-1,-1,-1
800,99,-0.65,2.79,638.08,1055.06,0.9076,-1,-1,-1
800,111,869.14,184.17,134.32,526.99,0.7830,-1,-1,-1
800,120,1195.38,165.92,162.56,618.14,0.8054,-1,-1,-1
800,122,1007.32,187.68,270.43,623.68,0.8320,-1,-1,-1
800,125,534.35,250.54,130.43,358.33,0.4935,-1,-1,-1
800,129,642.85,264.84,123.43,417.88,0.7707,-1,-1,-1
801,2,762.53,229.98,127.53,440.78,0.8330,-1,-1,-1
801,99,-0.32,4.15,637.30,1061.95,0.9127,-1,-1,-1
801,111,871.40,192.75,131.20,525.06,0.7764,-1,-1,-1
801,120,1203.03,164.92,161.62,627.73,0.8161,-1,-1,-1
801,122,1008.85,190.32,279.31,631.62,0.8488,-1,-1,-1
801,125,529.16,251.97,140.59,352.56,0.4643,-1,-1,-1
801,129,643.17,268.25,124.80,418.97,0.7919,-1,-1,-1
802,2,774.42,231.82,115.77,436.65,0.8250,-1,-1,-1
802,99,-1.12,4.25,654.08,1075.30,0.8967,-1,-1,-1
802,111,883.83,191.12,133.97,527.34,0.8149,-1,-1,-1
802,120,1208.86,165.50,168.09,641.55,0.8241,-1,-1,-1
802,122,1002.19,193.93,299.72,640.53,0.8425,-1,-1,-1
802,125,532.02,254.77,138.92,356.13,0.4758,-1,-1,-1
802,129,643.15,268.86,126.50,420.66,0.7840,-1,-1,-1
803,2,782.53,234.23,111.72,436.16,0.8210,-1,-1,-1
803,99,0.07,3.75,651.72,1072.15,0.8459,-1,-1,-1
803,111,887.92,191.32,135.79,533.54,0.8155,-1,-1,-1
803,120,1219.54,160.00,172.60,656.41,0.8483,-1,-1,-1
803,122,1000.91,193.50,310.45,650.51,0.8562,-1,-1,-1
803,125,533.19,253.55,138.10,339.41,0.6077,-1,-1,-1
803,129,643.51,269.77,127.10,428.77,0.7781,-1,-1,-1
804,2,786.19,227.78,114.66,436.07,0.8378,-1,-1,-1
804,99,5.37,2.95,621.19,1076.83,0.6960,-1,-1,-1
804,111,888.74,189.43,140.23,535.21,0.8472,-1,-1,-1
804,120,1234.95,163.75,171.33,655.68,0.8440,-1,-1,-1
804,122,994.07,190.77,324.41,680.40,0.8704,-1,-1,-1
804,125,531.91,254.71,134.52,346.43,0.4899,-1,-1,-1
804,129,641.48,270.35,131.26,430.32,0.7674,-1,-1,-1
804,134,391.01,81.50,229.52,733.46,0.5123,-1,-1,-1
805,2,789.90,227.86,113.90,437.52,0.8297,-1,-1,-1
805,99,42.67,3.94,432.45,1069.56,0.6323,-1,-1,-1
805,111,894.15,187.85,137.62,537.56,0.8338,-1,-1,-1
805,120,1239.67,158.08,190.75,660.37,0.8532,-1,-1,-1
805,122,1000.53,188.47,328.49,687.22,0.8709,-1,-1,-1
805,125,526.88,253.30,146.02,319.57,0.5693,-1,-1,-1
805,129,646.97,270.32,131.27,439.61,0.8046,-1,-1,-1
805,134,383.17,26.07,229.79,800.92,0.6830,-1,-1,-1
806,2,794.09,225.46,113.35,443.60,0.7981,-1,-1,-1
806,99,-10.89,0.21,585.30,1072.35,0.7615,-1,-1,-1
806,111,903.15,184.86,130.68,537.77,0.8121,-1,-1,-1
806,120,1248.66,151.61,197.71,672.81,0.8648,-1,-1,-1
806,122,1009.24,179.31,327.21,706.83,0.8762,-1,-1,-1
806,125,525.54,251.29,147.71,311.94,0.6715,-1,-1,-1
806,129,649.37,269.44,128.53,442.97,0.8317,-1,-1,-1
806,134,370.76,18.09,221.47,816.12,0.4080,-1,-1,-1
807,2,797.71,225.99,113.29,450.84,0.8086,-1,-1,-1
807,99,0.01,0.37,566.07,1071.48,0.8729,-1,-1,-1
807,111,904.67,182.60,133.54,539.01,0.8237,-1,-1,-1
807,120,1257.50,142.45,207.59,688.15,0.8719,-1,-1,-1
807,122,1024.04,173.10,318.55,716.89,0.8726,-1,-1,-1
807,125,518.01,247.32,154.99,320.18,0.6208,-1,-1,-1
807,129,649.71,268.46,131.78,447.43,0.8278,-1,-1,-1
808,2,802.18,222.62,116.35,451.26,0.8074,-1,-1,-1
808,99,1.62,0.49,546.42,1071.29,0.9095,-1,-1,-1
808,111,908.29,185.35,127.14,526.62,0.7930,-1,-1,-1
808,120,1267.33,135.60,218.95,703.14,0.8791,-1,-1,-1
808,122,1031.60,166.56,320.19,732.30,0.8951,-1,-1,-1
808,125,505.30,244.04,172.77,338.10,0.6435,-1,-1,-1
808,129,653.64,268.10,132.80,450.51,0.8314,-1,-1,-1
809,2,803.06,220.41,115.80,444.97,0.8092,-1,-1,-1
809,99,2.76,2.27,511.52,1065.15,0.9245,-1,-1,-1
809,111,910.83,181.22,133.66,520.95,0.8243,-1,-1,-1
809,120,1277.51,125.97,224.32,714.89,0.8593,-1,-1,-1
809,122,1040.27,157.63,320.14,742.13,0.8923,-1,-1,-1
809,125,506.94,237.96,178.00,377.63,0.6299,-1,-1,-1
809,129,650.41,265.16,138.23,454.71,0.8058,-1,-1,-1
810,2,805.18,219.38,117.32,448.41,0.8102,-1,-1,-1
810,99,2.92,2.44,477.63,1064.85,0.8876,-1,-1,-1
810,111,909.89,179.98,139.90,526.49,0.7969,-1,-1,-1
810,120,1282.23,117.29,237.69,732.45,0.8829,-1,-1,-1
810,122,1051.95,144.48,315.95,763.13,0.8915,-1,-1,-1
810,125,503.23,234.22,176.49,496.54,0.7274,-1,-1,-1
810,129,651.78,263.69,136.80,464.96,0.8279,-1,-1,-1
810,135,756.99,265.90,68.76,284.37,0.4895,-1,-1,-1
811,2,804.37,222.32,117.35,445.73,0.8241,-1,-1,-1
811,99,2.71,4.39,423.48,1064.62,0.9158,-1,-1,-1
811,111,910.89,183.06,138.86,519.50,0.7953,-1,-1,-1
811,120,1288.70,116.18,245.59,748.68,0.9014,-1,-1,-1
811,122,1060.40,143.44,316.60,772.77,0.8862,-1,-1,-1
811,125,502.65,233.80,164.69,512.80,0.8200,-1,-1,-1
811,129,648.50,267.81,137.27,463.34,0.8605,-1,-1,-1
811,136,389.74,198.61,128.59,514.68,0.5775,-1,-1,-1
812,2,802.11,219.34,115.34,446.85,0.8002,-1,-1,-1
812,99,3.83,1.07,382.12,1071.11,0.8383,-1,-1,-1
812,111,910.34,179.03,140.91,526.74,0.7913,-1,-1,-1
812,120,1298.09,111.40,255.22,775.92,0.8952,-1,-1,-1
812,122,1070.09,136.28,312.58,786.10,0.8709,-1,-1,-1
812,125,499.74,228.74,169.83,522.70,0.8193,-1,-1,-1
812,129,649.36,263.93,139.58,469.50,0.8224,-1,-1,-1
812,135,758.98,264.54,63.76,284.06,0.4045,-1,-1,-1
812,136,346.21,80.87,167.64,759.90,0.7698,-1,-1,-1
813,2,798.15,217.87,117.46,447.88,0.8011,-1,-1,-1
813,99,4.16,1.86,347.84,1061.73,0.6382,-1,-1,-1
813,111,911.20,175.07,140.14,524.92,0.8095,-1,-1,-1
813,120,1302.98,106.76,261.98,803.94,0.8927,-1,-1,-1
813,122,1076.45,126.18,312.19,797.81,0.8736,-1,-1,-1
813,125,498.33,220.64,166.33,532.75,0.8091,-1,-1,-1
813,129,635.77,260.07,155.59,479.41,0.7834,-1,-1,-1
813,136,295.15,65.48,217.14,812.62,0.8575,-1,-1,-1
814,2,793.77,217.62,121.45,448.26,0.8031,-1,-1,-1
814,111,908.29,173.52,143.80,525.16,0.7997,-1,-1,-1
814,120,1311.73,101.14,263.46,822.10,0.8866,-1,-1,-1
814,122,1089.85,107.10,306.77,845.10,0.8696,-1,-1,-1
814,125,495.14,217.03,165.20,539.39,0.8188,-1,-1,-1
814,129,620.16,256.40,171.99,484.25,0.7930,-1,-1,-1
814,134,1.89,-0.07,343.94,1054.86,0.7494,-1,-1,-1
814,136,254.23,54.36,251.24,832.16,0.8844,-1,-1,-1
815,2,792.55,218.20,121.81,449.47,0.7973,-1,-1,-1
815,111,908.49,173.98,142.14,528.72,0.7993,-1,-1,-1
815,120,1320.78,102.18,269.90,817.31,0.8686,-1,-1,-1
815,122,1106.08,105.54,301.80,880.99,0.8695,-1,-1,-1
815,125,491.85,216.52,165.07,546.52,0.8127,-1,-1,-1
815,129,626.45,253.87,166.78,491.51,0.7752,-1,-1,-1
815,134,10.23,2.44,250.56,1064.70,0.3472,-1,-1,-1
815,136,224.98,46.03,273.07,843.99,0.8864,-1,-1,-1
816,2,785.59,221.46,129.65,450.19,0.8059,-1,-1,-1
816,111,908.11,176.59,142.10,528.78,0.8123,-1,-1,-1
816,120,1321.05,98.82,279.05,834.48,0.8635,-1,-1,-1
816,122,1114.24,109.55,294.29,901.81,0.8698,-1,-1,-1
816,125,482.88,219.68,168.37,549.29,0.8394,-1,-1,-1
816,129,628.28,252.05,164.14,494.91,0.7762,-1,-1,-1
816,136,217.30,38.96,275.36,852.43,0.8953,-1,-1,-1
816,137,1053.42,316.66,74.33,245.98,0.5721,-1,-1,-1
817,2,780.88,224.35,131.45,448.59,0.8145,-1,-1,-1
817,111,908.75,177.63,143.45,527.18,0.8213,-1,-1,-1
817,120,1328.28,94.38,288.43,875.78,0.8664,-1,-1,-1
817,122,1117.20,110.41,300.45,938.45,0.8778,-1,-1,-1
817,125,470.60,217.78,176.10,554.40,0.8512,-1,-1,-1
817,129,632.96,249.22,155.18,500.25,0.7745,-1,-1,-1
817,136,205.86,35.62,285.81,863.37,0.8957,-1,-1,-1
817,137,1055.36,305.79,77.16,258.00,0.5905,-1,-1,-1
818,2,779.50,227.36,128.88,443.81,0.8472,-1,-1,-1
818,111,909.98,181.10,138.80,529.26,0.8164,-1,-1,-1
818,120,1330.54,88.16,297.67,895.23,0.8674,-1,-1,-1
818,122,1119.17,108.51,306.80,929.85,0.8849,-1,-1,-1
818,125,455.54,218.75,188.78,562.23,0.8724,-1,-1,-1
818,129,624.46,248.35,162.08,503.87,0.8080,-1,-1,-1
818,136,196.02,30.18,291.60,899.69,0.8934,-1,-1,-1
818,137,1049.86,305.82,86.14,258.94,0.6078,-1,-1,-1
819,2,774.33,227.19,132.13,443.70,0.8613,-1,-1,-1
819,111,905.40,181.59,134.98,534.10,0.8112,-1,-1,-1
819,120,1331.59,78.23,309.75,923.03,0.8669,-1,-1,-1
819,122,1122.44,108.17,313.02,945.37,0.8785,-1,-1,-1
819,125,440.87,217.13,196.05,566.17,0.8665,-1,-1,-1
819,129,617.25,248.51,161.62,513.83,0.7943,-1,-1,-1
819,136,180.97,23.15,299.56,938.22,0.8984,-1,-1,-1
819,137,1047.61,305.38,91.18,260.54,0.5709,-1,-1,-1
820,2,766.65,226.49,138.23,441.41,0.8551,-1,-1,-1
820,111,904.74,181.85,135.82,536.93,0.8085,-1,-1,-1
820,120,1331.99,66.65,319.49,940.36,0.8612,-1,-1,-1
820,122,1129.69,105.03,316.68,972.21,0.8766,-1,-1,-1
820,125,428.90,216.11,204.14,571.82,0.8549,-1,-1,-1
820,129,615.58,241.19,168.62,522.90,0.8119,-1,-1,-1
820,136,168.50,16.08,303.57,974.51,0.9026,-1,-1,-1
820,137,1049.89,305.63,97.08,260.03,0.5500,-1,-1,-1
821,2,758.87,224.00,143.21,444.25,0.8539,-1,-1,-1
821,111,905.16,180.78,136.54,539.28,0.8036,-1,-1,-1
821,120,1342.68,50.27,319.24,948.88,0.8476,-1,-1,-1
821,122,1133.19,97.68,329.15,978.13,0.8893,-1,-1,-1
821,125,423.68,215.01,207.35,580.24,0.8218,-1,-1,-1
821,129,614.11,239.99,176.01,527.17,0.8455,-1,-1,-1
821,136,158.28,11.88,312.46,991.59,0.8985,-1,-1,-1
821,137,1054.16,302.70,96.95,262.76,0.5683,-1,-1,-1
822,2,759.03,220.74,146.03,449.07,0.8420,-1,-1,-1
822,111,904.95,180.63,137.11,536.54,0.8126,-1,-1,-1
822,120,1359.24,35.21,308.07,967.96,0.8755,-1,-1,-1
822,122,1140.42,80.67,340.94,998.12,0.8873,-1,-1,-1
822,125,412.42,212.66,213.07,593.77,0.7860,-1,-1,-1
822,129,605.44,234.99,184.71,532.46,0.8639,-1,-1,-1
822,136,146.69,9.52,313.19,1004.06,0.9046,-1,-1,-1
822,137,1048.47,303.12,102.48,262.22,0.6552,-1,-1,-1
823,2,754.86,214.38,147.58,454.48,0.8346,-1,-1,-1
823,111,904.66,179.88,139.22,533.99,0.8215,-1,-1,-1
823,120,1374.81,9.56,300.51,954.64,0.8764,-1,-1,-1
823,122,1145.55,60.12,354.69,1016.51,0.8847,-1,-1,-1
823,125,409.92,210.14,212.37,602.90,0.8205,-1,-1,-1
823,129,604.85,231.38,185.18,541.79,0.8696,-1,-1,-1
823,136,134.01,2.88,318.31,1027.09,0.9097,-1,-1,-1
823,137,1047.56,302.38,103.59,262.68,0.6930,-1,-1,-1
824,2,751.56,211.41,152.37,455.98,0.8343,-1,-1,-1
824,111,905.05,178.88,141.80,534.89,0.8137,-1,-1,-1
824,120,1388.89,3.29,297.49,971.32,0.8888,-1,-1,-1
824,122,1143.80,41.53,367.81,1034.51,0.8800,-1,-1,-1
824,125,409.03,205.34,211.01,610.95,0.8357,-1,-1,-1
824,129,602.15,228.25,185.70,552.95,0.8528,-1,-1,-1
824,136,120.75,-0.17,325.12,1052.72,0.9031,-1,-1,-1
824,137,1051.34,301.82,101.56,263.53,0.6947,-1,-1,-1
825,2,747.31,209.06,160.15,453.90,0.8214,-1,-1,-1
825,111,907.27,182.32,147.93,531.03,0.8196,-1,-1,-1
825,120,1410.12,1.22,285.27,1018.03,0.8785,-1,-1,-1
825,122,1138.95,24.19,398.28,1051.98,0.8809,-1,-1,-1
825,125,404.39,202.40,212.20,617.58,0.8374,-1,-1,-1
825,129,599.50,227.58,187.29,571.24,0.8474,-1,-1,-1
825,136,102.81,0.55,336.04,1044.11,0.8821,-1,-1,-1
825,137,1054.97,301.35,99.44,263.96,0.6616,-1,-1,-1
826,2,747.99,208.67,158.91,453.74,0.8248,-1,-1,-1
826,111,909.86,175.82,143.36,538.62,0.8175,-1,-1,-1
826,120,1425.41,1.53,278.41,1056.00,0.8552,-1,-1,-1
826,122,1131.22,11.10,442.05,1064.62,0.8883,-1,-1,-1
826,125,399.18,199.98,215.89,626.79,0.7981,-1,-1,-1
826,129,596.64,228.33,191.73,584.86,0.8609,-1,-1,-1
826,136,87.95,0.35,344.01,1031.35,0.8825,-1,-1,-1
826,137,1056.31,300.30,103.60,264.65,0.6433,-1,-1,-1
827,2,746.10,208.89,161.54,451.99,0.8214,-1,-1,-1
827,111,907.99,178.68,154.18,531.42,0.8198,-1,-1,-1
827,120,1463.71,1.32,251.63,1077.99,0.8656,-1,-1,-1
827,122,1126.25,3.31,480.51,1072.60,0.9006,-1,-1,-1
827,125,393.86,196.45,218.22,636.20,0.7823,-1,-1,-1
827,129,595.08,228.61,192.48,587.32,0.8584,-1,-1,-1
827,136,74.04,1.35,347.82,1065.73,0.8937,-1,-1,-1
827,137,1059.05,298.83,104.28,265.84,0.6531,-1,-1,-1
828,2,744.26,208.08,162.86,452.00,0.8275,-1,-1,-1
828,111,904.82,176.31,160.91,529.36,0.8061,-1,-1,-1
828,120,1488.91,1.56,243.46,1069.37,0.8726,-1,-1,-1
828,122,1124.45,3.10,529.71,1066.67,0.8980,-1,-1,-1
828,125,387.51,190.88,218.29,644.58,0.8686,-1,-1,-1
828,129,592.66,227.74,195.50,589.89,0.8643,-1,-1,-1
828,136,58.04,0.32,355.55,1074.90,0.9080,-1,-1,-1
828,137,1060.83,294.89,107.16,271.05,0.6992,-1,-1,-1
829,2,748.27,211.00,163.44,452.50,0.8203,-1,-1,-1
829,111,910.64,175.11,158.04,522.70,0.8103,-1,-1,-1
829,120,1500.40,4.88,255.56,1055.64,0.8185,-1,-1,-1
829,122,1124.46,7.16,570.60,1059.94,0.9010,-1,-1,-1
829,125,389.46,190.86,207.76,650.47,0.8677,-1,-1,-1
829,129,590.19,232.81,198.90,605.82,0.8413,-1,-1,-1
829,136,40.98,1.93,368.05,1067.51,0.9133,-1,-1,-1
829,137,1069.35,298.24,103.96,267.28,0.7449,-1,-1,-1
830,2,750.00,214.90,174.35,451.68,0.7893,-1,-1,-1
830,111,921.09,182.19,151.32,511.30,0.7808,-1,-1,-1
830,120,1530.81,0.42,253.97,1062.87,0.8037,-1,-1,-1
830,122,1123.39,6.02,616.13,1063.58,0.9023,-1,-1,-1
830,125,388.87,190.67,210.47,656.60,0.8761,-1,-1,-1
830,129,588.28,231.19,203.42,620.21,0.8520,-1,-1,-1
830,136,16.90,1.40,392.31,1066.07,0.9188,-1,-1,-1
830,137,1072.99,298.56,104.46,268.11,0.7493,-1,-1,-1
831,2,757.66,214.01,159.37,451.08,0.8243,-1,-1,-1
831,111,921.85,177.18,157.70,516.05,0.8060,-1,-1,-1
831,120,1555.56,1.92,266.29,1061.53,0.7659,-1,-1,-1
831,122,1122.28,4.30,671.03,1064.11,0.8983,-1,-1,-1
831,125,382.32,188.49,214.90,672.88,0.8742,-1,-1,-1
831,129,585.34,229.17,207.75,630.79,0.8535,-1,-1,-1
831,136,1.88,1.00,410.43,1075.09,0.9233,-1,-1,-1
831,137,1076.13,296.14,109.72,269.52,0.6996,-1,-1,-1
831,138,712.43,241.72,54.20,96.93,0.3612,-1,-1,-1
832,2,758.74,216.18,159.57,449.26,0.8292,-1,-1,-1
832,111,934.24,178.50,150.25,514.02,0.8074,-1,-1,-1
832,120,1580.87,2.94,272.78,1060.13,0.7246,-1,-1,-1
832,122,1119.35,4.21,704.60,1065.76,0.9020,-1,-1,-1
832,125,381.29,189.41,215.29,680.06,0.8793,-1,-1,-1
832,129,583.58,227.88,206.68,634.59,0.8487,-1,-1,-1
832,136,-1.17,0.77,422.19,1079.31,0.9280,-1,-1,-1
832,137,1082.67,295.68,107.49,281.41,0.6866,-1,-1,-1
832,138,723.51,244.77,50.27,87.19,0.3108,-1,-1,-1
833,2,757.16,217.05,164.07,448.53,0.8276,-1,-1,-1
833,111,927.28,173.07,159.56,523.91,0.8088,-1,-1,-1
833,120,1610.78,0.85,278.40,1069.50,0.5174,-1,-1,-1
833,122,1118.44,2.79,767.16,1066.08,0.9097,-1,-1,-1
833,125,378.85,188.08,218.61,694.01,0.8858,-1,-1,-1
833,129,581.74,227.31,209.11,645.46,0.8506,-1,-1,-1
833,136,-1.07,0.08,428.15,1076.38,0.9265,-1,-1,-1
833,137,1088.48,293.66,108.11,279.13,0.7049,-1,-1,-1
833,138,724.36,246.03,53.22,84.67,0.3124,-1,-1,-1
834,2,765.93,219.16,166.03,447.79,0.8216,-1,-1,-1
834,111,939.60,173.07,151.78,529.91,0.8127,-1,-1,-1
834,122,1120.81,1.64,798.40,1065.51,0.9191,-1,-1,-1
834,125,372.14,188.27,222.87,711.85,0.8657,-1,-1,-1
834,129,578.99,222.62,213.80,652.74,0.8448,-1,-1,-1
834,136,-0.86,-0.01,433.37,1072.56,0.9224,-1,-1,-1
834,137,1094.36,298.36,105.86,273.67,0.6412,-1,-1,-1
834,139,1620.06,-0.81,299.03,568.79,0.6264,-1,-1,-1
835,2,771.40,220.69,166.58,449.97,0.8367,-1,-1,-1
835,111,932.12,180.61,167.86,524.92,0.7632,-1,-1,-1
835,122,1132.08,2.88,786.30,1068.42,0.9125,-1,-1,-1
835,125,370.97,190.24,223.78,722.00,0.8785,-1,-1,-1
835,129,579.03,220.84,217.23,661.08,0.8499,-1,-1,-1
835,136,-0.42,1.88,434.97,1066.56,0.9278,-1,-1,-1
835,137,1100.54,295.29,106.02,285.39,0.7140,-1,-1,-1
836,2,784.21,224.09,154.46,447.51,0.8430,-1,-1,-1
836,111,939.22,183.78,167.23,524.73,0.7520,-1,-1,-1
836,122,1149.36,2.17,770.10,1060.31,0.9210,-1,-1,-1
836,125,373.98,190.85,216.58,735.82,0.8620,-1,-1,-1
836,129,573.99,220.70,230.83,671.96,0.8579,-1,-1,-1
836,135,740.56,246.59,59.51,264.93,0.3022,-1,-1,-1
836,136,-0.13,2.08,434.43,1067.24,0.9285,-1,-1,-1
836,137,1113.36,296.70,103.05,282.35,0.7316,-1,-1,-1
837,2,786.04,224.91,161.98,454.08,0.8333,-1,-1,-1
837,111,948.74,189.83,161.29,519.72,0.7956,-1,-1,-1
837,122,1165.06,5.69,753.59,1062.01,0.9206,-1,-1,-1
837,125,373.84,188.95,219.75,747.59,0.8583,-1,-1,-1
837,129,572.57,216.88,238.25,681.01,0.8703,-1,-1,-1
837,135,742.90,249.10,61.09,218.03,0.3712,-1,-1,-1
837,136,0.19,1.28,436.05,1068.24,0.9301,-1,-1,-1
837,137,1120.77,297.27,100.26,287.46,0.7709,-1,-1,-1
838,2,790.25,225.30,172.78,453.58,0.8297,-1,-1,-1
838,111,955.89,194.33,163.78,517.33,0.8186,-1,-1,-1
838,122,1205.56,5.82,713.62,1064.61,0.8835,-1,-1,-1
838,125,371.12,185.45,226.81,759.99,0.8563,-1,-1,-1
838,129,574.44,215.95,237.72,684.80,0.8618,-1,-1,-1
838,135,745.22,253.12,70.07,248.43,0.3105,-1,-1,-1
838,136,0.46,-0.02,438.23,1068.10,0.9264,-1,-1,-1
838,137,1126.08,299.58,99.41,285.60,0.7543,-1,-1,-1
839,2,799.96,226.68,173.61,449.76,0.8148,-1,-1,-1
839,111,967.27,192.78,154.49,522.81,0.8116,-1,-1,-1
839,122,1267.68,5.01,651.30,1062.05,0.8994,-1,-1,-1
839,125,369.92,184.21,228.16,780.08,0.8479,-1,-1,-1
839,129,579.94,210.98,238.14,692.50,0.8650,-1,-1,-1
839,135,747.92,245.07,75.04,229.49,0.3786,-1,-1,-1
839,136,0.30,-0.04,441.93,1067.61,0.9290,-1,-1,-1
839,137,1132.59,295.76,101.40,291.19,0.7152,-1,-1,-1
840,2,810.17,221.91,153.30,454.65,0.8149,-1,-1,-1
840,111,966.87,192.52,158.05,523.40,0.8092,-1,-1,-1
840,122,1361.54,2.15,557.35,1063.56,0.7777,-1,-1,-1
840,125,368.43,181.21,233.30,787.05,0.8263,-1,-1,-1
840,129,580.96,203.94,244.07,700.11,0.8679,-1,-1,-1
840,135,753.55,242.39,74.37,234.33,0.3037,-1,-1,-1
840,136,0.04,1.06,442.35,1067.87,0.9288,-1,-1,-1
840,137,1137.82,294.89,104.89,294.73,0.6742,-1,-1,-1
840,142,1350.21,212.48,205.53,771.43,0.4901,-1,-1,-1
841,2,817.31,218.91,163.19,455.30,0.8179,-1,-1,-1
841,111,982.97,187.73,143.68,526.97,0.7971,-1,-1,-1
841,122,1441.78,2.54,477.89,1059.33,0.9260,-1,-1,-1
841,125,365.68,172.63,235.06,799.19,0.8173,-1,-1,-1
841,129,585.41,197.72,244.15,705.19,0.8622,-1,-1,-1
841,135,754.43,240.19,82.39,231.90,0.4675,-1,-1,-1
841,136,-0.21,-0.05,443.40,1066.79,0.9262,-1,-1,-1
841,137,1149.32,294.35,100.63,295.74,0.7115,-1,-1,-1
841,143,1373.72,235.80,158.59,448.13,0.6409,-1,-1,-1
842,2,820.22,217.97,173.04,454.08,0.8482,-1,-1,-1
842,111,978.93,189.49,153.51,522.36,0.8122,-1,-1,-1
842,122,1535.91,2.29,383.50,1062.53,0.8669,-1,-1,-1
842,125,360.75,158.55,240.75,811.89,0.8333,-1,-1,-1
842,129,583.97,193.18,248.85,711.04,0.8605,-1,-1,-1
842,135,753.25,234.31,84.77,239.55,0.4988,-1,-1,-1
842,136,0.26,0.71,439.52,1068.08,0.9217,-1,-1,-1
842,137,1151.35,293.38,102.77,292.62,0.6735,-1,-1,-1
842,143,1391.42,228.01,207.46,671.60,0.8708,-1,-1,-1
843,2,827.40,215.08,169.06,446.15,0.8281,-1,-1,-1
843,111,989.38,184.83,153.98,523.40,0.8122,-1,-1,-1
843,122,1618.64,3.40,300.43,1057.96,0.6198,-1,-1,-1
843,125,361.94,146.72,240.75,838.13,0.8444,-1,-1,-1
843,129,581.00,187.61,254.33,733.40,0.8455,-1,-1,-1
843,135,760.76,230.03,83.86,272.66,0.5647,-1,-1,-1
843,136,0.58,1.46,436.76,1064.93,0.9230,-1,-1,-1
843,137,1165.98,290.32,96.34,294.80,0.6427,-1,-1,-1
843,143,1404.66,214.17,240.87,700.79,0.8930,-1,-1,-1
844,2,830.56,213.29,166.03,443.97,0.8341,-1,-1,-1
844,111,992.36,178.30,161.31,527.49,0.8173,-1,-1,-1
844,122,1695.96,-0.57,221.92,1069.89,0.7024,-1,-1,-1
844,125,349.98,136.34,255.03,840.50,0.8522,-1,-1,-1
844,129,585.90,181.51,249.24,760.21,0.8477,-1,-1,-1
844,135,758.53,226.64,89.19,256.33,0.5307,-1,-1,-1
844,136,1.96,0.51,421.83,1057.51,0.8958,-1,-1,-1
844,137,1167.31,280.26,97.87,301.66,0.7409,-1,-1,-1
844,143,1418.25,203.94,253.80,739.73,0.8912,-1,-1,-1
845,2,829.97,203.39,174.53,449.57,0.8243,-1,-1,-1
845,111,996.29,174.02,152.26,529.36,0.7952,-1,-1,-1
845,122,1753.73,3.68,165.81,1059.55,0.6841,-1,-1,-1
845,125,334.99,127.79,271.29,844.36,0.8579,-1,-1,-1
845,129,586.15,172.36,258.62,780.08,0.8444,-1,-1,-1
845,135,760.74,218.62,88.86,256.59,0.5544,-1,-1,-1
845,136,2.23,2.75,410.14,1061.16,0.8186,-1,-1,-1
845,137,1168.80,274.80,99.98,305.82,0.7723,-1,-1,-1
845,143,1433.28,196.03,268.25,764.82,0.8910,-1,-1,-1
846,2,834.24,200.25,171.15,452.79,0.8090,-1,-1,-1
846,111,998.25,169.32,153.90,530.96,0.7934,-1,-1,-1
846,125,320.93,118.32,285.11,853.18,0.8413,-1,-1,-1
846,129,587.07,167.72,253.44,787.55,0.8256,-1,-1,-1
846,135,763.50,214.31,85.93,260.81,0.4684,-1,-1,-1
846,136,4.45,4.97,389.72,1066.73,0.7574,-1,-1,-1
846,137,1169.84,276.92,102.73,300.09,0.8038,-1,-1,-1
846,143,1439.83,189.98,267.20,779.72,0.9031,-1,-1,-1
847,2,836.29,193.72,168.94,452.94,0.8161,-1,-1,-1
847,111,999.00,160.42,158.09,526.12,0.8105,-1,-1,-1
847,125,314.37,108.09,295.42,868.59,0.8154,-1,-1,-1
847,129,587.05,155.69,256.29,806.00,0.8319,-1,-1,-1
847,135,758.49,209.76,94.41,259.13,0.5734,-1,-1,-1
847,136,8.19,7.11,351.79,1059.32,0.7314,-1,-1,-1
847,137,1180.59,273.74,100.08,296.35,0.7056,-1,-1,-1
847,143,1455.26,185.72,253.50,785.12,0.8875,-1,-1,-1
848,2,832.73,188.40,177.89,455.38,0.8486,-1,-1,-1
848,111,995.76,151.68,161.89,521.18,0.8076,-1,-1,-1
848,125,305.40,98.97,295.79,881.94,0.8661,-1,-1,-1
848,129,578.78,148.88,263.43,821.02,0.8342,-1,-1,-1
848,135,755.95,204.62,96.48,256.38,0.5196,-1,-1,-1
848,136,23.40,6.56,271.28,1050.98,0.6486,-1,-1,-1
848,137,1180.33,268.64,98.90,299.05,0.7339,-1,-1,-1
848,143,1470.13,179.37,248.80,801.46,0.8942,-1,-1,-1
849,2,832.34,187.75,176.97,455.07,0.8703,-1,-1,-1
849,111,995.12,148.16,155.64,519.28,0.8046,-1,-1,-1
849,125,296.08,93.46,297.32,906.53,0.8927,-1,-1,-1
849,129,563.92,146.24,277.97,870.68,0.8622,-1,-1,-1
849,135,749.02,203.34,101.36,255.45,0.5250,-1,-1,-1
849,136,29.82,7.69,217.93,1055.56,0.4013,-1,-1,-1
849,137,1178.19,267.51,98.63,301.70,0.8065,-1,-1,-1
849,143,1484.27,176.71,250.48,838.53,0.8941,-1,-1,-1
850,2,829.52,185.99,177.54,453.07,0.8742,-1,-1,-1
850,111,996.33,144.38,152.45,517.42,0.8063,-1,-1,-1
850,125,283.24,83.53,303.34,924.30,0.8838,-1,-1,-1
850,129,560.88,139.05,281.11,884.33,0.8500,-1,-1,-1
850,135,742.77,201.50,105.54,246.58,0.5506,-1,-1,-1
850,137,1181.66,261.67,93.68,303.90,0.7792,-1,-1,-1
850,143,1497.04,175.14,249.77,849.05,0.8931,-1,-1,-1
851,2,828.24,180.36,176.85,458.52,0.8676,-1,-1,-1
851,111,995.46,140.45,154.82,518.83,0.8043,-1,-1,-1
851,125,271.10,70.30,309.78,943.89,0.8965,-1,-1,-1
851,129,551.99,132.98,292.96,898.84,0.8685,-1,-1,-1
851,135,739.91,196.25,106.06,246.35,0.3527,-1,-1,-1
851,137,1170.32,254.23,110.29,310.06,0.7457,-1,-1,-1
851,143,1508.57,167.28,258.52,862.44,0.9019,-1,-1,-1
852,2,826.33,178.71,180.12,455.72,0.8512,-1,-1,-1
852,111,992.63,136.99,159.36,517.64,0.8070,-1,-1,-1
852,125,255.92,63.81,318.66,962.82,0.8918,-1,-1,-1
852,129,543.62,117.93,301.68,915.39,0.8786,-1,-1,-1
852,137,1181.40,250.27,94.41,310.15,0.7406,-1,-1,-1
852,143,1518.00,161.42,268.65,870.39,0.9033,-1,-1,-1
853,2,822.57,178.00,174.98,452.83,0.8415,-1,-1,-1
853,111,990.17,132.95,165.73,517.95,0.7997,-1,-1,-1
853,125,242.10,53.54,325.19,1004.20,0.8974,-1,-1,-1
853,129,536.18,105.75,308.80,930.56,0.8870,-1,-1,-1
853,137,1182.54,243.59,98.67,315.82,0.7413,-1,-1,-1
853,143,1526.40,143.32,280.48,892.43,0.9014,-1,-1,-1
854,2,821.65,176.98,174.74,453.41,0.8468,-1,-1,-1
854,111,979.32,132.27,171.02,517.53,0.7997,-1,-1,-1
854,125,219.97,47.35,337.10,1024.55,0.9001,-1,-1,-1
854,129,533.84,97.92,310.89,950.67,0.8928,-1,-1,-1
854,137,1177.37,241.88,98.60,317.09,0.7042,-1,-1,-1
854,143,1530.09,135.88,292.39,908.93,0.9020,-1,-1,-1
855,2,823.47,173.67,166.95,454.76,0.8417,-1,-1,-1
855,111,977.30,129.02,176.10,522.26,0.8158,-1,-1,-1
855,125,204.53,37.97,344.16,1028.15,0.9008,-1,-1,-1
855,129,517.64,86.46,326.78,963.57,0.8941,-1,-1,-1
855,137,1171.58,238.33,99.10,319.01,0.6315,-1,-1,-1
855,143,1540.84,127.19,298.80,920.97,0.9083,-1,-1,-1
856,2,815.00,171.49,174.49,455.95,0.8453,-1,-1,-1
856,111,985.62,123.17,160.06,530.41,0.8352,-1,-1,-1
856,125,180.83,27.15,353.60,1042.64,0.9073,-1,-1,-1
856,129,508.07,73.08,338.51,982.03,0.9023,-1,-1,-1
856,137,1174.05,234.64,93.77,318.81,0.6548,-1,-1,-1
856,143,1539.30,110.56,325.22,942.68,0.9106,-1,-1,-1
857,2,804.86,168.02,184.42,456.84,0.8493,-1,-1,-1
857,111,977.08,121.38,169.43,528.75,0.8446,-1,-1,-1
857,125,186.75,19.03,335.46,1052.50,0.8868,-1,-1,-1
857,129,492.72,63.15,352.37,1007.04,0.9045,-1,-1,-1
857,137,1168.93,229.16,100.92,321.54,0.7002,-1,-1,-1
857,143,1534.31,104.07,346.62,953.21,0.9025,-1,-1,-1
858,2,801.18,160.00,173.04,463.19,0.8390,-1,-1,-1
858,111,981.04,122.30,155.96,526.32,0.8352,-1,-1,-1
858,125,114.46,5.72,393.39,1062.27,0.8999,-1,-1,-1
858,129,480.05,51.41,364.40,1025.62,0.9026,-1,-1,-1
858,137,1166.73,225.95,98.06,323.49,0.6964,-1,-1,-1
858,143,1523.37,88.45,381.03,982.94,0.8979,-1,-1,-1
858,145,1330.24,284.30,97.05,283.40,0.3684,-1,-1,-1
859,2,800.99,155.10,170.99,462.96,0.8237,-1,-1,-1
859,111,962.76,125.56,169.45,521.03,0.8277,-1,-1,-1
859,125,97.66,4.01,391.12,1061.73,0.9068,-1,-1,-1
859,129,471.81,38.80,369.44,1033.64,0.9040,-1,-1,-1
859,137,1163.22,223.57,99.87,323.11,0.7108,-1,-1,-1
859,143,1548.31,76.85,370.88,995.08,0.8808,-1,-1,-1
860,2,800.77,148.59,168.89,465.51,0.8284,-1,-1,-1
860,111,957.85,125.00,175.85,520.95,0.8489,-1,-1,-1
860,125,66.18,2.70,406.64,1064.84,0.9018,-1,-1,-1
860,129,459.39,26.47,379.21,1048.31,0.9163,-1,-1,-1
860,137,1158.59,218.15,100.89,326.08,0.6956,-1,-1,-1
860,143,1557.73,60.85,362.28,1016.31,0.9029,-1,-1,-1
860,145,1327.37,281.80,94.23,278.76,0.3163,-1,-1,-1
861,2,793.63,144.96,172.86,464.74,0.8510,-1,-1,-1
861,111,955.77,122.03,176.79,520.28,0.8619,-1,-1,-1
861,125,33.18,3.03,426.72,1067.99,0.8688,-1,-1,-1
861,129,444.39,15.15,392.47,1059.41,0.9101,-1,-1,-1
861,137,1158.73,214.10,102.28,327.88,0.6875,-1,-1,-1
861,143,1560.64,55.10,359.32,1020.71,0.9074,-1,-1,-1
862,2,795.56,143.38,173.09,459.75,0.8394,-1,-1,-1
862,111,953.83,119.50,178.64,519.21,0.8488,-1,-1,-1
862,125,2.95,1.13,441.99,1067.69,0.7866,-1,-1,-1
862,129,438.51,6.82,394.32,1067.49,0.9137,-1,-1,-1
862,137,1160.73,212.72,98.84,324.86,0.6658,-1,-1,-1
862,143,1573.27,37.63,346.07,1033.57,0.9107,-1,-1,-1
863,2,794.12,140.80,172.97,459.33,0.8489,-1,-1,-1
863,111,963.68,114.15,172.12,522.24,0.8304,-1,-1,-1
863,125,13.42,0.01,409.53,1070.67,0.8524,-1,-1,-1
863,129,425.00,3.23,405.78,1069.49,0.9201,-1,-1,-1
863,137,1160.64,211.35,99.23,323.14,0.6467,-1,-1,-1
863,143,1585.81,34.12,332.96,1037.64,0.9093,-1,-1,-1
864,2,792.09,139.27,172.72,458.95,0.8542,-1,-1,-1
864,111,963.58,112.15,174.66,524.55,0.8339,-1,-1,-1
864,125,5.27,0.39,412.02,1070.27,0.8977,-1,-1,-1
864,129,411.88,2.80,408.48,1069.93,0.9225,-1,-1,-1
864,137,1160.71,207.66,100.26,329.50,0.6390,-1,-1,-1
864,143,1596.96,17.71,321.58,1057.19,0.9040,-1,-1,-1
865,2,795.50,136.88,171.10,461.10,0.8499,-1,-1,-1
865,111,961.46,109.31,179.50,529.46,0.8288,-1,-1,-1
865,125,0.34,0.10,403.08,1069.42,0.9118,-1,-1,-1
865,129,399.92,2.62,413.65,1072.19,0.9202,-1,-1,-1
865,137,1158.27,205.78,106.40,332.47,0.6332,-1,-1,-1
865,143,1613.68,11.99,304.82,1063.36,0.9013,-1,-1,-1
866,2,797.79,135.43,169.63,465.71,0.8542,-1,-1,-1
866,111,964.39,107.52,178.22,529.25,0.8339,-1,-1,-1
866,125,0.79,4.02,365.49,1067.34,0.9117,-1,-1,-1
866,129,378.59,3.48,428.77,1070.28,0.9195,-1,-1,-1
866,137,1165.56,203.96,97.05,332.96,0.6826,-1,-1,-1
866,143,1652.70,1.68,266.53,1071.66,0.8884,-1,-1,-1
867,2,796.35,137.73,173.08,468.12,0.8571,-1,-1,-1
867,111,976.96,105.91,170.04,528.81,0.8221,-1,-1,-1
867,125,0.03,3.76,336.95,1066.75,0.9206,-1,-1,-1
867,129,358.12,5.50,435.16,1065.57,0.9154,-1,-1,-1
867,137,1171.83,202.41,96.95,335.73,0.6991,-1,-1,-1
867,143,1689.79,2.69,229.86,1071.59,0.8727,-1,-1,-1
868,2,794.27,141.80,176.59,470.28,0.8589,-1,-1,-1
868,111,988.19,108.98,153.39,520.17,0.8261,-1,-1,-1
868,125,-0.35,2.53,314.42,1068.28,0.9111,-1,-1,-1
868,129,329.89,2.26,447.87,1068.67,0.9193,-1,-1,-1
868,137,1171.41,203.36,98.50,337.83,0.6994,-1,-1,-1
868,143,1709.82,153.43,210.75,908.35,0.7515,-1,-1,-1
869,2,794.93,143.67,173.16,471.39,0.8630,-1,-1,-1
869,111,984.55,106.69,156.75,520.08,0.8230,-1,-1,-1
869,125,-0.43,3.85,290.97,1060.41,0.9164,-1,-1,-1
869,129,298.02,2.89,467.41,1066.96,0.9161,-1,-1,-1
869,137,1172.85,204.01,98.80,339.94,0.7080,-1,-1,-1
869,143,1706.46,223.99,225.43,615.14,0.4274,-1,-1,-1
870,2,795.63,145.06,171.63,473.01,0.8689,-1,-1,-1
870,111,983.25,109.73,151.71,517.57,0.8242,-1,-1,-1
870,125,-0.31,6.03,266.69,1059.04,0.9126,-1,-1,-1
870,129,262.57,3.19,490.06,1068.19,0.9113,-1,-1,-1
870,137,1171.67,203.88,102.03,343.16,0.7102,-1,-1,-1
870,143,1762.26,210.00,157.40,605.36,0.7597,-1,-1,-1
871,2,795.93,151.51,171.91,470.21,0.8586,-1,-1,-1
871,111,986.54,114.38,143.44,518.03,0.8176,-1,-1,-1
871,125,-0.90,6.60,241.82,1060.40,0.8959,-1,-1,-1
871,129,231.36,2.50,505.18,1069.85,0.9159,-1,-1,-1
871,137,1174.68,205.53,100.16,344.22,0.6883,-1,-1,-1
871,143,1797.57,248.74,122.47,578.13,0.5824,-1,-1,-1
871,146,622.00,139.54,157.12,454.00,0.6070,-1,-1,-1
872,2,797.28,157.17,170.35,470.15,0.8489,-1,-1,-1
872,111,988.09,116.89,145.46,518.03,0.8110,-1,-1,-1
872,125,1.64,7.76,205.79,1057.22,0.8786,-1,-1,-1
872,129,199.81,2.15,526.23,1066.65,0.9146,-1,-1,-1
872,137,1183.37,206.69,93.61,346.66,0.7178,-1,-1,-1
872,146,615.35,143.90,162.57,472.43,0.7942,-1,-1,-1
873,2,797.96,160.83,171.30,473.30,0.8357,-1,-1,-1
873,111,987.49,121.29,141.65,515.08,0.8105,-1,-1,-1
873,125,1.91,50.34,176.95,1017.70,0.8602,-1,-1,-1
873,129,156.06,3.18,556.89,1065.21,0.9237,-1,-1,-1
873,137,1179.62,208.56,99.88,348.79,0.7084,-1,-1,-1
873,146,611.31,146.33,159.73,487.16,0.7627,-1,-1,-1
874,2,799.29,165.49,169.52,472.73,0.8370,-1,-1,-1
874,111,988.22,124.05,139.45,521.50,0.7983,-1,-1,-1
874,125,4.54,120.95,144.27,950.19,0.8120,-1,-1,-1
874,129,117.80,0.10,579.08,1066.84,0.9102,-1,-1,-1
874,137,1177.28,210.07,103.70,349.36,0.7217,-1,-1,-1
874,146,605.68,150.23,165.95,488.49,0.7554,-1,-1,-1
875,2,802.11,164.92,168.99,474.25,0.8289,-1,-1,-1
875,111,988.60,129.87,138.16,517.96,0.7911,-1,-1,-1
875,125,3.05,136.93,123.17,926.84,0.4879,-1,-1,-1
875,129,98.55,1.69,584.02,1063.21,0.9138,-1,-1,-1
875,137,1170.54,211.85,111.98,348.33,0.6491,-1,-1,-1
875,146,597.74,149.98,173.60,490.52,0.7739,-1,-1,-1
876,2,802.44,167.15,171.13,470.21,0.8371,-1,-1,-1
876,111,993.48,133.22,132.64,516.35,0.8016,-1,-1,-1
876,125,-15.11,204.06,141.37,838.22,0.3710,-1,-1,-1
876,129,11.94,1.93,654.91,1067.78,0.8976,-1,-1,-1
876,137,1174.14,210.90,115.03,350.63,0.6068,-1,-1,-1
876,146,588.41,148.21,179.63,498.78,0.8000,-1,-1,-1
877,2,802.61,167.14,171.94,461.91,0.8343,-1,-1,-1
877,111,991.72,135.10,132.04,518.28,0.8115,-1,-1,-1
877,129,0.89,1.77,645.62,1067.12,0.9369,-1,-1,-1
877,137,1173.98,209.62,113.07,354.52,0.6404,-1,-1,-1
877,146,581.48,146.58,169.66,503.38,0.7881,-1,-1,-1
878,2,801.52,164.22,169.76,471.48,0.8293,-1,-1,-1
878,111,984.86,134.94,137.79,515.44,0.7994,-1,-1,-1
878,129,0.53,2.45,628.82,1068.83,0.9417,-1,-1,-1
878,137,1177.40,207.30,113.24,357.36,0.6441,-1,-1,-1
878,146,569.33,142.70,189.95,510.66,0.7964,-1,-1,-1
879,2,800.93,161.48,169.32,475.41,0.8388,-1,-1,-1
879,111,986.00,135.77,134.43,512.76,0.8163,-1,-1,-1
879,129,1.08,1.75,605.43,1067.18,0.9240,-1,-1,-1
879,137,1171.61,206.70,113.42,357.12,0.6909,-1,-1,-1
879,146,557.62,143.30,195.58,513.09,0.8392,-1,-1,-1
880,2,800.30,157.88,171.11,468.92,0.8505,-1,-1,-1
880,111,981.41,135.37,137.69,510.68,0.8103,-1,-1,-1
880,129,1.46,6.74,579.62,1063.98,0.9167,-1,-1,-1
880,137,1171.40,202.97,114.07,360.82,0.7165,-1,-1,-1
880,146,545.75,142.99,206.24,518.14,0.8515,-1,-1,-1
880,148,704.66,219.96,95.37,353.86,0.4620,-1,-1,-1
881,2,798.31,156.49,173.15,464.67,0.8604,-1,-1,-1
881,111,976.59,134.67,142.97,510.84,0.8068,-1,-1,-1
881,129,0.49,4.51,554.95,1062.82,0.9262,-1,-1,-1
881,137,1177.42,199.16,110.05,365.04,0.7111,-1,-1,-1
881,146,530.94,143.42,228.01,520.34,0.8298,-1,-1,-1
881,148,698.64,219.64,97.23,365.04,0.5597,-1,-1,-1
882,2,795.74,153.06,171.74,468.73,0.8556,-1,-1,-1
882,111,964.84,131.50,148.97,516.60,0.8413,-1,-1,-1
882,129,0.46,5.65,532.69,1063.06,0.9208,-1,-1,-1
882,137,1176.70,199.24,112.89,364.45,0.7520,-1,-1,-1
882,146,521.15,140.81,227.59,532.99,0.8172,-1,-1,-1
882,148,697.27,223.75,95.36,360.20,0.6268,-1,-1,-1
883,2,793.55,151.80,172.35,465.47,0.8530,-1,-1,-1
883,111,963.00,123.58,140.42,524.19,0.8341,-1,-1,-1
883,129,0.62,7.00,507.43,1059.05,0.9380,-1,-1,-1
883,137,1175.63,202.00,114.47,362.80,0.7631,-1,-1,-1
883,146,504.60,141.17,238.91,536.27,0.8178,-1,-1,-1
883,148,688.63,218.18,105.82,367.50,0.6265,-1,-1,-1
884,2,794.30,150.54,169.62,466.65,0.8349,-1,-1,-1
884,111,959.59,121.34,143.63,524.83,0.7680,-1,-1,-1
884,129,1.51,6.30,462.74,1057.87,0.9147,-1,-1,-1
884,137,1177.94,199.87,112.79,367.49,0.7447,-1,-1,-1
884,146,492.76,138.69,234.64,542.75,0.7862,-1,-1,-1
884,148,671.76,225.39,118.79,357.74,0.4759,-1,-1,-1
885,2,789.49,148.93,169.84,470.93,0.8272,-1,-1,-1
885,111,959.77,117.43,142.17,526.42,0.7980,-1,-1,-1
885,129,1.82,8.40,414.03,1057.49,0.9100,-1,-1,-1
885,137,1175.31,199.60,117.01,367.02,0.7262,-1,-1,-1
885,146,483.62,138.90,240.76,549.88,0.7696,-1,-1,-1
885,148,665.53,226.28,119.85,348.26,0.4709,-1,-1,-1
886,2,782.12,147.44,169.00,476.23,0.8346,-1,-1,-1
886,111,956.09,115.72,141.45,516.88,0.8180,-1,-1,-1
886,129,2.25,4.40,362.98,1061.43,0.8796,-1,-1,-1
886,137,1172.14,201.95,118.83,368.13,0.7360,-1,-1,-1
886,146,458.40,135.74,244.85,560.25,0.7898,-1,-1,-1
886,148,656.98,215.50,119.26,320.14,0.3496,-1,-1,-1
887,2,769.29,153.40,179.13,470.99,0.8473,-1,-1,-1
887,111,953.49,115.92,143.35,513.70,0.8075,-1,-1,-1
887,129,9.77,14.13,302.20,1048.29,0.4252,-1,-1,-1
887,137,1170.05,204.28,114.00,367.85,0.7781,-1,-1,-1
887,146,443.47,124.76,257.72,574.72,0.8619,-1,-1,-1
887,148,642.20,221.81,125.17,309.31,0.4484,-1,-1,-1
888,2,774.33,155.24,168.05,470.03,0.8298,-1,-1,-1
888,111,929.59,124.59,158.68,499.58,0.8169,-1,-1,-1
888,137,1165.76,205.10,118.31,366.32,0.7411,-1,-1,-1
888,146,429.82,117.21,260.97,586.22,0.8356,-1,-1,-1
888,148,634.85,213.56,118.76,315.94,0.4534,-1,-1,-1
889,2,761.42,156.93,171.84,470.86,0.7859,-1,-1,-1
889,111,928.22,115.95,153.36,510.88,0.7966,-1,-1,-1
889,137,1162.28,204.76,118.61,369.46,0.7056,-1,-1,-1
889,146,411.63,108.96,266.10,593.05,0.8577,-1,-1,-1
889,148,610.62,223.03,126.75,312.89,0.3013,-1,-1,-1
890,2,748.61,163.40,167.95,471.15,0.8134,-1,-1,-1
890,111,896.40,119.75,167.07,511.06,0.8089,-1,-1,-1
890,137,1152.56,208.34,116.09,370.27,0.7254,-1,-1,-1
890,146,389.61,104.55,256.10,606.60,0.8353,-1,-1,-1
890,148,593.08,195.64,120.79,395.74,0.4053,-1,-1,-1
891,2,726.14,164.57,179.76,469.53,0.8518,-1,-1,-1
891,111,901.24,120.76,158.99,515.05,0.8333,-1,-1,-1
891,137,1142.06,210.53,117.61,370.33,0.7856,-1,-1,-1
891,146,359.57,92.29,276.88,623.20,0.7533,-1,-1,-1
891,148,594.27,209.01,103.96,373.28,0.3739,-1,-1,-1
892,2,715.14,167.21,174.73,468.17,0.8357,-1,-1,-1
892,111,885.61,123.68,157.82,514.24,0.8482,-1,-1,-1
892,137,1133.36,213.42,112.87,370.95,0.7826,-1,-1,-1
892,146,338.73,85.28,282.57,636.21,0.8511,-1,-1,-1
893,2,703.85,165.98,173.82,471.84,0.8187,-1,-1,-1
893,111,875.15,126.99,159.49,515.25,0.8258,-1,-1,-1
893,137,1123.58,215.20,117.19,378.83,0.7905,-1,-1,-1
893,146,313.95,83.47,288.47,647.66,0.7569,-1,-1,-1
893,148,520.06,214.27,139.34,402.47,0.4093,-1,-1,-1
894,2,693.49,167.82,170.93,474.36,0.8464,-1,-1,-1
894,111,863.98,132.81,160.16,517.66,0.7594,-1,-1,-1
894,137,1117.55,218.78,115.08,376.61,0.7929,-1,-1,-1
894,146,295.55,83.00,297.27,653.34,0.8380,-1,-1,-1
894,148,497.44,222.39,162.68,412.31,0.3675,-1,-1,-1
895,2,681.38,170.74,168.85,471.47,0.8564,-1,-1,-1
895,111,847.23,135.97,159.98,519.55,0.7764,-1,-1,-1
895,137,1108.66,220.91,121.83,379.35,0.7967,-1,-1,-1
895,146,279.97,79.54,301.33,672.21,0.7098,-1,-1,-1
895,148,507.38,227.55,147.96,408.79,0.3604,-1,-1,-1
896,2,673.99,169.73,169.80,467.42,0.8336,-1,-1,-1
896,111,829.40,138.59,182.00,518.90,0.8283,-1,-1,-1
896,137,1103.08,225.47,125.16,375.34,0.7504,-1,-1,-1
896,146,261.08,77.05,289.73,684.80,0.8388,-1,-1,-1
896,148,495.68,188.90,140.12,460.56,0.4464,-1,-1,-1
897,2,667.92,169.94,167.37,466.33,0.8089,-1,-1,-1
897,111,821.96,145.01,182.53,513.48,0.8283,-1,-1,-1
897,137,1096.92,227.76,126.16,376.68,0.7877,-1,-1,-1
897,146,243.69,71.18,304.44,708.13,0.8677,-1,-1,-1
897,148,505.64,179.34,116.60,466.61,0.3774,-1,-1,-1
898,2,665.32,169.59,166.26,465.85,0.8209,-1,-1,-1
898,111,823.91,147.95,182.76,514.88,0.8318,-1,-1,-1
898,137,1096.38,228.13,126.41,381.96,0.8017,-1,-1,-1
898,146,233.36,66.37,309.54,743.23,0.8666,-1,-1,-1
898,148,489.51,176.16,128.13,476.82,0.5383,-1,-1,-1
899,2,655.52,169.43,175.34,477.10,0.7896,-1,-1,-1
899,111,821.02,149.55,186.16,515.81,0.8328,-1,-1,-1
899,137,1095.61,232.23,125.98,379.94,0.7907,-1,-1,-1
899,146,221.05,65.60,312.03,748.91,0.8346,-1,-1,-1
899,148,465.20,173.07,144.64,492.49,0.4798,-1,-1,-1
900,2,658.26,169.57,171.65,482.66,0.8099,-1,-1,-1
900,111,825.01,152.28,183.33,514.09,0.8238,-1,-1,-1
900,137,1099.07,230.19,129.88,385.35,0.8069,-1,-1,-1
900,146,216.12,59.93,284.29,761.04,0.7910,-1,-1,-1
900,148,455.85,169.51,149.50,507.81,0.5945,-1,-1,-1
