1,1,0.61,675.51,50.94,207.60,0.7039,-1,-1,-1
1,2,1370.38,514.35,33.78,99.99,0.6452,-1,-1,-1
1,3,1609.11,558.14,56.11,115.72,0.6026,-1,-1,-1
2,1,-4.92,662.73,51.91,212.52,0.6571,-1,-1,-1
2,2,1371.65,513.66,34.12,101.05,0.6425,-1,-1,-1
2,3,1614.66,550.41,59.84,123.41,0.6605,-1,-1,-1
3,1,-8.04,685.20,51.23,211.87,0.6505,-1,-1,-1
3,2,1373.99,508.76,35.65,105.43,0.5887,-1,-1,-1
3,3,1620.77,548.62,58.97,121.31,0.6545,-1,-1,-1
3,4,1536.44,553.35,49.44,117.73,0.6501,-1,-1,-1
4,2,1378.46,505.99,36.69,108.58,0.7121,-1,-1,-1
4,3,1628.94,547.32,60.86,125.11,0.7596,-1,-1,-1
4,4,1543.43,552.73,50.33,120.21,0.6524,-1,-1,-1
4,6,94.32,722.76,45.29,100.40,0.5891,-1,-1,-1
5,2,1382.53,512.44,37.16,110.40,0.7117,-1,-1,-1
5,3,1636.48,559.58,60.24,123.57,0.6366,-1,-1,-1
5,4,1549.36,559.38,50.89,121.51,0.4002,-1,-1,-1
5,6,80.27,717.18,46.30,102.72,0.5013,-1,-1,-1
6,2,1388.11,522.99,36.26,108.61,0.6361,-1,-1,-1
6,3,1644.35,570.20,60.91,124.40,0.7568,-1,-1,-1
6,7,1462.28,503.91,28.25,87.91,0.5393,-1,-1,-1
7,2,1390.33,519.95,36.85,111.23,0.5813,-1,-1,-1
7,3,1651.37,571.63,62.76,127.97,0.7405,-1,-1,-1
7,7,1464.36,499.90,28.82,89.77,0.4664,-1,-1,-1
7,4,1563.20,566.77,52.89,126.08,0.5744,-1,-1,-1
8,2,1393.70,528.86,36.05,109.08,0.6719,-1,-1,-1
8,3,1658.81,575.80,63.83,129.82,0.6632,-1,-1,-1
8,7,1468.03,506.69,28.45,88.28,0.5226,-1,-1,-1
8,4,1569.82,577.92,51.89,123.77,0.5491,-1,-1,-1
9,2,1396.94,532.77,35.58,107.64,0.6748,-1,-1,-1
9,3,1664.54,581.99,65.00,132.07,0.6923,-1,-1,-1
9,7,1470.59,511.27,28.58,88.24,0.4328,-1,-1,-1
9,4,1576.19,586.77,51.76,123.63,0.5055,-1,-1,-1
10,2,1399.16,539.67,35.50,107.11,0.6586,-1,-1,-1
10,3,1670.66,597.00,63.67,129.01,0.7864,-1,-1,-1
10,7,1473.02,520.78,28.41,87.50,0.3218,-1,-1,-1
10,4,1581.97,600.23,51.29,122.70,0.6846,-1,-1,-1
10,8,3.95,730.03,47.71,115.51,0.6397,-1,-1,-1
11,2,1401.67,534.77,35.61,107.22,0.6750,-1,-1,-1
11,3,1678.20,584.96,65.97,134.01,0.7657,-1,-1,-1
11,7,1474.46,515.26,28.51,87.05,0.3875,-1,-1,-1
11,4,1588.22,592.90,52.43,125.75,0.6554,-1,-1,-1
12,2,1403.83,533.64,36.55,109.85,0.6860,-1,-1,-1
12,3,1686.58,589.32,65.57,133.30,0.7708,-1,-1,-1
12,7,1477.92,514.94,29.75,89.37,0.3871,-1,-1,-1
12,4,1595.84,593.80,53.31,127.89,0.7066,-1,-1,-1
13,2,1407.79,531.90,35.44,106.43,0.7172,-1,-1,-1
13,3,1693.46,591.36,65.12,132.38,0.7231,-1,-1,-1
13,7,1480.10,513.13,30.85,90.72,0.4246,-1,-1,-1
13,4,1601.49,595.92,53.27,126.97,0.6666,-1,-1,-1
14,2,1409.61,530.53,34.69,103.70,0.6687,-1,-1,-1
14,3,1700.72,586.36,65.33,133.48,0.6837,-1,-1,-1
14,4,1610.46,589.93,54.18,129.11,0.6282,-1,-1,-1
15,2,1412.38,531.76,35.35,105.67,0.5293,-1,-1,-1
15,3,1708.38,585.97,66.66,137.23,0.7504,-1,-1,-1
15,4,1618.51,592.51,54.20,129.61,0.7191,-1,-1,-1
16,2,1416.16,533.06,35.06,105.00,0.5457,-1,-1,-1
16,3,1714.58,590.75,65.85,136.53,0.7421,-1,-1,-1
16,4,1626.61,594.28,54.64,130.38,0.6976,-1,-1,-1
17,2,1418.96,533.41,36.00,107.48,0.6031,-1,-1,-1
17,3,1721.56,590.69,66.46,138.71,0.7098,-1,-1,-1
17,4,1634.03,591.19,55.75,133.58,0.6950,-1,-1,-1
18,2,1421.10,533.69,36.43,108.59,0.6992,-1,-1,-1
18,3,1730.46,593.76,65.76,138.15,0.7045,-1,-1,-1
18,4,1642.77,591.92,56.07,134.78,0.6255,-1,-1,-1
18,12,475.66,541.58,36.64,104.60,0.5547,-1,-1,-1
19,2,1423.71,534.43,36.46,108.16,0.7341,-1,-1,-1
19,3,1739.79,595.24,65.95,139.12,0.7483,-1,-1,-1
19,4,1650.65,592.83,56.17,135.33,0.4444,-1,-1,-1
19,12,474.15,540.47,37.10,105.89,0.5121,-1,-1,-1
19,13,512.45,540.15,38.33,107.53,0.5116,-1,-1,-1
20,2,1425.91,534.87,36.29,106.86,0.7481,-1,-1,-1
20,3,1748.48,596.95,65.97,139.89,0.7427,-1,-1,-1
20,4,1658.01,594.18,55.79,135.38,0.6057,-1,-1,-1
20,12,471.80,543.76,37.38,106.70,0.4008,-1,-1,-1
20,13,508.74,536.93,40.61,113.93,0.4842,-1,-1,-1
21,2,1427.54,533.40,37.77,110.65,0.6908,-1,-1,-1
21,3,1756.74,597.83,66.00,140.59,0.7463,-1,-1,-1
21,4,1666.02,596.55,56.36,137.06,0.6871,-1,-1,-1
21,12,468.76,548.96,35.70,101.95,0.4573,-1,-1,-1
21,13,506.65,538.58,40.64,114.11,0.5235,-1,-1,-1
22,2,1431.52,536.91,36.40,105.21,0.6693,-1,-1,-1
22,3,1768.29,601.24,64.81,139.07,0.7484,-1,-1,-1
22,4,1673.33,597.99,57.25,140.09,0.6263,-1,-1,-1
22,12,465.95,550.92,36.10,103.07,0.5557,-1,-1,-1
22,13,503.81,542.92,39.90,112.32,0.5114,-1,-1,-1
23,2,1432.60,538.26,37.72,108.47,0.6630,-1,-1,-1
23,3,1776.68,600.92,66.67,143.99,0.7719,-1,-1,-1
23,4,1680.12,600.22,58.05,142.49,0.7256,-1,-1,-1
23,12,464.17,550.14,36.73,105.36,0.4276,-1,-1,-1
23,13,501.06,547.22,39.06,109.44,0.5491,-1,-1,-1
24,2,1435.39,532.90,39.38,113.89,0.6538,-1,-1,-1
24,3,1786.07,596.34,68.90,149.82,0.7107,-1,-1,-1
24,4,1687.15,601.67,58.41,143.21,0.7308,-1,-1,-1
24,12,462.36,550.03,37.87,107.89,0.4743,-1,-1,-1
24,13,497.15,551.84,38.05,106.61,0.4578,-1,-1,-1
25,2,1437.65,534.42,41.11,119.14,0.6620,-1,-1,-1
25,3,1796.28,601.98,68.37,148.67,0.7092,-1,-1,-1
25,4,1694.12,605.98,59.61,147.25,0.7280,-1,-1,-1
25,12,460.02,547.75,39.98,113.16,0.4377,-1,-1,-1
25,13,496.18,552.80,38.67,108.40,0.4667,-1,-1,-1
26,2,1440.88,537.26,41.47,119.24,0.7228,-1,-1,-1
26,3,1806.89,606.51,68.02,147.50,0.5901,-1,-1,-1
26,4,1702.79,610.44,60.35,149.35,0.7248,-1,-1,-1
26,12,457.83,549.51,40.15,113.30,0.5106,-1,-1,-1
26,13,494.64,550.66,40.24,112.82,0.5504,-1,-1,-1
27,2,1444.28,540.81,40.37,115.68,0.7473,-1,-1,-1
27,3,1815.83,610.68,69.78,150.21,0.6521,-1,-1,-1
27,4,1710.60,614.83,60.36,149.43,0.6736,-1,-1,-1
27,12,455.15,555.54,39.53,110.68,0.3929,-1,-1,-1
27,13,494.17,559.34,38.27,106.76,0.6101,-1,-1,-1
28,2,1449.06,544.61,39.91,112.35,0.7282,-1,-1,-1
28,3,1823.70,611.40,72.36,155.43,0.7717,-1,-1,-1
28,4,1717.73,617.04,61.20,151.85,0.6739,-1,-1,-1
28,12,451.84,558.23,39.37,109.68,0.3520,-1,-1,-1
28,13,492.32,564.22,37.40,103.78,0.5861,-1,-1,-1
28,14,1534.25,524.93,31.91,83.87,0.5366,-1,-1,-1
29,2,1452.25,549.25,39.37,110.78,0.7078,-1,-1,-1
29,3,1830.90,617.89,74.07,158.88,0.6923,-1,-1,-1
29,4,1724.35,621.69,63.35,158.15,0.7232,-1,-1,-1
29,12,450.04,562.70,38.32,105.95,0.4893,-1,-1,-1
29,13,491.62,568.59,36.19,99.90,0.5286,-1,-1,-1
29,14,1535.27,525.41,34.12,89.72,0.5613,-1,-1,-1
30,2,1455.24,550.37,39.89,111.61,0.6420,-1,-1,-1
30,3,1839.70,621.03,72.58,153.75,0.6346,-1,-1,-1
30,4,1735.14,624.40,63.50,159.69,0.7525,-1,-1,-1
30,12,445.85,565.40,39.99,109.89,0.6150,-1,-1,-1
30,13,489.62,573.82,36.89,101.49,0.5003,-1,-1,-1
30,14,1537.94,525.31,34.97,92.01,0.5650,-1,-1,-1
31,2,1457.01,551.49,42.21,118.50,0.6284,-1,-1,-1
31,3,1850.01,626.25,71.13,151.44,0.6395,-1,-1,-1
31,4,1746.75,628.11,61.92,156.46,0.5790,-1,-1,-1
31,12,443.23,575.48,39.96,109.88,0.5752,-1,-1,-1
31,13,487.46,577.79,39.15,108.35,0.4170,-1,-1,-1
31,14,1540.65,525.22,36.66,96.88,0.4867,-1,-1,-1
32,2,1460.16,555.85,42.20,119.32,0.6374,-1,-1,-1
32,3,1854.43,633.34,73.03,158.56,0.6876,-1,-1,-1
32,4,1756.57,631.75,61.68,155.98,0.6768,-1,-1,-1
32,12,441.81,574.93,39.58,108.26,0.5725,-1,-1,-1
32,13,486.37,576.34,39.17,108.38,0.5266,-1,-1,-1
32,14,1544.95,528.79,35.39,93.65,0.5979,-1,-1,-1
33,2,1463.60,547.32,43.66,123.94,0.7431,-1,-1,-1
33,3,1859.46,626.73,74.04,166.74,0.6662,-1,-1,-1
33,4,1766.73,625.26,60.86,153.91,0.6462,-1,-1,-1
33,12,439.40,568.50,39.75,108.86,0.5146,-1,-1,-1
33,13,483.72,572.51,38.86,107.96,0.4874,-1,-1,-1
33,14,1548.81,521.82,34.61,91.68,0.6531,-1,-1,-1
34,2,1467.51,546.20,43.73,124.80,0.7603,-1,-1,-1
34,3,1869.32,633.38,64.95,152.09,0.5546,-1,-1,-1
34,4,1775.57,622.80,62.16,156.49,0.7451,-1,-1,-1
34,12,437.29,572.51,38.65,105.50,0.4804,-1,-1,-1
34,13,480.14,569.13,40.23,112.23,0.5207,-1,-1,-1
34,14,1551.97,519.29,35.00,93.18,0.5975,-1,-1,-1
35,2,1471.11,541.92,44.30,125.95,0.7297,-1,-1,-1
35,4,1785.65,622.92,63.13,157.97,0.6380,-1,-1,-1
35,12,436.11,567.29,38.65,104.98,0.4289,-1,-1,-1
35,13,477.75,563.94,39.90,111.50,0.3760,-1,-1,-1
35,14,1557.59,516.86,34.69,93.03,0.5332,-1,-1,-1
36,2,1475.54,538.36,45.04,128.72,0.7511,-1,-1,-1
36,4,1794.54,620.08,66.30,165.19,0.7067,-1,-1,-1
36,12,433.41,563.49,39.05,105.35,0.3523,-1,-1,-1
36,13,474.12,555.09,41.49,116.82,0.3017,-1,-1,-1
36,14,1562.76,515.93,33.96,91.69,0.3400,-1,-1,-1
37,2,1479.53,538.24,44.38,127.55,0.7195,-1,-1,-1
37,4,1803.53,621.81,68.44,168.59,0.7731,-1,-1,-1
37,12,429.02,556.20,40.27,109.34,0.3536,-1,-1,-1
37,13,469.60,544.38,43.76,123.68,0.4703,-1,-1,-1
37,14,1568.76,514.63,34.03,92.14,0.4268,-1,-1,-1
38,2,1483.03,534.69,44.69,129.71,0.7104,-1,-1,-1
38,4,1811.91,618.89,71.78,175.55,0.7811,-1,-1,-1
38,12,425.43,551.82,41.63,113.85,0.4975,-1,-1,-1
38,13,466.80,541.56,44.21,124.85,0.5379,-1,-1,-1
38,14,1572.91,506.38,35.09,96.07,0.4789,-1,-1,-1
39,2,1487.23,537.20,44.19,128.47,0.7033,-1,-1,-1
39,4,1823.10,626.26,72.03,175.06,0.7510,-1,-1,-1
39,12,422.22,545.12,41.80,114.98,0.4515,-1,-1,-1
39,13,464.42,533.00,44.95,127.39,0.4771,-1,-1,-1
39,14,1579.13,506.48,35.29,96.93,0.5142,-1,-1,-1
40,2,1491.07,536.69,43.63,127.45,0.7110,-1,-1,-1
40,4,1834.16,626.97,73.24,177.72,0.7794,-1,-1,-1
40,12,418.72,541.69,42.99,119.55,0.3849,-1,-1,-1
40,13,464.32,536.45,43.89,124.45,0.4699,-1,-1,-1
40,14,1582.34,501.59,37.06,102.17,0.3288,-1,-1,-1
41,2,1495.99,543.77,42.12,122.08,0.6976,-1,-1,-1
41,4,1844.71,631.43,74.09,179.89,0.7576,-1,-1,-1
41,12,417.00,536.66,44.02,123.56,0.4084,-1,-1,-1
41,13,463.44,537.10,43.41,122.48,0.4686,-1,-1,-1
41,14,1588.66,501.28,38.25,105.26,0.4961,-1,-1,-1
42,2,1501.16,546.77,41.91,121.04,0.6867,-1,-1,-1
42,4,1853.06,636.45,73.20,180.67,0.6917,-1,-1,-1
42,12,416.70,535.78,45.00,126.70,0.5490,-1,-1,-1
42,13,463.24,542.34,42.63,118.88,0.4622,-1,-1,-1
42,14,1593.48,505.03,37.14,102.74,0.5747,-1,-1,-1
43,2,1505.73,548.47,42.32,122.26,0.6679,-1,-1,-1
43,4,1862.28,642.49,68.55,174.09,0.6624,-1,-1,-1
43,12,414.64,535.20,46.08,129.91,0.5421,-1,-1,-1
43,13,458.06,533.93,46.51,129.94,0.4127,-1,-1,-1
43,14,1596.76,509.05,35.88,99.61,0.5062,-1,-1,-1
44,2,1511.34,551.72,41.99,121.04,0.6221,-1,-1,-1
44,4,1870.49,649.20,63.89,169.21,0.6408,-1,-1,-1
44,12,414.11,534.46,46.76,132.71,0.3815,-1,-1,-1
44,13,453.08,531.71,48.56,135.55,0.4005,-1,-1,-1
44,14,1600.84,509.65,36.57,101.03,0.5304,-1,-1,-1
45,2,1515.23,554.91,44.01,127.09,0.7574,-1,-1,-1
45,12,413.50,534.23,46.23,132.38,0.3758,-1,-1,-1
45,13,450.96,531.54,48.57,135.66,0.3257,-1,-1,-1
45,14,1605.29,512.41,37.22,101.88,0.5886,-1,-1,-1
46,2,1518.63,554.80,45.53,132.64,0.7571,-1,-1,-1
46,12,409.38,537.92,45.45,128.89,0.3126,-1,-1,-1
46,13,448.29,532.70,48.87,137.05,0.3437,-1,-1,-1
46,14,1609.88,514.52,37.25,101.27,0.5484,-1,-1,-1
47,2,1523.85,558.21,45.20,132.08,0.7203,-1,-1,-1
47,13,447.46,536.53,47.39,133.76,0.3278,-1,-1,-1
47,14,1617.70,523.68,35.07,95.31,0.5307,-1,-1,-1
48,2,1528.33,559.87,45.60,133.41,0.7085,-1,-1,-1
48,13,447.05,541.52,46.81,132.48,0.3634,-1,-1,-1
48,14,1621.57,527.10,33.99,92.87,0.6490,-1,-1,-1
49,2,1532.74,559.51,46.26,135.83,0.7108,-1,-1,-1
49,13,445.56,547.88,45.29,128.33,0.5424,-1,-1,-1
49,14,1625.48,531.54,33.27,91.37,0.7158,-1,-1,-1
50,2,1537.50,558.45,46.72,137.42,0.6966,-1,-1,-1
50,13,444.76,556.32,42.76,120.64,0.5613,-1,-1,-1
50,14,1629.93,531.29,32.48,90.49,0.4163,-1,-1,-1
51,2,1542.10,560.82,46.84,137.85,0.6995,-1,-1,-1
51,13,443.60,564.44,40.30,112.45,0.5520,-1,-1,-1
51,14,1635.77,533.41,32.01,89.81,0.6433,-1,-1,-1
52,2,1546.47,559.05,49.50,145.66,0.7094,-1,-1,-1
52,13,442.34,568.10,39.56,109.97,0.5691,-1,-1,-1
52,14,1639.52,533.03,32.14,90.72,0.5627,-1,-1,-1
52,12,396.24,550.21,44.14,124.32,0.5372,-1,-1,-1
53,2,1550.66,557.51,51.21,150.74,0.6881,-1,-1,-1
53,13,440.42,566.88,40.97,113.05,0.5363,-1,-1,-1
53,14,1643.76,533.79,31.66,89.73,0.5336,-1,-1,-1
53,12,392.87,550.57,45.03,126.62,0.5309,-1,-1,-1
54,2,1553.91,557.46,52.15,153.35,0.7244,-1,-1,-1
54,13,437.93,567.81,41.26,112.91,0.5622,-1,-1,-1
54,14,1648.21,534.53,31.44,89.41,0.5932,-1,-1,-1
54,12,388.43,549.27,45.68,128.68,0.5161,-1,-1,-1
55,2,1557.69,554.88,53.41,157.49,0.7493,-1,-1,-1
55,13,435.36,564.36,42.88,117.11,0.4612,-1,-1,-1
55,14,1653.35,533.73,32.12,91.29,0.6036,-1,-1,-1
55,12,384.12,545.31,46.98,132.99,0.5707,-1,-1,-1
56,2,1562.32,554.22,53.28,157.47,0.7373,-1,-1,-1
56,13,431.55,563.68,43.28,118.35,0.3549,-1,-1,-1
56,14,1657.35,527.70,34.69,98.40,0.7225,-1,-1,-1
56,12,382.11,549.52,45.38,128.83,0.5226,-1,-1,-1
57,2,1567.32,552.85,53.41,157.79,0.7171,-1,-1,-1
57,13,427.04,562.06,43.68,119.37,0.4541,-1,-1,-1
57,14,1659.67,522.72,36.23,102.69,0.7178,-1,-1,-1
57,12,379.54,550.78,44.93,127.93,0.5247,-1,-1,-1
58,2,1572.16,556.27,52.23,153.77,0.6334,-1,-1,-1
58,13,422.55,560.02,44.14,120.41,0.4634,-1,-1,-1
58,14,1661.71,516.59,37.60,106.91,0.6824,-1,-1,-1
58,12,376.33,548.31,45.24,129.60,0.5755,-1,-1,-1
59,2,1578.08,561.65,50.67,149.09,0.6309,-1,-1,-1
59,13,419.60,560.76,43.65,118.31,0.4144,-1,-1,-1
59,14,1665.07,511.79,39.15,110.79,0.6581,-1,-1,-1
59,12,372.55,545.15,45.36,131.28,0.5620,-1,-1,-1
60,2,1581.86,560.46,51.39,151.23,0.6267,-1,-1,-1
60,13,418.36,563.18,43.16,115.51,0.3865,-1,-1,-1
60,14,1667.28,510.75,39.59,111.17,0.7212,-1,-1,-1
60,12,368.48,546.61,44.34,129.30,0.5511,-1,-1,-1
61,2,1585.30,552.09,53.13,156.74,0.6205,-1,-1,-1
61,13,416.48,561.64,44.27,117.65,0.4218,-1,-1,-1
61,14,1669.58,509.56,39.40,108.76,0.7169,-1,-1,-1
61,12,365.84,548.65,44.15,128.35,0.4772,-1,-1,-1
62,2,1590.25,554.64,53.11,156.20,0.7006,-1,-1,-1
62,13,411.94,554.08,46.22,124.15,0.3486,-1,-1,-1
62,14,1674.05,516.10,38.71,104.92,0.5489,-1,-1,-1
62,12,362.11,544.06,45.06,130.38,0.4608,-1,-1,-1
63,2,1596.32,547.72,53.08,156.02,0.6410,-1,-1,-1
63,13,411.68,565.49,45.09,120.89,0.3698,-1,-1,-1
63,14,1680.89,515.09,36.15,97.26,0.5714,-1,-1,-1
63,12,359.97,557.14,44.45,128.82,0.4009,-1,-1,-1
64,2,1601.77,558.68,52.69,153.29,0.6265,-1,-1,-1
64,13,404.41,552.52,47.26,127.31,0.3328,-1,-1,-1
64,14,1687.22,525.50,35.17,94.94,0.6373,-1,-1,-1
64,12,356.85,545.33,45.93,133.45,0.4848,-1,-1,-1
65,2,1605.31,561.12,52.43,151.18,0.7300,-1,-1,-1
65,13,401.41,558.40,45.84,123.41,0.3861,-1,-1,-1
65,14,1690.98,528.17,33.61,90.69,0.6809,-1,-1,-1
65,12,351.40,549.94,45.64,131.96,0.4793,-1,-1,-1
66,2,1611.57,561.63,52.44,150.25,0.7220,-1,-1,-1
66,13,398.66,563.81,46.25,123.79,0.5011,-1,-1,-1
66,14,1697.08,522.80,33.93,91.76,0.6916,-1,-1,-1
66,12,348.32,555.05,46.48,134.31,0.6006,-1,-1,-1
66,17,287.59,565.89,42.47,114.72,0.5080,-1,-1,-1
67,2,1615.28,566.09,53.81,153.51,0.7349,-1,-1,-1
67,13,395.17,560.80,45.54,121.51,0.5554,-1,-1,-1
67,14,1700.04,532.15,33.77,90.92,0.6537,-1,-1,-1
67,12,344.32,548.21,47.18,135.52,0.5520,-1,-1,-1
67,17,281.36,550.46,45.03,121.80,0.3353,-1,-1,-1
68,2,1619.18,565.52,53.87,152.80,0.7322,-1,-1,-1
68,13,390.76,561.95,46.53,123.12,0.5486,-1,-1,-1
68,14,1702.72,530.01,33.43,90.06,0.5780,-1,-1,-1
68,12,341.45,553.92,46.10,132.09,0.5776,-1,-1,-1
68,17,277.02,557.74,44.31,120.07,0.4450,-1,-1,-1
69,2,1623.31,569.61,55.33,156.02,0.7563,-1,-1,-1
69,13,386.85,558.68,46.51,123.15,0.4937,-1,-1,-1
69,14,1705.43,536.00,33.82,90.84,0.6496,-1,-1,-1
69,12,335.98,546.86,48.09,136.89,0.4401,-1,-1,-1
69,17,270.33,551.40,46.24,125.94,0.4400,-1,-1,-1
70,2,1627.47,567.75,55.97,156.83,0.7758,-1,-1,-1
70,13,381.30,556.54,47.92,127.03,0.5878,-1,-1,-1
70,14,1706.68,535.67,34.40,92.30,0.5959,-1,-1,-1
70,12,331.49,545.57,48.91,138.93,0.5193,-1,-1,-1
70,17,265.07,548.71,47.68,130.37,0.3744,-1,-1,-1
71,2,1631.32,570.82,56.84,158.82,0.7564,-1,-1,-1
71,13,375.91,554.14,48.48,128.51,0.5609,-1,-1,-1
71,14,1707.84,536.86,34.76,93.22,0.6889,-1,-1,-1
71,12,328.93,546.58,47.99,136.35,0.5148,-1,-1,-1
72,2,1633.53,563.21,60.41,169.29,0.7889,-1,-1,-1
72,13,370.83,554.40,48.92,130.17,0.6102,-1,-1,-1
72,14,1708.87,536.92,34.47,91.87,0.6903,-1,-1,-1
72,12,326.15,550.20,47.58,134.59,0.6163,-1,-1,-1
73,2,1637.86,563.91,61.16,171.63,0.6738,-1,-1,-1
73,13,366.12,550.30,49.64,132.66,0.5830,-1,-1,-1
73,14,1710.68,538.51,35.58,93.91,0.5826,-1,-1,-1
73,12,319.49,545.52,48.90,137.58,0.4708,-1,-1,-1
74,2,1643.13,568.82,60.78,169.07,0.7216,-1,-1,-1
74,13,362.38,548.69,50.19,134.49,0.4972,-1,-1,-1
74,14,1712.43,537.29,35.61,93.53,0.5853,-1,-1,-1
74,12,314.64,543.64,49.72,140.19,0.3725,-1,-1,-1
75,2,1646.68,575.46,60.09,165.46,0.7429,-1,-1,-1
75,13,356.50,553.71,48.55,130.26,0.6083,-1,-1,-1
75,14,1713.81,538.92,35.83,93.56,0.5702,-1,-1,-1
75,12,307.92,547.19,48.48,136.18,0.4164,-1,-1,-1
76,2,1650.20,578.28,60.16,164.42,0.7341,-1,-1,-1
76,13,351.24,552.29,48.86,131.14,0.4948,-1,-1,-1
76,14,1714.97,539.57,35.49,91.74,0.5471,-1,-1,-1
76,12,298.89,544.25,50.61,140.14,0.4755,-1,-1,-1
77,2,1653.27,580.66,60.68,163.65,0.7197,-1,-1,-1
77,13,344.38,550.18,49.29,132.57,0.6131,-1,-1,-1
77,14,1715.83,540.76,35.53,91.08,0.5362,-1,-1,-1
77,12,293.79,544.89,50.56,139.24,0.4477,-1,-1,-1
78,2,1656.37,581.92,61.65,164.45,0.7338,-1,-1,-1
78,13,339.78,551.64,49.27,132.93,0.5296,-1,-1,-1
78,14,1715.98,540.78,35.66,90.46,0.5830,-1,-1,-1
78,12,284.52,541.66,52.56,143.75,0.4277,-1,-1,-1
79,2,1659.09,584.68,62.26,162.90,0.7507,-1,-1,-1
79,13,333.91,549.23,50.23,135.61,0.5562,-1,-1,-1
79,14,1715.55,540.55,35.94,90.36,0.5739,-1,-1,-1
79,12,275.82,538.94,54.05,145.54,0.5010,-1,-1,-1
80,2,1659.72,582.99,64.65,166.42,0.7250,-1,-1,-1
80,13,327.99,551.74,49.93,134.74,0.6088,-1,-1,-1
80,14,1714.73,537.74,36.68,91.51,0.6116,-1,-1,-1
80,12,268.07,537.25,55.86,148.03,0.5578,-1,-1,-1
81,2,1661.66,582.66,65.58,167.02,0.7503,-1,-1,-1
81,13,320.49,552.82,49.88,134.06,0.5705,-1,-1,-1
81,14,1713.86,536.78,36.89,91.42,0.5699,-1,-1,-1
81,12,266.05,546.22,51.85,137.39,0.3487,-1,-1,-1
82,2,1663.16,583.08,67.22,170.09,0.7395,-1,-1,-1
82,13,313.10,554.60,49.29,132.43,0.4978,-1,-1,-1
82,14,1712.97,537.13,36.72,91.18,0.6124,-1,-1,-1
82,12,259.99,538.65,54.15,145.03,0.3815,-1,-1,-1
83,2,1666.18,582.56,67.78,171.97,0.7060,-1,-1,-1
83,13,306.41,557.47,49.17,131.23,0.6694,-1,-1,-1
83,14,1712.41,536.88,36.57,91.08,0.5892,-1,-1,-1
83,12,253.83,540.90,53.59,145.40,0.4590,-1,-1,-1
84,2,1666.95,580.58,70.02,176.78,0.7243,-1,-1,-1
84,13,299.79,561.40,48.94,128.61,0.5318,-1,-1,-1
84,14,1712.10,535.93,36.74,92.25,0.5710,-1,-1,-1
84,12,246.31,548.92,52.08,140.44,0.5413,-1,-1,-1
84,18,123.17,560.98,52.42,134.25,0.5340,-1,-1,-1
85,2,1668.90,580.84,71.24,179.63,0.7671,-1,-1,-1
85,13,292.45,561.93,49.19,129.17,0.5024,-1,-1,-1
85,14,1711.36,536.12,36.68,92.62,0.4760,-1,-1,-1
85,12,242.17,555.16,50.39,136.83,0.4786,-1,-1,-1
85,18,115.54,564.16,51.99,133.06,0.5261,-1,-1,-1
86,2,1671.69,580.87,71.20,179.81,0.7647,-1,-1,-1
86,13,284.87,561.46,49.88,131.36,0.5834,-1,-1,-1
86,14,1710.92,535.72,32.69,80.54,0.3136,-1,-1,-1
86,12,232.30,556.48,50.52,136.97,0.4307,-1,-1,-1
86,18,105.10,562.16,55.10,141.01,0.4137,-1,-1,-1
87,2,1673.22,583.50,71.50,180.22,0.7970,-1,-1,-1
87,13,280.40,563.26,50.40,132.23,0.5737,-1,-1,-1
87,12,225.35,556.10,51.18,139.08,0.4926,-1,-1,-1
87,18,99.71,561.67,54.09,137.77,0.5337,-1,-1,-1
88,2,1674.83,582.50,72.82,184.06,0.7977,-1,-1,-1
88,13,272.08,567.76,50.44,131.95,0.5028,-1,-1,-1
88,12,219.73,560.27,51.05,138.90,0.5732,-1,-1,-1
88,18,92.41,565.98,51.68,131.60,0.5030,-1,-1,-1
89,2,1676.95,583.74,74.03,188.47,0.8037,-1,-1,-1
89,13,266.02,567.26,50.61,132.17,0.4704,-1,-1,-1
89,12,213.45,558.48,51.94,142.64,0.3123,-1,-1,-1
89,18,84.63,563.05,53.19,135.44,0.4655,-1,-1,-1
90,2,1679.78,585.20,74.94,192.23,0.7571,-1,-1,-1
90,13,260.70,570.05,51.55,134.05,0.5299,-1,-1,-1
90,12,204.93,556.49,53.50,147.28,0.3256,-1,-1,-1
90,18,77.18,564.54,54.50,138.15,0.4848,-1,-1,-1
91,2,1684.36,594.47,73.65,188.64,0.7885,-1,-1,-1
91,13,253.14,558.29,58.08,148.98,0.4397,-1,-1,-1
91,12,199.21,559.37,52.94,146.29,0.3825,-1,-1,-1
91,18,68.54,566.20,55.67,141.23,0.4512,-1,-1,-1
92,2,1688.10,600.15,73.10,186.90,0.7964,-1,-1,-1
92,13,247.32,556.08,60.28,154.58,0.5459,-1,-1,-1
92,12,190.70,560.83,54.30,149.98,0.3346,-1,-1,-1
92,18,62.16,569.99,56.84,142.27,0.3361,-1,-1,-1
92,21,407.84,553.57,46.66,125.31,0.5373,-1,-1,-1
93,2,1689.82,604.83,73.24,186.99,0.8092,-1,-1,-1
93,13,241.30,566.49,56.70,146.06,0.5535,-1,-1,-1
93,12,183.21,554.98,57.30,159.89,0.5642,-1,-1,-1
93,21,401.51,556.01,47.07,126.59,0.5218,-1,-1,-1
94,2,1690.95,607.47,73.52,187.61,0.8041,-1,-1,-1
94,13,235.72,573.33,55.45,142.69,0.5425,-1,-1,-1
94,12,179.30,561.40,55.48,155.69,0.5230,-1,-1,-1
94,21,392.51,556.07,47.83,128.81,0.6198,-1,-1,-1
95,2,1692.74,610.57,74.27,189.30,0.7917,-1,-1,-1
95,13,228.40,578.26,54.93,140.39,0.5215,-1,-1,-1
95,12,173.17,563.50,55.36,155.40,0.6023,-1,-1,-1
95,21,386.76,558.56,47.61,128.49,0.5341,-1,-1,-1
96,2,1695.86,611.67,74.81,190.74,0.7887,-1,-1,-1
96,13,221.05,581.87,55.10,141.71,0.5760,-1,-1,-1
96,12,166.16,573.04,53.71,150.17,0.4634,-1,-1,-1
96,21,380.08,565.78,46.20,124.89,0.4844,-1,-1,-1
97,2,1700.09,613.14,75.66,192.63,0.7859,-1,-1,-1
97,13,212.67,580.05,56.04,143.98,0.6522,-1,-1,-1
97,12,159.83,578.28,51.41,143.03,0.5568,-1,-1,-1
97,21,371.61,559.55,48.61,131.66,0.5169,-1,-1,-1
97,22,1692.90,544.76,43.34,94.23,0.5336,-1,-1,-1
98,2,1704.16,613.43,76.78,195.61,0.7918,-1,-1,-1
98,13,203.84,581.55,56.49,145.57,0.6213,-1,-1,-1
98,12,152.38,581.95,51.80,143.71,0.5598,-1,-1,-1
98,21,367.84,575.83,43.30,116.38,0.6100,-1,-1,-1
98,22,1690.19,545.95,43.62,94.97,0.5093,-1,-1,-1
99,2,1707.15,614.76,77.60,197.40,0.7602,-1,-1,-1
99,13,196.12,579.74,56.93,147.63,0.6652,-1,-1,-1
99,12,144.19,580.75,52.09,143.93,0.4825,-1,-1,-1
99,21,359.37,570.65,45.57,122.53,0.5588,-1,-1,-1
99,22,1686.59,546.14,46.36,101.25,0.5021,-1,-1,-1
100,2,1710.14,614.07,78.74,199.78,0.7949,-1,-1,-1
100,13,189.05,585.46,55.45,143.67,0.6086,-1,-1,-1
100,12,134.46,583.50,51.76,141.35,0.5672,-1,-1,-1
100,21,351.83,575.21,44.94,119.32,0.5463,-1,-1,-1
100,22,1683.76,548.16,46.55,101.96,0.6406,-1,-1,-1
101,2,1712.16,615.87,79.80,202.18,0.7863,-1,-1,-1
101,13,181.10,583.68,56.24,145.09,0.5861,-1,-1,-1
101,12,126.64,580.64,53.16,143.83,0.6037,-1,-1,-1
101,21,342.90,572.88,45.89,121.23,0.5709,-1,-1,-1
101,22,1681.36,550.21,46.81,103.36,0.7193,-1,-1,-1
102,2,1714.65,619.49,79.68,200.92,0.8138,-1,-1,-1
102,13,172.85,583.80,56.42,145.29,0.5697,-1,-1,-1
102,12,117.22,581.59,54.16,145.63,0.6267,-1,-1,-1
102,21,334.52,575.30,45.86,120.42,0.6188,-1,-1,-1
102,22,1679.70,550.76,46.45,103.71,0.7414,-1,-1,-1
103,2,1716.27,619.60,81.64,204.77,0.8264,-1,-1,-1
103,13,165.10,587.32,55.88,143.34,0.5187,-1,-1,-1
103,12,107.06,579.51,55.54,149.07,0.5526,-1,-1,-1
103,21,328.46,575.00,46.46,120.63,0.4859,-1,-1,-1
103,22,1678.76,550.87,45.59,103.03,0.7185,-1,-1,-1
104,2,1717.66,623.60,82.93,206.94,0.8177,-1,-1,-1
104,13,154.71,590.06,53.97,139.15,0.4255,-1,-1,-1
104,12,97.34,577.86,56.05,149.74,0.5660,-1,-1,-1
104,21,319.11,577.78,45.63,117.20,0.3580,-1,-1,-1
104,22,1677.67,551.77,44.89,102.88,0.7078,-1,-1,-1
105,2,1719.32,624.63,84.26,209.68,0.8058,-1,-1,-1
105,13,147.07,587.46,55.67,142.65,0.5509,-1,-1,-1
105,12,88.57,579.29,56.10,149.48,0.6015,-1,-1,-1
105,21,307.47,568.78,50.14,128.49,0.5169,-1,-1,-1
105,22,1676.49,550.57,44.50,103.67,0.6656,-1,-1,-1
106,2,1723.00,625.85,85.18,212.08,0.7800,-1,-1,-1
106,13,138.97,578.86,59.04,151.45,0.5315,-1,-1,-1
106,12,77.74,575.95,57.20,153.00,0.5598,-1,-1,-1
106,21,299.76,567.69,50.74,129.81,0.5023,-1,-1,-1
106,22,1674.86,549.93,44.06,104.56,0.6087,-1,-1,-1
107,2,1725.42,624.28,86.51,216.15,0.7892,-1,-1,-1
107,13,130.21,583.75,57.27,147.16,0.4010,-1,-1,-1
107,12,68.44,573.53,58.19,155.53,0.5917,-1,-1,-1
107,21,288.40,560.79,53.56,137.32,0.4680,-1,-1,-1
107,22,1672.40,548.52,43.52,105.50,0.5540,-1,-1,-1
107,26,353.71,562.56,41.31,140.83,0.5355,-1,-1,-1
108,2,1727.80,627.58,86.99,217.90,0.8029,-1,-1,-1
108,13,119.61,577.62,58.92,152.81,0.4984,-1,-1,-1
108,12,56.74,569.56,60.36,160.06,0.5356,-1,-1,-1
108,21,278.79,558.96,54.86,140.80,0.5483,-1,-1,-1
108,22,1670.88,549.01,42.87,106.44,0.4689,-1,-1,-1
108,26,346.28,562.97,41.47,141.09,0.5373,-1,-1,-1
108,27,210.12,587.10,40.50,101.01,0.5887,-1,-1,-1
109,2,1729.95,628.52,88.17,221.45,0.8077,-1,-1,-1
109,13,112.27,574.48,60.21,156.62,0.4125,-1,-1,-1
109,12,46.48,569.01,60.72,160.24,0.4895,-1,-1,-1
109,21,269.17,566.66,53.60,136.75,0.4144,-1,-1,-1
109,22,1669.60,549.57,41.96,106.70,0.5367,-1,-1,-1
109,26,337.29,556.85,43.59,148.61,0.5920,-1,-1,-1
109,27,200.85,587.61,42.01,105.03,0.5075,-1,-1,-1
110,2,1731.37,629.24,89.22,224.90,0.8128,-1,-1,-1
110,13,101.91,572.66,60.42,158.51,0.5833,-1,-1,-1
110,12,35.27,567.75,62.29,162.21,0.5917,-1,-1,-1
110,21,255.63,556.99,57.65,146.81,0.5143,-1,-1,-1
110,22,1668.39,550.68,41.06,107.32,0.3544,-1,-1,-1
110,26,328.92,562.72,41.99,142.64,0.6133,-1,-1,-1
110,27,190.70,587.33,42.16,105.59,0.5302,-1,-1,-1
111,2,1732.71,629.89,90.04,227.49,0.8116,-1,-1,-1
111,13,92.32,568.40,62.42,164.68,0.5882,-1,-1,-1
111,12,24.27,563.83,64.84,166.91,0.6227,-1,-1,-1
111,21,247.84,559.63,57.05,145.06,0.4759,-1,-1,-1
111,26,320.50,572.48,39.57,133.96,0.5316,-1,-1,-1
111,27,179.48,589.43,42.67,107.38,0.4032,-1,-1,-1
112,2,1734.69,632.23,90.34,228.20,0.8081,-1,-1,-1
112,13,84.03,572.28,61.23,161.68,0.5708,-1,-1,-1
112,12,15.14,566.18,65.89,166.05,0.5344,-1,-1,-1
112,21,239.78,567.14,54.76,138.78,0.5936,-1,-1,-1
112,26,308.87,571.34,40.64,137.66,0.5578,-1,-1,-1
112,27,169.63,592.46,40.84,103.28,0.4827,-1,-1,-1
113,2,1735.61,634.41,91.01,229.99,0.8039,-1,-1,-1
113,13,74.16,576.33,60.35,160.41,0.5794,-1,-1,-1
113,12,3.92,560.53,68.84,173.06,0.5962,-1,-1,-1
113,21,231.95,574.96,53.08,134.26,0.6203,-1,-1,-1
113,26,298.47,572.66,40.85,138.91,0.6005,-1,-1,-1
113,27,160.51,595.34,40.63,103.16,0.5200,-1,-1,-1
114,2,1737.24,635.54,91.24,230.99,0.7985,-1,-1,-1
114,13,61.97,567.81,63.22,169.16,0.6499,-1,-1,-1
114,12,0.61,571.25,64.63,164.24,0.5474,-1,-1,-1
114,21,220.99,580.74,51.63,129.39,0.5790,-1,-1,-1
114,26,290.87,572.43,41.38,140.49,0.4920,-1,-1,-1
114,27,149.64,597.63,40.03,102.66,0.6191,-1,-1,-1
115,2,1739.24,636.52,91.56,231.80,0.7918,-1,-1,-1
115,13,51.12,565.90,64.18,172.97,0.6516,-1,-1,-1
115,12,-3.12,573.62,62.69,162.34,0.4666,-1,-1,-1
115,21,204.93,571.46,56.15,139.04,0.5429,-1,-1,-1
115,26,279.64,579.49,39.74,135.45,0.5717,-1,-1,-1
115,27,139.94,597.13,40.72,105.07,0.6167,-1,-1,-1
115,30,334.94,564.14,37.73,111.84,0.6420,-1,-1,-1
116,2,1740.70,636.70,92.65,234.96,0.7989,-1,-1,-1
116,13,42.13,571.07,62.66,170.24,0.6058,-1,-1,-1
116,12,-6.46,581.30,60.05,158.01,0.6279,-1,-1,-1
116,21,197.31,574.95,56.68,140.51,0.5419,-1,-1,-1
116,26,270.27,579.83,40.01,137.13,0.4734,-1,-1,-1
116,27,128.87,599.00,39.79,103.61,0.5737,-1,-1,-1
116,30,326.88,566.89,37.38,110.68,0.6116,-1,-1,-1
117,2,1741.54,638.77,93.99,238.29,0.8086,-1,-1,-1
117,13,31.49,573.61,62.47,170.37,0.5952,-1,-1,-1
117,12,-9.76,583.77,58.03,157.43,0.6284,-1,-1,-1
117,21,186.48,570.47,58.69,145.84,0.4911,-1,-1,-1
117,26,257.26,566.33,43.95,152.33,0.6096,-1,-1,-1
117,27,118.63,600.10,38.88,101.38,0.5757,-1,-1,-1
117,30,317.00,566.82,38.16,112.75,0.5424,-1,-1,-1
118,2,1742.81,638.04,96.18,244.02,0.8037,-1,-1,-1
118,13,21.41,577.05,62.07,169.63,0.5142,-1,-1,-1
118,12,-13.21,588.71,54.59,154.96,0.4959,-1,-1,-1
118,21,179.11,580.55,55.84,139.37,0.5470,-1,-1,-1
118,26,247.25,571.39,43.25,151.34,0.6613,-1,-1,-1
118,27,108.82,600.73,39.97,104.79,0.5082,-1,-1,-1
118,30,308.59,560.92,40.29,119.46,0.6463,-1,-1,-1
119,2,1746.44,640.10,97.30,246.01,0.8217,-1,-1,-1
119,13,9.96,572.40,64.59,177.58,0.5955,-1,-1,-1
119,21,168.00,579.10,57.45,144.50,0.4580,-1,-1,-1
119,26,237.36,565.49,45.11,159.36,0.6096,-1,-1,-1
119,27,97.97,601.62,39.69,105.45,0.4759,-1,-1,-1
119,30,300.04,562.79,40.15,119.02,0.5512,-1,-1,-1
120,2,1750.72,644.15,97.90,245.56,0.8125,-1,-1,-1
120,13,0.81,565.07,67.07,188.04,0.5787,-1,-1,-1
120,21,157.30,582.49,56.87,143.94,0.6007,-1,-1,-1
120,26,226.20,571.39,44.42,157.04,0.6483,-1,-1,-1
120,27,86.49,601.44,41.05,111.01,0.4240,-1,-1,-1
120,30,290.58,561.02,41.64,123.81,0.5783,-1,-1,-1
121,2,1753.94,645.50,99.47,248.35,0.8092,-1,-1,-1
121,13,-7.40,555.87,68.82,197.43,0.5798,-1,-1,-1
121,21,146.88,586.39,55.83,140.64,0.5881,-1,-1,-1
121,26,216.44,570.64,45.27,160.70,0.5596,-1,-1,-1
121,27,75.90,602.30,41.17,112.44,0.5918,-1,-1,-1
121,30,284.73,563.14,40.29,120.43,0.6305,-1,-1,-1
122,2,1755.88,646.77,100.71,251.78,0.8083,-1,-1,-1
122,13,-12.56,555.66,67.40,199.94,0.6184,-1,-1,-1
122,21,138.29,592.50,55.58,140.96,0.5104,-1,-1,-1
122,26,206.26,573.60,45.32,159.61,0.6585,-1,-1,-1
122,27,65.59,605.08,40.22,110.82,0.4071,-1,-1,-1
122,30,275.80,563.93,40.50,120.85,0.6006,-1,-1,-1
123,2,1758.74,649.82,101.29,254.52,0.8086,-1,-1,-1
123,13,-13.58,568.01,61.17,187.82,0.5676,-1,-1,-1
123,21,129.01,598.46,55.27,139.44,0.4495,-1,-1,-1
123,26,196.65,580.92,44.60,154.72,0.5960,-1,-1,-1
123,27,52.84,607.66,41.44,115.09,0.3157,-1,-1,-1
123,30,265.91,559.27,43.20,129.21,0.6605,-1,-1,-1
124,2,1762.07,649.34,102.68,259.42,0.8160,-1,-1,-1
124,26,187.17,587.67,43.66,149.91,0.6281,-1,-1,-1
124,27,41.15,608.78,41.59,116.62,0.3103,-1,-1,-1
124,30,259.91,567.07,41.05,123.29,0.5862,-1,-1,-1
125,2,1767.98,648.66,103.71,262.07,0.8161,-1,-1,-1
125,26,177.29,590.39,44.22,149.07,0.6426,-1,-1,-1
125,27,29.68,611.33,40.33,114.33,0.4599,-1,-1,-1
125,30,251.26,570.00,40.45,121.45,0.5341,-1,-1,-1
126,2,1772.65,650.48,104.13,263.01,0.8115,-1,-1,-1
126,26,166.05,595.67,44.55,146.62,0.5844,-1,-1,-1
126,27,19.82,614.32,39.93,113.33,0.4119,-1,-1,-1
126,30,242.34,567.38,41.87,126.43,0.5829,-1,-1,-1
127,2,1777.04,651.09,105.31,266.11,0.8199,-1,-1,-1
127,26,156.62,600.57,44.67,145.02,0.5952,-1,-1,-1
127,27,5.89,620.96,37.78,106.62,0.3591,-1,-1,-1
127,30,234.88,569.47,41.59,126.35,0.5794,-1,-1,-1
128,2,1780.97,653.33,106.00,267.53,0.8194,-1,-1,-1
128,26,146.10,603.03,45.46,144.42,0.5499,-1,-1,-1
128,27,-4.67,621.40,37.78,109.31,0.3411,-1,-1,-1
128,30,224.11,563.07,43.64,133.51,0.6124,-1,-1,-1
129,2,1787.11,655.76,107.31,269.44,0.8237,-1,-1,-1
129,26,133.13,600.61,47.63,150.67,0.5159,-1,-1,-1
129,27,-10.26,623.45,36.12,109.30,0.3116,-1,-1,-1
129,30,216.64,566.08,43.28,133.45,0.5918,-1,-1,-1
130,2,1790.82,657.67,109.10,271.93,0.8216,-1,-1,-1
130,26,122.21,603.54,49.00,151.02,0.3302,-1,-1,-1
130,30,208.40,565.45,43.73,135.59,0.5549,-1,-1,-1
131,2,1794.41,659.11,111.70,276.69,0.8317,-1,-1,-1
131,26,105.75,599.94,50.33,156.54,0.4313,-1,-1,-1
131,30,200.38,572.24,41.86,129.62,0.4707,-1,-1,-1
132,2,1798.58,661.02,114.95,283.56,0.8653,-1,-1,-1
132,26,92.97,599.36,50.99,160.45,0.4313,-1,-1,-1
132,30,191.18,569.71,42.94,133.58,0.6433,-1,-1,-1
133,2,1802.31,662.83,117.00,289.26,0.8822,-1,-1,-1
133,26,78.78,595.31,52.87,167.60,0.5459,-1,-1,-1
133,30,182.19,566.69,43.87,136.18,0.5323,-1,-1,-1
134,2,1804.88,665.09,118.40,294.70,0.8507,-1,-1,-1
134,26,54.27,580.60,60.41,187.87,0.4966,-1,-1,-1
134,30,172.58,566.71,44.23,138.40,0.5596,-1,-1,-1
135,2,1806.46,666.29,119.71,301.24,0.8147,-1,-1,-1
135,26,37.55,574.51,64.85,198.02,0.5418,-1,-1,-1
135,30,164.55,569.71,43.83,138.29,0.5440,-1,-1,-1
135,21,-4.86,615.91,57.65,151.40,0.5674,-1,-1,-1
136,2,1809.52,669.91,119.32,305.12,0.8374,-1,-1,-1
136,26,26.96,574.23,66.56,200.70,0.5252,-1,-1,-1
136,30,155.75,567.84,44.30,140.79,0.3931,-1,-1,-1
136,33,509.36,527.25,29.41,73.78,0.5368,-1,-1,-1
136,21,-10.20,620.98,53.13,147.84,0.6002,-1,-1,-1
137,2,1813.39,677.35,117.78,307.22,0.7742,-1,-1,-1
137,26,17.72,573.49,67.65,204.38,0.6263,-1,-1,-1
137,30,147.27,572.94,43.10,137.83,0.4032,-1,-1,-1
137,33,504.32,527.34,30.05,75.41,0.5477,-1,-1,-1
138,2,1817.35,679.20,116.21,310.71,0.7834,-1,-1,-1
138,26,7.76,572.69,67.47,205.92,0.6378,-1,-1,-1
138,30,138.78,572.67,43.43,139.70,0.4943,-1,-1,-1
138,33,500.83,530.45,29.12,72.94,0.5816,-1,-1,-1
139,2,1819.71,679.88,114.94,315.32,0.7700,-1,-1,-1
139,26,-0.68,576.38,65.54,202.82,0.6159,-1,-1,-1
139,33,495.44,528.74,28.83,72.46,0.4402,-1,-1,-1
139,36,1565.72,554.19,46.04,109.12,0.5948,-1,-1,-1
140,2,1824.82,682.51,110.73,312.66,0.7505,-1,-1,-1
140,26,-10.12,575.50,66.08,210.60,0.6254,-1,-1,-1
140,33,490.28,527.40,29.14,73.27,0.4969,-1,-1,-1
140,36,1562.52,550.97,46.71,111.16,0.6626,-1,-1,-1
140,37,1696.37,552.77,51.19,115.38,0.5281,-1,-1,-1
141,2,1830.05,680.34,106.95,312.27,0.6803,-1,-1,-1
141,26,-15.19,579.13,62.83,208.61,0.5910,-1,-1,-1
141,33,484.68,527.79,29.19,73.67,0.5265,-1,-1,-1
141,36,1559.62,550.18,46.55,111.31,0.7274,-1,-1,-1
141,37,1696.19,551.91,51.40,116.18,0.4521,-1,-1,-1
142,2,1837.23,693.43,99.40,300.30,0.6423,-1,-1,-1
142,33,480.05,527.31,29.68,75.08,0.4995,-1,-1,-1
142,36,1557.95,551.77,45.07,108.07,0.6809,-1,-1,-1
142,37,1696.98,555.82,50.40,114.58,0.4375,-1,-1,-1
143,2,1842.70,702.77,94.67,297.17,0.5927,-1,-1,-1
143,33,477.15,527.37,29.37,73.78,0.5367,-1,-1,-1
143,36,1554.71,553.32,45.18,108.88,0.5900,-1,-1,-1
143,37,1696.30,561.80,47.81,109.26,0.3687,-1,-1,-1
144,33,472.95,527.37,29.59,74.84,0.5948,-1,-1,-1
144,36,1551.10,555.64,44.84,109.06,0.7094,-1,-1,-1
144,37,1694.55,566.78,46.61,106.94,0.4584,-1,-1,-1
145,33,467.93,527.14,29.26,74.07,0.5253,-1,-1,-1
145,36,1546.44,557.08,43.97,107.92,0.6963,-1,-1,-1
145,37,1692.94,570.19,46.23,106.50,0.6017,-1,-1,-1
146,33,462.75,526.23,29.32,74.58,0.5850,-1,-1,-1
146,36,1542.40,556.16,44.49,110.14,0.6499,-1,-1,-1
146,37,1692.60,573.97,44.11,101.73,0.6213,-1,-1,-1
147,33,457.23,526.48,29.73,75.61,0.5239,-1,-1,-1
147,36,1538.61,557.09,43.93,109.53,0.6766,-1,-1,-1
147,37,1690.15,574.67,44.33,102.81,0.5338,-1,-1,-1
148,33,453.06,528.58,29.29,74.20,0.5906,-1,-1,-1
148,36,1532.21,555.36,45.27,112.55,0.6904,-1,-1,-1
148,37,1685.18,571.91,45.46,105.15,0.4707,-1,-1,-1
149,33,448.17,528.91,29.46,74.85,0.5572,-1,-1,-1
149,36,1524.37,554.74,46.53,113.55,0.6866,-1,-1,-1
149,37,1680.93,571.36,45.30,105.21,0.6105,-1,-1,-1
150,33,442.77,528.66,30.04,76.37,0.5836,-1,-1,-1
150,36,1518.94,558.40,46.28,109.61,0.7189,-1,-1,-1
150,37,1678.07,567.91,45.69,106.84,0.6682,-1,-1,-1
151,33,436.06,527.39,30.62,77.92,0.5422,-1,-1,-1
151,36,1515.55,559.72,46.95,109.02,0.7011,-1,-1,-1
151,37,1674.96,567.69,45.69,107.41,0.5865,-1,-1,-1
152,33,429.86,529.34,30.36,76.98,0.5588,-1,-1,-1
152,36,1511.68,558.48,48.07,110.43,0.6993,-1,-1,-1
152,37,1672.25,567.48,44.83,105.69,0.5136,-1,-1,-1
153,33,424.46,530.56,29.57,75.37,0.5248,-1,-1,-1
153,36,1507.08,557.68,48.74,110.10,0.6616,-1,-1,-1
153,37,1672.48,567.15,40.85,96.94,0.4092,-1,-1,-1
154,33,417.73,531.83,30.16,76.82,0.5155,-1,-1,-1
154,36,1500.07,553.94,50.13,113.19,0.6688,-1,-1,-1
155,33,410.82,530.32,30.93,79.28,0.5751,-1,-1,-1
155,36,1492.94,552.81,49.97,113.10,0.6494,-1,-1,-1
156,33,404.01,532.52,30.79,78.76,0.5335,-1,-1,-1
156,36,1486.60,550.97,50.37,115.38,0.6686,-1,-1,-1
157,33,398.05,534.52,30.39,77.79,0.5838,-1,-1,-1
157,36,1479.94,551.36,49.27,113.82,0.6726,-1,-1,-1
158,33,392.36,535.65,30.53,78.73,0.5315,-1,-1,-1
158,36,1472.60,548.65,49.75,116.00,0.7305,-1,-1,-1
159,33,386.74,537.09,30.17,78.31,0.5668,-1,-1,-1
159,36,1467.18,546.88,49.90,117.90,0.7112,-1,-1,-1
160,33,380.25,538.20,30.68,79.48,0.5004,-1,-1,-1
160,36,1462.59,545.86,49.64,118.99,0.6754,-1,-1,-1
161,33,375.63,538.65,30.55,79.30,0.4974,-1,-1,-1
161,36,1458.51,546.66,48.72,117.96,0.6505,-1,-1,-1
162,33,371.27,539.84,30.37,78.36,0.5272,-1,-1,-1
162,36,1455.61,548.85,46.78,113.54,0.6771,-1,-1,-1
163,33,365.15,540.50,30.93,79.71,0.4655,-1,-1,-1
163,36,1450.97,549.63,46.83,113.43,0.6454,-1,-1,-1
164,33,360.70,540.73,31.20,80.02,0.5372,-1,-1,-1
164,36,1446.53,548.71,47.17,114.21,0.6249,-1,-1,-1
165,33,354.90,541.48,31.43,80.51,0.5055,-1,-1,-1
165,36,1440.42,547.92,48.10,115.57,0.6663,-1,-1,-1
166,33,349.89,543.22,30.84,79.48,0.5508,-1,-1,-1
166,36,1434.99,548.27,48.29,115.53,0.6802,-1,-1,-1
167,33,344.76,543.69,30.68,78.83,0.6246,-1,-1,-1
167,36,1430.63,545.13,48.59,117.21,0.6657,-1,-1,-1
168,33,339.48,543.67,31.19,79.40,0.5756,-1,-1,-1
168,36,1426.17,543.31,48.09,117.20,0.6642,-1,-1,-1
169,33,335.27,544.00,31.39,79.05,0.5617,-1,-1,-1
169,36,1422.07,543.78,47.59,117.46,0.6760,-1,-1,-1
170,33,330.33,543.60,31.31,78.93,0.5516,-1,-1,-1
170,36,1417.49,540.71,47.99,120.22,0.6740,-1,-1,-1
171,33,325.50,543.94,31.02,77.90,0.5628,-1,-1,-1
171,36,1412.53,539.28,48.76,123.22,0.5673,-1,-1,-1
172,33,320.46,542.30,31.12,78.11,0.5777,-1,-1,-1
172,36,1407.55,535.41,49.10,125.76,0.6203,-1,-1,-1
173,33,315.02,541.44,32.27,80.81,0.5735,-1,-1,-1
173,36,1402.70,532.53,49.54,128.41,0.5631,-1,-1,-1
174,33,311.51,542.88,32.03,79.39,0.6000,-1,-1,-1
174,36,1399.46,531.25,50.09,130.97,0.6386,-1,-1,-1
175,33,307.30,541.93,32.45,79.72,0.4847,-1,-1,-1
175,36,1394.16,531.87,50.83,131.48,0.6649,-1,-1,-1
176,33,302.03,541.76,32.89,80.60,0.5857,-1,-1,-1
176,36,1389.83,534.46,50.78,129.57,0.6771,-1,-1,-1
177,33,298.05,542.16,32.37,78.48,0.6512,-1,-1,-1
177,36,1386.48,534.21,51.60,130.38,0.7056,-1,-1,-1
178,33,293.31,541.84,33.37,80.92,0.6087,-1,-1,-1
178,36,1385.46,534.53,51.72,130.60,0.6723,-1,-1,-1
179,33,289.16,540.75,34.25,82.97,0.6118,-1,-1,-1
179,36,1384.74,535.79,51.07,129.47,0.6814,-1,-1,-1
180,33,285.04,542.95,34.08,81.91,0.5637,-1,-1,-1
180,36,1382.48,535.16,51.10,130.36,0.7042,-1,-1,-1
181,33,280.99,542.83,34.69,83.23,0.5570,-1,-1,-1
181,36,1380.36,536.21,49.41,127.99,0.7125,-1,-1,-1
182,33,275.43,543.40,34.80,83.43,0.5934,-1,-1,-1
182,36,1377.07,537.09,48.77,127.79,0.7279,-1,-1,-1
183,33,271.30,543.98,35.14,84.78,0.6419,-1,-1,-1
183,36,1373.40,536.72,48.57,128.49,0.7397,-1,-1,-1
184,33,266.75,545.97,34.95,84.34,0.6228,-1,-1,-1
184,36,1370.42,536.16,48.33,129.42,0.7636,-1,-1,-1
185,33,262.57,547.36,34.68,83.54,0.5506,-1,-1,-1
185,36,1368.03,534.68,48.57,131.32,0.7475,-1,-1,-1
186,33,258.97,547.21,35.17,84.65,0.5218,-1,-1,-1
186,36,1366.09,534.30,48.30,132.35,0.7193,-1,-1,-1
187,33,254.43,548.12,35.48,85.65,0.5690,-1,-1,-1
187,36,1363.99,533.80,48.01,133.13,0.7054,-1,-1,-1
188,33,249.69,549.47,35.64,86.24,0.5663,-1,-1,-1
188,36,1362.18,534.02,48.03,134.27,0.6751,-1,-1,-1
189,33,245.46,549.84,36.59,89.17,0.5181,-1,-1,-1
189,36,1358.62,532.60,49.19,137.30,0.6422,-1,-1,-1
190,33,241.34,549.72,37.09,90.43,0.5532,-1,-1,-1
190,36,1356.73,533.68,49.00,136.03,0.6760,-1,-1,-1
191,33,238.06,552.84,36.30,88.30,0.5023,-1,-1,-1
191,36,1354.84,534.47,49.11,135.31,0.6668,-1,-1,-1
191,39,1596.89,539.36,60.64,137.19,0.5101,-1,-1,-1
192,33,234.68,553.01,36.43,88.04,0.5348,-1,-1,-1
192,36,1353.48,539.83,47.53,129.59,0.6267,-1,-1,-1
192,39,1601.01,540.45,59.20,134.34,0.4884,-1,-1,-1
193,33,229.74,555.57,36.14,86.66,0.6065,-1,-1,-1
193,36,1351.38,540.52,48.05,130.01,0.6606,-1,-1,-1
193,39,1601.95,539.31,59.55,135.35,0.5485,-1,-1,-1
194,33,225.88,558.73,35.60,85.54,0.5890,-1,-1,-1
194,36,1349.04,541.71,47.70,128.65,0.6727,-1,-1,-1
194,39,1606.65,548.36,55.70,126.59,0.5195,-1,-1,-1
195,33,221.89,559.85,35.13,84.59,0.5119,-1,-1,-1
195,36,1346.44,541.45,48.12,129.68,0.6873,-1,-1,-1
195,39,1606.15,548.50,56.00,126.87,0.5453,-1,-1,-1
196,33,218.24,560.93,35.76,86.31,0.4652,-1,-1,-1
196,36,1344.85,542.02,48.30,130.82,0.6777,-1,-1,-1
196,39,1608.36,548.88,55.86,126.49,0.5422,-1,-1,-1
197,33,213.89,561.86,35.81,86.39,0.4671,-1,-1,-1
197,36,1343.63,541.43,48.26,131.81,0.6291,-1,-1,-1
197,39,1610.77,549.73,54.98,124.93,0.4581,-1,-1,-1
198,33,210.78,562.61,35.43,85.84,0.5393,-1,-1,-1
198,36,1343.19,542.64,46.76,128.68,0.4943,-1,-1,-1
198,39,1615.20,551.96,53.34,122.26,0.5010,-1,-1,-1
199,33,206.52,562.81,35.70,86.65,0.5186,-1,-1,-1
199,36,1342.66,543.42,45.88,126.79,0.6218,-1,-1,-1
199,39,1617.94,553.85,52.00,120.50,0.5727,-1,-1,-1
200,33,202.76,563.61,36.55,88.42,0.4724,-1,-1,-1
200,36,1341.77,544.94,45.76,126.60,0.6271,-1,-1,-1
200,39,1618.74,555.69,51.13,119.46,0.5284,-1,-1,-1
201,33,199.21,563.96,36.59,89.16,0.4731,-1,-1,-1
201,36,1341.20,547.88,44.90,124.08,0.6505,-1,-1,-1
201,39,1618.87,554.46,51.86,121.35,0.6186,-1,-1,-1
202,33,194.12,563.56,37.56,91.57,0.6060,-1,-1,-1
202,36,1339.58,548.48,45.11,124.46,0.6765,-1,-1,-1
202,39,1620.50,553.94,52.32,122.70,0.6070,-1,-1,-1
203,33,190.43,563.99,38.15,92.22,0.5574,-1,-1,-1
203,36,1338.69,551.26,44.31,120.91,0.7053,-1,-1,-1
203,39,1622.85,554.05,52.50,123.93,0.5666,-1,-1,-1
204,33,187.68,565.46,38.13,91.82,0.5613,-1,-1,-1
204,36,1337.64,551.25,44.76,121.28,0.7173,-1,-1,-1
204,39,1627.93,553.26,51.67,123.13,0.6132,-1,-1,-1
205,33,182.76,566.74,37.86,91.20,0.5736,-1,-1,-1
205,36,1335.99,547.99,46.08,124.65,0.7262,-1,-1,-1
205,39,1630.14,554.80,50.37,120.65,0.6110,-1,-1,-1
206,33,178.72,567.75,37.90,90.71,0.5755,-1,-1,-1
206,36,1335.50,547.84,46.35,125.22,0.7372,-1,-1,-1
206,39,1629.06,555.12,51.35,122.22,0.5102,-1,-1,-1
207,33,173.57,569.87,38.52,92.09,0.5729,-1,-1,-1
207,36,1334.22,548.80,46.76,126.36,0.7600,-1,-1,-1
207,39,1629.48,556.74,51.94,122.45,0.4886,-1,-1,-1
208,33,168.98,570.55,38.65,92.37,0.5600,-1,-1,-1
208,36,1333.16,547.58,47.78,128.77,0.7474,-1,-1,-1
208,39,1638.84,556.94,50.64,122.00,0.4171,-1,-1,-1
209,33,165.39,569.83,38.92,93.00,0.5242,-1,-1,-1
209,36,1331.49,545.25,49.02,132.10,0.7467,-1,-1,-1
209,39,1642.76,558.28,50.24,122.94,0.6143,-1,-1,-1
210,33,161.93,570.68,38.88,93.35,0.4565,-1,-1,-1
210,36,1329.97,543.08,49.71,134.32,0.7448,-1,-1,-1
210,39,1645.34,559.75,50.04,123.38,0.5735,-1,-1,-1
211,33,159.12,570.78,39.77,94.88,0.5725,-1,-1,-1
211,36,1329.03,544.55,49.29,133.74,0.7636,-1,-1,-1
211,39,1651.15,565.42,48.06,119.64,0.5293,-1,-1,-1
212,33,155.91,570.78,40.03,95.36,0.6041,-1,-1,-1
212,36,1328.68,545.05,49.02,133.38,0.7384,-1,-1,-1
212,39,1655.47,560.43,50.28,126.21,0.5274,-1,-1,-1
213,33,153.38,571.73,40.04,95.23,0.5523,-1,-1,-1
213,36,1328.86,547.62,48.64,132.08,0.7346,-1,-1,-1
213,39,1654.25,561.13,52.29,128.41,0.4817,-1,-1,-1
214,33,151.01,573.63,39.90,94.57,0.5941,-1,-1,-1
214,36,1329.65,547.34,49.17,133.58,0.6754,-1,-1,-1
214,39,1657.22,560.45,53.08,128.34,0.5139,-1,-1,-1
215,33,148.76,572.46,40.03,95.00,0.5915,-1,-1,-1
215,36,1329.84,547.99,49.63,134.87,0.6777,-1,-1,-1
215,39,1666.14,559.57,52.88,129.57,0.5433,-1,-1,-1
216,33,146.09,573.89,38.96,93.06,0.4255,-1,-1,-1
216,36,1331.40,549.51,49.14,134.22,0.6684,-1,-1,-1
216,39,1672.95,562.80,50.98,126.34,0.6056,-1,-1,-1
217,33,141.78,573.41,39.34,94.81,0.4763,-1,-1,-1
217,36,1332.12,550.43,49.43,135.25,0.7013,-1,-1,-1
217,39,1678.52,561.99,49.90,124.86,0.4840,-1,-1,-1
218,33,139.18,573.65,39.05,94.36,0.4898,-1,-1,-1
218,36,1333.85,549.70,49.28,135.45,0.7458,-1,-1,-1
218,39,1680.68,562.10,52.31,127.22,0.4900,-1,-1,-1
219,33,138.77,573.19,39.22,94.89,0.4862,-1,-1,-1
219,36,1335.44,550.21,49.32,136.25,0.7617,-1,-1,-1
219,39,1690.18,561.74,51.50,126.26,0.5403,-1,-1,-1
220,33,137.17,575.08,39.24,95.17,0.4594,-1,-1,-1
220,36,1337.54,549.28,49.89,138.35,0.7627,-1,-1,-1
220,39,1695.96,563.62,50.92,124.86,0.5394,-1,-1,-1
221,33,133.47,574.43,39.84,96.69,0.4647,-1,-1,-1
221,36,1340.05,548.24,50.52,141.05,0.7534,-1,-1,-1
221,39,1702.44,565.93,49.68,123.13,0.5217,-1,-1,-1
221,40,13.72,580.32,37.47,87.81,0.5347,-1,-1,-1
222,33,130.15,573.91,40.51,98.45,0.4809,-1,-1,-1
222,36,1343.02,546.41,49.67,140.13,0.7575,-1,-1,-1
222,39,1704.84,561.64,52.67,127.06,0.5037,-1,-1,-1
222,40,12.67,580.04,38.00,89.02,0.5542,-1,-1,-1
223,33,128.25,574.20,40.32,98.24,0.5018,-1,-1,-1
223,36,1345.27,546.62,49.41,140.02,0.7562,-1,-1,-1
223,39,1714.78,562.99,51.71,126.12,0.5338,-1,-1,-1
223,40,10.30,579.57,38.15,89.44,0.4598,-1,-1,-1
224,33,128.34,576.88,40.00,97.12,0.4725,-1,-1,-1
224,36,1347.25,544.62,49.61,141.24,0.7572,-1,-1,-1
224,39,1720.60,561.65,51.43,126.07,0.4782,-1,-1,-1
225,33,127.10,577.64,40.07,97.23,0.4991,-1,-1,-1
225,36,1350.01,545.36,48.91,139.21,0.7484,-1,-1,-1
225,39,1728.86,556.45,52.93,129.14,0.5431,-1,-1,-1
226,33,127.04,583.85,39.32,94.35,0.4239,-1,-1,-1
226,36,1352.03,546.69,48.37,137.71,0.7012,-1,-1,-1
226,39,1734.46,557.31,52.84,126.82,0.5117,-1,-1,-1
227,33,122.20,584.79,39.85,95.60,0.3098,-1,-1,-1
227,36,1354.03,547.00,48.94,139.29,0.7481,-1,-1,-1
227,39,1743.14,558.24,52.29,126.39,0.5244,-1,-1,-1
228,33,118.03,586.27,39.80,96.07,0.3368,-1,-1,-1
228,36,1355.66,548.38,49.54,141.50,0.7460,-1,-1,-1
228,39,1750.87,554.82,53.29,128.70,0.5441,-1,-1,-1
229,33,115.58,586.61,39.60,96.41,0.4074,-1,-1,-1
229,36,1357.66,548.15,49.36,141.26,0.7454,-1,-1,-1
229,39,1755.84,557.12,53.83,128.07,0.5034,-1,-1,-1
230,33,114.04,587.04,39.32,97.21,0.3000,-1,-1,-1
230,36,1361.14,549.30,49.11,140.74,0.7490,-1,-1,-1
230,39,1764.61,555.92,53.53,127.46,0.5399,-1,-1,-1
231,33,113.69,588.16,39.02,97.27,0.3335,-1,-1,-1
231,36,1363.61,551.58,48.60,138.73,0.7347,-1,-1,-1
231,39,1774.35,553.90,54.81,130.27,0.5593,-1,-1,-1
232,36,1366.15,552.66,48.49,138.54,0.7347,-1,-1,-1
232,39,1780.64,553.70,56.15,131.33,0.5187,-1,-1,-1
233,36,1367.91,551.75,49.21,140.80,0.7659,-1,-1,-1
233,39,1791.05,556.64,55.36,128.94,0.5374,-1,-1,-1
234,36,1370.43,553.09,48.52,138.73,0.7041,-1,-1,-1
234,39,1796.90,559.08,56.43,128.96,0.4538,-1,-1,-1
235,36,1374.42,553.94,48.02,136.98,0.6644,-1,-1,-1
235,39,1808.01,559.34,56.38,128.94,0.4597,-1,-1,-1
236,36,1378.58,553.06,48.39,136.79,0.7031,-1,-1,-1
236,39,1822.48,554.02,55.20,126.09,0.5270,-1,-1,-1
237,36,1382.00,552.03,49.13,137.20,0.6998,-1,-1,-1
237,39,1834.52,549.61,55.55,126.40,0.5035,-1,-1,-1
238,36,1384.77,552.90,49.06,136.73,0.7134,-1,-1,-1
238,39,1843.97,546.73,58.91,134.73,0.5077,-1,-1,-1
239,36,1387.91,554.61,48.82,135.11,0.6842,-1,-1,-1
239,39,1850.21,545.02,61.42,139.72,0.4658,-1,-1,-1
240,36,1390.05,551.06,50.59,140.54,0.7220,-1,-1,-1
240,39,1861.96,543.39,58.84,134.65,0.4518,-1,-1,-1
241,36,1393.82,548.48,51.52,144.31,0.7551,-1,-1,-1
241,39,1867.26,545.66,58.70,136.64,0.4771,-1,-1,-1
242,36,1398.51,548.15,51.72,145.79,0.6746,-1,-1,-1
243,36,1403.16,550.15,50.63,143.44,0.6905,-1,-1,-1
244,36,1408.88,553.76,49.34,139.93,0.7145,-1,-1,-1
245,36,1414.77,555.39,48.81,139.23,0.7653,-1,-1,-1
246,36,1420.52,554.63,49.10,140.85,0.7619,-1,-1,-1
247,36,1425.80,555.63,48.99,141.13,0.7419,-1,-1,-1
248,36,1432.25,556.32,49.00,141.66,0.7563,-1,-1,-1
249,36,1437.86,554.67,49.73,144.90,0.7949,-1,-1,-1
250,36,1444.26,549.78,50.73,148.84,0.7216,-1,-1,-1
251,36,1450.11,545.37,52.00,155.67,0.7527,-1,-1,-1
252,36,1457.46,547.60,50.43,152.34,0.7406,-1,-1,-1
253,36,1464.40,542.17,51.18,156.64,0.7455,-1,-1,-1
254,36,1470.22,539.61,51.24,158.29,0.7030,-1,-1,-1
255,36,1477.46,536.22,50.30,157.16,0.7119,-1,-1,-1
256,36,1486.10,537.98,49.80,156.42,0.7260,-1,-1,-1
257,36,1494.79,537.99,48.68,154.11,0.7085,-1,-1,-1
258,36,1503.97,543.60,47.67,151.23,0.6422,-1,-1,-1
259,36,1513.15,549.61,46.61,145.94,0.5943,-1,-1,-1
260,36,1518.39,550.81,48.79,147.01,0.6698,-1,-1,-1
261,36,1526.91,553.62,49.95,145.36,0.5766,-1,-1,-1
262,36,1533.53,561.98,50.02,136.06,0.4395,-1,-1,-1
272,45,12.53,605.40,43.46,99.67,0.5140,-1,-1,-1
273,45,14.34,606.04,43.73,100.27,0.5925,-1,-1,-1
274,45,13.98,601.59,44.68,102.55,0.4450,-1,-1,-1
275,45,15.88,597.83,46.51,106.69,0.6144,-1,-1,-1
276,45,18.49,599.32,46.07,105.47,0.6276,-1,-1,-1
277,45,20.20,598.45,46.80,107.11,0.6058,-1,-1,-1
277,46,1669.36,590.96,73.43,227.71,0.5058,-1,-1,-1
278,45,21.42,597.73,47.63,109.05,0.5958,-1,-1,-1
278,46,1683.44,596.34,73.46,227.14,0.4520,-1,-1,-1
279,45,23.89,597.92,48.03,109.92,0.6057,-1,-1,-1
279,46,1698.26,595.79,75.80,233.29,0.5988,-1,-1,-1
280,45,25.46,599.08,48.72,111.58,0.6285,-1,-1,-1
281,45,26.43,600.81,49.33,112.70,0.6286,-1,-1,-1
281,46,1734.51,608.15,77.47,234.01,0.5489,-1,-1,-1
282,45,28.50,603.61,48.80,111.38,0.6183,-1,-1,-1
282,46,1750.63,611.29,80.25,235.75,0.6276,-1,-1,-1
283,45,30.84,608.14,47.89,109.20,0.6029,-1,-1,-1
283,46,1781.02,610.17,82.33,240.41,0.6225,-1,-1,-1
284,45,32.66,609.70,48.12,109.80,0.6394,-1,-1,-1
284,46,1804.81,610.41,84.62,244.06,0.7480,-1,-1,-1
285,45,34.64,611.46,48.17,110.23,0.6389,-1,-1,-1
285,46,1827.12,612.75,85.67,245.95,0.8111,-1,-1,-1
285,47,1764.87,550.30,57.92,183.06,0.6447,-1,-1,-1
286,45,35.56,612.62,48.67,111.58,0.6462,-1,-1,-1
286,46,1841.16,611.99,86.40,250.77,0.7457,-1,-1,-1
286,47,1776.42,547.20,59.64,188.35,0.7138,-1,-1,-1
287,45,37.28,613.47,49.08,112.42,0.6325,-1,-1,-1
287,46,1853.95,615.27,84.14,251.58,0.7012,-1,-1,-1
287,47,1793.54,547.89,60.55,191.14,0.7023,-1,-1,-1
288,45,39.22,614.56,49.27,112.34,0.6129,-1,-1,-1
288,47,1807.34,547.70,61.92,194.51,0.6716,-1,-1,-1
289,45,40.01,614.81,49.97,113.73,0.5699,-1,-1,-1
289,47,1820.77,544.80,63.07,197.77,0.7282,-1,-1,-1
290,45,41.88,613.33,51.01,115.84,0.6098,-1,-1,-1
290,47,1836.42,543.84,64.13,199.52,0.7609,-1,-1,-1
291,45,44.55,613.61,52.23,118.13,0.6154,-1,-1,-1
291,47,1847.58,539.21,65.18,203.81,0.7574,-1,-1,-1
292,45,45.41,612.83,53.54,121.09,0.6637,-1,-1,-1
292,47,1858.51,540.20,65.25,205.54,0.7129,-1,-1,-1
293,45,46.93,614.67,54.13,122.67,0.6510,-1,-1,-1
293,47,1867.97,539.97,64.39,208.07,0.6246,-1,-1,-1
294,45,48.36,618.16,53.57,121.19,0.6005,-1,-1,-1
295,45,49.36,620.22,53.33,119.79,0.6150,-1,-1,-1
296,45,50.55,620.94,53.55,119.26,0.5636,-1,-1,-1
297,45,50.97,621.63,54.30,120.17,0.6093,-1,-1,-1
298,45,50.98,621.81,54.64,120.31,0.6081,-1,-1,-1
299,45,51.24,622.74,54.59,119.59,0.6152,-1,-1,-1
300,45,50.98,621.12,56.11,122.61,0.5869,-1,-1,-1
301,45,49.82,623.50,56.14,122.79,0.5052,-1,-1,-1
302,45,49.53,623.42,56.75,123.91,0.4928,-1,-1,-1
303,45,47.15,626.82,56.74,124.09,0.4657,-1,-1,-1
304,45,46.79,627.73,56.53,123.82,0.4484,-1,-1,-1
305,45,49.92,633.68,55.17,119.79,0.4615,-1,-1,-1
306,45,49.65,635.90,54.69,118.01,0.4347,-1,-1,-1
307,45,47.91,635.85,56.22,120.67,0.4814,-1,-1,-1
308,45,46.39,637.09,58.54,125.24,0.5546,-1,-1,-1
309,45,45.22,637.20,59.27,126.46,0.6164,-1,-1,-1
310,45,44.14,638.44,59.58,126.76,0.5956,-1,-1,-1
311,45,43.06,641.04,60.03,126.92,0.6288,-1,-1,-1
312,45,41.55,641.53,60.15,126.73,0.5804,-1,-1,-1
313,45,40.34,643.11,61.33,128.75,0.6417,-1,-1,-1
314,45,38.31,644.97,61.35,128.86,0.5447,-1,-1,-1
315,45,36.77,645.24,61.33,129.16,0.5443,-1,-1,-1
316,45,33.93,645.63,61.34,130.00,0.4177,-1,-1,-1
317,45,32.52,646.22,61.14,130.86,0.4005,-1,-1,-1
318,45,31.71,647.31,60.91,131.46,0.4667,-1,-1,-1
319,45,30.61,648.69,60.39,131.57,0.4425,-1,-1,-1
320,45,28.29,648.27,61.03,133.55,0.4507,-1,-1,-1
321,45,26.09,648.71,61.73,135.36,0.5095,-1,-1,-1
322,45,23.84,649.04,61.99,136.29,0.4726,-1,-1,-1
323,45,20.81,648.57,62.55,137.76,0.5188,-1,-1,-1
323,50,1538.49,584.50,59.15,142.60,0.5776,-1,-1,-1
324,45,17.25,647.29,62.68,138.31,0.5107,-1,-1,-1
324,50,1542.26,590.12,56.78,136.84,0.5382,-1,-1,-1
325,45,15.11,648.02,62.24,137.21,0.5183,-1,-1,-1
325,50,1548.14,606.44,51.51,124.06,0.4968,-1,-1,-1
326,45,11.48,647.56,62.20,137.38,0.5601,-1,-1,-1
326,50,1548.54,596.51,56.17,136.01,0.4862,-1,-1,-1
326,51,1415.65,598.33,63.93,151.01,0.5394,-1,-1,-1
327,45,8.48,647.41,62.14,137.42,0.6162,-1,-1,-1
327,50,1553.90,601.41,54.57,132.27,0.4789,-1,-1,-1
327,51,1417.06,599.13,63.73,150.61,0.6185,-1,-1,-1
328,45,6.49,651.72,60.91,134.59,0.6031,-1,-1,-1
328,50,1556.46,594.02,57.81,140.89,0.3892,-1,-1,-1
328,51,1418.27,595.57,65.67,155.28,0.6025,-1,-1,-1
329,45,5.38,650.08,60.32,135.44,0.4850,-1,-1,-1
329,50,1558.92,588.24,60.67,149.15,0.4986,-1,-1,-1
329,51,1418.86,596.94,64.81,153.28,0.5811,-1,-1,-1
330,45,2.65,651.86,58.35,132.59,0.5155,-1,-1,-1
330,50,1560.99,587.10,63.05,155.80,0.4774,-1,-1,-1
330,51,1420.33,596.43,65.09,154.67,0.5077,-1,-1,-1
331,45,0.70,651.83,57.72,132.81,0.5145,-1,-1,-1
331,50,1554.45,565.50,71.95,178.19,0.3545,-1,-1,-1
331,51,1424.15,596.58,64.66,154.80,0.6449,-1,-1,-1
332,45,-2.61,647.86,56.68,133.07,0.5162,-1,-1,-1
332,50,1566.65,583.50,62.66,155.20,0.4264,-1,-1,-1
332,51,1427.71,599.98,62.83,151.26,0.6271,-1,-1,-1
333,45,-5.47,646.33,55.57,133.47,0.5680,-1,-1,-1
333,50,1572.28,586.52,60.82,151.62,0.3448,-1,-1,-1
333,51,1428.58,597.08,64.35,155.32,0.5244,-1,-1,-1
334,45,-7.36,646.38,53.60,132.58,0.5766,-1,-1,-1
334,50,1577.69,585.52,60.54,152.08,0.4695,-1,-1,-1
334,51,1425.56,595.03,65.87,158.12,0.5230,-1,-1,-1
335,45,-9.30,646.13,51.82,133.19,0.4922,-1,-1,-1
335,50,1583.12,588.51,58.65,147.14,0.3757,-1,-1,-1
335,51,1423.47,594.01,68.03,159.60,0.3434,-1,-1,-1
335,54,1823.19,519.61,50.88,134.55,0.6376,-1,-1,-1
336,45,-10.59,647.44,49.89,133.97,0.5377,-1,-1,-1
336,50,1572.68,553.56,74.35,190.70,0.3024,-1,-1,-1
336,51,1426.44,589.47,70.98,163.87,0.5729,-1,-1,-1
336,54,1827.38,515.01,51.44,135.91,0.5643,-1,-1,-1
337,50,1568.66,538.48,80.71,210.77,0.4371,-1,-1,-1
337,51,1430.33,591.13,72.91,167.08,0.6623,-1,-1,-1
337,54,1834.78,517.89,51.35,135.67,0.4646,-1,-1,-1
338,50,1568.00,532.52,81.97,217.23,0.3701,-1,-1,-1
338,51,1434.93,592.37,74.11,167.31,0.5659,-1,-1,-1
338,54,1840.93,519.06,50.13,132.38,0.5999,-1,-1,-1
339,50,1573.67,533.48,83.72,225.43,0.5223,-1,-1,-1
339,51,1436.22,596.56,76.12,167.77,0.7194,-1,-1,-1
339,54,1845.94,519.03,50.05,132.36,0.5667,-1,-1,-1
340,50,1574.11,534.39,85.15,230.24,0.5746,-1,-1,-1
340,51,1438.47,596.58,78.23,169.69,0.7529,-1,-1,-1
340,54,1850.18,518.65,49.78,131.58,0.5760,-1,-1,-1
341,50,1582.50,542.95,81.08,226.38,0.3675,-1,-1,-1
341,51,1439.50,599.73,79.82,171.61,0.7354,-1,-1,-1
342,50,1583.53,550.85,78.87,221.65,0.3162,-1,-1,-1
342,51,1432.45,601.64,82.59,175.42,0.6938,-1,-1,-1
343,50,1576.83,547.36,82.24,229.48,0.4130,-1,-1,-1
343,51,1437.30,610.47,80.00,172.06,0.6044,-1,-1,-1
344,50,1577.93,558.61,81.81,224.19,0.3298,-1,-1,-1
344,51,1439.05,615.64,79.05,171.67,0.6758,-1,-1,-1
345,51,1439.13,618.37,81.13,179.03,0.6138,-1,-1,-1
346,51,1436.42,621.70,81.07,181.79,0.5919,-1,-1,-1
347,51,1432.80,625.88,82.10,185.11,0.6001,-1,-1,-1
347,50,1570.62,589.23,71.41,199.69,0.5168,-1,-1,-1
348,51,1437.20,629.99,80.91,187.06,0.6563,-1,-1,-1
348,50,1573.69,597.82,67.96,191.21,0.5153,-1,-1,-1
349,51,1438.56,634.18,81.20,190.70,0.6873,-1,-1,-1
349,50,1577.04,610.02,65.39,184.35,0.4366,-1,-1,-1
350,51,1441.02,638.31,81.21,191.16,0.6504,-1,-1,-1
350,50,1582.25,615.02,65.58,182.56,0.5745,-1,-1,-1
351,51,1441.85,644.37,80.95,189.40,0.7044,-1,-1,-1
351,50,1582.95,612.21,66.97,185.98,0.4112,-1,-1,-1
352,51,1436.96,649.05,82.87,190.31,0.6593,-1,-1,-1
352,50,1585.95,609.80,72.26,199.07,0.5263,-1,-1,-1
352,58,88.93,673.68,59.82,176.32,0.5695,-1,-1,-1
353,51,1439.71,651.85,84.32,191.70,0.6679,-1,-1,-1
353,50,1584.75,611.23,73.10,201.57,0.5762,-1,-1,-1
353,58,85.09,678.72,58.58,172.16,0.4347,-1,-1,-1
354,51,1443.92,655.64,85.65,195.77,0.6896,-1,-1,-1
354,50,1583.89,618.03,72.45,199.85,0.5592,-1,-1,-1
354,58,83.38,682.25,58.63,171.67,0.5197,-1,-1,-1
355,51,1444.98,657.33,85.82,196.59,0.6576,-1,-1,-1
355,50,1584.38,625.79,70.98,194.89,0.5794,-1,-1,-1
355,58,81.51,679.90,60.05,177.14,0.4131,-1,-1,-1
356,51,1444.45,659.23,87.50,198.70,0.6958,-1,-1,-1
356,50,1584.45,631.78,71.92,195.69,0.5781,-1,-1,-1
356,58,67.32,681.39,60.57,177.73,0.4244,-1,-1,-1
357,51,1447.17,664.98,87.17,198.14,0.7579,-1,-1,-1
357,50,1583.71,641.34,72.38,193.10,0.6406,-1,-1,-1
357,58,68.08,680.31,59.74,177.12,0.3896,-1,-1,-1
358,51,1448.79,670.53,85.49,195.03,0.7844,-1,-1,-1
358,50,1584.28,647.34,73.64,191.12,0.6261,-1,-1,-1
358,58,61.02,682.72,60.65,180.25,0.5439,-1,-1,-1
359,51,1448.86,679.12,84.34,193.71,0.6681,-1,-1,-1
359,50,1586.15,650.68,76.30,193.64,0.6690,-1,-1,-1
359,58,50.45,689.97,59.51,177.11,0.3693,-1,-1,-1
360,51,1449.95,683.60,83.41,193.64,0.7214,-1,-1,-1
360,50,1587.03,655.78,78.54,195.90,0.6194,-1,-1,-1
360,58,41.65,691.91,59.75,178.03,0.4087,-1,-1,-1
361,51,1449.07,686.33,83.80,197.84,0.7347,-1,-1,-1
361,50,1587.23,661.21,79.75,195.39,0.6788,-1,-1,-1
361,58,34.09,690.32,60.94,181.81,0.4919,-1,-1,-1
362,51,1449.06,684.73,85.31,203.66,0.7326,-1,-1,-1
362,50,1586.54,662.63,82.22,199.96,0.6452,-1,-1,-1
362,58,27.46,692.10,62.18,184.09,0.4413,-1,-1,-1
363,51,1448.36,682.05,88.46,214.97,0.7406,-1,-1,-1
363,50,1585.31,662.95,83.78,203.80,0.5635,-1,-1,-1
363,58,19.50,692.90,64.03,189.00,0.3856,-1,-1,-1
363,61,1340.71,599.82,54.89,221.53,0.5452,-1,-1,-1
364,51,1448.13,686.95,89.90,220.25,0.7589,-1,-1,-1
364,50,1580.75,663.58,86.17,211.51,0.6302,-1,-1,-1
364,58,12.30,696.28,64.05,188.48,0.4333,-1,-1,-1
364,61,1341.06,608.54,50.54,203.42,0.3115,-1,-1,-1
365,51,1448.45,691.52,90.51,221.17,0.6991,-1,-1,-1
365,50,1578.82,666.12,86.07,213.97,0.5980,-1,-1,-1
365,58,4.55,699.63,65.00,191.94,0.4497,-1,-1,-1
365,61,1342.63,626.54,41.91,167.60,0.3369,-1,-1,-1
366,51,1449.85,696.67,91.99,223.55,0.7256,-1,-1,-1
366,50,1575.95,665.76,86.41,217.63,0.6743,-1,-1,-1
366,58,1.59,704.06,63.55,190.45,0.5092,-1,-1,-1
366,61,1339.67,634.50,50.44,201.97,0.3637,-1,-1,-1
366,62,1372.03,632.13,71.00,217.66,0.6046,-1,-1,-1
367,51,1452.95,704.19,91.71,222.77,0.7108,-1,-1,-1
367,50,1574.02,664.03,89.87,228.86,0.6497,-1,-1,-1
367,58,-2.21,711.49,61.82,187.86,0.5163,-1,-1,-1
367,61,1339.23,641.71,43.90,173.84,0.4948,-1,-1,-1
367,62,1373.06,637.27,70.06,214.89,0.5768,-1,-1,-1
367,63,44.25,700.87,52.68,172.68,0.5370,-1,-1,-1
368,51,1455.29,710.31,92.02,223.77,0.7131,-1,-1,-1
368,50,1573.29,664.73,91.63,234.70,0.6320,-1,-1,-1
368,58,-7.44,715.25,61.12,190.23,0.4648,-1,-1,-1
368,61,1337.54,646.15,42.79,167.91,0.4755,-1,-1,-1
368,62,1369.72,639.29,70.40,216.64,0.5898,-1,-1,-1
368,63,37.11,706.16,53.13,174.16,0.3836,-1,-1,-1
369,51,1458.37,711.61,93.26,227.96,0.5716,-1,-1,-1
369,50,1573.74,664.78,92.35,238.27,0.6321,-1,-1,-1
369,58,-10.49,715.89,60.90,195.41,0.4839,-1,-1,-1
369,61,1332.43,647.26,50.05,195.46,0.5576,-1,-1,-1
369,62,1369.74,641.88,70.26,217.20,0.5807,-1,-1,-1
369,63,27.13,708.14,54.73,179.28,0.6027,-1,-1,-1
370,51,1459.64,715.48,94.06,230.28,0.6390,-1,-1,-1
370,50,1569.86,664.16,94.19,240.83,0.6569,-1,-1,-1
370,61,1329.00,646.90,54.40,211.65,0.3470,-1,-1,-1
370,62,1366.30,643.93,70.90,219.98,0.5172,-1,-1,-1
370,63,15.53,710.91,55.54,181.72,0.4463,-1,-1,-1
371,51,1461.03,719.04,93.98,230.54,0.7187,-1,-1,-1
371,50,1567.50,666.83,95.46,239.07,0.6950,-1,-1,-1
371,62,1364.71,645.30,71.42,222.21,0.4882,-1,-1,-1
371,63,8.59,713.55,56.82,186.22,0.5521,-1,-1,-1
372,51,1461.25,720.80,94.79,232.60,0.7246,-1,-1,-1
372,50,1564.88,668.96,98.22,241.25,0.6677,-1,-1,-1
372,62,1362.40,646.74,71.94,224.01,0.5200,-1,-1,-1
372,63,2.05,717.20,56.53,184.88,0.6472,-1,-1,-1
373,51,1460.50,721.25,95.85,235.15,0.7241,-1,-1,-1
373,50,1566.29,671.46,100.44,244.20,0.6854,-1,-1,-1
373,62,1360.38,649.06,72.11,224.38,0.4947,-1,-1,-1
373,63,-2.52,724.48,55.31,181.55,0.5494,-1,-1,-1
374,51,1457.10,723.10,96.72,237.41,0.7140,-1,-1,-1
374,50,1565.53,676.61,101.68,244.46,0.6557,-1,-1,-1
374,62,1359.85,652.94,71.99,223.39,0.5890,-1,-1,-1
374,63,-6.51,729.55,53.51,178.22,0.6578,-1,-1,-1
375,51,1452.87,724.94,96.51,239.55,0.7048,-1,-1,-1
375,50,1564.30,675.78,102.60,245.91,0.6349,-1,-1,-1
375,62,1359.97,656.50,72.22,222.67,0.5844,-1,-1,-1
375,63,-9.93,733.17,52.61,179.59,0.5738,-1,-1,-1
376,51,1450.63,726.63,95.86,241.73,0.7024,-1,-1,-1
376,50,1561.51,678.64,102.22,244.58,0.6116,-1,-1,-1
376,62,1355.80,655.17,72.78,222.73,0.5084,-1,-1,-1
376,63,-13.27,735.00,49.31,175.18,0.5309,-1,-1,-1
377,51,1449.55,726.73,96.23,246.52,0.6785,-1,-1,-1
377,50,1557.60,682.43,100.07,239.25,0.5982,-1,-1,-1
377,62,1352.91,651.61,75.12,226.58,0.5844,-1,-1,-1
378,51,1449.45,727.08,96.82,252.51,0.6448,-1,-1,-1
378,50,1552.23,683.80,101.39,242.60,0.6505,-1,-1,-1
378,62,1347.20,648.89,77.38,230.90,0.4307,-1,-1,-1
379,51,1448.24,726.90,97.67,259.84,0.6691,-1,-1,-1
379,50,1545.46,680.29,102.30,247.47,0.7074,-1,-1,-1
379,62,1340.08,648.85,66.97,199.23,0.3053,-1,-1,-1
380,51,1446.41,726.27,98.11,266.14,0.6929,-1,-1,-1
380,50,1539.44,680.23,103.07,251.21,0.6643,-1,-1,-1
380,62,1333.45,648.45,61.87,183.85,0.4125,-1,-1,-1
381,51,1448.33,727.65,98.34,268.54,0.7052,-1,-1,-1
381,50,1527.41,680.26,103.79,257.27,0.6153,-1,-1,-1
381,62,1327.78,648.14,61.08,182.14,0.4180,-1,-1,-1
382,51,1446.89,731.27,98.01,269.54,0.6864,-1,-1,-1
382,50,1523.38,679.11,102.36,259.89,0.5862,-1,-1,-1
382,62,1322.93,648.51,60.63,181.51,0.6206,-1,-1,-1
383,51,1446.42,736.18,97.79,269.09,0.7164,-1,-1,-1
383,50,1521.54,684.68,98.61,254.07,0.5607,-1,-1,-1
383,62,1318.13,648.98,60.92,184.59,0.6671,-1,-1,-1
384,51,1445.04,740.01,98.79,270.98,0.7350,-1,-1,-1
384,50,1516.27,684.78,99.19,257.86,0.5857,-1,-1,-1
384,62,1313.65,648.18,60.74,186.58,0.6730,-1,-1,-1
385,51,1441.60,742.17,99.22,272.00,0.7486,-1,-1,-1
385,50,1515.40,687.86,97.30,253.96,0.6056,-1,-1,-1
386,51,1434.63,745.22,99.61,274.21,0.7490,-1,-1,-1
386,50,1512.40,692.88,97.13,253.43,0.5709,-1,-1,-1
387,51,1429.76,746.59,99.28,275.66,0.7026,-1,-1,-1
387,50,1506.74,693.96,98.10,256.22,0.6559,-1,-1,-1
388,51,1425.81,747.12,100.12,280.78,0.6611,-1,-1,-1
388,50,1497.60,685.55,103.01,269.13,0.5980,-1,-1,-1
389,51,1422.94,747.28,101.74,287.87,0.5934,-1,-1,-1
389,50,1490.80,684.00,105.58,273.93,0.6411,-1,-1,-1
390,51,1416.64,749.12,102.87,291.39,0.6101,-1,-1,-1
390,50,1488.18,689.15,104.34,269.59,0.5615,-1,-1,-1
391,51,1411.49,751.65,105.59,296.90,0.5778,-1,-1,-1
391,50,1487.44,705.95,98.42,250.25,0.5668,-1,-1,-1
392,51,1402.48,755.42,106.09,297.55,0.6736,-1,-1,-1
392,50,1478.60,708.13,100.28,251.72,0.5206,-1,-1,-1
393,51,1397.90,760.66,106.77,297.77,0.6519,-1,-1,-1
394,51,1389.70,764.11,107.23,299.74,0.5843,-1,-1,-1
395,51,1379.89,767.17,107.21,301.80,0.6796,-1,-1,-1
395,67,1173.69,649.19,68.08,236.42,0.6524,-1,-1,-1
395,50,1440.13,710.79,99.82,255.65,0.5118,-1,-1,-1
396,51,1372.71,771.15,107.40,302.96,0.7463,-1,-1,-1
396,67,1167.43,648.68,64.84,224.70,0.5777,-1,-1,-1
396,50,1429.32,706.58,97.69,253.38,0.4950,-1,-1,-1
397,51,1364.75,772.91,107.69,305.44,0.6442,-1,-1,-1
397,67,1154.77,648.73,66.29,229.13,0.6029,-1,-1,-1
397,50,1415.97,714.14,98.62,259.29,0.4172,-1,-1,-1
398,51,1359.06,771.59,108.55,306.47,0.5329,-1,-1,-1
398,67,1145.10,648.61,68.74,237.04,0.5453,-1,-1,-1
399,51,1350.50,770.05,110.23,310.87,0.3347,-1,-1,-1
399,67,1132.39,652.35,66.32,228.35,0.6110,-1,-1,-1
399,72,1295.48,553.14,48.49,128.19,0.5961,-1,-1,-1
400,51,1341.87,770.95,110.34,310.81,0.3860,-1,-1,-1
400,67,1120.03,652.87,75.56,257.15,0.5458,-1,-1,-1
400,72,1288.51,556.57,47.47,125.85,0.6083,-1,-1,-1
401,51,1328.84,772.09,110.32,309.18,0.5661,-1,-1,-1
401,67,1102.08,655.95,74.82,252.53,0.7007,-1,-1,-1
401,72,1278.32,553.61,48.91,129.85,0.6617,-1,-1,-1
402,51,1319.31,775.73,109.69,305.42,0.6446,-1,-1,-1
402,67,1087.56,656.12,76.78,253.12,0.6526,-1,-1,-1
402,72,1268.63,552.01,48.73,129.46,0.4937,-1,-1,-1
403,51,1309.30,767.22,113.53,313.09,0.6410,-1,-1,-1
403,67,1071.62,656.42,84.95,274.22,0.6653,-1,-1,-1
403,72,1259.32,552.98,48.06,128.65,0.4626,-1,-1,-1
404,51,1295.15,767.58,114.82,312.34,0.7311,-1,-1,-1
404,67,1066.48,659.10,87.52,281.40,0.6717,-1,-1,-1
404,72,1249.70,548.67,48.50,130.44,0.4945,-1,-1,-1
404,75,1309.63,543.14,51.59,105.42,0.5546,-1,-1,-1
405,51,1277.72,778.20,114.46,302.53,0.6216,-1,-1,-1
405,67,1050.41,660.05,89.34,282.87,0.6307,-1,-1,-1
405,72,1238.17,546.54,49.05,133.73,0.4916,-1,-1,-1
405,75,1298.16,541.92,52.82,108.08,0.4404,-1,-1,-1
406,51,1244.81,782.01,119.52,298.06,0.5784,-1,-1,-1
406,67,1028.71,661.48,92.23,284.74,0.7471,-1,-1,-1
406,72,1228.08,547.24,47.58,130.29,0.6198,-1,-1,-1
406,75,1289.27,542.26,51.44,105.68,0.6223,-1,-1,-1
407,51,1219.72,781.67,126.00,298.35,0.6126,-1,-1,-1
407,67,1010.34,663.81,95.32,287.10,0.5518,-1,-1,-1
407,72,1216.22,543.66,49.64,137.24,0.5244,-1,-1,-1
407,75,1278.26,547.96,49.39,101.90,0.5676,-1,-1,-1
408,51,1212.35,790.50,125.74,288.77,0.5678,-1,-1,-1
408,67,997.85,666.62,96.64,288.74,0.6290,-1,-1,-1
408,72,1204.88,545.17,48.44,134.15,0.5755,-1,-1,-1
408,75,1265.34,544.39,50.17,104.22,0.6266,-1,-1,-1
409,51,1201.22,792.19,126.98,287.77,0.7035,-1,-1,-1
409,67,977.61,665.90,99.84,292.49,0.6844,-1,-1,-1
409,72,1192.99,543.23,49.35,137.50,0.5568,-1,-1,-1
409,75,1252.30,546.70,50.04,104.06,0.4836,-1,-1,-1
410,51,1191.63,804.90,122.36,275.53,0.5447,-1,-1,-1
410,67,954.59,668.07,101.98,294.62,0.7122,-1,-1,-1
410,72,1180.55,542.85,48.93,136.69,0.5673,-1,-1,-1
410,75,1239.38,543.22,51.02,106.51,0.5808,-1,-1,-1
411,51,1175.06,813.42,120.04,266.05,0.7392,-1,-1,-1
411,67,938.86,669.43,102.95,294.38,0.5432,-1,-1,-1
411,72,1167.42,540.79,49.74,140.07,0.3979,-1,-1,-1
411,75,1227.05,544.56,51.06,107.20,0.5128,-1,-1,-1
412,51,1159.31,823.02,116.80,255.21,0.6999,-1,-1,-1
412,67,917.32,667.71,107.99,300.63,0.6782,-1,-1,-1
412,72,1153.62,540.44,48.89,137.47,0.5161,-1,-1,-1
412,75,1213.09,540.83,51.89,110.31,0.5605,-1,-1,-1
413,51,1132.42,818.31,121.79,261.25,0.5991,-1,-1,-1
413,67,902.28,669.73,109.77,300.41,0.6615,-1,-1,-1
413,72,1138.37,541.41,48.72,138.15,0.4514,-1,-1,-1
413,75,1196.50,538.42,53.73,115.41,0.5651,-1,-1,-1
414,51,1118.85,824.83,119.41,254.97,0.6700,-1,-1,-1
414,67,873.47,671.46,110.74,302.34,0.7010,-1,-1,-1
414,75,1182.11,538.48,53.49,115.48,0.6605,-1,-1,-1
415,51,1090.42,822.81,122.10,256.56,0.5637,-1,-1,-1
415,67,846.51,671.91,112.43,304.90,0.7168,-1,-1,-1
415,75,1165.87,536.33,54.29,117.64,0.6298,-1,-1,-1
416,51,1073.18,827.52,119.85,250.16,0.6423,-1,-1,-1
416,67,816.93,672.61,113.17,307.80,0.7553,-1,-1,-1
416,75,1148.85,535.70,54.28,118.14,0.5829,-1,-1,-1
416,72,1096.26,537.01,50.08,142.29,0.5356,-1,-1,-1
417,51,1041.79,830.88,120.96,246.64,0.5398,-1,-1,-1
417,67,787.69,675.11,113.44,308.80,0.7305,-1,-1,-1
417,75,1135.18,533.73,54.44,118.61,0.5394,-1,-1,-1
417,72,1084.09,538.55,47.16,132.94,0.4163,-1,-1,-1
418,51,1023.14,834.10,120.49,245.17,0.6614,-1,-1,-1
418,67,757.32,675.97,114.26,311.43,0.7946,-1,-1,-1
418,75,1119.52,531.95,54.72,118.74,0.7113,-1,-1,-1
418,72,1065.05,539.22,48.53,136.40,0.4720,-1,-1,-1
419,51,1005.28,836.97,118.46,242.92,0.6640,-1,-1,-1
419,67,724.91,677.22,116.43,315.34,0.7996,-1,-1,-1
419,75,1102.82,531.49,54.28,118.45,0.5707,-1,-1,-1
419,72,1050.18,539.42,47.94,133.75,0.4722,-1,-1,-1
420,51,977.77,837.89,118.04,242.23,0.7122,-1,-1,-1
420,67,695.11,679.80,117.74,315.90,0.7664,-1,-1,-1
420,75,1089.63,531.44,53.29,116.61,0.6100,-1,-1,-1
420,72,1035.10,533.61,48.73,135.33,0.4456,-1,-1,-1
420,81,904.93,782.87,116.63,296.80,0.5558,-1,-1,-1
421,51,948.90,835.79,119.04,244.38,0.6580,-1,-1,-1
421,67,665.15,680.71,119.57,317.90,0.7830,-1,-1,-1
421,75,1073.26,531.70,53.64,117.06,0.6503,-1,-1,-1
421,72,1014.83,535.65,49.93,137.98,0.5134,-1,-1,-1
421,81,876.28,772.92,120.61,307.01,0.3362,-1,-1,-1
421,82,1755.29,578.20,69.90,201.73,0.6459,-1,-1,-1
422,51,920.40,843.34,116.16,236.79,0.7689,-1,-1,-1
422,67,635.34,679.78,124.25,325.57,0.8118,-1,-1,-1
422,75,1054.40,529.96,53.50,116.98,0.5808,-1,-1,-1
422,72,994.84,529.63,52.29,142.52,0.5406,-1,-1,-1
422,81,852.32,786.80,114.57,292.34,0.5147,-1,-1,-1
423,51,889.35,848.62,114.70,231.53,0.7499,-1,-1,-1
423,67,606.84,682.60,125.19,325.33,0.7452,-1,-1,-1
423,75,1035.95,528.48,54.73,118.94,0.5547,-1,-1,-1
423,72,974.91,528.36,52.03,140.90,0.5009,-1,-1,-1
423,81,819.58,799.54,109.28,278.71,0.5463,-1,-1,-1
423,85,1547.92,607.66,84.38,171.61,0.6358,-1,-1,-1
424,51,861.73,855.97,111.68,224.18,0.7108,-1,-1,-1
424,67,574.61,687.11,127.19,325.08,0.7655,-1,-1,-1
424,75,1017.57,528.71,54.63,117.50,0.5800,-1,-1,-1
424,72,957.11,527.27,51.75,139.96,0.5572,-1,-1,-1
424,81,791.29,813.25,104.62,266.20,0.4707,-1,-1,-1
424,85,1534.16,609.75,83.31,170.12,0.6046,-1,-1,-1
425,51,829.27,861.91,109.83,218.22,0.7475,-1,-1,-1
425,67,535.12,687.25,130.97,329.62,0.7407,-1,-1,-1
425,75,997.26,527.95,56.01,120.67,0.5310,-1,-1,-1
425,72,937.06,526.22,52.59,141.76,0.4809,-1,-1,-1
425,81,755.46,806.49,107.00,272.33,0.5024,-1,-1,-1
425,85,1515.86,609.39,82.54,169.54,0.6160,-1,-1,-1
425,87,1677.45,572.28,70.94,208.19,0.6588,-1,-1,-1
426,51,797.49,867.49,108.13,212.62,0.7131,-1,-1,-1
426,67,489.95,691.72,130.84,329.68,0.6072,-1,-1,-1
426,75,978.16,527.46,56.38,121.46,0.5635,-1,-1,-1
426,72,917.96,523.30,53.86,145.01,0.5143,-1,-1,-1
426,81,721.05,815.57,103.45,264.03,0.3790,-1,-1,-1
426,85,1499.54,609.91,80.58,167.06,0.5682,-1,-1,-1
426,87,1660.80,576.88,68.94,202.14,0.6676,-1,-1,-1
427,51,764.00,873.15,106.66,206.95,0.4981,-1,-1,-1
427,67,458.76,696.09,137.12,333.68,0.6916,-1,-1,-1
427,75,958.46,529.59,56.05,121.23,0.5070,-1,-1,-1
427,72,898.81,525.96,52.61,140.64,0.4803,-1,-1,-1
427,85,1482.13,608.48,81.46,170.39,0.5375,-1,-1,-1
427,87,1638.22,580.39,69.39,202.96,0.5683,-1,-1,-1
428,51,729.93,883.69,102.83,195.96,0.5379,-1,-1,-1
428,67,425.58,699.42,143.33,339.98,0.5718,-1,-1,-1
428,75,938.50,529.79,57.09,123.75,0.5221,-1,-1,-1
428,72,874.20,527.60,54.03,142.05,0.5738,-1,-1,-1
428,85,1463.93,607.98,81.63,172.59,0.4354,-1,-1,-1
428,87,1616.36,583.19,70.05,204.11,0.5796,-1,-1,-1
429,51,695.06,892.56,99.83,186.82,0.6581,-1,-1,-1
429,67,390.39,703.17,135.45,323.06,0.4229,-1,-1,-1
429,75,918.19,530.23,57.39,125.31,0.4324,-1,-1,-1
429,72,855.54,530.25,52.31,137.55,0.4171,-1,-1,-1
429,85,1447.04,609.29,83.66,178.63,0.4666,-1,-1,-1
429,87,1592.79,586.85,70.47,203.38,0.4163,-1,-1,-1
430,51,653.34,903.07,97.82,176.39,0.6659,-1,-1,-1
430,67,342.93,707.62,141.87,331.52,0.7228,-1,-1,-1
430,75,895.49,530.60,58.00,126.56,0.3254,-1,-1,-1
430,72,834.00,530.83,53.51,136.61,0.3033,-1,-1,-1
430,85,1430.66,611.12,85.36,184.50,0.6192,-1,-1,-1
430,87,1567.34,588.06,70.47,201.80,0.6546,-1,-1,-1
431,51,620.93,914.19,92.78,164.94,0.5330,-1,-1,-1
431,67,305.28,712.47,140.63,329.30,0.5728,-1,-1,-1
431,72,808.85,539.27,53.84,134.60,0.4180,-1,-1,-1
431,85,1410.58,614.94,84.37,183.76,0.4856,-1,-1,-1
431,87,1546.72,592.08,72.25,204.86,0.4342,-1,-1,-1
432,51,582.78,925.06,88.50,154.44,0.6392,-1,-1,-1
432,67,258.78,716.03,148.79,344.65,0.3330,-1,-1,-1
432,85,1397.63,617.90,82.90,181.18,0.4421,-1,-1,-1
432,87,1522.73,592.69,73.30,205.65,0.6082,-1,-1,-1
433,51,541.67,936.46,84.80,143.41,0.6464,-1,-1,-1
433,67,220.12,724.14,144.39,331.55,0.5656,-1,-1,-1
433,85,1380.55,624.45,82.43,180.28,0.3771,-1,-1,-1
433,87,1503.89,595.79,76.11,210.12,0.5102,-1,-1,-1
434,51,499.38,947.57,80.11,130.49,0.6240,-1,-1,-1
434,67,155.66,728.68,142.28,337.82,0.6667,-1,-1,-1
434,85,1362.63,625.92,83.92,182.71,0.5640,-1,-1,-1
434,87,1478.73,595.72,76.29,210.49,0.5547,-1,-1,-1
434,91,300.45,878.24,202.43,201.76,0.7397,-1,-1,-1
435,51,452.10,959.95,76.83,118.98,0.6153,-1,-1,-1
435,67,102.57,734.22,139.52,341.27,0.6878,-1,-1,-1
435,85,1344.04,629.11,83.35,181.55,0.5609,-1,-1,-1
435,87,1455.89,599.28,75.81,209.35,0.5299,-1,-1,-1
435,91,268.33,886.68,193.69,193.32,0.7125,-1,-1,-1
436,51,402.49,968.32,75.74,111.38,0.5862,-1,-1,-1
436,67,50.53,736.24,137.16,343.07,0.7332,-1,-1,-1
436,85,1326.04,631.39,83.81,181.76,0.6082,-1,-1,-1
436,87,1432.06,601.23,75.52,208.85,0.6338,-1,-1,-1
436,91,228.40,893.21,186.24,186.79,0.7747,-1,-1,-1
437,51,348.52,977.50,71.78,101.35,0.5188,-1,-1,-1
437,67,5.74,739.45,136.57,342.21,0.7429,-1,-1,-1
437,85,1305.21,633.06,84.66,182.64,0.6761,-1,-1,-1
437,87,1407.77,601.22,74.77,208.79,0.5367,-1,-1,-1
437,91,181.52,903.00,175.92,177.00,0.7789,-1,-1,-1
437,96,1223.93,644.20,83.37,231.95,0.5713,-1,-1,-1
438,85,1283.70,632.12,85.24,184.49,0.5936,-1,-1,-1
438,87,1383.44,598.63,74.01,208.44,0.6423,-1,-1,-1
438,91,128.23,912.51,166.08,167.49,0.7476,-1,-1,-1
438,96,1205.29,644.31,84.73,236.37,0.5706,-1,-1,-1
438,72,655.14,546.97,54.87,133.90,0.5404,-1,-1,-1
439,85,1262.49,632.67,84.08,183.58,0.5900,-1,-1,-1
439,87,1358.77,599.55,73.79,209.93,0.6037,-1,-1,-1
439,91,71.73,921.19,157.33,158.81,0.7724,-1,-1,-1
439,96,1183.60,645.79,86.08,240.02,0.6065,-1,-1,-1
439,72,631.45,548.11,56.04,134.89,0.4495,-1,-1,-1
440,85,1240.93,633.95,86.12,189.68,0.5398,-1,-1,-1
440,87,1334.61,600.74,73.17,209.26,0.6066,-1,-1,-1
440,91,13.49,931.16,148.29,148.84,0.7370,-1,-1,-1
440,96,1159.22,653.27,86.21,239.54,0.6828,-1,-1,-1
440,72,604.30,551.92,53.55,130.15,0.6288,-1,-1,-1
441,85,1219.16,633.84,86.90,194.66,0.5357,-1,-1,-1
441,87,1307.63,599.33,75.56,217.08,0.5846,-1,-1,-1
441,91,-22.96,941.84,134.83,138.16,0.5770,-1,-1,-1
441,96,1135.97,656.76,86.84,239.81,0.7632,-1,-1,-1
441,72,580.36,549.32,54.37,132.69,0.5488,-1,-1,-1
442,85,1200.72,636.54,85.37,194.53,0.5197,-1,-1,-1
442,87,1283.53,600.82,74.59,215.80,0.6022,-1,-1,-1
442,96,1112.03,667.44,85.02,232.14,0.7685,-1,-1,-1
442,72,555.67,550.09,53.32,130.81,0.5153,-1,-1,-1
443,85,1180.17,637.18,85.34,197.47,0.6810,-1,-1,-1
443,87,1256.34,602.64,75.67,219.93,0.5908,-1,-1,-1
443,96,1091.29,674.24,84.82,227.49,0.7825,-1,-1,-1
443,72,531.73,563.54,48.51,119.23,0.5184,-1,-1,-1
444,85,1159.08,638.77,84.29,197.44,0.7124,-1,-1,-1
444,87,1231.39,604.44,74.98,217.74,0.6594,-1,-1,-1
444,96,1063.66,677.43,87.01,229.99,0.7161,-1,-1,-1
444,72,505.31,566.49,47.54,117.33,0.5779,-1,-1,-1
445,85,1136.12,637.91,85.56,202.74,0.6519,-1,-1,-1
445,87,1202.44,602.99,75.71,222.36,0.6142,-1,-1,-1
445,96,1034.79,678.45,88.89,233.29,0.7717,-1,-1,-1
445,72,479.86,569.95,47.66,118.58,0.5713,-1,-1,-1
446,85,1113.90,640.51,84.09,201.34,0.6799,-1,-1,-1
446,87,1179.15,603.79,75.61,222.29,0.6725,-1,-1,-1
446,96,1004.59,677.68,91.71,239.81,0.7731,-1,-1,-1
446,72,454.16,570.99,47.71,118.78,0.5698,-1,-1,-1
447,85,1087.96,643.72,84.00,202.88,0.6842,-1,-1,-1
447,87,1153.17,602.22,75.79,223.86,0.6958,-1,-1,-1
447,96,975.35,674.22,94.97,249.15,0.6445,-1,-1,-1
447,72,427.67,573.04,47.39,117.89,0.5542,-1,-1,-1
448,85,1064.44,641.59,83.63,204.48,0.6314,-1,-1,-1
448,87,1124.57,604.10,74.23,221.40,0.6607,-1,-1,-1
448,96,943.99,672.45,96.49,253.78,0.6799,-1,-1,-1
448,72,400.91,574.83,47.04,116.37,0.4290,-1,-1,-1
449,85,1039.93,640.35,84.67,208.25,0.6349,-1,-1,-1
449,87,1095.78,605.87,72.89,220.44,0.5671,-1,-1,-1
449,96,916.19,671.51,101.33,264.97,0.6899,-1,-1,-1
449,72,373.12,571.00,49.05,119.92,0.6233,-1,-1,-1
450,85,1017.19,642.40,81.71,203.73,0.5212,-1,-1,-1
450,87,1067.54,606.65,71.65,220.35,0.4633,-1,-1,-1
450,96,884.14,675.41,99.30,260.20,0.6482,-1,-1,-1
450,72,343.80,569.22,50.11,121.35,0.5483,-1,-1,-1
451,85,990.72,637.49,85.61,213.28,0.5230,-1,-1,-1
451,87,1035.46,607.40,72.80,227.86,0.3171,-1,-1,-1
451,96,848.62,681.55,100.81,267.03,0.7650,-1,-1,-1
451,72,315.59,567.05,50.76,122.77,0.3528,-1,-1,-1
451,102,1821.49,774.87,86.08,304.19,0.8401,-1,-1,-1
452,85,963.56,621.49,92.62,232.68,0.4468,-1,-1,-1
452,96,819.31,686.65,102.26,270.50,0.8029,-1,-1,-1
452,72,284.89,567.79,50.52,123.33,0.4943,-1,-1,-1
452,102,1806.42,774.36,87.09,303.50,0.8553,-1,-1,-1
453,85,939.59,618.62,93.97,237.16,0.5623,-1,-1,-1
453,96,789.44,692.03,102.20,269.28,0.7357,-1,-1,-1
453,72,254.36,569.34,50.86,123.96,0.3510,-1,-1,-1
453,102,1787.58,773.69,90.05,304.64,0.8488,-1,-1,-1
454,85,910.96,614.37,95.41,244.85,0.6741,-1,-1,-1
454,96,753.80,695.46,103.10,271.47,0.7776,-1,-1,-1
454,72,226.11,571.16,50.92,124.04,0.3435,-1,-1,-1
454,102,1760.19,771.74,94.37,307.51,0.8562,-1,-1,-1
455,85,883.39,616.19,95.05,247.77,0.7292,-1,-1,-1
455,96,717.68,698.92,103.56,273.84,0.7856,-1,-1,-1
455,102,1729.06,772.01,98.60,307.76,0.8524,-1,-1,-1
456,85,855.03,614.08,94.48,250.94,0.6915,-1,-1,-1
456,96,676.22,697.15,107.14,288.29,0.7838,-1,-1,-1
456,102,1693.77,767.91,104.47,311.36,0.8586,-1,-1,-1
457,85,824.57,619.71,94.13,251.51,0.5790,-1,-1,-1
457,96,636.49,696.90,110.37,303.29,0.7724,-1,-1,-1
457,102,1656.26,762.50,111.11,316.67,0.8521,-1,-1,-1
457,104,762.98,629.43,67.55,227.49,0.6257,-1,-1,-1
458,85,794.32,621.21,95.21,256.00,0.7008,-1,-1,-1
458,96,602.27,700.12,113.09,313.83,0.7408,-1,-1,-1
458,102,1619.01,760.40,116.90,318.39,0.8504,-1,-1,-1
459,85,770.56,657.56,84.46,223.87,0.4771,-1,-1,-1
459,96,562.09,703.55,114.94,322.40,0.7354,-1,-1,-1
459,102,1580.98,755.92,123.90,323.69,0.8503,-1,-1,-1
460,85,737.16,667.84,84.22,219.11,0.6048,-1,-1,-1
460,96,517.79,706.71,117.51,333.33,0.7361,-1,-1,-1
460,102,1543.40,756.51,128.82,323.26,0.8535,-1,-1,-1
461,85,703.12,649.98,91.95,242.32,0.6982,-1,-1,-1
461,96,473.27,720.11,116.60,332.47,0.7103,-1,-1,-1
461,102,1505.45,758.90,132.66,321.06,0.8650,-1,-1,-1
462,85,669.52,639.57,97.07,257.90,0.5897,-1,-1,-1
462,96,431.38,730.62,116.23,328.89,0.7561,-1,-1,-1
462,102,1470.19,769.47,133.35,310.57,0.8506,-1,-1,-1
463,85,638.76,645.46,98.61,259.36,0.7215,-1,-1,-1
463,96,388.89,738.70,117.67,329.90,0.7759,-1,-1,-1
463,102,1434.49,783.96,132.27,296.09,0.8484,-1,-1,-1
464,85,604.25,644.83,101.60,265.29,0.6789,-1,-1,-1
464,96,345.41,747.99,119.89,329.30,0.6684,-1,-1,-1
464,102,1399.99,798.40,131.26,281.65,0.8722,-1,-1,-1
465,85,566.64,646.93,103.88,268.33,0.7092,-1,-1,-1
465,96,299.96,750.45,124.50,331.66,0.7202,-1,-1,-1
465,102,1365.06,813.97,129.69,266.08,0.8567,-1,-1,-1
466,85,534.90,672.47,98.85,251.97,0.6714,-1,-1,-1
466,96,250.25,757.35,127.53,326.30,0.8047,-1,-1,-1
466,102,1330.19,826.58,129.18,253.46,0.8277,-1,-1,-1
467,85,498.38,681.10,100.11,251.32,0.6664,-1,-1,-1
467,96,198.30,763.18,130.45,320.69,0.8409,-1,-1,-1
467,102,1296.36,837.79,128.48,241.55,0.7981,-1,-1,-1
468,85,461.43,694.17,98.21,244.09,0.6068,-1,-1,-1
468,96,142.71,765.51,134.33,316.98,0.8537,-1,-1,-1
468,102,1261.95,848.56,128.15,231.23,0.8419,-1,-1,-1
469,85,421.63,697.51,100.23,245.78,0.5599,-1,-1,-1
469,96,84.53,773.00,136.77,308.74,0.8412,-1,-1,-1
469,102,1227.51,855.78,128.36,223.76,0.8575,-1,-1,-1
470,85,381.03,700.12,102.95,250.29,0.6655,-1,-1,-1
470,96,27.74,776.22,140.07,306.10,0.8448,-1,-1,-1
470,102,1191.00,856.95,131.74,222.90,0.8429,-1,-1,-1
471,85,342.83,700.39,105.07,254.65,0.6808,-1,-1,-1
471,96,-6.69,783.29,135.17,296.52,0.7706,-1,-1,-1
471,102,1151.61,855.38,136.11,224.32,0.8499,-1,-1,-1
472,85,302.12,700.14,106.33,257.10,0.6607,-1,-1,-1
472,102,1111.20,853.60,140.60,226.31,0.8267,-1,-1,-1
472,118,224.69,653.33,98.05,283.32,0.5768,-1,-1,-1
473,85,262.09,699.88,107.63,261.23,0.6884,-1,-1,-1
473,102,1070.77,852.76,144.49,227.23,0.8492,-1,-1,-1
474,85,220.59,703.46,106.68,261.02,0.6904,-1,-1,-1
474,102,1030.14,852.10,148.35,227.91,0.8508,-1,-1,-1
474,119,132.55,656.93,112.56,291.61,0.6519,-1,-1,-1
475,85,176.73,702.71,108.71,268.58,0.7061,-1,-1,-1
475,102,987.41,851.99,150.92,227.69,0.8340,-1,-1,-1
476,85,131.62,705.12,110.19,272.06,0.7535,-1,-1,-1
476,102,943.76,858.08,149.36,221.81,0.7550,-1,-1,-1
477,85,82.89,705.32,113.13,279.61,0.7139,-1,-1,-1
477,102,906.71,863.22,150.52,216.75,0.6603,-1,-1,-1
478,102,864.90,868.83,151.31,211.17,0.7548,-1,-1,-1
479,102,821.06,880.22,148.11,199.79,0.6745,-1,-1,-1
480,102,775.58,889.68,145.98,190.33,0.6638,-1,-1,-1
481,102,724.29,884.37,153.03,195.64,0.7854,-1,-1,-1
482,102,687.27,880.68,155.13,199.33,0.7739,-1,-1,-1
483,102,629.68,879.14,157.76,200.60,0.8148,-1,-1,-1
483,122,1800.80,657.14,90.27,235.32,0.7171,-1,-1,-1
484,102,574.49,877.73,160.24,201.73,0.8336,-1,-1,-1
484,122,1762.54,656.37,91.71,238.90,0.6560,-1,-1,-1
485,102,520.78,878.55,160.84,200.86,0.8323,-1,-1,-1
485,122,1716.91,658.15,90.77,236.48,0.6322,-1,-1,-1
486,102,468.35,880.06,160.27,198.43,0.8499,-1,-1,-1
486,122,1676.64,657.37,81.67,212.36,0.6011,-1,-1,-1
487,102,416.23,887.80,156.23,190.86,0.8560,-1,-1,-1
487,122,1634.78,659.05,78.78,204.32,0.3957,-1,-1,-1
488,102,365.10,898.83,150.21,180.13,0.8581,-1,-1,-1
488,122,1597.85,659.97,64.56,164.48,0.3910,-1,-1,-1
489,102,317.34,912.85,141.36,165.81,0.8446,-1,-1,-1
489,122,1558.59,660.85,57.70,144.77,0.3815,-1,-1,-1
490,102,269.17,926.40,132.80,152.51,0.8215,-1,-1,-1
490,122,1516.52,666.21,56.07,137.76,0.4479,-1,-1,-1
491,102,222.14,942.19,123.09,137.48,0.8061,-1,-1,-1
492,102,171.60,950.94,118.73,128.98,0.8024,-1,-1,-1
493,102,119.39,958.97,115.21,121.04,0.8063,-1,-1,-1
494,102,61.82,965.48,112.68,114.55,0.7976,-1,-1,-1
495,102,9.18,967.71,112.00,112.24,0.8045,-1,-1,-1
496,102,-28.31,968.65,106.03,111.35,0.5923,-1,-1,-1
497,131,1184.48,688.06,69.78,272.78,0.5613,-1,-1,-1
501,136,1004.44,685.51,82.40,271.08,0.6590,-1,-1,-1
502,138,952.70,684.61,91.69,273.34,0.5905,-1,-1,-1
503,139,903.35,683.46,93.71,269.82,0.5854,-1,-1,-1
504,139,873.67,686.20,95.70,276.46,0.5894,-1,-1,-1
505,139,826.35,691.29,101.49,294.91,0.5901,-1,-1,-1
506,139,774.31,696.15,102.95,300.45,0.5741,-1,-1,-1
507,139,706.97,701.02,107.39,311.63,0.7071,-1,-1,-1
507,148,1826.31,654.22,61.82,181.64,0.7323,-1,-1,-1
508,139,647.94,709.73,110.76,318.38,0.7300,-1,-1,-1
509,139,597.23,716.29,112.10,322.08,0.7478,-1,-1,-1
510,139,547.24,723.22,114.04,329.26,0.6778,-1,-1,-1
511,139,496.13,732.24,113.88,330.20,0.7493,-1,-1,-1
512,139,435.64,742.44,113.85,324.40,0.7186,-1,-1,-1
513,139,380.57,748.71,116.74,330.71,0.7006,-1,-1,-1
513,164,1532.05,670.69,79.57,179.40,0.7515,-1,-1,-1
514,139,321.99,754.30,117.39,328.55,0.7655,-1,-1,-1
514,164,1556.92,671.69,85.69,193.54,0.6808,-1,-1,-1
515,139,268.50,760.14,116.54,323.54,0.6426,-1,-1,-1
515,164,1538.66,673.19,87.67,199.19,0.6557,-1,-1,-1
516,139,209.93,764.86,114.74,317.25,0.6321,-1,-1,-1
517,139,138.45,770.08,117.22,312.86,0.7485,-1,-1,-1
518,139,78.51,777.23,116.92,306.19,0.6760,-1,-1,-1
518,178,1837.12,731.76,68.42,274.58,0.6596,-1,-1,-1
519,139,19.24,784.34,117.34,298.71,0.8028,-1,-1,-1
519,178,1806.30,732.41,68.58,272.15,0.7417,-1,-1,-1
520,139,-19.59,790.95,111.63,290.93,0.3819,-1,-1,-1
520,178,1771.18,733.24,69.86,273.45,0.5998,-1,-1,-1
520,184,1294.23,675.72,87.72,188.09,0.7500,-1,-1,-1
520,185,1388.53,677.09,61.47,196.58,0.7173,-1,-1,-1
521,178,1733.84,732.17,71.79,275.44,0.5826,-1,-1,-1
521,184,1264.33,680.64,85.95,184.16,0.7218,-1,-1,-1
521,185,1360.24,678.60,63.32,202.16,0.7114,-1,-1,-1
522,178,1690.93,731.99,74.49,277.17,0.3811,-1,-1,-1
522,184,1229.68,680.77,85.97,184.53,0.7218,-1,-1,-1
522,185,1324.17,677.88,63.68,202.98,0.6767,-1,-1,-1
523,178,1662.14,730.17,75.10,271.15,0.6685,-1,-1,-1
523,184,1195.63,684.39,84.15,181.17,0.7337,-1,-1,-1
523,185,1289.53,679.05,65.00,206.00,0.7024,-1,-1,-1
524,178,1628.90,727.27,78.05,274.51,0.6901,-1,-1,-1
524,184,1163.62,686.92,84.87,183.77,0.7118,-1,-1,-1
524,185,1257.12,681.31,65.65,206.90,0.7243,-1,-1,-1
525,178,1596.32,727.58,80.43,274.56,0.7928,-1,-1,-1
525,184,1128.25,682.93,87.56,191.73,0.6779,-1,-1,-1
525,185,1221.20,678.77,67.85,212.89,0.6376,-1,-1,-1
526,178,1562.01,724.51,83.25,276.11,0.7745,-1,-1,-1
526,184,1094.46,685.20,87.82,194.57,0.7438,-1,-1,-1
526,185,1185.47,678.40,70.44,218.80,0.7262,-1,-1,-1
527,178,1528.90,723.30,84.85,274.19,0.5393,-1,-1,-1
527,184,1063.86,684.99,87.13,195.73,0.6846,-1,-1,-1
527,185,1150.32,681.21,71.61,220.33,0.6788,-1,-1,-1
528,178,1494.38,725.16,86.35,270.69,0.7014,-1,-1,-1
528,184,1030.21,685.97,88.18,200.96,0.6999,-1,-1,-1
528,185,1116.41,684.21,73.50,223.33,0.7577,-1,-1,-1
529,178,1458.03,726.18,90.44,274.90,0.6299,-1,-1,-1
529,184,996.75,687.49,89.64,207.19,0.7330,-1,-1,-1
529,185,1077.78,687.47,76.63,227.46,0.7584,-1,-1,-1
530,178,1424.46,728.19,95.77,283.30,0.7408,-1,-1,-1
530,184,963.57,694.70,89.39,209.21,0.6683,-1,-1,-1
530,185,1042.51,690.54,79.29,230.13,0.6776,-1,-1,-1
531,178,1393.32,727.16,100.59,289.91,0.8185,-1,-1,-1
531,184,931.58,698.77,87.69,207.33,0.6235,-1,-1,-1
531,185,1008.53,695.73,81.94,231.54,0.7046,-1,-1,-1
532,178,1366.08,731.79,103.87,290.75,0.7075,-1,-1,-1
532,184,896.54,702.21,89.12,211.49,0.6620,-1,-1,-1
532,185,973.36,701.37,85.80,237.33,0.6898,-1,-1,-1
533,178,1333.13,734.84,105.22,292.56,0.7369,-1,-1,-1
533,184,861.03,706.76,88.39,210.10,0.6870,-1,-1,-1
533,185,942.79,702.77,88.32,241.71,0.7114,-1,-1,-1
534,178,1302.93,737.15,106.15,293.60,0.7131,-1,-1,-1
534,184,830.48,706.11,88.84,212.42,0.6524,-1,-1,-1
534,185,915.24,705.88,87.34,236.89,0.7625,-1,-1,-1
535,178,1275.75,739.06,106.80,294.35,0.7398,-1,-1,-1
535,184,798.19,706.13,91.32,220.69,0.6755,-1,-1,-1
535,185,882.65,707.81,89.42,242.62,0.7503,-1,-1,-1
536,178,1249.59,738.94,106.83,294.00,0.7715,-1,-1,-1
536,184,763.90,706.54,92.09,226.52,0.6747,-1,-1,-1
536,185,847.52,707.76,92.05,249.46,0.8328,-1,-1,-1
537,178,1221.58,735.48,107.58,297.04,0.6900,-1,-1,-1
537,184,726.71,705.34,92.67,235.13,0.6376,-1,-1,-1
537,185,815.48,710.05,92.37,252.24,0.7015,-1,-1,-1
538,178,1194.86,736.03,106.80,295.35,0.7852,-1,-1,-1
538,184,692.23,708.50,90.07,234.39,0.5700,-1,-1,-1
538,185,777.60,710.47,94.32,259.00,0.6956,-1,-1,-1
539,178,1169.40,735.50,107.20,296.65,0.7506,-1,-1,-1
539,184,659.28,712.94,88.03,232.79,0.7134,-1,-1,-1
539,185,742.77,713.60,96.57,266.72,0.7926,-1,-1,-1
540,178,1139.58,737.52,108.66,301.79,0.7526,-1,-1,-1
540,184,621.25,716.82,90.56,239.10,0.6409,-1,-1,-1
540,185,708.71,717.23,95.65,268.76,0.6599,-1,-1,-1
541,178,1110.37,740.56,108.37,302.54,0.7246,-1,-1,-1
541,184,579.70,721.52,94.66,246.82,0.7051,-1,-1,-1
541,185,672.54,722.87,97.98,274.44,0.6790,-1,-1,-1
542,178,1075.20,747.93,111.82,310.00,0.6387,-1,-1,-1
542,184,538.10,724.79,98.22,249.75,0.6916,-1,-1,-1
542,185,636.50,729.46,98.75,274.71,0.7089,-1,-1,-1
542,208,942.76,583.01,43.10,111.64,0.7010,-1,-1,-1
543,178,1049.86,751.72,111.22,308.04,0.7282,-1,-1,-1
543,184,500.58,730.66,103.11,255.29,0.7029,-1,-1,-1
543,185,599.47,735.18,100.91,280.52,0.7804,-1,-1,-1
543,208,924.74,584.08,42.94,110.94,0.6853,-1,-1,-1
544,178,1023.39,758.12,111.52,309.25,0.7078,-1,-1,-1
544,184,463.47,742.49,107.53,259.51,0.7274,-1,-1,-1
544,185,560.52,744.77,105.94,294.82,0.7094,-1,-1,-1
544,208,901.43,585.59,43.34,111.69,0.7090,-1,-1,-1
545,178,992.90,757.07,113.61,314.46,0.7432,-1,-1,-1
545,184,432.35,746.90,107.71,252.54,0.7179,-1,-1,-1
545,185,526.81,747.68,106.58,296.09,0.7580,-1,-1,-1
545,208,881.82,584.31,43.78,112.16,0.7023,-1,-1,-1
546,178,968.92,758.24,112.67,311.70,0.6960,-1,-1,-1
546,184,394.36,746.70,111.15,258.41,0.7422,-1,-1,-1
546,185,489.70,750.11,109.14,302.56,0.7639,-1,-1,-1
546,208,861.03,584.95,43.91,112.00,0.7116,-1,-1,-1
547,178,939.64,756.67,114.32,313.57,0.7431,-1,-1,-1
547,184,356.25,748.07,112.10,263.26,0.7223,-1,-1,-1
547,185,454.37,753.53,107.92,300.81,0.8201,-1,-1,-1
547,208,841.64,584.74,44.40,112.33,0.7232,-1,-1,-1
548,178,915.17,760.81,112.46,306.95,0.7660,-1,-1,-1
548,184,314.65,751.51,114.22,271.65,0.7353,-1,-1,-1
548,185,414.04,754.27,108.64,305.60,0.7995,-1,-1,-1
548,208,822.71,584.95,44.86,112.29,0.7541,-1,-1,-1
549,178,887.21,755.89,114.57,310.69,0.7786,-1,-1,-1
549,184,276.70,758.06,113.36,272.12,0.7636,-1,-1,-1
549,185,374.84,757.92,110.49,311.15,0.7927,-1,-1,-1
549,208,801.86,582.85,45.90,113.54,0.7150,-1,-1,-1
550,178,861.76,757.87,114.72,310.24,0.7356,-1,-1,-1
550,184,235.89,759.76,115.36,281.33,0.7297,-1,-1,-1
550,185,337.40,760.35,112.13,313.94,0.7551,-1,-1,-1
550,208,782.56,583.20,47.06,115.36,0.7179,-1,-1,-1
551,178,842.35,769.54,110.73,299.57,0.6299,-1,-1,-1
551,184,190.75,762.50,118.53,294.33,0.7375,-1,-1,-1
551,185,293.14,764.77,110.76,310.40,0.7216,-1,-1,-1
551,208,763.08,584.64,47.60,116.07,0.6974,-1,-1,-1
552,178,805.04,732.73,126.00,342.60,0.7282,-1,-1,-1
552,184,147.87,767.65,120.49,304.60,0.6999,-1,-1,-1
552,185,247.89,768.42,111.52,311.56,0.7923,-1,-1,-1
552,208,745.57,584.78,47.93,115.26,0.7551,-1,-1,-1
553,178,784.89,739.88,124.07,339.10,0.7111,-1,-1,-1
553,184,101.99,773.10,119.75,307.27,0.6909,-1,-1,-1
553,185,200.65,775.51,110.76,306.53,0.7404,-1,-1,-1
553,208,726.57,583.06,49.39,117.46,0.7020,-1,-1,-1
554,178,763.70,751.96,120.19,328.18,0.7558,-1,-1,-1
554,184,60.02,780.46,116.66,301.93,0.7075,-1,-1,-1
554,185,153.87,781.86,110.64,300.90,0.7762,-1,-1,-1
554,208,707.03,582.28,50.57,119.01,0.7030,-1,-1,-1
555,178,732.61,757.63,119.18,318.09,0.7082,-1,-1,-1
555,184,16.64,789.31,113.11,293.40,0.7460,-1,-1,-1
555,185,112.19,793.58,109.52,289.21,0.7606,-1,-1,-1
555,208,688.63,583.87,50.58,118.74,0.7200,-1,-1,-1
556,178,706.92,761.66,116.03,304.65,0.7483,-1,-1,-1
556,184,-17.82,796.89,106.98,286.52,0.6621,-1,-1,-1
556,185,64.51,803.44,107.69,278.66,0.7985,-1,-1,-1
556,208,669.98,581.71,51.53,120.36,0.7643,-1,-1,-1
557,178,683.35,764.89,118.57,310.70,0.7031,-1,-1,-1
557,185,15.32,814.01,105.72,267.36,0.8291,-1,-1,-1
557,208,651.38,579.75,51.89,121.12,0.7396,-1,-1,-1
558,178,656.20,764.78,119.39,310.96,0.7617,-1,-1,-1
558,185,-18.78,818.98,98.98,259.22,0.7042,-1,-1,-1
558,208,632.80,577.39,53.42,124.26,0.7541,-1,-1,-1
559,178,630.42,765.52,120.26,311.12,0.8015,-1,-1,-1
559,208,614.90,576.50,54.01,125.82,0.7401,-1,-1,-1
560,178,606.72,761.84,122.54,317.45,0.7897,-1,-1,-1
560,208,596.61,579.37,53.98,125.95,0.7688,-1,-1,-1
561,178,579.49,759.07,124.12,321.18,0.8302,-1,-1,-1
561,208,579.42,576.28,55.96,130.02,0.7431,-1,-1,-1
562,178,552.58,758.12,124.91,322.44,0.7901,-1,-1,-1
562,208,561.94,579.07,56.22,130.00,0.7131,-1,-1,-1
563,178,527.68,757.18,124.81,323.25,0.8607,-1,-1,-1
563,208,545.68,582.23,56.91,130.54,0.7618,-1,-1,-1
564,178,502.46,758.48,124.44,322.05,0.8215,-1,-1,-1
564,208,531.39,584.73,56.44,128.50,0.6849,-1,-1,-1
565,178,476.18,760.76,124.45,319.77,0.7227,-1,-1,-1
565,208,513.72,584.24,57.94,131.36,0.7132,-1,-1,-1
566,178,447.30,765.08,125.14,315.40,0.7200,-1,-1,-1
566,208,497.61,585.18,58.56,131.03,0.7681,-1,-1,-1
567,178,424.57,775.01,123.29,305.42,0.8360,-1,-1,-1
567,208,481.83,587.20,59.46,132.36,0.7736,-1,-1,-1
568,178,395.39,783.05,123.15,296.39,0.7891,-1,-1,-1
568,208,464.13,587.80,60.64,134.11,0.7328,-1,-1,-1
569,178,371.04,788.86,124.32,291.13,0.7920,-1,-1,-1
569,208,446.06,588.27,62.52,136.09,0.6933,-1,-1,-1
570,178,344.30,790.69,126.43,288.78,0.7937,-1,-1,-1
570,208,429.97,588.33,64.00,138.53,0.7269,-1,-1,-1
571,178,319.02,795.21,127.84,284.75,0.8198,-1,-1,-1
571,208,414.55,590.63,64.55,138.88,0.7141,-1,-1,-1
572,178,294.40,798.13,128.03,279.79,0.5793,-1,-1,-1
572,208,398.31,594.18,64.73,138.09,0.6667,-1,-1,-1
573,178,277.73,798.95,116.44,245.52,0.5721,-1,-1,-1
573,208,381.36,594.51,66.35,141.31,0.7176,-1,-1,-1
574,178,239.33,800.13,129.49,267.95,0.5447,-1,-1,-1
574,208,366.50,597.06,66.88,141.47,0.7035,-1,-1,-1
575,178,218.52,800.71,121.05,243.00,0.6266,-1,-1,-1
575,208,348.50,598.23,67.37,140.98,0.7111,-1,-1,-1
576,178,181.50,805.55,132.42,261.22,0.6864,-1,-1,-1
576,208,330.86,598.85,69.28,144.13,0.7444,-1,-1,-1
577,178,160.99,808.43,121.74,231.45,0.5245,-1,-1,-1
577,208,314.54,599.50,70.08,144.47,0.6863,-1,-1,-1
578,178,122.93,811.46,136.24,254.91,0.4196,-1,-1,-1
578,208,296.14,598.29,72.47,148.80,0.7530,-1,-1,-1
579,178,101.08,817.32,125.64,225.97,0.5872,-1,-1,-1
579,208,277.96,598.13,73.63,151.64,0.7546,-1,-1,-1
580,178,67.26,822.79,134.85,238.37,0.4696,-1,-1,-1
580,208,263.08,600.20,73.48,151.12,0.6790,-1,-1,-1
580,209,1811.12,591.05,57.22,178.06,0.6317,-1,-1,-1
581,178,27.57,828.44,142.15,245.38,0.7612,-1,-1,-1
581,208,245.03,597.80,76.04,156.93,0.7600,-1,-1,-1
581,209,1805.68,590.67,58.15,180.80,0.4667,-1,-1,-1
582,178,4.33,833.33,143.42,245.26,0.8051,-1,-1,-1
582,208,228.29,598.58,76.13,158.10,0.7672,-1,-1,-1
582,209,1798.67,589.78,59.31,183.98,0.5945,-1,-1,-1
583,178,-9.33,836.45,138.33,237.51,0.6358,-1,-1,-1
583,208,211.38,599.46,77.30,159.97,0.7498,-1,-1,-1
583,209,1794.36,601.91,56.09,172.70,0.5119,-1,-1,-1
584,178,-22.81,836.89,135.01,238.26,0.7332,-1,-1,-1
584,208,194.49,598.85,79.97,165.78,0.7858,-1,-1,-1
584,209,1789.22,613.54,53.14,161.90,0.4758,-1,-1,-1
585,178,-33.24,843.26,127.19,234.82,0.7106,-1,-1,-1
585,208,181.04,600.47,81.61,170.74,0.8119,-1,-1,-1
585,209,1783.57,609.72,54.43,164.18,0.3032,-1,-1,-1
586,208,166.01,603.80,81.40,170.56,0.7214,-1,-1,-1
586,209,1777.15,594.03,59.22,178.18,0.3879,-1,-1,-1
587,208,153.78,606.77,81.66,170.78,0.7768,-1,-1,-1
587,209,1774.01,591.72,55.82,168.01,0.3614,-1,-1,-1
588,208,139.94,609.02,82.82,173.39,0.7848,-1,-1,-1
588,209,1772.60,587.32,54.87,164.66,0.4645,-1,-1,-1
589,208,126.51,611.99,83.44,174.12,0.7699,-1,-1,-1
589,209,1768.43,584.09,54.42,163.04,0.5747,-1,-1,-1
590,208,112.99,613.71,84.92,177.15,0.7598,-1,-1,-1
590,209,1765.96,581.82,56.32,168.34,0.6646,-1,-1,-1
591,208,97.74,614.34,85.69,179.42,0.7865,-1,-1,-1
591,209,1765.49,581.33,56.99,169.25,0.7534,-1,-1,-1
592,208,84.84,617.41,85.09,177.63,0.7910,-1,-1,-1
592,209,1765.30,579.22,57.13,168.14,0.7305,-1,-1,-1
593,208,70.49,617.71,86.91,181.77,0.7664,-1,-1,-1
593,209,1764.99,581.03,57.63,168.25,0.7707,-1,-1,-1
594,208,56.68,620.21,88.59,184.36,0.7571,-1,-1,-1
594,209,1763.61,580.00,59.44,171.46,0.7167,-1,-1,-1
595,208,42.43,621.04,90.00,187.92,0.7901,-1,-1,-1
595,209,1758.86,580.74,62.72,175.67,0.7266,-1,-1,-1
596,208,28.69,624.68,90.77,189.53,0.7927,-1,-1,-1
596,209,1757.07,580.60,65.17,177.39,0.7314,-1,-1,-1
596,212,321.34,536.09,41.88,97.38,0.5005,-1,-1,-1
597,208,14.42,626.44,91.98,192.19,0.7591,-1,-1,-1
597,209,1760.56,585.02,65.00,173.19,0.7491,-1,-1,-1
597,212,315.00,532.57,44.42,103.43,0.6775,-1,-1,-1
598,208,2.60,634.26,92.77,192.63,0.7892,-1,-1,-1
598,209,1764.23,585.54,65.91,171.51,0.7621,-1,-1,-1
598,212,309.72,535.13,45.11,105.24,0.5368,-1,-1,-1
599,208,-6.16,638.16,92.12,193.20,0.7891,-1,-1,-1
599,209,1768.69,583.86,67.79,172.88,0.7712,-1,-1,-1
599,212,307.86,540.74,43.13,100.67,0.4996,-1,-1,-1
600,208,-11.71,645.48,89.98,192.26,0.7801,-1,-1,-1
600,209,1770.20,582.33,70.19,176.17,0.7865,-1,-1,-1
600,212,304.81,544.27,42.46,98.84,0.4884,-1,-1,-1
601,208,-16.80,649.57,87.37,192.71,0.7086,-1,-1,-1
601,209,1775.13,580.61,71.16,178.40,0.7810,-1,-1,-1
601,212,300.05,541.17,44.50,103.21,0.4742,-1,-1,-1
602,208,-19.24,659.32,80.88,185.48,0.5063,-1,-1,-1
602,209,1780.37,577.69,71.77,181.48,0.7092,-1,-1,-1
602,212,295.51,538.16,46.84,108.33,0.4388,-1,-1,-1
603,209,1784.42,578.60,71.20,182.28,0.6268,-1,-1,-1
603,212,289.47,527.31,51.91,120.89,0.5467,-1,-1,-1
604,209,1790.75,575.64,70.61,186.19,0.4709,-1,-1,-1
604,212,288.84,539.78,47.45,109.81,0.6031,-1,-1,-1
605,209,1799.31,579.91,67.56,183.76,0.5074,-1,-1,-1
605,212,283.67,523.40,54.00,125.78,0.4656,-1,-1,-1
605,214,1239.14,518.87,30.17,88.21,0.6178,-1,-1,-1
606,212,281.51,528.62,52.07,121.20,0.5506,-1,-1,-1
606,214,1241.04,515.48,30.92,90.59,0.6178,-1,-1,-1
607,212,280.54,538.05,48.86,112.80,0.5705,-1,-1,-1
607,214,1243.00,514.85,31.13,91.35,0.6146,-1,-1,-1
608,212,278.54,541.10,47.27,108.53,0.6191,-1,-1,-1
608,214,1246.04,516.19,30.89,90.74,0.3062,-1,-1,-1
609,212,277.91,545.65,44.71,101.48,0.4791,-1,-1,-1
609,214,1250.29,517.75,30.73,90.09,0.5397,-1,-1,-1
610,212,273.32,530.38,50.23,114.63,0.5588,-1,-1,-1
610,214,1253.08,517.74,31.30,91.47,0.4883,-1,-1,-1
611,212,268.77,516.49,55.29,127.57,0.5754,-1,-1,-1
611,214,1254.50,516.42,32.50,95.61,0.4313,-1,-1,-1
612,212,264.19,507.43,58.37,136.83,0.6365,-1,-1,-1
612,214,1258.10,519.26,31.94,94.36,0.4563,-1,-1,-1
613,212,260.33,500.05,60.63,143.69,0.6916,-1,-1,-1
613,214,1262.02,521.92,31.34,92.88,0.5647,-1,-1,-1
613,209,1822.05,595.46,63.80,179.65,0.5437,-1,-1,-1
614,212,257.39,497.87,61.10,146.30,0.7443,-1,-1,-1
614,214,1265.35,523.60,30.75,91.34,0.6227,-1,-1,-1
614,209,1830.37,596.50,65.46,185.94,0.5615,-1,-1,-1
615,212,254.29,496.53,60.97,148.06,0.7416,-1,-1,-1
615,214,1267.52,524.53,30.64,91.06,0.6173,-1,-1,-1
615,209,1835.88,600.22,67.12,192.79,0.5268,-1,-1,-1
616,212,251.10,497.91,59.53,146.98,0.6223,-1,-1,-1
616,214,1269.42,526.76,31.38,93.45,0.6311,-1,-1,-1
616,209,1842.66,603.56,66.05,192.79,0.5744,-1,-1,-1
617,212,249.68,499.28,58.03,144.94,0.6405,-1,-1,-1
617,214,1272.00,528.09,32.00,95.71,0.5782,-1,-1,-1
617,209,1846.95,609.84,64.15,191.27,0.5702,-1,-1,-1
618,212,246.83,501.53,56.77,143.51,0.6319,-1,-1,-1
618,214,1274.99,530.66,32.22,96.27,0.5513,-1,-1,-1
618,209,1852.76,610.98,65.60,196.15,0.6582,-1,-1,-1
619,212,244.88,504.27,55.87,142.75,0.6442,-1,-1,-1
619,214,1277.17,532.13,32.39,96.19,0.6062,-1,-1,-1
619,209,1857.06,610.04,66.40,202.02,0.6308,-1,-1,-1
620,212,243.00,505.32,55.43,142.98,0.5914,-1,-1,-1
620,214,1278.42,532.85,33.47,98.39,0.6344,-1,-1,-1
620,209,1861.50,610.41,65.86,206.27,0.6594,-1,-1,-1
621,212,240.49,502.29,56.33,147.22,0.6213,-1,-1,-1
621,214,1282.28,531.25,34.61,101.98,0.6003,-1,-1,-1
621,209,1866.81,610.59,63.57,207.01,0.5311,-1,-1,-1
622,212,237.90,501.52,56.04,148.34,0.6680,-1,-1,-1
622,214,1285.64,530.93,35.16,105.14,0.5723,-1,-1,-1
622,209,1871.41,611.41,59.65,202.06,0.6150,-1,-1,-1
623,212,234.44,499.77,57.17,153.77,0.6353,-1,-1,-1
623,214,1291.28,529.27,34.89,104.52,0.6336,-1,-1,-1
624,212,232.99,499.31,56.37,153.87,0.6682,-1,-1,-1
624,214,1295.57,530.37,35.31,105.53,0.6206,-1,-1,-1
625,212,232.78,507.95,54.08,148.91,0.6583,-1,-1,-1
625,214,1300.65,534.69,34.83,103.70,0.6301,-1,-1,-1
626,212,233.97,517.83,50.42,138.48,0.6768,-1,-1,-1
626,214,1306.51,532.33,36.77,107.71,0.5577,-1,-1,-1
627,212,234.60,532.04,47.20,129.02,0.6341,-1,-1,-1
627,214,1312.21,530.86,37.42,109.48,0.6457,-1,-1,-1
628,212,235.43,537.67,45.94,124.56,0.6429,-1,-1,-1
628,214,1318.19,531.65,37.32,108.69,0.6346,-1,-1,-1
629,212,235.78,550.02,43.94,117.87,0.7028,-1,-1,-1
629,214,1324.31,531.02,37.08,107.13,0.7122,-1,-1,-1
630,212,236.17,551.22,44.52,118.57,0.6716,-1,-1,-1
630,214,1331.86,530.71,37.81,107.60,0.6754,-1,-1,-1
631,212,237.97,552.85,44.85,117.45,0.6436,-1,-1,-1
631,214,1339.12,529.39,38.37,109.30,0.6767,-1,-1,-1
632,212,239.74,554.26,45.87,118.47,0.6212,-1,-1,-1
632,214,1346.50,530.76,38.50,108.93,0.7132,-1,-1,-1
633,212,240.62,552.38,47.92,122.19,0.6103,-1,-1,-1
633,214,1354.71,534.58,38.98,108.89,0.6611,-1,-1,-1
634,212,240.47,553.12,48.83,124.30,0.6026,-1,-1,-1
634,214,1363.09,536.38,38.81,107.96,0.6404,-1,-1,-1
635,212,241.85,550.54,50.23,127.31,0.5529,-1,-1,-1
635,214,1369.45,533.12,41.80,115.80,0.7260,-1,-1,-1
636,212,243.08,550.35,50.90,129.01,0.5866,-1,-1,-1
636,214,1377.72,537.48,41.41,114.32,0.6076,-1,-1,-1
637,212,244.00,543.24,54.26,137.98,0.5289,-1,-1,-1
637,214,1387.20,538.24,41.65,115.41,0.4785,-1,-1,-1
638,212,244.11,536.35,57.22,146.76,0.6138,-1,-1,-1
638,214,1395.95,538.47,43.30,120.12,0.6068,-1,-1,-1
639,212,246.13,536.78,57.68,148.79,0.6495,-1,-1,-1
639,214,1408.40,547.56,40.92,114.47,0.4546,-1,-1,-1
640,212,247.57,535.65,58.27,152.09,0.6532,-1,-1,-1
640,214,1418.40,552.47,39.36,109.49,0.3666,-1,-1,-1
641,212,250.78,537.54,57.75,152.17,0.6614,-1,-1,-1
641,214,1429.45,553.53,38.26,106.44,0.5201,-1,-1,-1
642,212,253.48,535.62,58.15,154.94,0.5652,-1,-1,-1
642,214,1441.16,558.12,38.16,105.92,0.5634,-1,-1,-1
643,212,254.91,532.04,59.32,160.60,0.5507,-1,-1,-1
643,214,1454.09,561.74,35.79,98.88,0.3615,-1,-1,-1
644,212,256.85,530.17,59.00,162.94,0.4251,-1,-1,-1
645,212,264.61,557.35,50.12,137.47,0.3868,-1,-1,-1
646,212,270.61,568.68,46.93,128.30,0.4150,-1,-1,-1
647,212,270.13,546.66,53.69,150.46,0.4649,-1,-1,-1
648,212,276.82,558.61,49.53,138.66,0.5226,-1,-1,-1
649,212,278.88,542.70,52.55,149.62,0.4945,-1,-1,-1
650,212,281.55,535.18,54.95,158.53,0.5943,-1,-1,-1
651,212,286.90,531.65,56.32,164.40,0.4296,-1,-1,-1
652,212,297.08,545.91,48.58,141.10,0.5725,-1,-1,-1
653,212,305.94,553.99,45.37,132.25,0.3336,-1,-1,-1
654,212,310.26,556.01,45.52,133.95,0.5726,-1,-1,-1
655,212,313.78,531.11,51.85,156.35,0.4946,-1,-1,-1
656,212,321.15,531.62,53.31,163.45,0.5393,-1,-1,-1
657,212,329.04,531.27,54.39,169.66,0.5527,-1,-1,-1
658,212,343.24,560.53,46.84,145.09,0.3960,-1,-1,-1
659,212,350.53,581.22,44.95,136.48,0.3632,-1,-1,-1
660,212,359.09,588.46,43.79,131.83,0.4935,-1,-1,-1
661,212,363.18,592.04,44.49,131.78,0.5644,-1,-1,-1
662,212,370.41,596.56,44.08,127.23,0.5371,-1,-1,-1
663,212,380.26,599.73,42.77,121.87,0.5337,-1,-1,-1
664,212,386.76,595.73,44.62,124.14,0.6049,-1,-1,-1
665,212,394.64,597.87,44.39,119.61,0.4866,-1,-1,-1
666,212,401.96,595.36,46.34,119.63,0.6450,-1,-1,-1
667,212,407.44,589.88,50.85,124.94,0.5626,-1,-1,-1
668,212,411.83,584.70,57.30,133.34,0.6018,-1,-1,-1
669,212,420.53,578.10,63.18,138.99,0.4364,-1,-1,-1
670,212,429.07,573.66,67.86,142.10,0.6281,-1,-1,-1
671,212,438.48,570.03,71.49,144.45,0.5776,-1,-1,-1
700,224,854.14,583.66,97.23,159.45,0.5893,-1,-1,-1
701,224,875.17,589.28,95.95,157.50,0.4997,-1,-1,-1
702,224,908.69,597.97,92.97,153.97,0.5882,-1,-1,-1
703,224,934.20,604.19,91.39,153.41,0.5379,-1,-1,-1
704,224,948.89,611.18,90.93,154.04,0.6482,-1,-1,-1
704,226,555.90,508.10,32.51,91.29,0.5842,-1,-1,-1
705,224,966.64,613.88,90.24,155.02,0.6483,-1,-1,-1
705,226,557.32,508.10,33.56,93.86,0.5366,-1,-1,-1
706,224,980.92,616.63,91.30,158.05,0.7585,-1,-1,-1
706,226,561.51,510.15,33.40,93.40,0.6109,-1,-1,-1
707,224,993.08,616.11,95.32,165.76,0.7429,-1,-1,-1
707,226,563.91,512.43,34.01,95.21,0.6612,-1,-1,-1
708,224,1001.50,617.11,99.20,171.23,0.6749,-1,-1,-1
708,226,566.43,516.51,34.17,95.88,0.6884,-1,-1,-1
709,224,1012.04,612.94,104.40,177.51,0.7636,-1,-1,-1
709,226,568.37,519.54,34.89,98.04,0.6430,-1,-1,-1
710,224,1025.65,619.87,107.28,179.67,0.7748,-1,-1,-1
710,226,574.23,527.75,33.09,92.63,0.6406,-1,-1,-1
711,224,1048.64,620.93,107.40,178.47,0.7114,-1,-1,-1
711,226,576.80,532.99,32.26,89.80,0.5304,-1,-1,-1
712,224,1069.95,630.25,107.29,178.29,0.4796,-1,-1,-1
712,226,578.05,535.60,33.35,92.22,0.7174,-1,-1,-1
713,224,1104.84,632.13,101.37,172.63,0.5798,-1,-1,-1
713,226,578.17,536.15,34.25,94.11,0.7374,-1,-1,-1
714,224,1126.41,636.20,100.40,171.05,0.7378,-1,-1,-1
714,226,580.10,541.48,35.65,97.79,0.6553,-1,-1,-1
715,224,1141.02,636.52,101.53,173.28,0.7454,-1,-1,-1
715,226,580.70,541.17,37.08,101.50,0.5896,-1,-1,-1
716,224,1155.48,634.10,104.12,178.16,0.7684,-1,-1,-1
716,226,581.98,544.05,37.17,101.55,0.5083,-1,-1,-1
717,224,1171.81,631.49,106.69,183.17,0.7813,-1,-1,-1
717,226,581.75,545.59,37.58,101.98,0.5573,-1,-1,-1
718,224,1188.07,627.59,111.62,192.28,0.7915,-1,-1,-1
718,226,584.55,551.51,36.36,98.80,0.4840,-1,-1,-1
719,224,1208.29,631.38,112.39,193.82,0.6613,-1,-1,-1
719,226,585.61,549.49,36.94,100.01,0.5348,-1,-1,-1
720,224,1228.16,632.27,114.52,197.52,0.6721,-1,-1,-1
720,226,586.53,551.82,37.69,101.58,0.5670,-1,-1,-1
721,224,1255.70,635.58,104.82,181.24,0.4766,-1,-1,-1
721,226,588.89,552.45,38.45,102.83,0.4922,-1,-1,-1
722,224,1280.72,644.79,108.92,192.98,0.4725,-1,-1,-1
722,226,591.83,554.08,38.37,102.76,0.5357,-1,-1,-1
723,224,1305.43,653.37,108.97,194.17,0.4494,-1,-1,-1
723,226,593.81,552.41,39.17,104.93,0.3704,-1,-1,-1
724,224,1334.80,661.19,108.33,196.37,0.5503,-1,-1,-1
724,226,594.73,560.05,38.66,103.81,0.4859,-1,-1,-1
725,224,1360.20,663.84,109.98,202.99,0.7112,-1,-1,-1
725,226,595.18,564.85,38.61,103.99,0.5707,-1,-1,-1
726,224,1380.31,671.06,111.89,207.58,0.6203,-1,-1,-1
726,226,596.86,566.30,38.36,103.51,0.5738,-1,-1,-1
727,224,1417.02,672.67,97.83,184.90,0.4055,-1,-1,-1
727,226,598.47,569.62,39.53,105.95,0.7158,-1,-1,-1
728,224,1422.05,679.92,111.98,209.24,0.5811,-1,-1,-1
728,226,599.52,570.03,39.95,106.19,0.6733,-1,-1,-1
729,224,1439.61,681.16,118.86,218.58,0.7228,-1,-1,-1
729,226,599.75,568.01,41.32,109.17,0.6383,-1,-1,-1
730,226,601.14,569.87,42.34,111.01,0.5674,-1,-1,-1
731,226,601.93,566.88,44.10,114.79,0.6682,-1,-1,-1
732,226,603.02,566.08,44.94,116.57,0.6760,-1,-1,-1
733,226,603.74,567.82,44.91,116.05,0.6496,-1,-1,-1
733,224,1568.93,705.14,119.13,226.72,0.7026,-1,-1,-1
734,226,603.06,562.96,46.57,120.32,0.6871,-1,-1,-1
734,224,1591.32,708.10,120.10,229.81,0.6284,-1,-1,-1
735,226,603.24,563.14,47.15,121.80,0.6950,-1,-1,-1
735,224,1612.99,706.87,121.92,232.72,0.7441,-1,-1,-1
736,226,605.75,561.03,47.08,122.15,0.6749,-1,-1,-1
736,224,1633.24,706.49,128.45,243.87,0.7155,-1,-1,-1
737,226,606.97,561.69,47.06,122.32,0.6580,-1,-1,-1
737,224,1656.81,698.87,134.98,257.36,0.7946,-1,-1,-1
738,226,607.57,562.60,47.42,122.99,0.6593,-1,-1,-1
738,224,1685.54,705.52,137.72,262.44,0.7553,-1,-1,-1
739,226,608.42,564.45,47.92,123.74,0.6568,-1,-1,-1
739,224,1718.26,717.15,138.97,261.23,0.7533,-1,-1,-1
740,226,608.81,566.46,48.11,123.85,0.6846,-1,-1,-1
740,224,1748.52,733.28,136.46,254.15,0.7471,-1,-1,-1
741,226,608.96,568.44,48.35,124.23,0.6778,-1,-1,-1
741,224,1778.70,732.33,140.29,262.78,0.5824,-1,-1,-1
742,226,609.39,569.93,48.15,123.88,0.6455,-1,-1,-1
742,224,1809.37,748.81,132.92,258.12,0.4330,-1,-1,-1
743,226,608.86,571.50,49.02,125.31,0.6304,-1,-1,-1
744,226,607.37,572.15,49.78,126.96,0.6296,-1,-1,-1
745,226,606.10,573.37,50.62,128.62,0.6667,-1,-1,-1
746,226,604.26,574.19,51.22,130.27,0.6262,-1,-1,-1
747,226,603.54,575.06,51.89,132.29,0.6540,-1,-1,-1
747,230,844.54,524.74,23.61,64.14,0.5040,-1,-1,-1
748,226,602.97,575.57,52.18,133.30,0.6732,-1,-1,-1
749,226,602.90,577.19,51.79,132.36,0.6754,-1,-1,-1
750,226,602.56,579.42,51.24,130.77,0.6235,-1,-1,-1
