2,1,118.12,154.67,82.41,174.85,0.8475,-1,-1,-1
2,2,17.97,145.04,73.98,194.97,0.8566,-1,-1,-1
3,1,125.58,153.64,64.44,177.51,0.7127,-1,-1,-1
3,2,22.42,136.48,73.92,204.75,0.8291,-1,-1,-1
4,1,129.60,154.34,81.48,179.31,0.8466,-1,-1,-1
4,2,27.53,143.87,72.58,199.48,0.8196,-1,-1,-1
4,3,252.59,192.68,25.33,68.18,0.4797,-1,-1,-1
5,1,135.59,157.35,85.26,180.09,0.8140,-1,-1,-1
5,2,35.23,139.82,73.35,208.22,0.8697,-1,-1,-1
5,3,263.87,199.49,23.11,64.27,0.5438,-1,-1,-1
6,1,141.05,154.84,86.81,184.51,0.8338,-1,-1,-1
6,2,33.94,141.08,79.79,208.95,0.8530,-1,-1,-1
6,3,269.07,197.90,25.28,66.70,0.5850,-1,-1,-1
6,4,222.30,197.46,24.78,67.62,0.6156,-1,-1,-1
6,5,251.04,197.59,22.05,66.37,0.4314,-1,-1,-1
7,1,144.29,152.05,87.81,187.59,0.8595,-1,-1,-1
7,2,39.00,140.40,76.30,209.51,0.8355,-1,-1,-1
7,3,274.39,199.22,26.35,63.09,0.6748,-1,-1,-1
7,4,226.05,198.38,25.30,65.97,0.6564,-1,-1,-1
7,5,257.21,196.01,21.51,62.17,0.6032,-1,-1,-1
8,1,152.23,152.72,88.69,190.75,0.8705,-1,-1,-1
8,2,42.39,140.24,78.55,213.52,0.8246,-1,-1,-1
8,3,280.80,200.89,26.56,65.12,0.5865,-1,-1,-1
8,4,234.80,200.26,24.40,65.49,0.6828,-1,-1,-1
8,5,265.04,198.34,20.26,64.35,0.5561,-1,-1,-1
9,1,156.61,151.63,87.55,193.25,0.8672,-1,-1,-1
9,2,47.21,140.24,77.93,213.35,0.8301,-1,-1,-1
9,3,288.27,199.50,25.27,66.07,0.7194,-1,-1,-1
9,4,240.69,203.58,25.12,62.86,0.5641,-1,-1,-1
9,5,269.85,198.98,22.58,66.48,0.6479,-1,-1,-1
10,1,164.69,147.71,87.97,198.27,0.8699,-1,-1,-1
10,2,48.38,134.88,86.22,221.21,0.8570,-1,-1,-1
10,3,296.05,201.45,25.58,64.85,0.6355,-1,-1,-1
10,4,250.68,197.01,25.31,68.38,0.6482,-1,-1,-1
10,5,278.72,196.63,21.73,67.11,0.4570,-1,-1,-1
11,1,170.95,147.21,88.75,201.14,0.8611,-1,-1,-1
11,2,54.66,135.48,85.29,221.85,0.8677,-1,-1,-1
11,3,306.26,201.07,21.48,64.59,0.6469,-1,-1,-1
11,4,255.42,200.83,22.09,64.89,0.4888,-1,-1,-1
11,5,285.00,197.99,23.29,67.43,0.6966,-1,-1,-1
11,12,142.28,195.47,29.58,69.93,0.5639,-1,-1,-1
12,1,181.94,147.82,92.40,205.46,0.8703,-1,-1,-1
12,2,64.81,130.28,83.57,233.71,0.8809,-1,-1,-1
12,3,316.20,205.58,22.62,62.89,0.5015,-1,-1,-1
12,4,269.39,199.74,24.63,68.32,0.6255,-1,-1,-1
12,12,153.61,198.33,30.00,68.91,0.5755,-1,-1,-1
13,1,183.02,147.34,97.40,209.36,0.8587,-1,-1,-1
13,2,67.34,142.75,86.07,222.56,0.8562,-1,-1,-1
13,3,321.36,195.06,24.70,71.94,0.4623,-1,-1,-1
13,4,275.65,200.20,23.86,68.32,0.5113,-1,-1,-1
13,5,304.03,203.77,20.80,63.20,0.4757,-1,-1,-1
13,12,159.04,196.60,30.38,70.92,0.5700,-1,-1,-1
14,1,198.48,145.07,93.46,212.06,0.8290,-1,-1,-1
14,2,83.11,127.88,80.99,239.13,0.8714,-1,-1,-1
14,3,334.60,204.53,21.94,64.41,0.3741,-1,-1,-1
14,4,286.90,203.90,23.71,63.25,0.5902,-1,-1,-1
14,5,316.79,201.59,21.97,65.00,0.5772,-1,-1,-1
14,12,170.75,195.91,29.60,71.32,0.5991,-1,-1,-1
15,1,209.84,145.28,95.29,216.18,0.8599,-1,-1,-1
15,2,85.43,138.70,86.53,232.18,0.8602,-1,-1,-1
15,3,346.36,205.30,26.77,64.42,0.6197,-1,-1,-1
15,4,297.41,202.55,22.38,66.50,0.5779,-1,-1,-1
15,5,326.07,200.40,23.20,67.32,0.5189,-1,-1,-1
15,12,182.49,197.93,28.56,70.77,0.6608,-1,-1,-1
15,14,2.88,144.90,42.00,166.21,0.5382,-1,-1,-1
16,1,211.56,144.62,100.17,215.89,0.8452,-1,-1,-1
16,2,78.31,123.58,96.91,246.55,0.8776,-1,-1,-1
16,3,352.60,199.67,27.29,67.32,0.5444,-1,-1,-1
16,4,300.82,198.24,24.13,66.77,0.6871,-1,-1,-1
16,5,330.88,195.17,24.21,70.71,0.5517,-1,-1,-1
16,12,185.56,193.37,30.22,71.70,0.6428,-1,-1,-1
16,14,2.57,142.50,47.04,156.35,0.4314,-1,-1,-1
17,1,213.35,139.81,108.22,223.24,0.7739,-1,-1,-1
17,2,84.97,124.06,92.82,247.69,0.8981,-1,-1,-1
17,3,353.86,187.35,25.18,76.50,0.4916,-1,-1,-1
17,4,306.43,195.97,24.02,69.53,0.5984,-1,-1,-1
17,5,334.79,195.28,23.29,69.97,0.4473,-1,-1,-1
17,12,189.14,192.88,28.62,71.72,0.6426,-1,-1,-1
17,14,-2.79,140.75,64.62,149.36,0.3774,-1,-1,-1
18,1,215.76,137.62,111.27,230.24,0.8572,-1,-1,-1
18,2,83.51,124.53,97.07,252.58,0.9012,-1,-1,-1
18,4,312.04,195.13,21.91,71.16,0.7055,-1,-1,-1
18,12,193.67,194.84,27.55,70.10,0.5468,-1,-1,-1
18,14,4.27,140.88,47.87,156.11,0.4975,-1,-1,-1
19,1,217.39,132.74,112.83,235.00,0.8667,-1,-1,-1
19,2,81.27,118.64,98.10,257.50,0.9063,-1,-1,-1
19,4,311.09,192.39,25.51,71.17,0.6220,-1,-1,-1
19,12,193.94,192.76,29.02,70.09,0.5151,-1,-1,-1
19,14,2.89,137.74,44.36,156.71,0.3071,-1,-1,-1
20,1,214.29,128.41,113.97,241.06,0.8877,-1,-1,-1
20,2,76.63,113.01,99.09,265.28,0.9028,-1,-1,-1
20,12,192.31,187.48,28.75,72.65,0.5809,-1,-1,-1
21,1,213.92,126.39,116.70,247.76,0.8790,-1,-1,-1
21,2,72.84,107.17,102.21,275.04,0.8987,-1,-1,-1
21,12,192.27,186.29,27.91,74.43,0.6608,-1,-1,-1
21,14,0.01,132.14,37.78,164.99,0.5209,-1,-1,-1
21,16,42.91,186.44,24.72,69.58,0.5716,-1,-1,-1
22,1,214.47,122.69,117.91,253.70,0.8829,-1,-1,-1
22,2,68.31,103.45,105.81,280.99,0.8850,-1,-1,-1
22,12,194.22,185.62,27.15,73.77,0.3513,-1,-1,-1
22,14,0.81,131.15,36.57,211.92,0.3500,-1,-1,-1
22,16,41.91,183.14,28.46,70.92,0.4116,-1,-1,-1
23,1,215.13,123.44,118.34,261.25,0.8812,-1,-1,-1
23,2,68.14,104.67,106.87,289.96,0.8965,-1,-1,-1
23,12,198.39,190.52,25.89,73.31,0.5795,-1,-1,-1
23,14,1.07,134.10,38.76,226.49,0.3567,-1,-1,-1
23,16,49.82,191.06,22.60,67.82,0.3662,-1,-1,-1
24,1,221.30,121.40,114.80,265.54,0.7988,-1,-1,-1
24,2,65.12,104.23,111.96,294.79,0.8601,-1,-1,-1
24,14,-0.50,132.42,42.54,177.99,0.4354,-1,-1,-1
25,1,231.76,120.73,109.28,275.95,0.8810,-1,-1,-1
25,2,61.34,103.06,116.32,304.18,0.8911,-1,-1,-1
25,14,1.60,133.78,38.80,172.60,0.3615,-1,-1,-1
26,1,230.72,116.28,110.17,281.82,0.8712,-1,-1,-1
26,2,57.59,100.39,118.97,309.61,0.8825,-1,-1,-1
26,14,0.56,132.59,37.62,172.40,0.3656,-1,-1,-1
27,1,236.77,112.98,110.48,288.69,0.8809,-1,-1,-1
27,2,55.23,95.62,121.65,315.97,0.8972,-1,-1,-1
27,14,-0.29,130.23,38.46,170.67,0.4624,-1,-1,-1
28,1,240.80,111.12,110.18,294.87,0.8850,-1,-1,-1
28,2,54.30,94.27,123.38,323.26,0.9022,-1,-1,-1
28,14,0.16,129.91,39.24,170.63,0.3377,-1,-1,-1
29,1,232.70,105.09,124.43,303.27,0.8658,-1,-1,-1
29,2,51.45,85.93,127.90,338.93,0.8816,-1,-1,-1
30,1,234.39,103.20,124.32,310.30,0.8839,-1,-1,-1
30,2,47.79,83.84,132.22,345.75,0.8887,-1,-1,-1
30,14,0.70,125.31,36.67,178.81,0.3048,-1,-1,-1
31,1,246.09,98.32,119.44,321.44,0.8790,-1,-1,-1
31,2,42.34,80.18,140.04,353.66,0.8946,-1,-1,-1
31,20,392.95,176.03,20.77,34.76,0.3310,-1,-1,-1
32,1,254.42,96.54,120.00,332.44,0.8770,-1,-1,-1
32,2,44.87,77.67,139.66,364.65,0.8790,-1,-1,-1
32,3,408.26,190.80,25.92,75.50,0.6676,-1,-1,-1
32,21,147.44,80.08,47.43,176.83,0.5284,-1,-1,-1
33,1,259.25,89.73,127.61,339.11,0.8614,-1,-1,-1
33,2,53.76,70.29,137.07,374.52,0.8887,-1,-1,-1
33,3,418.41,188.91,26.62,75.18,0.6741,-1,-1,-1
33,4,360.95,186.76,26.99,75.27,0.6284,-1,-1,-1
33,21,153.78,76.81,46.42,182.32,0.3761,-1,-1,-1
34,1,270.21,88.93,130.56,352.03,0.8579,-1,-1,-1
34,2,60.16,70.60,140.43,381.35,0.8851,-1,-1,-1
34,3,425.98,187.64,26.99,78.83,0.6603,-1,-1,-1
34,4,368.34,187.05,29.74,76.84,0.6831,-1,-1,-1
34,5,402.22,180.40,24.32,82.97,0.4961,-1,-1,-1
34,21,158.57,75.42,54.83,180.41,0.5098,-1,-1,-1
35,1,269.77,88.41,147.54,360.91,0.8551,-1,-1,-1
35,2,65.87,70.71,139.92,387.12,0.9043,-1,-1,-1
35,3,434.94,190.50,28.40,78.38,0.6582,-1,-1,-1
35,4,377.30,189.65,28.12,76.99,0.7059,-1,-1,-1
35,5,410.06,188.64,24.90,77.43,0.4800,-1,-1,-1
35,23,1.96,119.11,36.99,104.33,0.6114,-1,-1,-1
36,1,270.56,80.81,163.24,370.21,0.8937,-1,-1,-1
36,2,71.89,62.17,145.91,400.41,0.8947,-1,-1,-1
36,3,447.65,189.71,28.34,78.02,0.6643,-1,-1,-1
36,4,387.59,189.23,27.65,76.10,0.5829,-1,-1,-1
36,5,420.87,181.92,26.03,82.75,0.4859,-1,-1,-1
36,21,174.72,71.47,55.58,182.95,0.5567,-1,-1,-1
37,1,271.57,78.05,167.83,378.74,0.8907,-1,-1,-1
37,2,72.18,61.19,148.37,405.60,0.9014,-1,-1,-1
37,3,452.26,190.29,26.83,78.50,0.6202,-1,-1,-1
37,4,391.56,189.42,28.38,76.20,0.6553,-1,-1,-1
37,5,424.84,187.34,24.23,79.21,0.3205,-1,-1,-1
37,21,177.60,70.94,53.75,185.80,0.4360,-1,-1,-1
38,1,278.78,76.47,176.54,388.73,0.8878,-1,-1,-1
38,2,70.83,58.89,153.24,416.16,0.8760,-1,-1,-1
38,3,456.86,189.71,28.98,80.78,0.7278,-1,-1,-1
38,4,397.90,194.50,29.26,73.30,0.4973,-1,-1,-1
38,5,430.12,189.73,27.07,78.74,0.5466,-1,-1,-1
38,21,181.00,70.70,57.13,194.87,0.4528,-1,-1,-1
39,1,284.50,70.34,178.43,398.16,0.8903,-1,-1,-1
39,2,69.38,53.47,158.08,424.69,0.8789,-1,-1,-1
39,3,460.17,187.39,33.22,81.98,0.6729,-1,-1,-1
39,4,403.50,195.65,26.88,70.38,0.5584,-1,-1,-1
39,5,434.67,186.88,26.16,78.12,0.5785,-1,-1,-1
39,21,182.59,64.00,57.49,195.84,0.5569,-1,-1,-1
40,1,285.43,65.87,187.14,412.82,0.8876,-1,-1,-1
40,2,67.70,52.83,162.44,427.30,0.8846,-1,-1,-1
40,3,465.04,188.44,31.37,83.35,0.7037,-1,-1,-1
40,4,409.58,199.83,23.36,69.75,0.4658,-1,-1,-1
40,5,439.00,186.25,27.83,81.95,0.5362,-1,-1,-1
40,21,185.35,63.12,55.86,200.37,0.6958,-1,-1,-1
41,1,289.58,63.09,191.45,416.76,0.8832,-1,-1,-1
41,2,64.03,48.79,166.27,431.34,0.8903,-1,-1,-1
41,3,467.02,187.27,33.78,50.65,0.6166,-1,-1,-1
41,5,439.93,188.35,27.05,79.86,0.5486,-1,-1,-1
41,14,7.31,114.39,49.61,154.56,0.3842,-1,-1,-1
41,21,183.10,63.04,57.66,198.95,0.7384,-1,-1,-1
42,1,283.00,56.14,199.34,423.92,0.8999,-1,-1,-1
42,2,50.10,41.70,173.68,438.32,0.8915,-1,-1,-1
42,3,464.74,187.08,34.73,39.53,0.5379,-1,-1,-1
42,21,177.61,55.54,60.05,208.55,0.6338,-1,-1,-1
43,1,281.45,53.25,206.10,426.84,0.9045,-1,-1,-1
43,2,46.75,36.00,174.28,443.98,0.8963,-1,-1,-1
43,12,265.84,186.82,24.78,76.71,0.3262,-1,-1,-1
43,20,463.97,190.27,30.46,31.72,0.5271,-1,-1,-1
43,21,175.23,51.22,58.77,207.30,0.6476,-1,-1,-1
44,1,280.34,50.48,210.75,429.60,0.9040,-1,-1,-1
44,2,43.07,30.77,178.19,448.74,0.8976,-1,-1,-1
44,12,266.59,186.85,25.97,77.64,0.3625,-1,-1,-1
44,21,174.80,48.35,59.73,212.17,0.6432,-1,-1,-1
45,1,283.90,46.71,213.81,432.74,0.8963,-1,-1,-1
45,2,41.69,27.66,178.92,450.72,0.8951,-1,-1,-1
45,12,267.58,185.79,28.00,77.86,0.4542,-1,-1,-1
45,21,175.94,47.09,61.61,215.52,0.6471,-1,-1,-1
46,1,277.25,42.83,224.94,437.22,0.9093,-1,-1,-1
46,2,35.55,19.87,185.20,459.64,0.8835,-1,-1,-1
46,21,174.42,45.18,62.82,218.37,0.6942,-1,-1,-1
46,26,0.91,97.61,37.10,329.49,0.4201,-1,-1,-1
47,1,284.01,38.04,222.67,442.00,0.9064,-1,-1,-1
47,2,32.59,14.98,186.99,464.05,0.8725,-1,-1,-1
47,12,269.58,183.39,27.34,79.26,0.3718,-1,-1,-1
47,21,174.05,41.41,61.85,217.26,0.6580,-1,-1,-1
47,26,1.85,94.07,36.96,334.17,0.3052,-1,-1,-1
48,1,289.86,29.70,222.74,449.65,0.8999,-1,-1,-1
48,2,29.55,11.81,193.45,468.19,0.8635,-1,-1,-1
48,21,176.69,38.30,63.83,222.96,0.6425,-1,-1,-1
48,26,3.12,92.82,39.79,340.55,0.3443,-1,-1,-1
49,1,286.53,29.04,230.53,450.95,0.8895,-1,-1,-1
49,2,26.56,10.01,200.92,466.95,0.8603,-1,-1,-1
49,21,176.25,36.58,65.92,226.71,0.6404,-1,-1,-1
50,1,285.28,22.95,233.39,456.15,0.8995,-1,-1,-1
50,2,20.38,3.08,204.90,475.51,0.8585,-1,-1,-1
50,14,-0.09,90.29,29.73,117.64,0.5211,-1,-1,-1
50,21,174.06,34.14,66.89,236.51,0.6502,-1,-1,-1
51,1,285.16,19.73,239.01,459.62,0.9086,-1,-1,-1
51,2,22.16,1.57,201.07,474.87,0.8588,-1,-1,-1
51,14,-0.72,89.45,30.71,117.37,0.4483,-1,-1,-1
51,21,174.10,33.36,70.98,238.39,0.7357,-1,-1,-1
52,1,290.76,16.17,238.05,462.54,0.9018,-1,-1,-1
52,2,17.29,0.55,204.82,477.20,0.8464,-1,-1,-1
52,21,173.53,30.28,71.19,240.23,0.5963,-1,-1,-1
52,26,5.52,88.27,31.59,166.00,0.4838,-1,-1,-1
53,1,287.70,14.31,248.92,464.68,0.9044,-1,-1,-1
53,2,12.97,0.27,211.43,479.19,0.8605,-1,-1,-1
53,14,-3.34,87.20,36.45,157.26,0.3696,-1,-1,-1
53,21,173.44,28.42,70.49,240.03,0.6309,-1,-1,-1
54,1,290.27,12.60,249.77,467.41,0.9116,-1,-1,-1
54,2,13.27,1.12,210.87,476.05,0.8424,-1,-1,-1
54,14,-4.78,86.85,38.71,123.86,0.4177,-1,-1,-1
54,21,173.18,28.40,71.43,241.20,0.5767,-1,-1,-1
55,1,293.93,8.20,256.98,469.31,0.8857,-1,-1,-1
55,2,11.53,1.04,214.06,478.12,0.8571,-1,-1,-1
55,14,-1.63,87.36,35.67,186.25,0.4520,-1,-1,-1
55,21,175.15,26.08,71.62,243.87,0.5491,-1,-1,-1
56,1,290.26,5.92,262.34,472.34,0.8457,-1,-1,-1
56,2,11.80,0.31,215.63,478.29,0.8620,-1,-1,-1
56,14,-3.85,84.67,37.77,171.99,0.4632,-1,-1,-1
56,21,175.99,24.68,71.46,246.86,0.5890,-1,-1,-1
57,1,300.82,2.86,262.12,476.59,0.9115,-1,-1,-1
57,2,8.04,1.23,219.99,475.61,0.8577,-1,-1,-1
57,14,-2.56,83.52,36.38,167.37,0.5690,-1,-1,-1
57,21,176.64,20.99,72.70,285.28,0.6123,-1,-1,-1
58,1,302.05,2.60,264.43,477.40,0.8996,-1,-1,-1
58,2,8.05,1.22,219.55,475.98,0.8592,-1,-1,-1
58,14,-1.11,83.33,34.96,166.83,0.4867,-1,-1,-1
58,21,177.40,12.55,73.61,364.60,0.4965,-1,-1,-1
59,1,302.94,1.51,273.82,477.88,0.9034,-1,-1,-1
59,2,5.99,1.25,222.86,476.03,0.8445,-1,-1,-1
59,14,-0.36,83.85,32.68,165.30,0.4017,-1,-1,-1
59,21,176.91,21.35,76.35,336.08,0.7051,-1,-1,-1
60,1,303.38,0.08,280.96,477.34,0.9006,-1,-1,-1
60,2,4.76,0.52,224.85,476.96,0.8185,-1,-1,-1
60,21,175.33,14.01,78.50,399.20,0.5710,-1,-1,-1
60,26,0.12,79.64,30.02,219.30,0.3764,-1,-1,-1
61,1,307.55,-0.07,284.29,479.09,0.8971,-1,-1,-1
61,2,2.04,1.33,225.85,475.40,0.8557,-1,-1,-1
61,21,175.02,17.40,79.06,404.15,0.6080,-1,-1,-1
61,26,-0.95,79.30,28.94,216.11,0.3826,-1,-1,-1
62,1,312.16,0.04,286.07,474.30,0.8307,-1,-1,-1
62,2,1.55,1.14,225.24,475.76,0.8613,-1,-1,-1
62,21,177.62,16.34,78.74,415.12,0.7276,-1,-1,-1
62,26,-2.94,77.64,31.14,225.64,0.4520,-1,-1,-1
63,1,313.15,0.03,286.16,479.82,0.8857,-1,-1,-1
63,2,0.44,1.40,225.59,475.82,0.7900,-1,-1,-1
63,21,176.83,15.51,80.75,419.83,0.7196,-1,-1,-1
63,26,-5.90,72.14,35.77,330.68,0.3739,-1,-1,-1
64,1,317.48,-0.03,286.52,480.03,0.8756,-1,-1,-1
64,2,0.68,2.18,227.98,476.18,0.8100,-1,-1,-1
64,14,-2.89,78.79,27.35,171.89,0.3062,-1,-1,-1
64,21,175.96,16.99,83.77,414.86,0.5742,-1,-1,-1
64,26,-4.55,71.50,33.92,372.01,0.3602,-1,-1,-1
65,1,317.03,-0.05,288.11,480.02,0.8766,-1,-1,-1
65,2,-1.01,1.70,236.06,474.72,0.7658,-1,-1,-1
65,21,176.39,21.81,85.53,360.03,0.5248,-1,-1,-1
65,26,-5.57,75.06,35.00,360.70,0.3510,-1,-1,-1
65,29,501.67,192.98,26.22,76.49,0.6448,-1,-1,-1
66,1,312.50,0.22,293.50,479.76,0.8840,-1,-1,-1
66,2,0.45,1.46,230.66,472.92,0.8418,-1,-1,-1
66,14,-2.34,78.49,22.85,133.99,0.3764,-1,-1,-1
66,21,176.86,16.35,86.23,332.78,0.6341,-1,-1,-1
66,26,-5.99,74.33,33.66,375.11,0.3685,-1,-1,-1
66,29,502.25,192.05,26.48,76.77,0.6827,-1,-1,-1
67,1,310.65,-0.00,300.05,479.81,0.8852,-1,-1,-1
67,2,1.12,1.11,226.16,476.75,0.8086,-1,-1,-1
67,21,180.13,9.44,82.84,410.78,0.7479,-1,-1,-1
67,26,-4.71,75.23,32.09,380.82,0.5348,-1,-1,-1
67,29,503.60,192.60,24.56,76.43,0.6496,-1,-1,-1
68,1,316.68,0.49,294.79,479.52,0.8942,-1,-1,-1
68,2,0.49,2.75,225.59,474.83,0.7489,-1,-1,-1
68,21,179.32,9.56,84.77,431.67,0.6781,-1,-1,-1
68,26,-4.85,78.15,33.06,349.17,0.3688,-1,-1,-1
68,29,505.93,192.80,23.10,76.83,0.6045,-1,-1,-1
69,1,317.90,0.66,292.39,479.34,0.8914,-1,-1,-1
69,2,-0.15,2.82,225.26,475.45,0.7381,-1,-1,-1
69,12,293.90,176.04,28.67,86.47,0.5638,-1,-1,-1
69,14,-1.71,77.64,22.34,129.69,0.3676,-1,-1,-1
69,20,576.60,198.03,22.59,50.91,0.3180,-1,-1,-1
69,21,178.91,10.24,85.74,435.40,0.6040,-1,-1,-1
69,26,-5.72,74.51,34.14,360.60,0.3949,-1,-1,-1
69,29,505.83,193.47,22.15,75.53,0.6364,-1,-1,-1
70,1,317.60,0.54,292.54,479.47,0.8924,-1,-1,-1
70,2,0.06,1.32,223.12,478.53,0.8237,-1,-1,-1
70,4,577.29,194.16,23.98,53.07,0.3083,-1,-1,-1
70,12,295.42,176.82,26.75,85.36,0.5258,-1,-1,-1
70,14,-1.46,77.51,22.56,128.24,0.3828,-1,-1,-1
70,21,183.01,9.76,83.77,424.52,0.8349,-1,-1,-1
70,26,-5.79,74.95,34.60,358.73,0.4044,-1,-1,-1
70,29,506.33,193.09,22.85,75.94,0.6177,-1,-1,-1
71,1,317.53,0.02,291.06,480.01,0.8761,-1,-1,-1
71,2,0.02,1.35,222.44,478.67,0.8285,-1,-1,-1
71,12,292.89,176.64,28.65,84.74,0.5884,-1,-1,-1
71,14,-1.23,78.00,22.55,126.08,0.4381,-1,-1,-1
71,21,183.87,8.54,84.62,425.35,0.8365,-1,-1,-1
71,26,-5.15,73.98,33.89,367.91,0.3859,-1,-1,-1
71,29,506.52,193.23,22.55,74.85,0.5616,-1,-1,-1
72,1,315.74,0.49,294.34,479.52,0.8826,-1,-1,-1
72,2,-0.02,1.29,223.06,478.76,0.8600,-1,-1,-1
72,12,290.39,176.76,31.79,85.13,0.6206,-1,-1,-1
72,14,-0.93,78.26,22.76,126.23,0.4067,-1,-1,-1
72,20,586.41,196.43,22.69,50.78,0.5860,-1,-1,-1
72,21,184.59,8.11,85.08,426.04,0.8376,-1,-1,-1
72,26,-3.85,75.32,33.22,369.94,0.4918,-1,-1,-1
72,29,506.71,192.86,22.63,76.17,0.5837,-1,-1,-1
73,1,313.21,0.42,297.57,479.59,0.8921,-1,-1,-1
73,2,-0.09,1.34,223.15,478.68,0.8544,-1,-1,-1
73,12,289.81,177.12,30.94,82.75,0.6044,-1,-1,-1
73,14,-0.90,78.09,22.43,127.75,0.4075,-1,-1,-1
73,20,586.26,196.22,23.18,51.99,0.5504,-1,-1,-1
73,21,184.81,10.70,87.64,423.03,0.8394,-1,-1,-1
73,26,-4.07,75.14,34.04,364.37,0.3457,-1,-1,-1
73,29,505.60,192.26,23.03,77.87,0.5066,-1,-1,-1
74,1,312.70,0.05,294.99,479.98,0.8502,-1,-1,-1
74,2,-0.08,1.35,223.38,477.64,0.8475,-1,-1,-1
74,12,290.18,177.04,30.33,82.30,0.5460,-1,-1,-1
74,14,-1.21,78.16,22.61,126.11,0.4139,-1,-1,-1
74,21,185.16,9.38,88.93,423.61,0.8486,-1,-1,-1
74,26,-4.01,74.55,34.06,356.24,0.3474,-1,-1,-1
74,29,505.13,193.18,22.71,75.96,0.5657,-1,-1,-1
75,1,306.83,0.51,295.06,479.47,0.8712,-1,-1,-1
75,2,0.80,0.88,222.12,478.32,0.8281,-1,-1,-1
75,12,290.13,177.33,31.24,82.03,0.6050,-1,-1,-1
75,14,-1.27,77.61,22.90,125.33,0.3665,-1,-1,-1
75,21,186.82,9.90,88.80,422.49,0.8458,-1,-1,-1
75,26,-4.04,73.37,35.07,365.73,0.3003,-1,-1,-1
76,1,305.41,-0.01,297.44,478.61,0.8883,-1,-1,-1
76,2,0.98,0.84,221.88,478.15,0.8184,-1,-1,-1
76,12,290.35,176.90,30.26,81.47,0.6553,-1,-1,-1
76,14,-1.45,78.21,22.55,127.70,0.3270,-1,-1,-1
76,21,186.98,10.20,89.31,422.66,0.8553,-1,-1,-1
77,1,303.74,-0.02,295.22,477.40,0.8743,-1,-1,-1
77,2,1.21,0.92,222.33,476.78,0.8267,-1,-1,-1
77,12,289.87,176.71,32.22,81.35,0.6556,-1,-1,-1
77,14,-1.81,78.61,23.01,119.46,0.3556,-1,-1,-1
77,21,187.49,9.92,89.08,421.65,0.8452,-1,-1,-1
78,1,301.75,-0.00,297.48,476.72,0.8932,-1,-1,-1
78,2,0.93,1.12,223.15,478.77,0.8335,-1,-1,-1
78,12,289.39,177.27,30.95,80.99,0.4948,-1,-1,-1
78,14,-1.69,78.82,22.86,112.60,0.4592,-1,-1,-1
78,21,189.06,9.23,86.50,422.09,0.8442,-1,-1,-1
79,1,305.56,-0.09,287.85,479.96,0.8717,-1,-1,-1
79,2,1.15,0.74,222.87,478.22,0.8323,-1,-1,-1
79,12,288.65,177.79,33.35,80.55,0.4671,-1,-1,-1
79,14,-2.02,79.33,22.66,122.26,0.3722,-1,-1,-1
79,21,188.70,10.20,84.92,422.27,0.8372,-1,-1,-1
80,1,314.88,-0.01,272.26,480.00,0.8758,-1,-1,-1
80,2,0.66,1.27,224.21,478.69,0.8517,-1,-1,-1
80,14,-2.65,79.60,23.18,118.95,0.3803,-1,-1,-1
80,21,188.64,11.19,85.02,423.18,0.8295,-1,-1,-1
80,26,-3.87,76.50,32.43,353.40,0.3051,-1,-1,-1
81,1,312.84,-0.03,276.04,480.00,0.8797,-1,-1,-1
81,2,0.58,1.32,226.90,478.36,0.8432,-1,-1,-1
81,14,-2.51,79.53,23.77,118.77,0.3804,-1,-1,-1
81,21,188.99,11.50,84.15,418.18,0.7936,-1,-1,-1
81,26,-2.89,75.58,32.72,368.85,0.4112,-1,-1,-1
82,1,318.53,0.01,267.96,480.00,0.8624,-1,-1,-1
82,2,0.21,1.42,230.94,476.47,0.8404,-1,-1,-1
82,14,-2.08,79.60,23.09,115.29,0.4133,-1,-1,-1
82,21,189.00,12.26,83.99,418.80,0.7392,-1,-1,-1
82,26,-2.77,76.22,33.21,360.64,0.3536,-1,-1,-1
83,1,308.98,0.11,278.10,475.65,0.8781,-1,-1,-1
83,2,1.25,1.47,225.19,477.78,0.8172,-1,-1,-1
83,14,-1.54,79.28,22.61,118.94,0.4521,-1,-1,-1
83,21,187.75,13.38,83.99,423.41,0.8172,-1,-1,-1
83,26,-2.34,73.82,32.93,375.96,0.3467,-1,-1,-1
84,1,307.30,-0.05,274.92,479.47,0.9028,-1,-1,-1
84,2,0.19,1.59,224.69,476.34,0.7690,-1,-1,-1
84,14,-1.91,79.18,21.20,122.46,0.4578,-1,-1,-1
84,21,183.51,12.01,86.55,426.71,0.7985,-1,-1,-1
85,1,308.45,0.07,279.56,478.31,0.8922,-1,-1,-1
85,2,-1.12,1.71,231.36,474.87,0.7585,-1,-1,-1
85,14,-2.56,79.14,21.91,124.25,0.3617,-1,-1,-1
85,20,614.15,192.98,25.65,56.50,0.5799,-1,-1,-1
85,21,182.05,14.93,84.18,423.06,0.7474,-1,-1,-1
86,1,307.75,0.15,279.89,476.19,0.8678,-1,-1,-1
86,2,0.22,1.74,228.93,476.34,0.7408,-1,-1,-1
86,14,-3.11,79.85,22.31,125.72,0.3753,-1,-1,-1
86,20,615.90,193.47,23.92,56.67,0.4649,-1,-1,-1
86,21,178.08,17.24,84.87,422.52,0.7511,-1,-1,-1
86,26,-4.87,74.01,33.51,371.78,0.3096,-1,-1,-1
87,1,310.76,0.01,276.49,479.87,0.8880,-1,-1,-1
87,2,-1.02,1.77,232.75,475.17,0.7021,-1,-1,-1
87,14,-3.35,79.83,21.29,123.22,0.3266,-1,-1,-1
87,20,615.16,193.24,24.66,56.20,0.4913,-1,-1,-1
87,21,174.18,18.14,85.24,410.66,0.6690,-1,-1,-1
87,26,-4.35,74.83,32.77,367.49,0.4775,-1,-1,-1
87,29,503.72,193.11,23.70,75.82,0.6592,-1,-1,-1
88,1,306.68,0.92,280.96,479.09,0.8988,-1,-1,-1
88,2,0.79,1.85,226.34,475.91,0.8131,-1,-1,-1
88,14,-2.82,80.80,21.97,123.39,0.4349,-1,-1,-1
88,21,174.37,21.86,82.13,410.50,0.7455,-1,-1,-1
88,26,-3.57,73.52,33.13,379.54,0.3271,-1,-1,-1
88,29,505.39,193.20,23.19,77.14,0.5266,-1,-1,-1
89,1,312.24,0.49,275.42,479.51,0.8954,-1,-1,-1
89,2,0.40,1.71,226.24,476.77,0.8041,-1,-1,-1
89,14,-2.45,81.07,21.95,123.48,0.3758,-1,-1,-1
89,21,171.88,23.49,84.16,404.64,0.7135,-1,-1,-1
89,26,-2.81,76.84,32.55,352.10,0.3444,-1,-1,-1
89,29,506.11,192.69,21.88,77.10,0.5062,-1,-1,-1
90,1,308.47,0.68,279.41,479.31,0.8977,-1,-1,-1
90,2,0.47,1.50,223.32,477.52,0.7955,-1,-1,-1
90,21,168.79,23.71,87.71,402.63,0.7516,-1,-1,-1
90,26,-2.41,77.14,32.01,366.53,0.4349,-1,-1,-1
90,29,506.04,192.93,21.00,77.09,0.4288,-1,-1,-1
91,1,308.59,0.95,280.50,479.05,0.8942,-1,-1,-1
91,2,0.32,1.40,222.66,477.45,0.7909,-1,-1,-1
91,14,-2.39,83.59,21.86,129.66,0.4233,-1,-1,-1
91,21,167.48,23.80,90.26,402.68,0.7207,-1,-1,-1
91,26,-1.83,78.04,31.91,377.05,0.4680,-1,-1,-1
91,29,505.41,192.13,21.13,76.60,0.3009,-1,-1,-1
92,1,304.82,0.58,283.49,478.86,0.9044,-1,-1,-1
92,2,-1.58,1.63,233.72,475.82,0.7657,-1,-1,-1
92,21,166.58,24.52,93.92,400.10,0.6928,-1,-1,-1
92,26,-1.85,80.79,32.79,363.22,0.4244,-1,-1,-1
92,29,506.77,192.84,20.60,76.80,0.3295,-1,-1,-1
93,1,306.07,0.39,279.11,478.75,0.8917,-1,-1,-1
93,2,0.87,1.44,223.05,474.83,0.8433,-1,-1,-1
93,14,-1.92,84.68,21.66,126.54,0.3359,-1,-1,-1
93,21,166.95,23.30,104.51,409.84,0.7886,-1,-1,-1
93,26,-1.64,80.10,33.00,360.24,0.3032,-1,-1,-1
93,34,552.29,171.19,70.46,92.37,0.4665,-1,-1,-1
93,35,299.26,180.78,25.73,77.31,0.4509,-1,-1,-1
94,1,306.65,-0.01,278.04,479.95,0.9027,-1,-1,-1
94,2,0.26,1.46,223.65,475.09,0.8469,-1,-1,-1
94,21,168.11,23.60,105.60,410.08,0.7891,-1,-1,-1
94,26,-1.05,79.20,32.84,365.53,0.3182,-1,-1,-1
94,35,299.73,179.05,25.75,79.05,0.4525,-1,-1,-1
94,36,266.73,190.80,17.61,57.66,0.4873,-1,-1,-1
95,1,307.61,0.01,276.27,477.41,0.9009,-1,-1,-1
95,2,0.55,1.45,222.94,475.15,0.8602,-1,-1,-1
95,21,171.00,21.61,103.57,413.09,0.7887,-1,-1,-1
95,26,-0.57,78.57,33.80,371.07,0.4199,-1,-1,-1
95,35,301.35,178.78,23.77,81.10,0.5132,-1,-1,-1
95,36,266.44,193.25,15.90,55.40,0.5570,-1,-1,-1
96,1,307.10,-0.05,275.77,479.98,0.9000,-1,-1,-1
96,2,0.31,1.60,222.64,474.36,0.8360,-1,-1,-1
96,12,282.18,179.86,28.38,77.86,0.3074,-1,-1,-1
96,21,172.94,21.68,100.90,411.18,0.7915,-1,-1,-1
96,26,-1.14,82.35,34.42,364.90,0.4159,-1,-1,-1
96,35,301.81,177.69,22.51,81.02,0.5025,-1,-1,-1
96,36,265.52,191.97,16.71,56.72,0.5344,-1,-1,-1
97,1,307.52,0.09,276.17,476.93,0.9031,-1,-1,-1
97,2,0.47,1.49,222.44,472.14,0.8639,-1,-1,-1
97,12,282.83,179.86,25.08,78.31,0.3722,-1,-1,-1
97,21,176.09,20.49,97.12,412.48,0.8179,-1,-1,-1
97,26,-0.81,86.53,33.85,321.94,0.3741,-1,-1,-1
97,29,504.90,192.42,23.53,81.00,0.3297,-1,-1,-1
97,35,301.78,178.92,23.22,81.01,0.5730,-1,-1,-1
97,36,262.28,192.05,16.83,58.57,0.5794,-1,-1,-1
98,1,308.89,-0.01,275.15,478.11,0.9063,-1,-1,-1
98,2,0.67,1.19,222.61,473.01,0.8745,-1,-1,-1
98,21,182.71,20.04,91.02,412.60,0.8351,-1,-1,-1
98,26,0.44,82.39,32.80,344.91,0.5058,-1,-1,-1
98,29,506.53,192.28,21.66,77.25,0.5049,-1,-1,-1
98,35,302.11,178.00,22.83,82.80,0.5933,-1,-1,-1
99,1,309.24,0.01,274.88,478.09,0.9088,-1,-1,-1
99,2,0.64,1.01,222.47,474.65,0.8856,-1,-1,-1
99,12,279.67,179.67,26.20,79.28,0.3556,-1,-1,-1
99,21,185.52,20.85,90.31,411.29,0.8483,-1,-1,-1
99,26,-0.22,77.90,34.92,367.84,0.4614,-1,-1,-1
99,29,506.85,192.30,21.97,76.87,0.3774,-1,-1,-1
99,35,300.87,177.55,24.32,80.83,0.5366,-1,-1,-1
100,1,309.85,0.01,273.60,477.46,0.9027,-1,-1,-1
100,2,0.64,0.97,221.45,475.52,0.8821,-1,-1,-1
100,12,279.36,178.32,26.35,80.38,0.5720,-1,-1,-1
100,21,187.65,18.15,89.82,413.75,0.8406,-1,-1,-1
100,26,-0.19,82.23,34.79,342.75,0.4249,-1,-1,-1
100,29,505.78,192.48,22.10,75.88,0.5338,-1,-1,-1
100,35,300.75,178.36,25.66,79.87,0.5877,-1,-1,-1
101,1,310.25,-0.02,274.22,479.98,0.9086,-1,-1,-1
101,2,0.64,0.89,221.69,475.20,0.8767,-1,-1,-1
101,12,279.42,178.94,26.42,79.80,0.4013,-1,-1,-1
101,20,557.11,201.64,17.27,42.94,0.3065,-1,-1,-1
101,21,189.86,16.98,92.08,413.69,0.8510,-1,-1,-1
101,26,0.87,80.94,33.77,355.51,0.4264,-1,-1,-1
101,29,507.24,192.74,21.69,76.18,0.3768,-1,-1,-1
101,35,300.71,178.11,24.00,81.50,0.4530,-1,-1,-1
102,1,312.39,0.07,271.46,477.98,0.9022,-1,-1,-1
102,2,0.49,0.82,221.78,475.66,0.8733,-1,-1,-1
102,21,189.61,15.87,94.36,413.01,0.8479,-1,-1,-1
102,26,0.91,81.85,33.91,348.07,0.4417,-1,-1,-1
103,1,313.57,-0.01,271.68,479.99,0.9121,-1,-1,-1
103,2,0.42,1.00,221.83,476.55,0.8701,-1,-1,-1
103,20,540.86,202.51,12.07,37.37,0.4238,-1,-1,-1
103,21,191.11,17.14,93.34,414.77,0.8402,-1,-1,-1
103,26,1.25,83.28,33.87,325.96,0.3839,-1,-1,-1
103,29,508.59,192.95,18.34,75.38,0.3148,-1,-1,-1
104,1,314.41,0.00,274.28,480.00,0.9107,-1,-1,-1
104,2,0.20,0.85,222.67,476.86,0.8892,-1,-1,-1
104,20,541.03,202.56,11.07,36.36,0.3309,-1,-1,-1
104,21,192.21,17.75,89.79,414.82,0.8418,-1,-1,-1
104,26,1.56,80.30,33.84,338.46,0.3364,-1,-1,-1
104,29,507.68,193.14,19.70,75.01,0.3209,-1,-1,-1
105,1,314.07,0.00,274.92,480.00,0.9087,-1,-1,-1
105,2,0.07,0.62,223.00,476.62,0.8626,-1,-1,-1
105,14,0.64,84.05,24.33,119.85,0.3023,-1,-1,-1
105,20,540.98,203.81,12.06,35.58,0.4042,-1,-1,-1
105,21,191.81,17.22,89.00,410.23,0.8375,-1,-1,-1
105,26,2.17,82.25,31.79,350.85,0.3773,-1,-1,-1
105,35,301.34,178.47,24.14,81.22,0.3004,-1,-1,-1
106,1,314.04,0.01,276.74,479.11,0.9044,-1,-1,-1
106,2,0.18,0.42,223.38,477.82,0.8801,-1,-1,-1
106,12,279.26,178.81,25.48,81.40,0.5840,-1,-1,-1
106,20,540.73,203.97,12.26,35.79,0.4061,-1,-1,-1
106,21,192.46,16.47,85.94,415.07,0.8269,-1,-1,-1
106,26,1.74,81.99,32.66,360.56,0.4088,-1,-1,-1
106,35,300.88,178.74,23.93,82.13,0.6320,-1,-1,-1
107,1,313.50,0.37,279.86,478.52,0.8953,-1,-1,-1
107,2,0.05,0.28,224.80,478.19,0.8803,-1,-1,-1
107,12,279.73,179.38,25.62,79.49,0.5656,-1,-1,-1
107,20,541.48,204.34,11.74,35.42,0.3814,-1,-1,-1
107,21,192.28,16.80,86.22,414.81,0.8186,-1,-1,-1
107,26,1.91,82.40,31.79,362.65,0.3580,-1,-1,-1
107,35,301.00,178.49,24.42,82.13,0.5892,-1,-1,-1
108,1,312.01,0.03,284.55,477.09,0.8995,-1,-1,-1
108,2,-0.17,0.09,225.64,477.55,0.8739,-1,-1,-1
108,12,279.46,180.96,24.94,77.60,0.5111,-1,-1,-1
108,20,541.16,202.21,12.02,37.61,0.4675,-1,-1,-1
108,21,191.66,16.16,86.22,415.45,0.8234,-1,-1,-1
108,29,511.10,196.36,16.31,72.09,0.3207,-1,-1,-1
108,35,301.16,178.75,24.26,81.27,0.6024,-1,-1,-1
109,1,312.59,0.02,285.04,475.19,0.8306,-1,-1,-1
109,2,-0.04,-0.02,224.37,478.86,0.8856,-1,-1,-1
109,12,279.20,180.49,25.95,78.13,0.5036,-1,-1,-1
109,21,189.31,16.89,88.54,413.64,0.8311,-1,-1,-1
109,35,301.21,178.34,23.85,82.29,0.5541,-1,-1,-1
110,1,312.62,-0.30,288.33,477.92,0.7576,-1,-1,-1
110,2,-0.02,0.15,223.29,478.33,0.9072,-1,-1,-1
110,21,187.92,16.92,91.46,413.72,0.8395,-1,-1,-1
110,35,300.63,178.15,24.65,82.26,0.4512,-1,-1,-1
111,1,310.86,0.05,291.21,476.91,0.7971,-1,-1,-1
111,2,-0.02,0.09,222.61,479.20,0.8960,-1,-1,-1
111,21,187.82,17.27,92.99,414.30,0.8443,-1,-1,-1
112,1,330.21,-0.04,273.58,479.58,0.7949,-1,-1,-1
112,2,-0.09,0.11,222.80,479.31,0.9071,-1,-1,-1
112,21,187.62,16.93,96.02,416.03,0.8492,-1,-1,-1
112,35,298.24,177.46,27.14,83.27,0.3511,-1,-1,-1
113,1,311.30,0.20,285.11,479.43,0.8646,-1,-1,-1
113,2,-0.04,0.11,222.69,478.82,0.9027,-1,-1,-1
113,21,187.84,18.05,94.16,416.83,0.8531,-1,-1,-1
114,1,308.74,0.01,288.90,479.32,0.8971,-1,-1,-1
114,2,0.08,0.01,222.09,478.51,0.8954,-1,-1,-1
114,21,187.44,19.61,94.82,413.14,0.8538,-1,-1,-1
115,1,308.88,0.04,284.14,477.32,0.8815,-1,-1,-1
115,2,-0.04,0.02,222.32,479.07,0.8897,-1,-1,-1
115,21,188.35,20.16,94.80,415.36,0.8666,-1,-1,-1
116,1,305.48,-0.05,286.40,479.67,0.8953,-1,-1,-1
116,2,0.10,-0.03,221.54,478.55,0.8793,-1,-1,-1
116,21,191.52,20.53,92.90,415.75,0.8596,-1,-1,-1
117,1,305.56,-0.04,282.77,479.06,0.8834,-1,-1,-1
117,2,-0.34,0.09,223.01,478.03,0.8703,-1,-1,-1
117,21,192.33,20.14,95.16,416.97,0.8547,-1,-1,-1
118,1,303.82,0.00,278.23,478.07,0.8899,-1,-1,-1
118,2,-0.30,0.32,224.63,478.74,0.8678,-1,-1,-1
118,20,562.42,200.36,14.50,40.96,0.3044,-1,-1,-1
118,21,193.60,19.94,93.30,417.95,0.8589,-1,-1,-1
119,1,302.70,-0.01,279.52,479.99,0.9114,-1,-1,-1
119,2,-0.18,0.45,228.79,479.53,0.8854,-1,-1,-1
119,14,-0.42,80.19,23.00,105.54,0.3709,-1,-1,-1
119,21,197.27,19.93,91.60,413.32,0.8164,-1,-1,-1
119,26,-2.20,80.00,30.38,342.37,0.4012,-1,-1,-1
119,29,498.83,193.29,29.85,78.24,0.6997,-1,-1,-1
120,1,301.87,0.01,280.46,480.00,0.9103,-1,-1,-1
120,2,0.02,0.60,231.76,479.39,0.8726,-1,-1,-1
120,14,0.26,79.45,23.18,110.99,0.3263,-1,-1,-1
120,21,200.85,21.22,87.50,410.96,0.8095,-1,-1,-1
120,29,498.77,193.14,29.55,78.97,0.7205,-1,-1,-1
121,1,303.03,0.54,280.77,479.44,0.8872,-1,-1,-1
121,2,0.12,0.45,236.46,479.56,0.8772,-1,-1,-1
121,21,200.06,21.04,88.53,415.61,0.8196,-1,-1,-1
121,29,498.71,192.77,30.06,79.61,0.6617,-1,-1,-1
122,1,306.86,0.29,281.79,477.57,0.8887,-1,-1,-1
122,2,0.85,0.23,239.99,479.80,0.8574,-1,-1,-1
122,21,202.54,21.91,82.93,417.71,0.8233,-1,-1,-1
122,26,-0.57,74.34,35.02,396.82,0.3790,-1,-1,-1
122,29,499.03,194.02,29.46,78.01,0.6644,-1,-1,-1
123,1,302.01,0.88,282.42,479.06,0.8960,-1,-1,-1
123,2,0.86,1.20,243.60,478.78,0.8720,-1,-1,-1
123,21,201.91,21.26,84.45,414.53,0.8339,-1,-1,-1
123,26,-0.57,75.29,38.34,402.82,0.5536,-1,-1,-1
123,29,499.24,194.15,30.45,77.82,0.6808,-1,-1,-1
124,1,304.64,0.20,279.08,479.31,0.9042,-1,-1,-1
124,2,0.94,0.89,246.22,478.14,0.8644,-1,-1,-1
124,12,295.37,177.87,30.84,80.92,0.3175,-1,-1,-1
124,20,560.31,200.93,16.60,39.46,0.4117,-1,-1,-1
124,21,202.96,22.59,82.35,407.89,0.8399,-1,-1,-1
124,26,0.11,75.79,38.87,402.48,0.5487,-1,-1,-1
124,29,499.75,194.23,29.72,77.77,0.6532,-1,-1,-1
125,1,305.20,0.64,277.06,478.87,0.9024,-1,-1,-1
125,2,0.75,0.81,248.56,478.06,0.8533,-1,-1,-1
125,12,297.39,178.37,27.51,79.51,0.3570,-1,-1,-1
125,20,535.05,197.87,16.29,43.41,0.3241,-1,-1,-1
125,21,203.09,22.78,81.45,405.63,0.8190,-1,-1,-1
125,26,-0.35,76.66,42.04,403.76,0.5964,-1,-1,-1
125,29,500.74,193.63,28.53,77.66,0.6411,-1,-1,-1
126,1,305.64,0.55,275.69,479.12,0.8998,-1,-1,-1
126,2,-0.02,1.36,251.84,465.20,0.7895,-1,-1,-1
126,12,286.99,179.93,26.17,78.57,0.3461,-1,-1,-1
126,20,561.06,201.97,16.66,38.29,0.4963,-1,-1,-1
126,21,203.82,22.52,80.29,406.21,0.7895,-1,-1,-1
126,26,-0.26,77.04,43.12,402.16,0.4521,-1,-1,-1
126,29,501.11,194.05,27.77,77.83,0.6274,-1,-1,-1
127,1,306.89,0.38,276.15,479.37,0.8968,-1,-1,-1
127,2,1.31,0.77,249.22,475.25,0.8426,-1,-1,-1
127,20,562.60,203.08,15.16,37.15,0.5212,-1,-1,-1
127,21,205.50,22.70,78.57,406.30,0.8088,-1,-1,-1
127,26,-0.53,77.96,45.59,402.90,0.4108,-1,-1,-1
127,29,502.73,193.05,26.79,77.72,0.5888,-1,-1,-1
128,1,306.16,0.58,276.92,478.88,0.9035,-1,-1,-1
128,2,0.23,0.77,253.87,473.41,0.8327,-1,-1,-1
128,12,294.46,178.35,30.84,79.65,0.3227,-1,-1,-1
128,20,562.08,203.45,15.95,37.51,0.4793,-1,-1,-1
128,21,205.00,22.64,79.61,406.93,0.7369,-1,-1,-1
128,26,-0.77,77.63,47.29,403.04,0.5872,-1,-1,-1
128,29,502.93,194.03,26.33,76.69,0.6028,-1,-1,-1
128,41,534.13,202.97,14.06,40.20,0.3205,-1,-1,-1
129,1,307.24,0.26,274.93,478.63,0.8965,-1,-1,-1
129,2,0.66,0.85,253.18,473.97,0.8553,-1,-1,-1
129,12,287.33,186.51,22.43,72.51,0.3245,-1,-1,-1
129,20,561.19,203.95,16.44,37.08,0.4411,-1,-1,-1
129,21,204.85,22.91,79.52,407.55,0.7422,-1,-1,-1
129,26,-0.64,79.87,47.80,400.59,0.6344,-1,-1,-1
129,29,502.98,194.03,26.34,77.04,0.5897,-1,-1,-1
130,1,306.31,0.30,276.47,478.91,0.9090,-1,-1,-1
130,2,2.56,0.87,248.10,472.70,0.8324,-1,-1,-1
130,12,288.84,189.44,20.65,68.92,0.3438,-1,-1,-1
130,20,561.29,203.03,16.26,37.91,0.4594,-1,-1,-1
130,21,204.90,23.84,79.30,407.07,0.7663,-1,-1,-1
130,26,-0.52,80.42,48.89,399.90,0.6947,-1,-1,-1
130,29,504.10,193.56,26.38,76.97,0.6027,-1,-1,-1
131,1,306.15,0.52,275.58,478.73,0.8996,-1,-1,-1
131,2,11.54,1.00,236.38,470.38,0.8093,-1,-1,-1
131,12,288.47,191.19,20.62,67.03,0.3439,-1,-1,-1
131,20,559.83,203.40,17.51,36.98,0.4560,-1,-1,-1
131,21,203.96,23.28,80.52,404.62,0.7974,-1,-1,-1
131,26,-2.64,91.70,53.21,272.99,0.3746,-1,-1,-1
131,29,501.91,193.61,27.91,77.68,0.6517,-1,-1,-1
131,41,530.22,198.91,17.39,46.11,0.3018,-1,-1,-1
132,1,306.77,0.11,273.18,479.24,0.8961,-1,-1,-1
132,2,11.54,0.66,235.72,471.60,0.7881,-1,-1,-1
132,12,282.33,189.69,20.99,67.30,0.3159,-1,-1,-1
132,21,201.72,22.84,82.13,405.92,0.8254,-1,-1,-1
132,29,502.19,192.66,27.45,77.80,0.6415,-1,-1,-1
133,1,306.18,0.04,273.22,476.36,0.8985,-1,-1,-1
133,2,9.24,0.43,236.65,475.29,0.8361,-1,-1,-1
133,12,280.08,187.61,22.01,68.00,0.3831,-1,-1,-1
133,21,200.89,22.59,82.97,406.92,0.8321,-1,-1,-1
133,26,2.86,84.11,39.67,225.95,0.3319,-1,-1,-1
133,29,501.97,192.92,28.06,78.47,0.5941,-1,-1,-1
133,44,294.62,177.89,29.77,80.88,0.5440,-1,-1,-1
134,1,305.31,0.27,270.75,476.35,0.9034,-1,-1,-1
134,2,10.02,0.68,233.98,477.59,0.8551,-1,-1,-1
134,12,280.01,187.97,20.63,66.46,0.3156,-1,-1,-1
134,20,557.86,200.36,19.35,40.12,0.4414,-1,-1,-1
134,21,201.29,22.64,81.22,411.52,0.8372,-1,-1,-1
134,26,-0.14,78.58,45.92,373.50,0.4220,-1,-1,-1
134,29,500.98,192.68,29.02,79.32,0.6294,-1,-1,-1
134,44,295.09,178.40,29.88,80.26,0.5872,-1,-1,-1
135,1,306.48,-0.04,269.64,479.96,0.8891,-1,-1,-1
135,2,7.66,0.84,234.45,477.96,0.8786,-1,-1,-1
135,20,537.39,193.92,18.43,52.90,0.5088,-1,-1,-1
135,21,202.09,22.77,80.90,412.43,0.8360,-1,-1,-1
135,26,0.35,77.80,44.25,394.78,0.4017,-1,-1,-1
135,29,500.67,192.90,28.00,78.83,0.6260,-1,-1,-1
135,44,295.09,177.54,29.86,81.60,0.5320,-1,-1,-1
136,1,305.72,0.10,269.54,479.90,0.8891,-1,-1,-1
136,2,6.24,0.92,231.04,477.38,0.8580,-1,-1,-1
136,20,535.06,191.27,20.67,57.31,0.3698,-1,-1,-1
136,21,199.85,23.80,83.22,410.21,0.8289,-1,-1,-1
136,26,-0.09,77.51,44.16,397.28,0.4064,-1,-1,-1
136,29,500.34,192.56,28.70,79.44,0.6368,-1,-1,-1
136,44,297.20,178.33,27.11,80.84,0.4173,-1,-1,-1
137,1,305.75,0.01,269.57,480.00,0.8920,-1,-1,-1
137,2,6.83,0.77,225.03,478.24,0.8566,-1,-1,-1
137,20,534.17,190.99,22.11,58.17,0.4991,-1,-1,-1
137,21,194.79,23.00,89.02,409.20,0.8277,-1,-1,-1
137,26,0.52,79.25,41.99,394.32,0.4124,-1,-1,-1
137,29,500.68,193.22,28.55,78.73,0.6007,-1,-1,-1
137,44,297.72,178.03,26.80,80.77,0.5054,-1,-1,-1
138,1,304.16,0.00,272.03,479.94,0.9059,-1,-1,-1
138,2,5.63,0.39,222.01,479.59,0.8710,-1,-1,-1
138,20,533.14,189.89,24.32,58.49,0.4715,-1,-1,-1
138,21,191.66,23.29,92.08,412.16,0.8409,-1,-1,-1
138,29,501.94,192.89,27.83,78.85,0.5743,-1,-1,-1
138,44,292.78,178.47,33.81,80.94,0.6002,-1,-1,-1
139,1,304.95,-0.00,272.69,480.00,0.9105,-1,-1,-1
139,2,3.88,0.38,222.77,479.62,0.8712,-1,-1,-1
139,20,555.39,199.41,19.23,44.60,0.4003,-1,-1,-1
139,21,190.35,22.49,93.55,410.20,0.8470,-1,-1,-1
139,29,502.00,193.56,27.66,78.02,0.5519,-1,-1,-1
139,44,291.56,178.15,35.07,81.20,0.6247,-1,-1,-1
140,1,305.40,0.63,274.24,478.94,0.9103,-1,-1,-1
140,2,2.53,0.66,220.32,479.00,0.8796,-1,-1,-1
140,20,556.09,202.78,17.09,39.71,0.3279,-1,-1,-1
140,21,189.25,22.31,95.13,410.38,0.8526,-1,-1,-1
140,29,502.73,192.75,27.91,78.46,0.5440,-1,-1,-1
140,44,292.92,177.08,32.00,82.14,0.6009,-1,-1,-1
141,1,304.14,0.07,276.67,474.60,0.8996,-1,-1,-1
141,2,1.92,0.79,217.70,478.51,0.8872,-1,-1,-1
141,20,554.69,203.87,15.84,38.29,0.3270,-1,-1,-1
141,21,187.54,20.96,97.08,412.33,0.8562,-1,-1,-1
141,29,502.18,192.87,27.36,78.26,0.5859,-1,-1,-1
141,44,293.05,178.28,32.19,80.49,0.4772,-1,-1,-1
142,1,304.13,0.27,277.39,479.26,0.9093,-1,-1,-1
142,2,1.48,0.96,215.81,479.03,0.8835,-1,-1,-1
142,20,555.94,203.40,17.88,38.95,0.3905,-1,-1,-1
142,21,187.46,20.63,96.99,413.63,0.8585,-1,-1,-1
142,29,502.67,192.29,27.02,78.92,0.5659,-1,-1,-1
142,44,294.51,178.20,27.91,80.20,0.4530,-1,-1,-1
143,1,305.56,-0.00,278.23,479.85,0.9058,-1,-1,-1
143,2,0.49,0.99,216.31,479.02,0.8861,-1,-1,-1
143,20,555.28,206.62,14.33,36.25,0.3284,-1,-1,-1
143,21,185.39,20.26,99.55,414.14,0.8618,-1,-1,-1
143,29,504.28,191.93,24.45,78.41,0.5973,-1,-1,-1
143,44,291.77,178.25,32.80,81.29,0.5431,-1,-1,-1
144,1,305.07,-0.01,282.07,480.00,0.9140,-1,-1,-1
144,2,0.07,1.03,216.84,478.44,0.8927,-1,-1,-1
144,20,554.21,203.11,16.68,38.93,0.4364,-1,-1,-1
144,21,185.01,20.55,99.76,413.28,0.8557,-1,-1,-1
144,29,504.52,191.33,23.62,78.74,0.5345,-1,-1,-1
144,44,293.24,178.14,29.89,80.30,0.5569,-1,-1,-1
145,1,306.97,0.02,286.75,480.01,0.9005,-1,-1,-1
145,2,0.11,1.05,215.38,478.12,0.9011,-1,-1,-1
145,20,555.98,203.39,19.74,55.81,0.4485,-1,-1,-1
145,21,182.47,20.21,102.54,412.95,0.8543,-1,-1,-1
145,29,505.79,192.16,22.91,77.93,0.5533,-1,-1,-1
145,44,294.00,178.42,28.93,79.91,0.5816,-1,-1,-1
146,1,308.48,0.03,285.76,479.72,0.8602,-1,-1,-1
146,2,0.04,1.26,215.57,477.46,0.8962,-1,-1,-1
146,21,182.66,20.33,102.29,412.35,0.8513,-1,-1,-1
146,44,295.96,178.14,26.46,80.29,0.6031,-1,-1,-1
147,1,323.72,0.04,281.85,477.21,0.8401,-1,-1,-1
147,2,0.20,1.38,216.09,476.71,0.8911,-1,-1,-1
147,21,183.60,20.45,100.70,412.55,0.8538,-1,-1,-1
147,44,296.75,177.55,23.95,82.45,0.3721,-1,-1,-1
148,1,315.62,0.01,293.53,476.59,0.8729,-1,-1,-1
148,2,0.91,1.00,217.17,478.16,0.8647,-1,-1,-1
148,12,290.44,184.49,22.37,75.46,0.3479,-1,-1,-1
148,21,186.32,20.39,97.81,412.41,0.8583,-1,-1,-1
148,44,298.50,177.99,23.44,83.31,0.3985,-1,-1,-1
149,1,315.72,-0.02,296.08,477.44,0.8848,-1,-1,-1
149,2,1.34,0.48,221.87,479.50,0.8583,-1,-1,-1
149,12,288.93,198.88,20.19,62.27,0.4408,-1,-1,-1
149,21,189.28,20.84,94.74,411.15,0.8565,-1,-1,-1
149,44,300.66,178.68,21.96,84.40,0.4509,-1,-1,-1
150,1,315.35,-0.02,298.60,479.29,0.8776,-1,-1,-1
150,2,1.99,0.93,223.46,478.78,0.8665,-1,-1,-1
150,21,190.43,21.63,93.81,413.00,0.8527,-1,-1,-1
151,1,316.65,-0.01,295.10,479.60,0.8437,-1,-1,-1
151,2,3.38,0.77,224.53,478.92,0.8560,-1,-1,-1
151,21,193.20,21.94,90.49,414.52,0.8592,-1,-1,-1
152,1,316.58,-0.09,288.79,478.93,0.7837,-1,-1,-1
152,2,7.61,0.52,222.94,479.45,0.8585,-1,-1,-1
152,21,193.68,21.88,89.82,413.22,0.8666,-1,-1,-1
153,1,310.89,-0.00,291.37,476.46,0.8181,-1,-1,-1
153,2,8.38,0.72,225.24,475.75,0.8399,-1,-1,-1
153,21,193.44,21.56,89.83,412.04,0.8636,-1,-1,-1
154,1,306.30,0.54,288.58,479.33,0.8768,-1,-1,-1
154,2,6.06,0.60,228.40,475.08,0.8284,-1,-1,-1
154,21,192.88,21.44,90.77,414.05,0.8524,-1,-1,-1
154,29,502.98,188.67,26.00,79.52,0.6724,-1,-1,-1
154,47,-0.74,79.46,45.24,386.05,0.3545,-1,-1,-1
155,1,305.32,0.49,284.63,479.54,0.8916,-1,-1,-1
155,2,7.99,0.61,226.10,476.76,0.8269,-1,-1,-1
155,21,192.69,21.96,90.29,414.59,0.8440,-1,-1,-1
155,29,500.60,192.56,27.73,76.81,0.6322,-1,-1,-1
155,47,-0.73,78.88,43.96,387.27,0.3343,-1,-1,-1
155,48,553.94,204.89,16.31,37.46,0.3844,-1,-1,-1
156,1,305.09,0.03,280.26,480.00,0.9024,-1,-1,-1
156,2,6.49,0.67,228.37,478.08,0.8636,-1,-1,-1
156,21,192.20,21.76,90.10,413.95,0.8660,-1,-1,-1
156,29,499.20,194.91,28.30,74.97,0.5656,-1,-1,-1
156,48,552.54,207.99,15.68,34.88,0.3115,-1,-1,-1
156,49,-1.10,80.28,36.29,122.52,0.3461,-1,-1,-1
157,1,302.88,0.00,261.18,480.00,0.9151,-1,-1,-1
157,2,7.24,0.46,226.54,475.31,0.8366,-1,-1,-1
157,21,191.33,20.85,89.33,415.96,0.8652,-1,-1,-1
157,29,498.04,194.57,29.45,76.62,0.5834,-1,-1,-1
157,48,554.97,210.13,14.23,32.83,0.3180,-1,-1,-1
157,49,-0.73,80.27,34.93,170.40,0.3268,-1,-1,-1
158,1,304.73,-0.00,231.25,480.00,0.9171,-1,-1,-1
158,2,6.41,0.05,225.15,477.97,0.8398,-1,-1,-1
158,21,191.02,19.38,89.53,419.04,0.8587,-1,-1,-1
158,29,497.81,195.87,29.94,75.45,0.5186,-1,-1,-1
158,48,552.46,209.15,16.71,34.00,0.4268,-1,-1,-1
158,49,-2.45,79.28,36.59,133.34,0.3706,-1,-1,-1
158,50,589.42,0.64,50.40,255.41,0.4960,-1,-1,-1
159,1,300.02,0.01,218.38,480.00,0.9095,-1,-1,-1
159,2,4.07,0.24,227.29,478.32,0.8462,-1,-1,-1
159,21,190.48,18.86,92.05,418.12,0.8468,-1,-1,-1
159,29,496.92,184.42,31.15,87.55,0.7015,-1,-1,-1
159,47,-1.95,76.36,39.68,394.19,0.4555,-1,-1,-1
159,48,549.52,205.66,17.15,38.11,0.3324,-1,-1,-1
159,50,587.56,0.72,52.22,252.24,0.3503,-1,-1,-1
159,51,527.27,195.23,20.50,56.14,0.4940,-1,-1,-1
160,1,302.56,0.62,200.25,474.17,0.9183,-1,-1,-1
160,2,0.51,1.00,228.59,478.17,0.8644,-1,-1,-1
160,12,282.45,183.14,22.92,75.06,0.3036,-1,-1,-1
160,21,190.05,18.86,91.22,419.66,0.8495,-1,-1,-1
160,29,496.44,184.82,32.27,87.25,0.7206,-1,-1,-1
160,47,-2.31,76.50,39.98,394.17,0.4358,-1,-1,-1
161,1,294.87,-0.04,206.26,479.96,0.9106,-1,-1,-1
161,2,0.26,0.74,228.20,479.21,0.8619,-1,-1,-1
161,21,188.90,18.15,91.71,420.57,0.8480,-1,-1,-1
161,29,495.82,186.03,32.34,86.18,0.6947,-1,-1,-1
161,47,-1.24,76.23,36.85,392.86,0.4434,-1,-1,-1
161,50,585.70,0.86,54.08,249.81,0.3890,-1,-1,-1
162,1,289.67,0.62,212.85,474.55,0.9057,-1,-1,-1
162,2,0.18,0.52,229.48,478.39,0.8340,-1,-1,-1
162,21,187.94,15.63,94.86,421.90,0.8529,-1,-1,-1
162,29,496.88,184.25,32.20,88.11,0.7160,-1,-1,-1
162,47,0.40,73.92,35.51,390.40,0.3512,-1,-1,-1
162,50,588.76,0.81,51.19,248.40,0.3282,-1,-1,-1
162,51,524.89,193.25,19.57,59.01,0.4755,-1,-1,-1
163,1,288.45,0.40,213.77,475.25,0.9063,-1,-1,-1
163,2,0.24,0.58,227.93,474.77,0.8297,-1,-1,-1
163,21,187.72,15.34,93.68,426.43,0.8500,-1,-1,-1
163,29,496.86,183.74,33.75,88.40,0.7194,-1,-1,-1
163,47,-0.08,72.75,35.35,376.84,0.3301,-1,-1,-1
163,50,589.59,0.78,50.24,248.17,0.3866,-1,-1,-1
164,1,289.65,0.70,211.72,474.48,0.9039,-1,-1,-1
164,2,0.38,0.58,224.60,475.07,0.8044,-1,-1,-1
164,21,186.62,13.68,93.92,428.43,0.8365,-1,-1,-1
164,29,495.85,182.68,32.63,89.79,0.7224,-1,-1,-1
164,47,-0.01,72.55,33.23,366.47,0.3541,-1,-1,-1
165,1,295.01,-0.02,206.78,479.97,0.9196,-1,-1,-1
165,2,0.20,0.45,223.53,475.42,0.8192,-1,-1,-1
165,21,187.08,13.66,93.33,428.12,0.8456,-1,-1,-1
165,29,496.22,183.21,33.30,89.30,0.7147,-1,-1,-1
165,47,1.11,77.45,30.11,349.98,0.3302,-1,-1,-1
166,1,296.01,-0.01,206.51,480.00,0.9216,-1,-1,-1
166,2,0.32,-0.02,222.76,476.74,0.8161,-1,-1,-1
166,21,185.62,12.05,94.90,430.80,0.8413,-1,-1,-1
166,29,496.46,182.73,33.06,89.55,0.7196,-1,-1,-1
167,1,294.82,0.01,207.18,480.00,0.9167,-1,-1,-1
167,2,-0.06,0.65,221.19,472.89,0.7952,-1,-1,-1
167,21,184.65,10.79,94.59,432.33,0.8183,-1,-1,-1
167,29,496.12,183.68,33.94,88.75,0.7215,-1,-1,-1
167,48,547.69,202.62,20.43,42.83,0.3512,-1,-1,-1
168,1,293.72,-0.00,207.57,480.00,0.9129,-1,-1,-1
168,2,-0.12,0.38,220.84,474.48,0.8190,-1,-1,-1
168,21,183.67,10.64,94.85,432.23,0.8436,-1,-1,-1
168,29,496.05,182.83,34.11,89.39,0.7232,-1,-1,-1
168,48,547.57,201.00,20.57,44.76,0.3973,-1,-1,-1
168,51,525.31,189.69,19.15,62.32,0.3096,-1,-1,-1
169,1,286.05,1.18,215.46,473.83,0.9026,-1,-1,-1
169,2,-0.03,0.43,220.68,474.27,0.7543,-1,-1,-1
169,21,183.15,10.55,96.02,433.55,0.8433,-1,-1,-1
169,29,496.53,183.93,33.35,89.05,0.7326,-1,-1,-1
169,48,548.04,202.49,20.51,42.86,0.3261,-1,-1,-1
170,1,280.68,0.86,220.49,473.94,0.8991,-1,-1,-1
170,2,-0.37,0.30,220.08,471.87,0.7596,-1,-1,-1
170,21,182.81,9.98,96.31,435.78,0.8438,-1,-1,-1
170,29,496.42,182.78,33.65,89.90,0.7141,-1,-1,-1
170,51,526.70,188.79,17.73,63.83,0.3592,-1,-1,-1
171,1,279.79,0.68,221.05,474.76,0.9023,-1,-1,-1
171,2,-0.18,0.00,219.22,473.85,0.7941,-1,-1,-1
171,21,182.28,9.88,96.89,437.38,0.8462,-1,-1,-1
172,1,281.80,0.77,219.10,475.65,0.8971,-1,-1,-1
172,2,-0.01,0.17,219.03,475.97,0.8445,-1,-1,-1
172,21,182.56,9.96,96.63,437.80,0.8467,-1,-1,-1
173,1,283.50,0.66,216.38,476.90,0.8991,-1,-1,-1
173,2,0.20,0.17,218.85,476.92,0.8152,-1,-1,-1
173,21,181.59,10.09,97.92,436.67,0.8486,-1,-1,-1
174,1,283.11,0.88,216.19,477.09,0.9030,-1,-1,-1
174,2,-0.12,0.15,218.69,476.14,0.8272,-1,-1,-1
174,21,181.09,10.22,97.99,436.75,0.8488,-1,-1,-1
175,1,280.97,0.87,218.25,477.44,0.8519,-1,-1,-1
175,2,0.04,0.10,218.51,477.03,0.8592,-1,-1,-1
175,21,179.89,10.80,100.11,442.59,0.8492,-1,-1,-1
176,1,283.79,-0.00,215.39,479.15,0.8984,-1,-1,-1
176,2,0.09,0.00,218.90,476.88,0.8271,-1,-1,-1
176,21,180.71,11.41,99.62,439.22,0.8401,-1,-1,-1
177,1,282.85,0.62,216.23,475.34,0.8925,-1,-1,-1
177,2,-0.23,-0.06,218.71,474.58,0.7937,-1,-1,-1
177,21,181.02,11.63,97.98,438.78,0.8552,-1,-1,-1
178,1,282.09,-0.03,219.28,478.32,0.9043,-1,-1,-1
178,2,0.06,-0.13,218.16,477.52,0.8279,-1,-1,-1
178,21,180.14,11.13,99.72,436.78,0.8605,-1,-1,-1
178,29,495.85,183.46,34.64,89.46,0.7169,-1,-1,-1
178,48,547.42,202.91,18.88,42.96,0.5523,-1,-1,-1
179,1,267.12,0.59,233.74,477.06,0.8599,-1,-1,-1
179,2,0.16,0.14,218.16,475.85,0.8363,-1,-1,-1
179,21,181.01,11.22,98.32,440.16,0.8658,-1,-1,-1
179,29,496.40,183.29,33.78,89.63,0.7315,-1,-1,-1
179,48,548.60,204.31,18.15,41.36,0.4065,-1,-1,-1
180,1,283.56,-0.01,217.50,479.23,0.9031,-1,-1,-1
180,2,0.24,0.11,218.41,477.56,0.8415,-1,-1,-1
180,21,180.50,11.43,98.91,437.84,0.8561,-1,-1,-1
180,29,496.34,183.26,33.30,89.50,0.7046,-1,-1,-1
180,48,549.74,206.16,17.26,40.24,0.3471,-1,-1,-1
181,1,281.89,0.00,219.95,479.92,0.9067,-1,-1,-1
181,2,0.23,0.13,218.23,476.75,0.8204,-1,-1,-1
181,21,182.13,11.76,96.90,437.27,0.8608,-1,-1,-1
181,29,496.57,183.49,32.83,89.34,0.7022,-1,-1,-1
181,48,549.77,206.57,17.28,40.08,0.3748,-1,-1,-1
182,1,282.71,0.64,220.97,475.29,0.9032,-1,-1,-1
182,2,0.17,0.27,217.89,474.29,0.8312,-1,-1,-1
182,21,181.39,11.20,97.24,435.46,0.8436,-1,-1,-1
182,29,496.59,183.69,32.62,88.58,0.7113,-1,-1,-1
183,1,283.13,0.55,221.26,475.93,0.9034,-1,-1,-1
183,2,0.03,0.38,218.82,476.04,0.8450,-1,-1,-1
183,21,182.04,11.65,96.39,435.96,0.8514,-1,-1,-1
183,29,497.06,184.57,31.20,87.82,0.7192,-1,-1,-1
183,48,548.73,205.80,16.01,40.48,0.3511,-1,-1,-1
183,51,523.25,188.64,23.88,68.40,0.5395,-1,-1,-1
184,1,285.33,0.84,220.76,475.30,0.9051,-1,-1,-1
184,2,0.42,0.51,218.46,474.90,0.8221,-1,-1,-1
184,21,181.24,11.61,97.24,435.28,0.8483,-1,-1,-1
184,29,497.95,184.15,29.74,88.51,0.7046,-1,-1,-1
184,51,524.08,187.54,25.49,69.59,0.5915,-1,-1,-1
185,1,288.76,0.80,219.00,474.80,0.8970,-1,-1,-1
185,2,0.31,0.37,218.49,475.41,0.8311,-1,-1,-1
185,21,180.77,11.59,97.55,435.19,0.8491,-1,-1,-1
185,29,498.51,184.42,29.39,87.63,0.7018,-1,-1,-1
185,48,546.90,202.95,18.17,43.82,0.3310,-1,-1,-1
185,51,522.74,188.76,25.82,67.57,0.4276,-1,-1,-1
186,1,294.81,1.14,214.53,474.37,0.9136,-1,-1,-1
186,2,0.17,0.36,218.72,476.49,0.8591,-1,-1,-1
186,21,181.27,11.47,97.23,435.83,0.8526,-1,-1,-1
186,29,498.64,185.47,28.76,86.07,0.6992,-1,-1,-1
186,48,548.35,204.81,18.27,42.61,0.3171,-1,-1,-1
186,51,522.74,187.87,22.66,68.67,0.5189,-1,-1,-1
187,1,294.77,1.06,215.40,474.78,0.9097,-1,-1,-1
187,2,0.12,0.31,218.68,475.83,0.8708,-1,-1,-1
187,21,182.34,11.49,96.01,435.77,0.8492,-1,-1,-1
187,29,499.37,185.65,27.99,85.43,0.6708,-1,-1,-1
187,51,522.81,191.64,21.10,65.40,0.5344,-1,-1,-1
188,1,295.99,0.98,214.18,474.18,0.9124,-1,-1,-1
188,2,0.08,0.37,218.68,475.91,0.8590,-1,-1,-1
188,21,181.14,11.36,97.33,435.54,0.8514,-1,-1,-1
188,29,499.80,185.24,28.11,86.41,0.6813,-1,-1,-1
188,48,549.41,206.45,16.49,40.83,0.3243,-1,-1,-1
188,51,522.69,192.29,19.45,67.12,0.4160,-1,-1,-1
189,1,296.60,0.88,213.29,473.85,0.9132,-1,-1,-1
189,2,0.08,0.28,218.71,475.45,0.8381,-1,-1,-1
189,21,181.34,10.93,96.78,435.88,0.8536,-1,-1,-1
189,29,499.41,184.45,28.77,87.11,0.6820,-1,-1,-1
189,51,523.92,189.39,20.40,69.81,0.5309,-1,-1,-1
189,52,293.78,177.86,23.34,76.17,0.3298,-1,-1,-1
190,1,296.48,0.78,213.47,474.70,0.9129,-1,-1,-1
190,2,0.07,0.29,218.53,475.35,0.8495,-1,-1,-1
190,21,181.74,11.06,96.32,434.67,0.8424,-1,-1,-1
190,29,499.06,185.51,29.09,85.93,0.6713,-1,-1,-1
190,51,523.41,188.94,20.23,70.83,0.5014,-1,-1,-1
190,52,293.72,178.30,23.16,78.23,0.4620,-1,-1,-1
191,1,296.66,0.94,212.90,474.62,0.9146,-1,-1,-1
191,2,0.06,0.41,218.39,475.70,0.8552,-1,-1,-1
191,21,181.54,10.88,96.62,435.81,0.8468,-1,-1,-1
191,29,498.91,184.79,29.46,87.33,0.6869,-1,-1,-1
191,51,524.95,189.32,21.28,70.02,0.4345,-1,-1,-1
191,52,294.65,177.98,22.97,78.33,0.5035,-1,-1,-1
192,1,295.51,0.95,214.17,474.41,0.9103,-1,-1,-1
192,2,0.01,0.39,218.37,475.58,0.8474,-1,-1,-1
192,21,180.84,11.09,97.54,435.73,0.8524,-1,-1,-1
192,29,498.88,184.44,29.49,87.06,0.6717,-1,-1,-1
192,52,294.31,178.29,23.11,77.71,0.4818,-1,-1,-1
193,1,294.43,0.70,215.28,474.58,0.9085,-1,-1,-1
193,2,0.06,0.40,217.91,474.35,0.8332,-1,-1,-1
193,21,181.46,11.14,96.81,436.36,0.8511,-1,-1,-1
193,29,499.08,184.76,29.09,87.46,0.6923,-1,-1,-1
193,51,525.12,189.05,24.73,71.88,0.3452,-1,-1,-1
193,52,293.19,177.26,23.90,77.80,0.3578,-1,-1,-1
194,1,290.16,0.43,219.21,475.75,0.8970,-1,-1,-1
194,2,0.17,0.29,217.30,475.84,0.8345,-1,-1,-1
194,21,180.32,10.98,97.78,436.79,0.8552,-1,-1,-1
194,29,499.32,184.62,29.01,87.69,0.6950,-1,-1,-1
194,51,523.21,188.82,26.86,72.91,0.3126,-1,-1,-1
195,1,285.40,0.42,223.65,476.12,0.8811,-1,-1,-1
195,2,0.10,0.51,217.11,475.66,0.8489,-1,-1,-1
195,21,180.12,10.97,97.40,436.86,0.8557,-1,-1,-1
195,29,498.91,184.20,28.54,88.45,0.6765,-1,-1,-1
196,1,282.58,0.48,226.38,476.22,0.8901,-1,-1,-1
196,2,0.21,0.51,216.74,474.19,0.7973,-1,-1,-1
196,21,178.96,10.95,98.82,436.87,0.8554,-1,-1,-1
196,29,499.68,183.65,28.82,89.09,0.6645,-1,-1,-1
196,51,526.45,189.85,28.73,72.27,0.3367,-1,-1,-1
197,1,281.17,0.49,228.72,476.67,0.8978,-1,-1,-1
197,2,0.23,0.47,217.16,474.28,0.8441,-1,-1,-1
197,21,178.18,10.37,99.29,437.55,0.8517,-1,-1,-1
197,29,498.99,184.45,29.34,87.90,0.6450,-1,-1,-1
197,51,526.52,189.69,26.85,73.16,0.3974,-1,-1,-1
198,1,281.09,0.69,228.13,475.92,0.9113,-1,-1,-1
198,2,0.19,0.50,216.31,474.66,0.8636,-1,-1,-1
198,21,177.31,10.41,98.84,438.50,0.8591,-1,-1,-1
198,29,499.17,184.75,30.11,87.67,0.6916,-1,-1,-1
198,51,527.72,188.33,36.16,74.74,0.3536,-1,-1,-1
199,1,279.38,0.66,229.71,476.64,0.9095,-1,-1,-1
199,2,-0.29,1.54,216.74,473.39,0.8072,-1,-1,-1
199,21,175.91,11.38,98.59,437.70,0.8503,-1,-1,-1
199,29,498.13,184.63,30.81,86.50,0.6874,-1,-1,-1
199,51,524.64,186.63,27.36,76.28,0.4139,-1,-1,-1
200,1,277.00,0.74,231.67,475.71,0.9050,-1,-1,-1
200,2,-0.18,5.11,216.37,469.15,0.7862,-1,-1,-1
200,21,174.64,11.97,96.54,437.68,0.8486,-1,-1,-1
200,29,498.20,185.23,30.75,87.25,0.7195,-1,-1,-1
200,51,529.17,185.52,36.00,74.84,0.4085,-1,-1,-1
201,1,274.18,-0.02,233.51,479.97,0.9074,-1,-1,-1
201,2,-0.20,3.43,216.37,470.90,0.7744,-1,-1,-1
201,21,169.75,12.86,99.13,438.68,0.8343,-1,-1,-1
201,29,497.58,185.20,30.13,87.45,0.7007,-1,-1,-1
202,1,273.48,0.01,233.38,480.00,0.9086,-1,-1,-1
202,2,-0.59,6.82,216.83,468.91,0.7266,-1,-1,-1
202,21,164.36,15.27,100.62,435.76,0.8105,-1,-1,-1
202,29,497.31,185.32,29.86,87.24,0.6885,-1,-1,-1
202,51,524.81,189.06,26.93,75.66,0.3484,-1,-1,-1
203,1,273.35,0.03,232.78,478.59,0.8959,-1,-1,-1
203,2,0.08,13.13,215.42,462.61,0.6434,-1,-1,-1
203,21,156.05,16.92,106.54,432.49,0.7762,-1,-1,-1
203,29,496.92,184.80,29.74,88.13,0.7035,-1,-1,-1
203,51,524.12,188.13,27.93,76.90,0.5203,-1,-1,-1
204,1,273.13,0.87,232.44,474.46,0.8902,-1,-1,-1
204,2,0.13,3.44,214.16,469.50,0.6954,-1,-1,-1
204,21,155.80,19.22,102.08,420.23,0.8095,-1,-1,-1
204,29,495.17,186.30,29.61,87.04,0.7614,-1,-1,-1
204,51,519.69,189.40,31.57,76.86,0.5684,-1,-1,-1
205,1,272.13,1.00,234.59,473.71,0.8817,-1,-1,-1
205,2,-0.01,1.27,214.14,470.08,0.6693,-1,-1,-1
205,21,154.29,20.93,97.67,412.87,0.8103,-1,-1,-1
205,29,496.21,186.47,28.65,86.03,0.7397,-1,-1,-1
205,48,546.58,207.69,15.29,42.54,0.3064,-1,-1,-1
205,51,521.87,187.86,30.20,78.48,0.5856,-1,-1,-1
206,1,269.54,0.73,236.96,474.00,0.8895,-1,-1,-1
206,2,0.37,1.58,212.14,471.14,0.6220,-1,-1,-1
206,21,153.34,23.26,95.38,406.76,0.7806,-1,-1,-1
206,29,495.21,186.47,29.39,85.46,0.7054,-1,-1,-1
206,48,548.98,204.72,13.28,45.19,0.3127,-1,-1,-1
206,51,523.63,186.68,29.72,78.38,0.4717,-1,-1,-1
207,1,271.82,0.92,234.47,474.17,0.8838,-1,-1,-1
207,2,0.07,2.13,211.54,469.77,0.5662,-1,-1,-1
207,21,155.44,25.32,92.25,396.58,0.7155,-1,-1,-1
207,29,495.28,185.98,28.62,86.20,0.7398,-1,-1,-1
207,48,548.20,202.41,13.79,47.79,0.3134,-1,-1,-1
207,51,519.51,185.59,31.37,79.89,0.5186,-1,-1,-1
208,1,263.45,0.58,243.59,475.03,0.8868,-1,-1,-1
208,2,0.15,0.32,210.88,473.97,0.7751,-1,-1,-1
208,21,165.63,30.24,85.23,374.94,0.7923,-1,-1,-1
208,29,493.69,186.66,29.83,87.09,0.7034,-1,-1,-1
208,51,519.44,186.85,35.09,78.61,0.4416,-1,-1,-1
209,1,261.22,0.81,246.09,475.42,0.8914,-1,-1,-1
209,2,0.43,0.22,209.16,474.44,0.7689,-1,-1,-1
209,21,169.71,33.58,81.09,365.45,0.7932,-1,-1,-1
209,29,494.48,185.94,29.08,86.78,0.7298,-1,-1,-1
209,51,521.27,186.06,33.75,81.46,0.4616,-1,-1,-1
210,1,256.61,0.75,248.78,476.51,0.8626,-1,-1,-1
210,2,0.58,1.00,204.15,474.48,0.8730,-1,-1,-1
210,21,172.91,44.54,79.68,353.06,0.8382,-1,-1,-1
210,29,492.54,185.64,30.52,88.21,0.7284,-1,-1,-1
210,51,519.76,186.32,24.66,80.92,0.4357,-1,-1,-1
211,1,267.62,1.15,237.11,476.55,0.8114,-1,-1,-1
211,2,0.48,1.36,201.04,475.69,0.8797,-1,-1,-1
211,21,171.80,48.05,84.55,349.24,0.8473,-1,-1,-1
211,29,491.66,183.58,31.54,89.68,0.7399,-1,-1,-1
211,51,524.62,184.95,24.89,80.68,0.4124,-1,-1,-1
212,1,264.34,1.19,240.43,476.47,0.8357,-1,-1,-1
212,2,0.68,1.11,197.31,472.29,0.8257,-1,-1,-1
212,21,169.70,54.30,93.38,345.23,0.8593,-1,-1,-1
212,29,491.14,185.94,30.04,89.51,0.7201,-1,-1,-1
212,51,524.90,186.80,33.93,79.16,0.3881,-1,-1,-1
213,1,252.33,1.23,250.89,477.00,0.8697,-1,-1,-1
213,2,1.63,2.32,188.24,473.70,0.7969,-1,-1,-1
213,21,167.46,53.72,103.68,344.75,0.8614,-1,-1,-1
213,29,490.15,184.72,29.28,89.42,0.6658,-1,-1,-1
213,51,520.76,186.08,24.42,80.07,0.4459,-1,-1,-1
214,1,254.53,0.85,245.16,476.71,0.8786,-1,-1,-1
214,2,1.08,0.82,183.43,477.17,0.8093,-1,-1,-1
214,21,154.90,56.05,121.75,353.93,0.8708,-1,-1,-1
214,29,489.69,184.75,28.57,89.98,0.7141,-1,-1,-1
214,51,517.80,185.43,26.53,82.89,0.5570,-1,-1,-1
215,1,256.23,0.69,241.35,475.24,0.8978,-1,-1,-1
215,2,0.49,0.43,182.73,476.43,0.7633,-1,-1,-1
215,21,161.46,56.47,117.88,345.52,0.8818,-1,-1,-1
215,29,485.35,185.03,33.05,89.44,0.7067,-1,-1,-1
215,48,539.14,198.55,20.19,54.31,0.4535,-1,-1,-1
215,51,516.16,184.54,26.50,83.59,0.5478,-1,-1,-1
216,1,255.95,0.24,239.11,476.27,0.8768,-1,-1,-1
216,2,0.45,0.06,179.25,474.34,0.7168,-1,-1,-1
216,21,167.88,59.08,114.37,341.11,0.8861,-1,-1,-1
216,29,487.99,184.38,28.19,90.05,0.7330,-1,-1,-1
216,48,536.84,197.55,20.90,53.57,0.4401,-1,-1,-1
216,51,520.73,186.67,20.18,80.74,0.4105,-1,-1,-1
217,1,288.66,0.93,204.93,478.78,0.8184,-1,-1,-1
217,2,0.46,-0.02,179.01,477.20,0.8020,-1,-1,-1
217,21,170.46,61.74,114.99,339.36,0.8841,-1,-1,-1
217,29,485.52,182.41,31.53,91.69,0.7297,-1,-1,-1
217,48,538.26,196.36,19.27,54.48,0.4279,-1,-1,-1
217,51,522.56,184.96,19.12,80.00,0.5047,-1,-1,-1
218,1,264.85,1.23,225.91,478.97,0.7992,-1,-1,-1
218,2,-0.15,0.31,181.12,478.34,0.7898,-1,-1,-1
218,21,173.68,68.98,114.00,331.51,0.8689,-1,-1,-1
218,29,482.26,181.79,31.29,94.84,0.7211,-1,-1,-1
218,51,521.69,190.43,18.75,76.56,0.3868,-1,-1,-1
219,1,293.89,0.23,193.43,479.72,0.8277,-1,-1,-1
219,2,0.25,0.36,182.88,476.16,0.8155,-1,-1,-1
219,21,181.09,74.70,110.24,325.74,0.8703,-1,-1,-1
219,29,481.35,180.44,30.89,94.36,0.7534,-1,-1,-1
219,48,535.03,198.23,21.77,54.21,0.3229,-1,-1,-1
219,51,506.90,185.47,29.50,82.25,0.4139,-1,-1,-1
220,1,293.29,9.27,191.45,469.10,0.7507,-1,-1,-1
220,2,0.52,0.42,186.84,476.21,0.8100,-1,-1,-1
220,21,186.44,80.20,105.41,317.05,0.8613,-1,-1,-1
220,29,480.04,180.27,31.15,95.95,0.7701,-1,-1,-1
220,48,537.68,198.78,21.80,52.73,0.3208,-1,-1,-1
220,51,509.86,184.43,27.38,84.54,0.5778,-1,-1,-1
221,1,268.41,22.10,218.54,457.09,0.8681,-1,-1,-1
221,2,-0.18,1.21,193.15,475.64,0.7590,-1,-1,-1
221,21,189.51,87.93,104.36,301.35,0.8712,-1,-1,-1
221,29,483.79,181.67,25.72,93.72,0.7415,-1,-1,-1
221,48,537.75,199.97,21.27,52.28,0.3596,-1,-1,-1
221,51,506.76,184.31,29.45,84.64,0.6156,-1,-1,-1
222,1,282.39,28.34,209.60,450.93,0.9130,-1,-1,-1
222,2,0.40,1.37,198.90,477.26,0.5465,-1,-1,-1
222,21,196.74,90.61,102.25,290.15,0.8688,-1,-1,-1
222,29,486.72,182.83,24.08,91.80,0.6508,-1,-1,-1
222,48,538.41,203.77,21.23,49.84,0.4666,-1,-1,-1
222,51,506.71,182.43,30.40,86.49,0.6742,-1,-1,-1
223,1,290.14,32.64,206.05,447.29,0.8907,-1,-1,-1
223,2,-0.98,0.70,211.99,472.32,0.7691,-1,-1,-1
223,21,203.11,92.79,96.57,273.39,0.8623,-1,-1,-1
223,29,488.90,182.96,21.62,96.60,0.4531,-1,-1,-1
223,48,537.78,203.85,22.16,49.77,0.5084,-1,-1,-1
223,51,506.62,183.70,29.16,87.99,0.4508,-1,-1,-1
224,1,291.57,35.19,205.32,444.81,0.9124,-1,-1,-1
224,2,-0.44,0.43,215.96,474.73,0.6626,-1,-1,-1
224,21,208.26,95.03,92.78,271.11,0.8636,-1,-1,-1
224,29,488.79,182.50,23.44,95.78,0.5215,-1,-1,-1
224,48,538.09,203.03,21.99,50.72,0.5164,-1,-1,-1
224,51,508.79,185.38,25.54,87.12,0.3175,-1,-1,-1
225,1,292.70,38.83,202.27,440.07,0.9178,-1,-1,-1
225,2,0.22,-0.02,220.16,478.02,0.8388,-1,-1,-1
225,21,214.08,101.76,89.20,266.17,0.8741,-1,-1,-1
225,29,486.04,184.14,28.81,94.70,0.6246,-1,-1,-1
225,48,538.70,201.21,22.34,52.95,0.5123,-1,-1,-1
225,56,561.15,204.55,15.74,39.05,0.3295,-1,-1,-1
226,1,295.30,43.35,193.17,436.62,0.9126,-1,-1,-1
226,2,-0.27,2.17,227.10,473.92,0.8231,-1,-1,-1
226,21,219.82,107.74,85.63,260.58,0.8762,-1,-1,-1
226,29,484.36,180.33,30.18,98.23,0.6672,-1,-1,-1
226,48,539.19,202.01,23.24,53.50,0.5082,-1,-1,-1
226,51,510.87,189.38,21.48,83.09,0.4368,-1,-1,-1
227,1,299.19,49.67,182.96,430.34,0.9026,-1,-1,-1
227,2,0.26,1.31,227.07,475.63,0.8147,-1,-1,-1
227,21,222.01,111.20,87.22,249.68,0.8699,-1,-1,-1
227,29,481.10,180.34,33.17,100.25,0.7182,-1,-1,-1
227,48,540.09,201.07,21.95,53.99,0.5444,-1,-1,-1
227,51,510.30,188.65,21.46,83.82,0.4055,-1,-1,-1
228,1,302.79,55.02,172.53,423.97,0.9123,-1,-1,-1
228,2,0.02,1.36,231.33,475.83,0.9134,-1,-1,-1
228,21,230.93,111.30,84.06,245.81,0.8428,-1,-1,-1
228,29,481.87,180.43,34.08,102.75,0.7392,-1,-1,-1
228,48,542.26,201.76,21.27,54.91,0.5635,-1,-1,-1
228,51,510.75,185.72,21.79,86.43,0.3761,-1,-1,-1
229,1,306.46,61.62,158.03,418.40,0.9038,-1,-1,-1
229,2,1.31,1.59,225.48,475.95,0.9023,-1,-1,-1
229,21,236.77,109.87,86.21,231.66,0.8608,-1,-1,-1
229,29,484.71,183.74,31.78,101.17,0.6980,-1,-1,-1
229,48,543.19,199.98,23.59,57.97,0.5929,-1,-1,-1
229,56,564.75,202.72,17.46,44.41,0.3107,-1,-1,-1
230,1,309.13,66.16,151.38,413.21,0.8854,-1,-1,-1
230,2,0.57,1.45,223.25,477.76,0.8907,-1,-1,-1
230,21,239.41,110.27,84.63,229.85,0.8485,-1,-1,-1
230,29,485.96,183.00,32.03,102.81,0.6965,-1,-1,-1
230,48,545.68,199.50,21.23,59.06,0.6461,-1,-1,-1
230,58,454.14,169.07,33.34,123.10,0.6905,-1,-1,-1
231,1,308.37,66.16,148.28,413.80,0.8866,-1,-1,-1
231,2,0.38,4.83,222.58,470.64,0.7193,-1,-1,-1
231,21,244.96,110.42,83.38,229.44,0.8646,-1,-1,-1
231,29,489.25,183.47,29.35,103.02,0.7233,-1,-1,-1
231,48,552.02,199.46,22.34,59.08,0.6640,-1,-1,-1
231,51,515.38,184.64,22.71,88.83,0.4095,-1,-1,-1
231,58,453.15,165.32,38.53,126.41,0.7729,-1,-1,-1
232,1,325.06,65.50,135.51,413.48,0.8691,-1,-1,-1
232,2,0.83,5.45,221.57,472.88,0.8020,-1,-1,-1
232,21,251.80,113.66,81.07,227.87,0.8517,-1,-1,-1
232,29,494.20,183.05,25.10,101.67,0.6565,-1,-1,-1
232,48,552.96,199.67,26.65,60.37,0.5283,-1,-1,-1
232,51,514.74,184.17,24.90,92.37,0.5436,-1,-1,-1
232,58,456.24,162.74,41.99,130.42,0.7572,-1,-1,-1
232,60,575.20,156.77,64.57,200.67,0.6592,-1,-1,-1
233,1,332.54,64.27,131.69,415.35,0.8699,-1,-1,-1
233,2,3.04,2.86,221.51,470.93,0.5819,-1,-1,-1
233,21,258.25,118.95,79.02,223.27,0.8269,-1,-1,-1
233,29,502.85,178.57,20.09,99.07,0.3930,-1,-1,-1
233,48,557.64,198.83,25.37,61.37,0.6122,-1,-1,-1
233,51,522.02,184.77,20.48,92.49,0.5433,-1,-1,-1
233,58,467.01,160.13,38.12,133.32,0.6892,-1,-1,-1
233,60,575.90,162.39,64.89,195.68,0.3395,-1,-1,-1
234,1,322.56,70.19,164.59,409.76,0.8998,-1,-1,-1
234,2,2.72,1.33,223.07,470.67,0.6598,-1,-1,-1
234,21,265.98,121.51,75.74,216.90,0.8079,-1,-1,-1
234,29,493.59,166.11,27.42,122.62,0.3090,-1,-1,-1
234,48,566.40,202.54,21.40,58.20,0.5034,-1,-1,-1
234,51,519.90,184.47,25.96,92.79,0.4935,-1,-1,-1
234,58,477.18,160.15,37.38,132.65,0.5223,-1,-1,-1
234,60,585.91,167.63,53.90,214.60,0.4548,-1,-1,-1
235,1,334.42,74.72,168.32,405.17,0.8957,-1,-1,-1
235,2,6.54,0.61,219.94,477.60,0.8443,-1,-1,-1
235,21,270.44,121.72,77.33,213.14,0.8103,-1,-1,-1
235,48,570.24,198.68,27.67,62.84,0.4998,-1,-1,-1
235,51,526.80,186.90,23.34,93.00,0.4080,-1,-1,-1
235,58,484.46,158.73,37.00,130.58,0.3944,-1,-1,-1
236,1,343.20,79.34,169.46,400.65,0.8976,-1,-1,-1
236,2,7.26,0.78,224.01,477.20,0.8866,-1,-1,-1
236,21,278.76,117.65,73.60,206.06,0.7915,-1,-1,-1
236,29,505.62,172.49,28.86,116.30,0.3177,-1,-1,-1
236,48,575.12,191.17,28.94,69.28,0.5555,-1,-1,-1
236,51,530.20,191.35,26.38,86.86,0.4805,-1,-1,-1
236,61,4.30,116.43,43.73,188.06,0.5009,-1,-1,-1
237,1,361.90,88.22,164.68,391.37,0.9057,-1,-1,-1
237,2,8.51,7.05,232.41,472.07,0.8753,-1,-1,-1
237,21,286.77,118.96,74.54,204.30,0.8394,-1,-1,-1
237,29,492.76,166.93,41.94,148.01,0.3036,-1,-1,-1
237,48,584.63,192.56,27.54,69.49,0.5677,-1,-1,-1
237,51,541.67,183.90,18.89,94.87,0.4479,-1,-1,-1
237,60,610.29,202.42,29.64,275.65,0.6426,-1,-1,-1
237,61,3.50,119.94,56.51,153.25,0.5860,-1,-1,-1
238,1,373.59,85.68,162.74,394.33,0.9026,-1,-1,-1
238,2,9.94,7.25,235.95,472.75,0.8706,-1,-1,-1
238,21,290.10,120.13,77.04,202.83,0.8211,-1,-1,-1
238,48,589.18,195.09,29.61,68.38,0.5367,-1,-1,-1
238,51,545.65,185.35,20.37,97.10,0.3531,-1,-1,-1
238,60,609.40,205.81,30.56,275.99,0.5992,-1,-1,-1
238,61,1.88,117.08,65.82,154.52,0.4624,-1,-1,-1
238,63,241.88,170.41,30.07,102.78,0.5701,-1,-1,-1
239,1,391.51,88.32,156.16,391.20,0.8984,-1,-1,-1
239,2,4.18,14.02,249.27,465.59,0.8335,-1,-1,-1
239,21,305.69,124.62,65.03,198.74,0.7860,-1,-1,-1
239,48,594.74,199.39,30.21,64.57,0.3596,-1,-1,-1
239,60,598.66,214.24,41.34,269.59,0.3968,-1,-1,-1
239,61,2.40,118.79,76.40,322.92,0.4073,-1,-1,-1
239,63,248.16,163.84,32.60,114.38,0.5146,-1,-1,-1
239,64,364.99,175.67,23.40,86.76,0.5244,-1,-1,-1
240,1,398.23,85.35,160.35,373.25,0.8861,-1,-1,-1
240,2,16.54,14.99,243.37,463.48,0.7601,-1,-1,-1
240,21,304.18,124.65,70.06,194.45,0.7561,-1,-1,-1
240,48,596.77,190.00,31.13,71.55,0.5217,-1,-1,-1
240,56,0.10,166.40,45.15,96.57,0.5306,-1,-1,-1
240,63,252.63,158.64,38.16,116.41,0.7078,-1,-1,-1
240,64,366.01,180.24,24.88,80.48,0.4236,-1,-1,-1
241,1,410.55,83.16,154.26,376.15,0.8928,-1,-1,-1
241,2,2.36,14.78,265.84,460.84,0.7140,-1,-1,-1
241,21,308.78,123.40,76.72,194.17,0.7989,-1,-1,-1
241,48,596.90,196.34,32.91,61.06,0.3115,-1,-1,-1
241,64,366.23,180.94,24.03,79.52,0.3866,-1,-1,-1
242,1,414.05,86.79,149.07,377.82,0.8768,-1,-1,-1
242,2,44.12,9.38,225.39,470.57,0.8342,-1,-1,-1
242,21,290.16,122.04,94.46,192.70,0.8221,-1,-1,-1
242,66,392.54,180.79,25.25,80.40,0.5067,-1,-1,-1
242,67,2.50,114.55,104.99,324.93,0.4652,-1,-1,-1
243,1,415.04,88.77,146.20,380.93,0.8919,-1,-1,-1
243,2,50.66,7.05,224.96,471.07,0.8379,-1,-1,-1
243,21,304.14,121.74,78.25,189.37,0.8472,-1,-1,-1
243,66,391.21,180.93,26.68,80.96,0.5726,-1,-1,-1
243,67,6.62,115.58,101.70,325.83,0.3915,-1,-1,-1
243,68,575.92,20.90,63.91,459.04,0.7335,-1,-1,-1
244,1,424.30,90.39,141.42,378.74,0.8873,-1,-1,-1
244,2,73.36,7.38,205.77,468.82,0.7837,-1,-1,-1
244,21,316.47,120.65,66.00,189.41,0.7016,-1,-1,-1
244,66,393.76,178.97,25.14,83.15,0.5857,-1,-1,-1
244,68,543.41,1.79,96.38,478.09,0.8332,-1,-1,-1
244,70,536.09,134.22,36.36,90.35,0.3441,-1,-1,-1
244,71,10.33,168.58,57.29,85.90,0.7449,-1,-1,-1
245,1,428.79,87.41,133.76,384.99,0.8594,-1,-1,-1
245,2,69.63,10.05,214.51,449.79,0.8552,-1,-1,-1
245,21,310.96,121.19,72.02,192.63,0.7880,-1,-1,-1
245,66,391.60,179.49,25.62,82.49,0.6203,-1,-1,-1
245,68,530.68,-2.76,109.21,480.18,0.7260,-1,-1,-1
245,72,413.48,172.79,30.99,106.56,0.4912,-1,-1,-1
246,1,434.11,86.29,119.03,381.86,0.8571,-1,-1,-1
246,2,74.14,8.89,212.83,468.03,0.9022,-1,-1,-1
246,21,306.12,121.02,75.71,190.40,0.8131,-1,-1,-1
246,66,387.97,175.12,28.02,86.50,0.5735,-1,-1,-1
246,68,533.07,-2.12,106.65,480.09,0.7500,-1,-1,-1
246,72,411.47,169.27,39.16,109.39,0.7345,-1,-1,-1
247,1,436.77,85.38,116.77,364.47,0.8353,-1,-1,-1
247,2,80.50,10.04,206.89,466.33,0.9034,-1,-1,-1
247,21,307.06,122.27,72.14,189.95,0.8133,-1,-1,-1
247,66,386.28,176.20,26.02,84.90,0.6349,-1,-1,-1
247,68,504.22,-0.21,135.46,477.85,0.8079,-1,-1,-1
247,71,1.07,165.82,15.98,87.91,0.6920,-1,-1,-1
247,72,408.73,171.54,32.91,106.91,0.7499,-1,-1,-1
247,74,28.51,195.37,18.75,38.46,0.5787,-1,-1,-1
248,1,436.18,87.82,130.16,353.33,0.8476,-1,-1,-1
248,2,87.26,8.70,201.90,469.60,0.8322,-1,-1,-1
248,21,306.41,122.67,73.30,190.06,0.8409,-1,-1,-1
248,66,383.87,174.53,28.33,87.14,0.6756,-1,-1,-1
248,68,524.71,0.70,114.98,479.22,0.8616,-1,-1,-1
248,72,407.52,170.36,34.68,109.93,0.7694,-1,-1,-1
248,74,27.22,194.72,18.77,38.92,0.6141,-1,-1,-1
248,75,285.43,168.78,28.10,93.40,0.5172,-1,-1,-1
249,1,446.36,86.53,122.78,359.67,0.7633,-1,-1,-1
249,2,97.64,7.13,197.29,471.64,0.8885,-1,-1,-1
249,21,311.67,121.77,72.90,186.74,0.8360,-1,-1,-1
249,66,386.06,173.95,29.48,88.03,0.6867,-1,-1,-1
249,68,497.86,0.59,141.92,477.32,0.8528,-1,-1,-1
249,72,410.46,170.11,34.95,110.91,0.7721,-1,-1,-1
249,74,29.33,195.36,17.17,38.22,0.5664,-1,-1,-1
249,75,290.31,169.56,24.43,92.39,0.6559,-1,-1,-1
250,1,459.78,87.80,122.52,365.41,0.6552,-1,-1,-1
250,2,109.92,7.98,193.76,470.44,0.9174,-1,-1,-1
250,21,318.82,123.11,71.53,182.04,0.8528,-1,-1,-1
250,66,390.23,175.10,30.23,90.92,0.6794,-1,-1,-1
250,68,502.68,0.67,137.15,479.58,0.8214,-1,-1,-1
250,72,414.21,171.94,35.23,113.26,0.7797,-1,-1,-1
250,74,33.01,197.13,18.31,39.42,0.5371,-1,-1,-1
250,75,297.51,172.87,21.61,91.67,0.5937,-1,-1,-1
250,76,77.91,175.91,37.43,87.61,0.4476,-1,-1,-1
251,2,120.50,10.11,189.09,469.85,0.9129,-1,-1,-1
251,21,324.52,123.92,67.33,182.25,0.8604,-1,-1,-1
251,66,394.71,175.06,27.13,91.47,0.6135,-1,-1,-1
251,68,511.16,0.24,128.61,479.89,0.8438,-1,-1,-1
251,72,414.91,170.57,36.96,116.21,0.7773,-1,-1,-1
251,74,35.09,197.05,17.07,40.50,0.5065,-1,-1,-1
251,76,73.19,178.61,27.16,84.61,0.3680,-1,-1,-1
252,2,126.79,17.05,189.79,462.99,0.8903,-1,-1,-1
252,21,327.88,128.65,65.93,181.55,0.8592,-1,-1,-1
252,66,397.35,177.33,27.19,92.32,0.5380,-1,-1,-1
252,68,519.00,3.37,120.70,470.98,0.8710,-1,-1,-1
252,72,416.43,174.48,35.95,117.00,0.7354,-1,-1,-1
252,74,36.96,199.27,16.30,40.64,0.4358,-1,-1,-1
252,77,66.72,179.68,50.90,90.38,0.6007,-1,-1,-1
253,2,137.76,28.08,186.05,451.76,0.8997,-1,-1,-1
253,21,333.70,130.64,68.24,182.47,0.8573,-1,-1,-1
253,29,460.98,142.31,57.72,179.12,0.7374,-1,-1,-1
253,66,401.13,174.26,27.31,95.13,0.5322,-1,-1,-1
253,68,523.29,5.26,116.57,467.02,0.8818,-1,-1,-1
253,72,420.58,174.32,36.94,120.15,0.6897,-1,-1,-1
253,74,42.93,202.22,14.98,39.42,0.4384,-1,-1,-1
253,77,66.02,180.22,49.87,93.66,0.7019,-1,-1,-1
253,78,501.01,145.67,49.63,162.96,0.3229,-1,-1,-1
254,2,147.36,28.77,182.30,450.70,0.8914,-1,-1,-1
254,21,338.88,133.76,63.30,179.89,0.8496,-1,-1,-1
254,29,459.92,141.42,56.72,181.80,0.7379,-1,-1,-1
254,66,404.92,175.41,26.11,95.40,0.4114,-1,-1,-1
254,68,529.00,3.94,110.53,473.22,0.8783,-1,-1,-1
254,72,421.63,171.51,37.90,123.41,0.6799,-1,-1,-1
254,74,44.29,202.99,14.77,39.25,0.3582,-1,-1,-1
254,77,67.81,179.87,44.82,93.30,0.6661,-1,-1,-1
255,2,129.49,37.77,211.82,442.19,0.8651,-1,-1,-1
255,21,342.41,137.20,60.12,178.68,0.8387,-1,-1,-1
255,29,440.52,142.30,74.23,187.20,0.8488,-1,-1,-1
255,68,527.84,4.05,111.64,475.23,0.8990,-1,-1,-1
255,72,418.83,172.04,37.91,126.08,0.6412,-1,-1,-1
255,77,59.86,180.67,40.35,97.11,0.6404,-1,-1,-1
255,80,111.48,143.15,55.27,160.38,0.7456,-1,-1,-1
256,2,165.88,35.44,186.30,443.78,0.8961,-1,-1,-1
256,21,344.41,134.30,58.53,177.18,0.7650,-1,-1,-1
256,29,427.46,141.48,86.08,190.56,0.8101,-1,-1,-1
256,68,525.62,0.79,114.10,477.29,0.9070,-1,-1,-1
256,72,415.76,168.33,36.24,130.17,0.5575,-1,-1,-1
256,77,39.35,178.11,47.93,100.56,0.6231,-1,-1,-1
256,80,83.02,134.83,72.86,168.72,0.6307,-1,-1,-1
256,81,495.41,167.99,46.26,134.76,0.5900,-1,-1,-1
257,2,168.59,35.84,185.81,442.20,0.8837,-1,-1,-1
257,21,345.70,132.79,52.42,176.25,0.7824,-1,-1,-1
257,29,426.94,139.08,84.24,196.19,0.8732,-1,-1,-1
257,68,524.21,0.32,115.45,478.80,0.9039,-1,-1,-1
257,77,15.40,178.79,64.86,101.67,0.6384,-1,-1,-1
257,80,58.28,131.52,84.83,176.47,0.7949,-1,-1,-1
257,81,489.34,167.79,51.55,143.14,0.6821,-1,-1,-1
258,2,152.09,27.75,202.91,449.68,0.8613,-1,-1,-1
258,21,343.09,133.21,55.81,179.54,0.7984,-1,-1,-1
258,29,412.47,132.15,78.51,207.47,0.8205,-1,-1,-1
258,68,483.71,0.47,156.28,479.47,0.8379,-1,-1,-1
258,77,2.31,182.36,53.25,97.61,0.3843,-1,-1,-1
258,80,32.82,132.27,99.10,180.13,0.8589,-1,-1,-1
258,81,483.60,164.15,53.45,148.96,0.6868,-1,-1,-1
259,2,150.72,28.46,200.54,449.96,0.8739,-1,-1,-1
259,21,344.47,136.43,51.01,177.15,0.7992,-1,-1,-1
259,29,397.92,128.40,72.94,213.23,0.8711,-1,-1,-1
259,68,472.65,0.06,167.16,480.06,0.8552,-1,-1,-1
259,77,-3.31,176.32,43.55,99.03,0.4512,-1,-1,-1
259,80,11.26,129.13,111.36,184.91,0.8813,-1,-1,-1
259,81,480.27,163.25,58.71,150.16,0.6151,-1,-1,-1
260,2,143.40,27.49,197.75,452.54,0.9072,-1,-1,-1
260,21,335.95,141.13,53.45,173.86,0.7812,-1,-1,-1
260,29,391.11,127.61,72.06,224.57,0.7487,-1,-1,-1
260,68,498.32,1.27,141.19,478.83,0.8915,-1,-1,-1
260,80,-0.52,127.26,104.65,192.59,0.8998,-1,-1,-1
260,81,473.32,142.76,57.77,176.32,0.6939,-1,-1,-1
261,2,134.12,26.78,193.25,453.29,0.8995,-1,-1,-1
261,21,323.72,145.79,58.05,171.80,0.8076,-1,-1,-1
261,29,360.01,129.38,99.65,232.63,0.8354,-1,-1,-1
261,68,488.72,1.47,151.06,477.71,0.9111,-1,-1,-1
261,80,-1.53,124.23,79.02,195.58,0.8624,-1,-1,-1
261,81,466.46,146.10,46.96,179.29,0.6195,-1,-1,-1
262,2,118.20,22.11,195.27,457.44,0.8415,-1,-1,-1
262,21,317.30,146.55,56.41,168.91,0.6461,-1,-1,-1
262,29,332.53,128.37,111.76,240.47,0.8338,-1,-1,-1
262,56,-0.37,157.68,40.43,162.82,0.3284,-1,-1,-1
262,68,459.27,1.72,180.50,475.69,0.8910,-1,-1,-1
263,2,109.05,11.92,196.06,468.12,0.8953,-1,-1,-1
263,29,320.77,121.04,102.31,257.52,0.8725,-1,-1,-1
263,68,442.94,0.75,196.79,477.61,0.9250,-1,-1,-1
264,2,103.37,10.50,194.33,468.13,0.8476,-1,-1,-1
264,29,318.07,117.18,106.54,264.01,0.8486,-1,-1,-1
264,68,437.72,0.45,201.99,478.98,0.9049,-1,-1,-1
265,2,73.64,8.09,219.35,471.51,0.8509,-1,-1,-1
265,29,288.50,108.08,78.35,279.56,0.7723,-1,-1,-1
265,68,431.25,0.86,208.35,476.68,0.9103,-1,-1,-1
265,72,374.51,160.71,47.21,156.47,0.8163,-1,-1,-1
266,2,79.53,8.98,212.15,470.31,0.8524,-1,-1,-1
266,21,336.19,147.33,41.74,157.46,0.7446,-1,-1,-1
266,29,284.06,99.49,63.81,287.52,0.7699,-1,-1,-1
266,68,424.84,0.66,214.86,476.14,0.8700,-1,-1,-1
266,72,370.67,156.06,46.84,159.76,0.7846,-1,-1,-1
267,2,58.85,6.23,229.16,471.64,0.8256,-1,-1,-1
267,21,315.36,140.42,51.10,158.28,0.8248,-1,-1,-1
267,29,256.68,88.79,82.69,293.57,0.7857,-1,-1,-1
267,68,422.71,0.74,217.13,476.39,0.9144,-1,-1,-1
267,72,360.01,146.97,63.02,165.22,0.7854,-1,-1,-1
268,2,39.06,0.57,246.57,478.87,0.7728,-1,-1,-1
268,21,308.85,134.07,54.41,161.38,0.8494,-1,-1,-1
268,29,242.40,78.31,90.70,301.02,0.5002,-1,-1,-1
268,68,423.28,0.54,216.47,476.13,0.9181,-1,-1,-1
268,72,355.62,141.15,66.36,166.48,0.7796,-1,-1,-1
269,2,31.71,-0.53,262.89,480.08,0.8080,-1,-1,-1
269,21,308.06,130.08,53.20,158.75,0.7998,-1,-1,-1
269,68,419.36,0.87,220.65,474.14,0.9117,-1,-1,-1
269,72,347.34,135.57,60.23,171.04,0.7764,-1,-1,-1
269,84,276.17,146.18,34.35,128.95,0.3931,-1,-1,-1
270,2,36.44,-0.25,255.34,479.22,0.8813,-1,-1,-1
270,21,310.98,110.77,40.87,160.07,0.7388,-1,-1,-1
270,68,405.03,0.21,234.99,476.46,0.9089,-1,-1,-1
270,72,337.57,114.78,56.95,176.76,0.7993,-1,-1,-1
270,85,589.61,178.63,50.25,229.01,0.6829,-1,-1,-1
271,2,31.89,-0.80,258.94,474.98,0.8835,-1,-1,-1
271,21,315.63,83.76,34.66,161.76,0.5846,-1,-1,-1
271,66,298.56,110.84,23.62,122.61,0.3443,-1,-1,-1
271,68,400.31,-0.11,239.63,479.34,0.9133,-1,-1,-1
271,72,328.26,86.33,59.99,182.04,0.7887,-1,-1,-1
271,85,591.69,97.49,48.14,270.86,0.5438,-1,-1,-1
272,2,31.67,-2.25,246.04,442.88,0.7820,-1,-1,-1
272,66,272.56,69.65,37.19,135.74,0.4074,-1,-1,-1
272,68,396.84,-0.37,242.68,479.84,0.9158,-1,-1,-1
272,72,314.71,48.02,67.30,191.88,0.8085,-1,-1,-1
272,85,590.47,40.85,48.89,298.33,0.4049,-1,-1,-1
273,2,26.77,1.01,246.87,445.95,0.6987,-1,-1,-1
273,66,252.66,61.31,61.13,146.79,0.7549,-1,-1,-1
273,68,397.48,0.33,242.14,479.77,0.9118,-1,-1,-1
273,72,311.25,41.30,65.65,195.09,0.7509,-1,-1,-1
273,85,582.98,107.64,59.90,209.12,0.3695,-1,-1,-1
273,86,16.66,4.66,102.48,373.18,0.3710,-1,-1,-1
274,2,76.19,3.09,179.88,476.34,0.7079,-1,-1,-1
274,66,258.48,80.59,51.25,142.77,0.7571,-1,-1,-1
274,68,396.94,1.20,241.85,473.26,0.9034,-1,-1,-1
274,72,306.15,54.83,69.15,199.01,0.7754,-1,-1,-1
274,85,586.18,64.82,53.60,259.45,0.4815,-1,-1,-1
274,86,11.91,11.64,69.17,272.63,0.4689,-1,-1,-1
275,2,35.58,1.93,221.17,476.20,0.8454,-1,-1,-1
275,66,264.92,100.37,39.05,139.97,0.6514,-1,-1,-1
275,68,394.72,1.51,241.47,475.28,0.8675,-1,-1,-1
275,72,297.21,73.14,65.96,203.05,0.7900,-1,-1,-1
275,85,599.41,16.61,40.39,316.36,0.5051,-1,-1,-1
275,86,0.81,80.46,53.30,236.02,0.6450,-1,-1,-1
276,2,40.34,4.10,210.67,467.28,0.8090,-1,-1,-1
276,56,-0.02,169.28,28.51,99.93,0.4699,-1,-1,-1
276,66,259.96,132.57,47.69,133.46,0.4936,-1,-1,-1
276,68,404.10,1.21,234.50,478.17,0.9043,-1,-1,-1
276,72,292.55,102.03,71.45,204.57,0.8093,-1,-1,-1
276,85,603.00,99.19,38.57,250.43,0.4006,-1,-1,-1
277,2,45.12,2.05,199.16,436.88,0.8312,-1,-1,-1
277,66,248.29,142.77,38.31,131.43,0.4888,-1,-1,-1
277,68,404.61,0.53,234.41,479.67,0.9186,-1,-1,-1
277,72,283.77,112.30,69.72,210.05,0.7235,-1,-1,-1
277,85,596.93,50.93,42.88,316.22,0.4075,-1,-1,-1
278,2,25.89,-0.37,208.88,477.18,0.8501,-1,-1,-1
278,21,325.84,132.28,44.76,143.32,0.5724,-1,-1,-1
278,66,238.64,147.75,37.34,127.87,0.5451,-1,-1,-1
278,68,401.35,0.12,219.55,479.78,0.9041,-1,-1,-1
278,72,270.00,112.96,72.09,218.44,0.7791,-1,-1,-1
278,85,589.28,87.52,51.51,273.80,0.4628,-1,-1,-1
279,2,8.90,22.38,205.10,454.92,0.8794,-1,-1,-1
279,21,315.34,148.56,54.58,143.97,0.6583,-1,-1,-1
279,68,381.14,0.46,218.58,479.23,0.8975,-1,-1,-1
279,72,253.92,129.06,74.75,223.76,0.7787,-1,-1,-1
279,85,578.58,63.21,61.24,313.66,0.8094,-1,-1,-1
279,89,188.35,143.16,64.19,194.79,0.7391,-1,-1,-1
280,2,-0.27,20.66,184.85,456.56,0.8899,-1,-1,-1
280,21,298.43,149.45,54.09,146.36,0.8052,-1,-1,-1
280,68,359.21,-0.07,221.98,477.94,0.8896,-1,-1,-1
280,72,232.38,126.58,74.58,228.31,0.7876,-1,-1,-1
280,85,565.24,60.42,74.68,315.17,0.8291,-1,-1,-1
280,89,168.86,144.86,72.45,201.81,0.8065,-1,-1,-1
281,2,-2.03,2.97,146.83,476.79,0.9054,-1,-1,-1
281,21,269.14,138.31,51.51,145.05,0.8327,-1,-1,-1
281,68,330.82,0.13,233.49,479.53,0.9069,-1,-1,-1
281,72,193.98,105.94,78.24,243.29,0.7881,-1,-1,-1
281,85,543.36,57.74,83.93,307.90,0.8293,-1,-1,-1
281,89,140.03,132.49,74.16,200.88,0.8363,-1,-1,-1
281,90,317.33,101.86,57.76,219.92,0.6756,-1,-1,-1
282,2,-1.04,11.05,117.49,466.52,0.8910,-1,-1,-1
282,21,259.33,145.11,42.85,143.99,0.8065,-1,-1,-1
282,66,113.18,155.53,33.07,150.97,0.6135,-1,-1,-1
282,68,329.07,1.08,238.44,479.51,0.9030,-1,-1,-1
282,72,162.83,107.03,82.82,256.01,0.8022,-1,-1,-1
282,85,531.43,89.26,81.66,300.39,0.4126,-1,-1,-1
282,89,137.81,135.29,38.36,190.73,0.6087,-1,-1,-1
282,90,292.24,77.44,73.23,292.75,0.5350,-1,-1,-1
283,2,3.03,21.47,117.95,456.05,0.8594,-1,-1,-1
283,21,263.36,158.25,36.83,144.52,0.7234,-1,-1,-1
283,66,110.39,166.47,44.88,150.57,0.6086,-1,-1,-1
283,68,349.85,0.70,234.30,480.08,0.8831,-1,-1,-1
283,72,148.23,115.34,92.64,266.07,0.8315,-1,-1,-1
283,85,529.97,128.57,77.94,286.05,0.3843,-1,-1,-1
283,90,306.83,128.86,74.74,278.21,0.6679,-1,-1,-1
284,2,6.60,17.09,127.10,461.79,0.8170,-1,-1,-1
284,21,274.70,160.29,40.29,144.50,0.7295,-1,-1,-1
284,66,117.65,164.88,43.52,152.45,0.7252,-1,-1,-1
284,68,380.55,0.74,226.55,479.38,0.8913,-1,-1,-1
284,72,149.61,113.07,94.71,272.55,0.8489,-1,-1,-1
284,90,318.00,129.22,83.11,289.95,0.7438,-1,-1,-1
284,91,297.93,85.61,68.59,230.93,0.5067,-1,-1,-1
285,2,3.90,17.53,134.28,461.84,0.8867,-1,-1,-1
285,21,290.13,158.84,36.90,141.88,0.7033,-1,-1,-1
285,66,122.33,160.69,46.98,158.48,0.6724,-1,-1,-1
285,68,412.31,0.39,225.34,479.38,0.9175,-1,-1,-1
285,72,160.01,105.46,89.58,277.53,0.8549,-1,-1,-1
285,81,338.22,84.79,88.87,332.59,0.8513,-1,-1,-1
285,91,311.41,74.26,68.82,278.45,0.7348,-1,-1,-1
286,2,2.55,29.18,141.40,450.80,0.9023,-1,-1,-1
286,66,129.99,164.56,41.89,160.95,0.6713,-1,-1,-1
286,68,442.60,0.68,197.34,478.67,0.9100,-1,-1,-1
286,72,164.98,105.37,92.07,283.73,0.8644,-1,-1,-1
286,81,354.01,77.38,103.99,359.79,0.8755,-1,-1,-1
286,91,316.91,73.18,77.66,286.68,0.6258,-1,-1,-1
286,92,252.07,173.14,34.23,129.33,0.4765,-1,-1,-1
287,2,2.21,37.36,146.12,442.67,0.8946,-1,-1,-1
287,66,136.65,162.86,39.54,165.84,0.6261,-1,-1,-1
287,68,472.14,-0.02,167.67,479.34,0.8891,-1,-1,-1
287,72,168.47,104.30,100.00,289.49,0.8162,-1,-1,-1
287,81,367.64,66.72,121.26,383.24,0.8855,-1,-1,-1
287,91,328.65,72.39,80.27,294.36,0.7645,-1,-1,-1
287,92,265.43,173.01,33.70,128.39,0.4456,-1,-1,-1
288,2,1.26,39.47,149.87,440.48,0.8995,-1,-1,-1
288,66,138.08,160.05,46.41,166.54,0.6095,-1,-1,-1
288,68,503.11,-0.11,136.73,479.61,0.8588,-1,-1,-1
288,72,173.78,99.12,95.15,302.86,0.8311,-1,-1,-1
288,81,383.56,56.56,142.35,404.85,0.8844,-1,-1,-1
288,91,339.30,64.80,85.07,303.50,0.8194,-1,-1,-1
288,92,277.78,168.63,31.49,132.03,0.5889,-1,-1,-1
289,2,1.61,51.23,160.17,428.48,0.9024,-1,-1,-1
289,66,146.54,158.83,59.92,174.62,0.6043,-1,-1,-1
289,68,556.82,5.78,83.06,471.80,0.8152,-1,-1,-1
289,72,184.95,101.21,99.26,316.22,0.8151,-1,-1,-1
289,81,406.28,51.82,150.10,422.20,0.8817,-1,-1,-1
289,91,356.81,60.74,86.41,314.98,0.7688,-1,-1,-1
289,92,294.35,169.82,33.54,132.93,0.5495,-1,-1,-1
289,93,260.37,157.99,47.29,176.91,0.6806,-1,-1,-1
290,2,2.02,59.23,173.51,420.44,0.8947,-1,-1,-1
290,66,159.11,156.43,47.33,177.86,0.6925,-1,-1,-1
290,72,196.52,98.94,103.03,327.77,0.8002,-1,-1,-1
290,81,431.04,38.52,163.35,441.53,0.8745,-1,-1,-1
290,89,288.66,160.37,41.96,178.94,0.5817,-1,-1,-1
290,91,375.29,51.80,89.96,338.91,0.8409,-1,-1,-1
290,92,316.66,172.46,32.64,126.72,0.4802,-1,-1,-1
290,94,559.15,65.76,72.29,362.17,0.5648,-1,-1,-1
291,2,4.58,56.33,178.14,423.52,0.8692,-1,-1,-1
291,66,166.41,151.59,49.76,179.87,0.7068,-1,-1,-1
291,72,210.95,91.52,104.41,345.27,0.8386,-1,-1,-1
291,81,449.59,25.46,178.90,450.18,0.8855,-1,-1,-1
291,89,306.99,161.61,50.38,176.60,0.6888,-1,-1,-1
291,91,390.88,42.54,107.45,352.74,0.8330,-1,-1,-1
291,94,587.47,56.18,52.51,395.62,0.6427,-1,-1,-1
292,2,11.07,53.96,180.01,425.46,0.8848,-1,-1,-1
292,66,170.43,156.31,56.24,176.98,0.7099,-1,-1,-1
292,72,221.80,88.30,112.68,364.22,0.8385,-1,-1,-1
292,81,471.87,12.30,168.01,466.78,0.8919,-1,-1,-1
292,89,322.65,166.99,58.31,174.59,0.7876,-1,-1,-1
292,91,406.89,37.05,112.51,371.94,0.8806,-1,-1,-1
292,92,359.00,182.19,24.87,117.37,0.3409,-1,-1,-1
293,2,12.72,45.19,181.72,434.75,0.9074,-1,-1,-1
293,66,167.37,150.31,63.30,183.13,0.5393,-1,-1,-1
293,72,231.09,77.02,111.14,373.63,0.8477,-1,-1,-1
293,81,488.41,0.15,151.61,479.61,0.8871,-1,-1,-1
293,89,332.24,168.42,63.61,173.84,0.8567,-1,-1,-1
293,91,417.43,25.50,122.51,401.93,0.8618,-1,-1,-1
294,2,24.19,46.01,178.44,433.95,0.8777,-1,-1,-1
294,56,226.93,191.60,33.42,118.30,0.3126,-1,-1,-1
294,72,238.63,68.25,118.02,394.48,0.8386,-1,-1,-1
294,81,513.97,1.39,126.01,476.84,0.8177,-1,-1,-1
294,89,349.30,166.59,65.20,175.65,0.8113,-1,-1,-1
294,91,430.12,17.34,133.12,423.20,0.8433,-1,-1,-1
295,2,35.47,47.09,178.65,432.63,0.7477,-1,-1,-1
295,72,244.86,57.86,122.59,414.02,0.8833,-1,-1,-1
295,81,536.55,66.40,103.08,411.50,0.8525,-1,-1,-1
295,89,370.44,165.08,59.54,172.41,0.7779,-1,-1,-1
295,91,443.10,8.52,142.97,442.22,0.8817,-1,-1,-1
295,96,214.04,192.74,38.07,114.48,0.7581,-1,-1,-1
296,2,4.60,55.20,219.61,423.19,0.8217,-1,-1,-1
296,72,250.44,50.43,124.63,425.44,0.8884,-1,-1,-1
296,81,556.56,63.80,83.46,416.81,0.7011,-1,-1,-1
296,89,385.50,164.02,56.72,177.09,0.8128,-1,-1,-1
296,91,452.08,1.50,153.55,460.17,0.8691,-1,-1,-1
296,96,219.80,194.91,40.60,114.79,0.7644,-1,-1,-1
296,97,10.66,131.87,60.52,183.40,0.6197,-1,-1,-1
297,2,3.19,55.05,224.41,422.92,0.8670,-1,-1,-1
297,72,247.60,35.28,132.37,441.66,0.8809,-1,-1,-1
297,81,588.19,99.03,52.32,348.65,0.4685,-1,-1,-1
297,89,387.22,161.94,68.41,176.19,0.8625,-1,-1,-1
297,91,460.11,-0.17,165.58,465.75,0.8799,-1,-1,-1
297,96,222.81,194.94,37.86,112.38,0.4866,-1,-1,-1
297,97,1.35,125.52,69.62,212.78,0.7805,-1,-1,-1
298,2,42.95,55.02,186.16,424.01,0.7868,-1,-1,-1
298,72,237.71,18.57,143.87,460.76,0.8798,-1,-1,-1
298,89,399.02,166.17,84.64,171.40,0.8572,-1,-1,-1
298,91,467.45,-0.02,172.27,479.21,0.9150,-1,-1,-1
298,97,2.99,120.96,54.23,195.01,0.8388,-1,-1,-1
299,2,60.42,53.53,180.97,424.49,0.8572,-1,-1,-1
299,72,238.88,8.43,139.50,471.63,0.8843,-1,-1,-1
299,89,403.97,168.44,86.18,169.28,0.8671,-1,-1,-1
299,91,472.43,0.30,167.41,479.76,0.9085,-1,-1,-1
299,92,394.37,172.46,35.91,124.19,0.3714,-1,-1,-1
299,97,0.57,117.07,51.76,202.21,0.8597,-1,-1,-1
300,2,78.15,50.74,164.77,429.33,0.8134,-1,-1,-1
300,72,225.45,0.20,146.23,478.19,0.8594,-1,-1,-1
300,89,411.94,164.62,82.89,171.59,0.8894,-1,-1,-1
300,91,487.75,-0.02,152.01,480.14,0.8959,-1,-1,-1
300,92,406.41,173.56,31.79,119.46,0.4050,-1,-1,-1
300,97,-2.03,136.21,58.65,198.51,0.8118,-1,-1,-1
300,99,369.47,168.00,49.43,138.03,0.7342,-1,-1,-1
301,2,87.54,47.74,150.63,431.21,0.8626,-1,-1,-1
301,72,208.84,-0.15,168.41,480.08,0.9034,-1,-1,-1
301,89,419.48,163.43,78.07,172.51,0.8430,-1,-1,-1
301,91,495.37,-0.03,144.62,478.36,0.9061,-1,-1,-1
301,92,365.20,166.51,55.60,138.50,0.7595,-1,-1,-1
301,97,-4.19,148.73,62.33,177.82,0.7265,-1,-1,-1
302,2,95.91,42.45,137.18,432.81,0.7949,-1,-1,-1
302,72,177.07,-0.28,180.55,478.84,0.8282,-1,-1,-1
302,89,442.02,160.17,63.28,173.27,0.7801,-1,-1,-1
302,91,510.86,0.06,129.12,479.97,0.9075,-1,-1,-1
302,92,361.06,164.77,71.21,142.00,0.6593,-1,-1,-1
302,97,-1.83,145.53,53.03,170.42,0.6398,-1,-1,-1
303,72,109.67,-0.83,222.73,480.39,0.6798,-1,-1,-1
303,89,450.63,158.84,69.13,173.98,0.7803,-1,-1,-1
303,91,526.13,-0.09,113.71,480.09,0.9000,-1,-1,-1
303,92,381.00,163.01,57.48,143.16,0.6279,-1,-1,-1
303,97,0.37,145.97,52.21,169.08,0.6056,-1,-1,-1
303,102,337.04,192.39,31.76,118.97,0.6987,-1,-1,-1
303,103,48.77,102.11,90.14,305.55,0.6891,-1,-1,-1
304,72,107.91,-0.89,188.06,477.04,0.7533,-1,-1,-1
304,89,460.51,157.66,64.73,173.08,0.8055,-1,-1,-1
304,91,539.92,2.22,99.85,477.59,0.8459,-1,-1,-1
304,92,384.20,160.05,53.94,140.74,0.6639,-1,-1,-1
304,102,335.99,191.54,50.62,122.17,0.6367,-1,-1,-1
304,103,3.80,92.38,118.20,297.05,0.8244,-1,-1,-1
304,104,281.84,160.82,65.01,154.77,0.5012,-1,-1,-1
305,72,87.73,-0.03,187.85,473.64,0.3586,-1,-1,-1
305,89,463.29,161.61,65.66,171.39,0.8323,-1,-1,-1
305,91,556.15,5.12,83.58,474.47,0.7594,-1,-1,-1
305,92,385.93,160.71,50.53,148.11,0.7341,-1,-1,-1
305,102,334.82,189.35,58.41,126.62,0.7111,-1,-1,-1
305,103,-2.04,90.98,143.41,302.45,0.8746,-1,-1,-1
305,104,300.85,156.87,54.33,159.99,0.5843,-1,-1,-1
305,105,524.93,142.44,72.43,233.84,0.7763,-1,-1,-1
305,106,278.62,157.71,37.40,150.76,0.5755,-1,-1,-1
306,72,23.55,-0.57,242.49,469.38,0.3514,-1,-1,-1
306,89,464.55,161.42,71.46,169.46,0.8049,-1,-1,-1
306,91,576.06,1.41,62.92,480.47,0.4559,-1,-1,-1
306,92,383.81,159.13,56.56,148.75,0.7647,-1,-1,-1
306,102,348.51,188.35,40.90,125.89,0.5547,-1,-1,-1
306,103,16.10,89.04,92.39,249.73,0.3062,-1,-1,-1
306,104,304.57,153.63,51.85,163.81,0.6873,-1,-1,-1
306,105,511.92,134.13,93.64,243.02,0.8045,-1,-1,-1
306,106,270.82,160.93,37.37,147.49,0.5984,-1,-1,-1
306,107,227.83,134.56,53.34,173.76,0.3059,-1,-1,-1
307,72,9.32,-1.58,214.70,477.03,0.3875,-1,-1,-1
307,89,467.02,164.39,61.99,169.60,0.7171,-1,-1,-1
307,92,384.98,158.65,65.85,148.97,0.7865,-1,-1,-1
307,102,342.11,187.16,46.34,127.96,0.5545,-1,-1,-1
307,104,304.99,152.76,51.93,166.19,0.7662,-1,-1,-1
307,105,507.71,128.05,110.92,249.74,0.8132,-1,-1,-1
307,106,266.54,154.16,41.55,149.67,0.4166,-1,-1,-1
308,2,149.00,58.62,137.18,416.56,0.8632,-1,-1,-1
308,56,274.33,179.76,32.67,111.82,0.4041,-1,-1,-1
308,89,476.39,171.59,61.75,158.28,0.3119,-1,-1,-1
308,92,384.30,158.96,74.34,148.08,0.8042,-1,-1,-1
308,102,354.55,185.64,35.54,129.55,0.7031,-1,-1,-1
308,104,307.98,151.04,51.10,168.49,0.7903,-1,-1,-1
308,105,496.61,123.34,123.06,259.13,0.8263,-1,-1,-1
308,109,468.06,168.45,29.37,122.10,0.4681,-1,-1,-1
309,2,116.43,57.21,179.24,422.68,0.8759,-1,-1,-1
309,21,467.64,169.19,33.38,121.20,0.6660,-1,-1,-1
309,92,389.28,158.38,71.02,150.72,0.8140,-1,-1,-1
309,102,363.50,184.95,36.88,129.20,0.6373,-1,-1,-1
309,104,309.18,150.83,70.12,169.56,0.8432,-1,-1,-1
309,105,490.47,118.56,136.30,282.12,0.8728,-1,-1,-1
310,2,105.55,85.02,187.39,394.83,0.8672,-1,-1,-1
310,21,463.92,175.43,37.97,117.93,0.6795,-1,-1,-1
310,92,394.78,159.12,61.89,153.87,0.7619,-1,-1,-1
310,102,363.46,186.07,54.25,131.57,0.6416,-1,-1,-1
310,104,305.29,152.36,79.62,171.78,0.8537,-1,-1,-1
310,105,496.53,119.36,138.21,292.82,0.8439,-1,-1,-1
310,111,77.91,85.99,85.33,317.78,0.6476,-1,-1,-1
311,2,117.06,82.61,170.09,397.51,0.8417,-1,-1,-1
311,21,459.77,177.32,38.08,116.23,0.7474,-1,-1,-1
311,92,396.41,159.33,59.92,157.55,0.7740,-1,-1,-1
311,102,364.46,187.51,56.56,133.24,0.6611,-1,-1,-1
311,104,297.74,152.84,84.72,173.80,0.8540,-1,-1,-1
311,105,494.46,115.23,143.91,317.38,0.8847,-1,-1,-1
311,111,39.56,73.22,111.08,370.21,0.8240,-1,-1,-1
312,2,115.21,63.07,166.26,415.35,0.8811,-1,-1,-1
312,21,453.72,177.54,36.29,115.98,0.7328,-1,-1,-1
312,92,396.75,154.09,60.72,163.63,0.7229,-1,-1,-1
312,102,362.77,189.32,56.01,133.96,0.6165,-1,-1,-1
312,104,292.77,150.92,87.22,178.24,0.8819,-1,-1,-1
312,105,489.73,106.02,144.67,332.92,0.8926,-1,-1,-1
312,111,0.97,61.08,125.30,392.52,0.8998,-1,-1,-1
313,2,108.60,68.75,168.96,409.98,0.8785,-1,-1,-1
313,21,445.98,178.14,38.14,113.83,0.7123,-1,-1,-1
313,92,397.33,156.55,59.97,162.60,0.7330,-1,-1,-1
313,102,358.85,188.83,53.40,137.63,0.6822,-1,-1,-1
313,104,295.30,150.07,83.24,180.71,0.8423,-1,-1,-1
313,105,483.55,95.50,144.89,348.24,0.8805,-1,-1,-1
313,111,-2.23,51.48,99.42,412.68,0.8864,-1,-1,-1
314,2,108.18,66.14,171.64,413.82,0.8712,-1,-1,-1
314,21,444.12,177.45,34.82,114.10,0.6570,-1,-1,-1
314,92,399.26,155.86,59.21,164.28,0.7811,-1,-1,-1
314,102,364.12,185.16,47.90,140.30,0.7037,-1,-1,-1
314,104,300.73,148.91,80.82,183.42,0.8188,-1,-1,-1
314,105,479.67,85.55,149.96,362.90,0.8715,-1,-1,-1
314,111,-6.03,38.73,83.11,435.96,0.8190,-1,-1,-1
315,2,114.27,69.38,173.65,410.71,0.8883,-1,-1,-1
315,92,406.30,159.64,67.25,162.65,0.7404,-1,-1,-1
315,102,375.81,189.82,47.63,144.95,0.6793,-1,-1,-1
315,104,314.85,152.10,63.27,187.47,0.8028,-1,-1,-1
315,105,479.37,78.77,159.65,394.03,0.8983,-1,-1,-1
315,115,6.45,149.68,84.90,181.57,0.7583,-1,-1,-1
316,2,118.54,64.96,177.99,415.02,0.8937,-1,-1,-1
316,56,0.47,111.25,21.70,194.08,0.4946,-1,-1,-1
316,92,416.24,156.68,61.83,162.15,0.7190,-1,-1,-1
316,102,374.45,188.65,72.67,145.31,0.8181,-1,-1,-1
316,104,319.01,146.29,67.11,192.78,0.7822,-1,-1,-1
316,105,480.78,66.84,158.61,413.08,0.9018,-1,-1,-1
316,115,18.82,145.82,65.06,179.31,0.8002,-1,-1,-1
317,2,124.86,65.45,178.52,413.51,0.8971,-1,-1,-1
317,92,427.52,156.16,58.43,167.15,0.7288,-1,-1,-1
317,102,386.85,188.61,76.95,147.98,0.5471,-1,-1,-1
317,104,324.17,143.79,79.60,197.14,0.8409,-1,-1,-1
317,105,488.00,51.75,151.95,428.32,0.9216,-1,-1,-1
317,115,30.89,145.69,56.02,178.24,0.8411,-1,-1,-1
318,2,129.32,67.37,184.47,412.54,0.8460,-1,-1,-1
318,92,435.06,156.57,58.91,166.71,0.7449,-1,-1,-1
318,102,397.85,185.15,73.04,151.74,0.7634,-1,-1,-1
318,104,326.67,141.98,84.14,200.42,0.8617,-1,-1,-1
318,105,492.13,41.20,147.82,438.87,0.9193,-1,-1,-1
318,115,32.96,146.11,58.84,179.28,0.8351,-1,-1,-1
319,2,137.96,71.14,178.40,406.78,0.8766,-1,-1,-1
319,92,443.74,150.02,59.27,171.05,0.6663,-1,-1,-1
319,102,407.66,183.50,72.13,152.12,0.5632,-1,-1,-1
319,104,330.87,126.28,95.97,216.22,0.8664,-1,-1,-1
319,105,503.45,15.03,136.37,463.04,0.9129,-1,-1,-1
319,115,37.63,145.72,61.54,177.03,0.8265,-1,-1,-1
320,2,150.02,74.46,176.17,404.69,0.8649,-1,-1,-1
320,92,459.22,145.54,58.89,175.17,0.4722,-1,-1,-1
320,102,421.46,172.80,63.31,161.68,0.6894,-1,-1,-1
320,104,332.88,132.25,102.95,208.89,0.8861,-1,-1,-1
320,105,518.58,-0.03,121.18,479.98,0.8848,-1,-1,-1
320,115,34.31,143.14,72.56,177.15,0.8176,-1,-1,-1
321,2,171.41,53.34,167.72,426.24,0.8705,-1,-1,-1
321,96,329.40,162.44,45.58,140.34,0.3485,-1,-1,-1
321,102,458.82,171.39,40.11,161.91,0.5409,-1,-1,-1
321,104,343.63,125.30,102.74,215.54,0.8861,-1,-1,-1
321,105,544.72,21.53,97.48,446.91,0.3472,-1,-1,-1
321,115,44.94,135.40,70.50,179.63,0.8635,-1,-1,-1
321,116,152.90,121.27,56.12,187.26,0.4285,-1,-1,-1
322,2,184.22,44.77,169.94,435.13,0.8802,-1,-1,-1
322,21,459.52,164.73,29.26,107.16,0.5175,-1,-1,-1
322,96,344.66,155.69,48.54,134.35,0.5336,-1,-1,-1
322,102,472.29,160.59,64.67,170.19,0.6781,-1,-1,-1
322,104,356.69,116.48,102.99,219.30,0.8588,-1,-1,-1
322,115,58.07,129.47,65.54,177.95,0.8229,-1,-1,-1
322,116,145.03,111.73,69.51,196.89,0.7455,-1,-1,-1
322,117,544.19,157.20,40.67,137.59,0.4817,-1,-1,-1
323,2,197.65,39.76,174.53,440.31,0.9010,-1,-1,-1
323,21,467.54,165.16,38.22,108.46,0.7134,-1,-1,-1
323,96,360.11,154.99,52.40,116.46,0.4358,-1,-1,-1
323,102,482.43,162.23,63.59,169.77,0.5738,-1,-1,-1
323,104,385.14,113.76,93.32,225.36,0.8610,-1,-1,-1
323,115,74.08,125.37,59.62,176.09,0.8202,-1,-1,-1
323,116,141.10,103.37,79.17,217.88,0.8354,-1,-1,-1
323,117,543.01,151.63,57.22,144.08,0.5037,-1,-1,-1
324,2,205.13,31.78,178.97,448.23,0.9034,-1,-1,-1
324,21,474.54,163.15,34.65,108.26,0.6750,-1,-1,-1
324,96,371.71,151.35,51.59,163.51,0.5657,-1,-1,-1
324,102,489.63,157.48,100.80,174.19,0.7857,-1,-1,-1
324,104,403.75,108.21,81.34,229.70,0.8247,-1,-1,-1
324,115,79.02,122.51,59.97,176.38,0.7950,-1,-1,-1
324,116,136.23,97.18,84.13,223.98,0.8335,-1,-1,-1
325,2,216.28,32.82,180.22,447.17,0.9066,-1,-1,-1
325,96,380.93,144.12,52.25,175.34,0.7266,-1,-1,-1
325,102,512.28,152.82,90.14,178.22,0.7677,-1,-1,-1
325,104,421.59,100.46,76.44,238.07,0.8088,-1,-1,-1
325,115,67.60,122.52,76.76,176.63,0.7949,-1,-1,-1
325,116,125.68,91.71,87.16,242.29,0.8379,-1,-1,-1
326,2,216.14,36.42,183.40,443.53,0.8993,-1,-1,-1
326,92,512.90,118.54,74.81,197.05,0.4443,-1,-1,-1
326,96,387.37,142.26,50.42,178.01,0.6701,-1,-1,-1
326,102,530.70,151.10,77.29,180.29,0.6978,-1,-1,-1
326,104,431.80,98.27,75.44,244.20,0.8657,-1,-1,-1
326,115,65.70,124.27,85.89,178.36,0.7125,-1,-1,-1
326,116,116.62,89.21,90.70,248.87,0.8177,-1,-1,-1
326,119,584.21,165.42,37.54,148.94,0.4583,-1,-1,-1
327,2,219.42,37.76,187.11,440.37,0.8833,-1,-1,-1
327,92,515.38,113.69,85.54,200.94,0.7678,-1,-1,-1
327,96,394.09,139.75,52.93,178.71,0.7289,-1,-1,-1
327,102,563.27,144.18,67.67,184.06,0.8160,-1,-1,-1
327,104,433.86,94.06,87.00,248.46,0.8880,-1,-1,-1
327,115,73.50,124.00,70.18,176.40,0.6386,-1,-1,-1
327,116,99.82,81.47,95.99,259.06,0.8709,-1,-1,-1
328,2,208.93,41.18,206.35,434.95,0.8397,-1,-1,-1
328,92,520.51,111.62,88.44,210.44,0.4238,-1,-1,-1
328,96,398.86,136.34,53.85,147.98,0.3027,-1,-1,-1
328,102,568.79,143.68,70.97,191.19,0.7823,-1,-1,-1
328,104,429.70,93.97,101.46,250.56,0.8788,-1,-1,-1
328,116,89.34,78.28,92.09,277.76,0.7854,-1,-1,-1
328,117,513.13,137.07,46.28,158.35,0.4090,-1,-1,-1
328,121,-1.12,125.61,32.21,159.05,0.7584,-1,-1,-1
329,2,223.16,40.03,193.64,439.86,0.8235,-1,-1,-1
329,56,-0.25,124.85,46.69,158.00,0.7696,-1,-1,-1
329,92,537.05,107.83,73.28,209.33,0.5162,-1,-1,-1
329,96,407.18,136.72,46.70,140.59,0.4210,-1,-1,-1
329,102,564.47,145.94,75.39,189.38,0.8078,-1,-1,-1
329,104,424.07,92.60,107.08,254.10,0.8939,-1,-1,-1
329,116,53.80,67.87,111.74,291.87,0.8752,-1,-1,-1
329,117,511.49,137.64,54.42,156.34,0.4948,-1,-1,-1
330,2,241.66,35.27,179.97,444.95,0.8506,-1,-1,-1
330,56,-1.91,130.68,47.65,156.27,0.6365,-1,-1,-1
330,92,552.84,108.95,58.93,216.71,0.5736,-1,-1,-1
330,96,410.57,140.29,47.38,150.05,0.5149,-1,-1,-1
330,102,559.83,149.88,80.16,190.38,0.7779,-1,-1,-1
330,104,421.40,94.27,106.33,259.50,0.8872,-1,-1,-1
330,116,43.86,62.17,107.82,307.37,0.8381,-1,-1,-1
330,117,503.72,138.28,60.39,161.04,0.6633,-1,-1,-1
331,2,241.75,32.75,182.00,447.23,0.8658,-1,-1,-1
331,56,-1.54,132.16,46.64,157.94,0.6219,-1,-1,-1
331,92,562.08,110.45,56.92,227.58,0.7402,-1,-1,-1
331,96,392.67,142.67,72.10,188.81,0.6649,-1,-1,-1
331,104,427.21,94.63,101.37,263.25,0.8693,-1,-1,-1
331,116,23.18,54.16,114.96,319.66,0.8640,-1,-1,-1
331,117,498.64,138.13,62.86,162.25,0.5726,-1,-1,-1
332,2,240.52,27.43,184.91,452.39,0.9126,-1,-1,-1
332,92,560.61,106.85,72.79,218.96,0.8000,-1,-1,-1
332,96,412.18,136.59,56.37,197.93,0.6836,-1,-1,-1
332,104,446.50,88.80,95.46,264.93,0.8649,-1,-1,-1
332,116,4.76,41.47,110.10,339.17,0.8850,-1,-1,-1
333,2,243.51,25.37,181.99,454.64,0.8930,-1,-1,-1
333,92,559.45,108.91,80.39,226.20,0.8701,-1,-1,-1
333,96,423.05,131.87,52.96,206.32,0.7999,-1,-1,-1
333,104,456.11,88.02,85.81,265.25,0.8395,-1,-1,-1
333,116,-0.50,34.13,99.57,351.79,0.9165,-1,-1,-1
334,2,240.52,29.60,180.94,450.28,0.8956,-1,-1,-1
334,92,552.53,108.77,87.36,222.12,0.9007,-1,-1,-1
334,96,418.62,130.04,60.88,211.68,0.8471,-1,-1,-1
334,104,462.35,83.29,92.60,271.33,0.8787,-1,-1,-1
334,115,41.00,120.59,59.40,176.45,0.6975,-1,-1,-1
334,116,0.12,23.92,67.20,367.76,0.8868,-1,-1,-1
335,2,240.27,29.50,179.70,447.82,0.9060,-1,-1,-1
335,92,548.92,110.90,90.96,220.66,0.8955,-1,-1,-1
335,96,416.24,132.30,57.66,213.61,0.6962,-1,-1,-1
335,104,463.77,84.67,90.55,271.72,0.8359,-1,-1,-1
335,115,28.64,121.18,70.89,181.13,0.7377,-1,-1,-1
335,116,-3.63,44.09,49.25,355.82,0.8329,-1,-1,-1
335,124,78.21,175.03,28.97,88.55,0.4104,-1,-1,-1
336,2,240.66,22.74,178.07,454.21,0.9050,-1,-1,-1
336,56,-3.34,121.20,39.76,173.54,0.3883,-1,-1,-1
336,92,552.84,104.41,86.99,225.63,0.8826,-1,-1,-1
336,96,410.46,128.31,80.74,219.32,0.6550,-1,-1,-1
336,104,464.27,77.92,100.57,273.65,0.8486,-1,-1,-1
336,115,26.86,115.73,61.79,178.41,0.7517,-1,-1,-1
337,2,240.40,12.97,182.10,466.89,0.9129,-1,-1,-1
337,92,572.24,97.27,67.64,223.54,0.8724,-1,-1,-1
337,96,410.48,120.02,94.00,229.10,0.7622,-1,-1,-1
337,104,464.84,71.50,114.65,274.05,0.8442,-1,-1,-1
337,115,28.59,110.81,56.27,175.01,0.8424,-1,-1,-1
338,2,240.80,19.84,186.37,459.40,0.9028,-1,-1,-1
338,56,-0.26,163.06,36.46,127.82,0.6237,-1,-1,-1
338,92,594.69,96.97,45.27,223.21,0.8011,-1,-1,-1
338,96,425.51,116.62,70.84,226.76,0.7689,-1,-1,-1
338,104,469.07,69.23,114.29,284.51,0.8407,-1,-1,-1
338,115,24.90,113.49,62.81,179.29,0.8275,-1,-1,-1
339,2,240.64,17.05,186.83,462.96,0.9062,-1,-1,-1
339,92,595.39,94.33,44.61,229.58,0.8486,-1,-1,-1
339,96,432.21,115.59,71.63,222.06,0.7677,-1,-1,-1
339,104,465.65,68.79,118.21,289.06,0.8681,-1,-1,-1
339,115,23.29,113.31,63.51,181.41,0.8276,-1,-1,-1
339,121,-1.08,154.80,26.75,136.56,0.4019,-1,-1,-1
339,127,193.53,210.42,14.15,28.16,0.4355,-1,-1,-1
340,2,242.00,12.44,191.88,467.55,0.8863,-1,-1,-1
340,56,2.72,117.00,22.78,171.67,0.5377,-1,-1,-1
340,92,603.27,94.58,36.49,229.90,0.8175,-1,-1,-1
340,96,459.88,116.47,54.27,214.55,0.7128,-1,-1,-1
340,104,467.53,67.81,130.29,289.59,0.8770,-1,-1,-1
340,115,12.76,113.24,94.90,182.46,0.8414,-1,-1,-1
340,117,429.03,110.08,53.73,196.03,0.7668,-1,-1,-1
340,127,188.43,198.89,15.46,39.38,0.4480,-1,-1,-1
341,2,250.43,14.93,185.58,465.15,0.8716,-1,-1,-1
341,56,2.21,115.43,27.54,174.00,0.6962,-1,-1,-1
341,92,610.14,117.96,29.93,210.70,0.6627,-1,-1,-1
341,96,475.75,120.31,53.66,224.14,0.7194,-1,-1,-1
341,104,496.10,65.91,118.45,294.92,0.8618,-1,-1,-1
341,115,2.96,117.26,112.56,181.95,0.8640,-1,-1,-1
341,117,433.89,108.32,53.44,210.03,0.7800,-1,-1,-1
341,129,230.18,173.21,26.98,84.49,0.6255,-1,-1,-1
342,2,252.16,14.05,194.45,465.89,0.8405,-1,-1,-1
342,56,1.36,113.41,36.51,177.62,0.7067,-1,-1,-1
342,92,613.12,107.77,26.74,222.16,0.4785,-1,-1,-1
342,96,486.55,113.09,60.69,236.38,0.8003,-1,-1,-1
342,104,516.69,60.30,114.37,299.85,0.8154,-1,-1,-1
342,115,0.47,117.03,113.45,181.62,0.8865,-1,-1,-1
342,117,432.66,104.38,65.46,218.09,0.7182,-1,-1,-1
342,129,228.58,170.26,35.63,86.76,0.6955,-1,-1,-1
343,2,248.96,17.20,215.82,463.14,0.8243,-1,-1,-1
343,56,2.13,119.52,51.43,182.11,0.7694,-1,-1,-1
343,96,497.07,117.40,72.11,239.97,0.7784,-1,-1,-1
343,104,546.28,59.93,93.32,308.28,0.8510,-1,-1,-1
343,115,24.56,119.87,87.72,174.05,0.8432,-1,-1,-1
343,117,453.18,104.18,57.64,219.96,0.7997,-1,-1,-1
343,129,222.99,173.50,38.28,88.94,0.7602,-1,-1,-1
344,2,258.12,15.04,214.22,465.05,0.8382,-1,-1,-1
344,56,2.28,121.64,56.17,178.16,0.7613,-1,-1,-1
344,96,500.16,120.77,80.86,238.79,0.8536,-1,-1,-1
344,104,557.59,58.68,82.26,316.29,0.8875,-1,-1,-1
344,115,36.19,119.96,73.55,177.60,0.8141,-1,-1,-1
344,117,459.92,103.66,57.03,228.73,0.7391,-1,-1,-1
344,129,219.72,172.87,37.12,90.57,0.7699,-1,-1,-1
345,2,273.53,5.17,215.64,473.03,0.8089,-1,-1,-1
345,56,1.16,122.85,68.74,171.80,0.8403,-1,-1,-1
345,96,514.46,117.43,80.30,241.94,0.8286,-1,-1,-1
345,104,575.22,55.60,64.73,321.23,0.8783,-1,-1,-1
345,115,60.30,115.76,51.53,180.39,0.8050,-1,-1,-1
345,117,466.49,97.94,49.92,234.71,0.4729,-1,-1,-1
345,129,207.96,169.75,45.48,94.36,0.7456,-1,-1,-1
346,2,298.76,5.53,196.96,474.82,0.7969,-1,-1,-1
346,56,2.32,132.50,77.20,170.45,0.8446,-1,-1,-1
346,96,543.31,116.22,83.87,255.37,0.7942,-1,-1,-1
346,104,595.95,58.76,44.00,329.36,0.7632,-1,-1,-1
346,115,73.61,125.11,50.07,179.66,0.7772,-1,-1,-1
346,117,462.74,103.26,55.52,244.60,0.4932,-1,-1,-1
346,129,208.43,176.13,47.89,95.67,0.7930,-1,-1,-1
347,2,304.84,1.45,206.70,478.43,0.8328,-1,-1,-1
347,56,10.30,130.84,76.78,174.76,0.8243,-1,-1,-1
347,96,570.73,113.08,69.18,264.36,0.8129,-1,-1,-1
347,115,84.43,128.89,62.89,177.46,0.8375,-1,-1,-1
347,117,488.76,96.80,57.46,247.59,0.4440,-1,-1,-1
347,129,214.22,176.20,44.47,96.65,0.7569,-1,-1,-1
348,2,313.44,0.56,204.49,478.71,0.7766,-1,-1,-1
348,56,25.70,126.22,63.18,174.29,0.7701,-1,-1,-1
348,96,583.40,107.21,56.58,258.84,0.8473,-1,-1,-1
348,115,84.61,128.61,77.67,173.57,0.8691,-1,-1,-1
348,117,491.69,87.24,81.52,260.89,0.3046,-1,-1,-1
348,129,214.64,170.79,40.72,99.82,0.6573,-1,-1,-1
349,2,317.64,1.89,208.82,476.70,0.8067,-1,-1,-1
349,56,47.23,128.47,54.98,174.77,0.7853,-1,-1,-1
349,96,597.44,112.72,42.70,258.86,0.7197,-1,-1,-1
349,115,85.71,133.14,85.04,169.29,0.8357,-1,-1,-1
349,117,500.57,83.65,63.77,277.79,0.5499,-1,-1,-1
349,124,25.81,158.59,34.64,118.50,0.5413,-1,-1,-1
349,129,207.70,170.81,43.66,102.16,0.5485,-1,-1,-1
350,2,319.15,1.15,207.68,478.87,0.8554,-1,-1,-1
350,56,52.01,130.20,54.83,171.05,0.7860,-1,-1,-1
350,96,607.58,132.28,32.66,241.83,0.6290,-1,-1,-1
350,115,85.86,131.04,84.83,174.23,0.8514,-1,-1,-1
350,117,508.29,78.74,57.67,299.86,0.7984,-1,-1,-1
350,124,23.07,158.20,36.16,118.09,0.5309,-1,-1,-1
350,129,203.53,170.17,43.50,104.17,0.6750,-1,-1,-1
351,2,321.03,1.08,211.67,478.88,0.8400,-1,-1,-1
351,56,50.55,128.56,84.37,170.07,0.8459,-1,-1,-1
351,115,118.22,127.05,52.60,170.55,0.8052,-1,-1,-1
351,117,512.79,63.48,66.35,328.63,0.7699,-1,-1,-1
351,124,21.60,154.08,42.68,120.14,0.5897,-1,-1,-1
351,129,198.39,167.72,45.27,103.59,0.6917,-1,-1,-1
352,2,324.68,1.13,196.63,476.91,0.8306,-1,-1,-1
352,56,52.27,130.01,99.49,165.64,0.8872,-1,-1,-1
352,115,132.88,125.19,50.86,170.39,0.8239,-1,-1,-1
352,117,510.54,58.51,89.64,345.19,0.5616,-1,-1,-1
352,124,21.96,151.16,47.50,121.16,0.3486,-1,-1,-1
352,129,194.38,165.24,46.22,107.77,0.7722,-1,-1,-1
353,2,328.82,0.43,204.23,478.84,0.8403,-1,-1,-1
353,56,57.91,130.84,93.00,162.01,0.8761,-1,-1,-1
353,115,143.90,120.94,54.40,171.80,0.8178,-1,-1,-1
353,117,515.19,48.95,105.44,370.43,0.8687,-1,-1,-1
353,121,0.55,87.76,34.58,257.77,0.7841,-1,-1,-1
353,124,26.84,144.44,42.93,124.25,0.3278,-1,-1,-1
353,129,196.34,160.23,43.01,109.54,0.5694,-1,-1,-1
354,2,329.53,1.55,211.72,478.02,0.8394,-1,-1,-1
354,56,66.06,133.79,87.31,163.30,0.8426,-1,-1,-1
354,115,151.44,126.38,62.82,171.94,0.8322,-1,-1,-1
354,117,524.65,43.59,114.13,384.84,0.9040,-1,-1,-1
354,121,-1.57,88.36,43.40,263.84,0.7610,-1,-1,-1
354,129,197.22,164.57,37.90,106.40,0.6844,-1,-1,-1
354,135,530.52,57.11,39.85,70.87,0.5134,-1,-1,-1
355,2,327.51,1.59,224.81,476.45,0.7053,-1,-1,-1
355,56,95.72,133.79,73.99,163.25,0.8369,-1,-1,-1
355,115,151.81,134.76,88.00,166.58,0.8619,-1,-1,-1
355,117,548.73,33.01,91.09,406.40,0.8923,-1,-1,-1
355,121,-3.14,71.14,70.63,298.39,0.8493,-1,-1,-1
355,135,537.96,48.78,46.33,107.57,0.5614,-1,-1,-1
356,2,326.61,-0.56,235.72,471.55,0.6621,-1,-1,-1
356,56,112.59,127.36,59.37,163.90,0.7903,-1,-1,-1
356,115,148.58,130.40,90.11,166.06,0.8628,-1,-1,-1
356,117,558.50,14.06,81.36,421.89,0.8951,-1,-1,-1
356,121,-1.06,43.30,78.05,317.49,0.8704,-1,-1,-1
357,2,325.63,-0.21,234.83,479.11,0.7511,-1,-1,-1
357,56,125.08,125.88,55.32,161.28,0.7953,-1,-1,-1
357,115,157.48,125.99,77.86,167.33,0.8381,-1,-1,-1
357,117,575.56,9.67,64.24,467.25,0.7956,-1,-1,-1
357,121,-2.22,39.30,104.47,309.56,0.9115,-1,-1,-1
358,2,327.74,1.28,237.48,479.24,0.7974,-1,-1,-1
358,56,126.08,132.24,60.06,162.19,0.8414,-1,-1,-1
358,115,172.02,130.23,61.17,165.11,0.7142,-1,-1,-1
358,117,585.08,62.05,54.86,386.09,0.7906,-1,-1,-1
358,121,0.37,45.10,107.46,307.54,0.9061,-1,-1,-1
358,136,534.90,20.38,79.57,375.24,0.8245,-1,-1,-1
359,2,328.92,17.93,232.72,460.13,0.8329,-1,-1,-1
359,56,117.53,159.97,76.00,157.85,0.8435,-1,-1,-1
359,115,186.77,153.90,46.35,164.31,0.7841,-1,-1,-1
359,117,594.53,88.03,45.26,371.59,0.7896,-1,-1,-1
359,121,1.04,78.86,98.82,304.07,0.9116,-1,-1,-1
359,136,532.40,42.74,82.58,387.95,0.8599,-1,-1,-1
360,2,332.06,28.38,230.40,449.34,0.8131,-1,-1,-1
360,56,117.65,162.38,75.87,164.14,0.8402,-1,-1,-1
360,115,193.43,161.08,42.18,165.26,0.8011,-1,-1,-1
360,117,611.45,112.93,30.33,253.97,0.3694,-1,-1,-1
360,121,1.73,85.22,94.19,306.86,0.9074,-1,-1,-1
360,136,535.65,42.21,98.80,405.83,0.8534,-1,-1,-1
361,2,334.58,18.84,224.75,456.40,0.8069,-1,-1,-1
361,56,116.68,160.95,69.66,160.88,0.8033,-1,-1,-1
361,115,188.87,157.56,47.84,164.81,0.8304,-1,-1,-1
361,121,0.87,75.06,87.04,315.02,0.9181,-1,-1,-1
361,136,526.99,21.41,112.81,422.38,0.8875,-1,-1,-1
362,2,335.25,11.46,222.25,465.68,0.8218,-1,-1,-1
362,56,134.38,154.02,48.45,155.80,0.7192,-1,-1,-1
362,115,181.22,154.27,55.29,162.62,0.8650,-1,-1,-1
362,121,-0.38,65.88,89.84,321.38,0.8995,-1,-1,-1
362,129,107.73,174.21,32.73,133.64,0.4119,-1,-1,-1
362,136,526.36,0.14,113.54,443.69,0.8870,-1,-1,-1
363,2,340.85,12.70,220.09,463.61,0.8705,-1,-1,-1
363,56,139.51,154.70,47.24,156.02,0.7852,-1,-1,-1
363,115,179.05,157.21,62.06,162.61,0.8107,-1,-1,-1
363,121,0.44,67.42,97.93,325.63,0.8985,-1,-1,-1
363,129,97.00,174.22,48.21,135.22,0.7430,-1,-1,-1
363,136,534.06,-0.28,105.83,453.56,0.8737,-1,-1,-1
364,2,353.40,18.24,206.44,458.56,0.8307,-1,-1,-1
364,56,146.60,163.09,46.89,157.36,0.8066,-1,-1,-1
364,115,183.13,164.13,58.91,163.93,0.8289,-1,-1,-1
364,121,0.84,76.40,104.31,327.35,0.8800,-1,-1,-1
364,129,93.43,180.07,46.53,138.13,0.7116,-1,-1,-1
364,136,546.79,1.09,93.08,477.55,0.8256,-1,-1,-1
365,2,352.36,21.49,202.68,458.48,0.8641,-1,-1,-1
365,56,142.68,168.74,53.41,157.39,0.8374,-1,-1,-1
365,115,192.72,168.79,48.74,160.59,0.8369,-1,-1,-1
365,121,0.48,84.75,103.38,323.24,0.8847,-1,-1,-1
365,129,81.33,179.18,50.11,144.40,0.3853,-1,-1,-1
365,136,548.41,35.63,91.55,442.79,0.8247,-1,-1,-1
366,2,350.67,16.91,199.76,462.38,0.8086,-1,-1,-1
366,56,129.56,160.54,83.86,153.77,0.8550,-1,-1,-1
366,115,193.27,155.03,48.48,160.10,0.8536,-1,-1,-1
366,121,-0.25,72.40,102.00,321.22,0.8833,-1,-1,-1
366,136,570.51,29.79,69.27,446.13,0.8543,-1,-1,-1
367,2,357.73,12.29,202.22,467.16,0.7834,-1,-1,-1
367,56,132.46,152.08,76.18,151.68,0.8683,-1,-1,-1
367,115,201.46,147.59,49.64,159.00,0.8117,-1,-1,-1
367,121,1.65,63.15,113.55,321.14,0.6888,-1,-1,-1
367,136,594.11,32.69,46.67,444.60,0.4219,-1,-1,-1
368,2,369.40,14.30,206.93,461.69,0.7974,-1,-1,-1
368,56,142.66,154.97,72.45,151.23,0.8736,-1,-1,-1
368,115,212.96,147.37,55.10,161.27,0.8369,-1,-1,-1
368,121,0.78,65.90,122.26,323.02,0.9084,-1,-1,-1
369,2,382.79,14.95,208.20,464.89,0.7993,-1,-1,-1
369,56,161.06,160.04,67.49,152.97,0.8360,-1,-1,-1
369,115,222.52,156.28,66.75,159.79,0.8791,-1,-1,-1
369,121,0.47,77.18,135.32,309.97,0.9081,-1,-1,-1
370,2,412.96,11.43,182.80,468.56,0.7041,-1,-1,-1
370,56,175.57,161.69,57.31,149.60,0.8048,-1,-1,-1
370,115,220.02,162.00,67.90,157.17,0.8731,-1,-1,-1
370,121,0.15,77.61,135.35,305.34,0.9045,-1,-1,-1
370,138,-4.42,208.64,32.25,164.54,0.4448,-1,-1,-1
371,2,378.31,6.98,232.55,472.34,0.7237,-1,-1,-1
371,56,188.08,156.87,49.85,153.26,0.8101,-1,-1,-1
371,115,221.53,159.95,65.86,157.41,0.8603,-1,-1,-1
371,121,0.34,74.71,135.03,308.11,0.8934,-1,-1,-1
372,2,391.48,1.02,239.19,474.23,0.7741,-1,-1,-1
372,56,195.09,158.58,50.71,151.42,0.8387,-1,-1,-1
372,115,231.00,159.13,61.60,155.27,0.8307,-1,-1,-1
372,121,8.06,73.56,132.05,307.68,0.8883,-1,-1,-1
373,2,389.99,0.05,249.62,477.56,0.7729,-1,-1,-1
373,56,206.01,159.20,54.94,150.64,0.7864,-1,-1,-1
373,115,249.87,157.02,55.44,157.67,0.8102,-1,-1,-1
373,121,20.83,79.64,131.19,307.82,0.8768,-1,-1,-1
373,141,7.90,111.87,38.33,267.53,0.5748,-1,-1,-1
374,2,396.14,0.50,243.81,479.36,0.8052,-1,-1,-1
374,56,212.25,165.16,60.29,146.96,0.8290,-1,-1,-1
374,115,267.25,158.37,45.26,157.49,0.8148,-1,-1,-1
374,121,27.07,85.11,133.16,310.78,0.9135,-1,-1,-1
374,141,3.94,105.76,47.96,275.74,0.8111,-1,-1,-1
374,142,186.97,220.84,20.29,49.36,0.6455,-1,-1,-1
375,2,416.58,0.38,223.04,479.71,0.8332,-1,-1,-1
375,56,214.59,164.43,60.31,146.95,0.8252,-1,-1,-1
375,115,273.45,157.57,44.91,157.50,0.8192,-1,-1,-1
375,121,30.28,79.62,127.67,319.32,0.9087,-1,-1,-1
375,141,1.82,102.17,51.08,281.10,0.8408,-1,-1,-1
375,142,187.83,220.98,17.90,47.88,0.4492,-1,-1,-1
376,2,427.32,0.81,212.47,479.27,0.8703,-1,-1,-1
376,56,221.71,162.34,55.11,149.51,0.8276,-1,-1,-1
376,115,277.81,159.57,45.35,154.24,0.8113,-1,-1,-1
376,121,34.50,79.86,130.11,312.60,0.8994,-1,-1,-1
376,141,-0.31,99.85,60.38,281.35,0.8471,-1,-1,-1
376,142,187.48,218.77,18.67,48.42,0.4898,-1,-1,-1
377,2,454.05,17.30,185.37,461.10,0.8272,-1,-1,-1
377,56,229.63,159.49,48.27,145.68,0.8408,-1,-1,-1
377,115,279.30,161.02,47.76,153.87,0.8217,-1,-1,-1
377,121,35.53,73.21,137.01,314.84,0.9036,-1,-1,-1
377,141,-0.37,96.83,65.45,289.49,0.8690,-1,-1,-1
377,142,185.92,217.35,20.17,49.57,0.5298,-1,-1,-1
377,143,445.81,192.57,40.77,89.77,0.6945,-1,-1,-1
378,2,480.01,25.73,159.43,451.59,0.7823,-1,-1,-1
378,56,234.23,159.16,45.16,147.62,0.8086,-1,-1,-1
378,115,281.67,159.74,48.47,155.89,0.7886,-1,-1,-1
378,121,43.95,72.58,131.11,305.55,0.9042,-1,-1,-1
378,141,0.26,96.32,66.81,290.83,0.8418,-1,-1,-1
378,142,186.74,216.82,18.97,49.01,0.4008,-1,-1,-1
378,143,448.00,193.09,39.69,91.46,0.7469,-1,-1,-1
379,2,504.98,39.88,134.81,439.27,0.8233,-1,-1,-1
379,56,237.80,158.37,44.24,147.82,0.7582,-1,-1,-1
379,115,288.02,155.49,47.39,154.71,0.8247,-1,-1,-1
379,121,44.55,70.32,129.16,311.45,0.9090,-1,-1,-1
379,141,2.51,95.63,55.47,276.95,0.8316,-1,-1,-1
379,143,446.70,191.24,41.67,88.59,0.7357,-1,-1,-1
380,2,532.06,54.07,107.83,424.31,0.7980,-1,-1,-1
380,56,238.17,161.82,53.79,147.94,0.7778,-1,-1,-1
380,115,292.34,158.93,45.23,153.50,0.8535,-1,-1,-1
380,121,41.35,72.07,129.33,318.41,0.9091,-1,-1,-1
380,141,0.28,100.51,55.37,278.98,0.8308,-1,-1,-1
380,143,444.69,193.13,40.93,91.57,0.7601,-1,-1,-1
381,2,552.32,78.81,87.19,399.63,0.8513,-1,-1,-1
381,56,234.69,169.40,59.61,144.90,0.8034,-1,-1,-1
381,115,293.39,161.67,46.15,155.26,0.8391,-1,-1,-1
381,121,38.01,75.59,126.60,324.65,0.9009,-1,-1,-1
381,141,-0.14,111.43,49.44,271.77,0.8099,-1,-1,-1
381,142,172.72,219.07,21.03,53.30,0.3531,-1,-1,-1
381,143,442.99,195.90,42.11,91.76,0.6530,-1,-1,-1
381,144,508.97,164.68,65.78,168.40,0.7991,-1,-1,-1
382,2,574.37,117.82,65.44,359.24,0.8172,-1,-1,-1
382,56,231.39,169.98,58.75,144.15,0.7873,-1,-1,-1
382,115,292.16,159.34,52.44,157.32,0.8305,-1,-1,-1
382,121,33.57,75.52,123.20,331.53,0.8928,-1,-1,-1
382,141,-1.41,124.47,40.64,211.35,0.7746,-1,-1,-1
382,143,447.99,195.02,38.00,90.54,0.5549,-1,-1,-1
382,144,508.71,164.00,77.31,172.73,0.8207,-1,-1,-1
383,2,591.62,223.38,48.63,253.37,0.6740,-1,-1,-1
383,56,228.10,171.96,58.93,145.09,0.8322,-1,-1,-1
383,115,289.68,161.36,58.61,160.05,0.8609,-1,-1,-1
383,121,22.18,75.73,125.29,337.96,0.9024,-1,-1,-1
383,141,-4.50,137.03,37.92,199.01,0.7274,-1,-1,-1
383,143,442.61,200.49,36.58,86.81,0.5163,-1,-1,-1
383,144,503.53,163.31,89.12,179.86,0.8431,-1,-1,-1
384,56,230.11,166.12,58.39,145.11,0.8165,-1,-1,-1
384,115,283.80,161.54,56.12,157.96,0.8821,-1,-1,-1
384,121,5.89,72.95,126.87,335.24,0.8992,-1,-1,-1
384,141,-6.77,173.39,25.92,148.86,0.5623,-1,-1,-1
384,143,433.32,196.32,43.34,88.07,0.5961,-1,-1,-1
384,144,509.43,152.63,82.57,186.72,0.8693,-1,-1,-1
385,56,235.90,162.39,51.36,146.38,0.8231,-1,-1,-1
385,115,283.14,160.23,55.43,157.82,0.8696,-1,-1,-1
385,121,0.16,66.68,126.63,333.62,0.9165,-1,-1,-1
385,143,432.30,194.34,42.56,86.65,0.7244,-1,-1,-1
385,144,512.42,148.18,78.73,193.11,0.8484,-1,-1,-1
386,56,238.68,159.32,50.20,149.99,0.8106,-1,-1,-1
386,115,284.80,156.90,53.53,158.11,0.8676,-1,-1,-1
386,121,-0.79,62.36,121.10,337.85,0.9177,-1,-1,-1
386,143,428.25,191.30,43.35,86.92,0.6968,-1,-1,-1
386,144,524.56,143.46,57.26,206.52,0.8515,-1,-1,-1
387,56,234.89,159.53,54.24,149.08,0.8194,-1,-1,-1
387,115,288.33,153.05,46.93,159.25,0.8400,-1,-1,-1
387,121,-1.13,57.59,118.03,350.21,0.9154,-1,-1,-1
387,143,421.56,190.83,41.74,87.14,0.6861,-1,-1,-1
387,144,523.24,137.19,68.70,221.51,0.8725,-1,-1,-1
388,56,234.44,163.96,51.73,146.94,0.8593,-1,-1,-1
388,115,288.62,155.08,44.26,160.30,0.8042,-1,-1,-1
388,121,-0.41,57.01,111.38,358.46,0.9081,-1,-1,-1
388,143,417.93,190.78,39.79,89.60,0.5966,-1,-1,-1
388,144,521.70,135.96,70.09,230.47,0.8618,-1,-1,-1
389,56,228.28,171.55,52.68,144.25,0.8682,-1,-1,-1
389,115,284.43,163.21,45.43,159.68,0.7681,-1,-1,-1
389,121,-0.91,59.43,106.02,358.05,0.9008,-1,-1,-1
389,143,427.03,197.04,24.63,87.91,0.4455,-1,-1,-1
389,144,522.94,136.59,73.14,243.88,0.8784,-1,-1,-1
390,56,222.19,167.38,54.13,149.26,0.8404,-1,-1,-1
390,115,275.98,163.10,51.92,154.51,0.8283,-1,-1,-1
390,121,-1.07,58.74,95.42,341.59,0.8813,-1,-1,-1
390,142,101.31,219.93,21.86,53.23,0.3766,-1,-1,-1
390,143,404.11,194.69,38.86,85.58,0.6970,-1,-1,-1
390,144,519.12,125.76,75.91,253.52,0.8743,-1,-1,-1
391,56,215.68,164.00,49.54,143.53,0.8555,-1,-1,-1
391,115,268.13,162.75,48.67,153.88,0.7901,-1,-1,-1
391,121,-0.98,93.10,78.47,311.57,0.8843,-1,-1,-1
391,143,395.77,192.07,35.84,84.24,0.6724,-1,-1,-1
391,144,505.42,114.51,99.22,266.70,0.8818,-1,-1,-1
391,151,357.02,218.24,13.82,32.64,0.4371,-1,-1,-1
392,56,213.60,160.98,47.25,145.68,0.8309,-1,-1,-1
392,115,264.03,157.30,50.44,158.01,0.7477,-1,-1,-1
392,121,0.06,96.49,65.14,312.26,0.8573,-1,-1,-1
392,142,75.37,221.01,23.79,52.08,0.3591,-1,-1,-1
392,143,388.55,192.20,36.88,78.75,0.7531,-1,-1,-1
392,144,498.64,107.71,120.95,275.58,0.8902,-1,-1,-1
392,151,350.14,217.04,13.18,32.91,0.3847,-1,-1,-1
393,56,209.91,164.23,46.13,149.78,0.8186,-1,-1,-1
393,115,259.11,163.37,52.83,153.31,0.8070,-1,-1,-1
393,121,1.67,103.12,51.96,310.51,0.7830,-1,-1,-1
393,143,382.75,196.68,37.06,82.37,0.7256,-1,-1,-1
393,144,489.68,106.91,150.11,302.22,0.9025,-1,-1,-1
393,151,341.80,219.56,12.83,33.86,0.4784,-1,-1,-1
394,56,211.86,165.13,46.08,150.28,0.8239,-1,-1,-1
394,115,260.86,161.76,51.07,154.42,0.7966,-1,-1,-1
394,121,-2.35,104.21,65.41,312.88,0.6980,-1,-1,-1
394,143,383.19,195.87,37.60,83.31,0.7383,-1,-1,-1
394,144,492.47,103.29,147.53,313.35,0.9112,-1,-1,-1
394,151,342.45,220.93,12.58,33.60,0.3720,-1,-1,-1
395,56,207.56,161.80,52.38,149.89,0.8530,-1,-1,-1
395,115,255.21,158.84,51.18,154.96,0.8400,-1,-1,-1
395,121,5.17,105.06,37.39,233.08,0.6573,-1,-1,-1
395,142,55.27,214.71,23.64,59.04,0.5397,-1,-1,-1
395,143,377.98,193.09,37.04,84.02,0.7645,-1,-1,-1
395,144,486.91,93.60,152.95,336.29,0.9142,-1,-1,-1
396,56,202.97,166.50,56.99,149.65,0.8395,-1,-1,-1
396,115,253.72,161.07,47.99,155.64,0.8374,-1,-1,-1
396,121,4.02,110.22,25.69,223.29,0.6883,-1,-1,-1
396,143,373.38,197.17,35.54,82.53,0.7302,-1,-1,-1
396,144,487.86,87.29,152.00,362.00,0.9193,-1,-1,-1
397,56,198.86,169.62,54.48,147.34,0.8518,-1,-1,-1
397,115,254.10,165.30,47.69,154.98,0.8375,-1,-1,-1
397,143,370.73,200.12,31.79,80.76,0.4874,-1,-1,-1
397,144,493.19,76.49,146.63,387.48,0.9147,-1,-1,-1
398,56,199.21,173.04,51.71,146.77,0.8324,-1,-1,-1
398,115,254.05,169.16,46.72,154.39,0.8324,-1,-1,-1
398,143,369.62,202.21,32.69,80.22,0.5846,-1,-1,-1
398,144,511.96,60.94,127.87,411.30,0.8971,-1,-1,-1
398,151,323.71,219.24,13.14,38.24,0.4329,-1,-1,-1
398,153,305.89,224.19,13.18,32.39,0.3172,-1,-1,-1
399,56,200.18,169.73,51.52,147.24,0.8104,-1,-1,-1
399,115,252.73,166.15,49.40,155.28,0.8187,-1,-1,-1
399,142,28.02,221.74,24.49,57.99,0.4443,-1,-1,-1
399,143,368.46,196.59,35.54,83.34,0.5741,-1,-1,-1
399,144,522.71,39.21,117.28,440.16,0.8849,-1,-1,-1
399,151,321.79,220.03,15.06,35.85,0.3616,-1,-1,-1
400,56,205.59,164.47,44.51,147.63,0.8167,-1,-1,-1
400,115,250.63,164.58,48.91,152.36,0.8586,-1,-1,-1
400,143,364.31,195.13,32.72,84.09,0.7028,-1,-1,-1
400,144,539.89,24.33,99.90,456.00,0.8500,-1,-1,-1
400,151,316.47,217.99,13.61,35.67,0.3480,-1,-1,-1
401,56,199.78,163.69,51.62,147.34,0.8371,-1,-1,-1
401,115,248.75,164.27,48.66,150.21,0.8306,-1,-1,-1
401,143,359.41,198.38,32.77,81.72,0.4778,-1,-1,-1
401,144,563.95,26.64,75.75,453.60,0.8552,-1,-1,-1
402,56,196.71,160.93,50.19,148.46,0.8396,-1,-1,-1
402,115,246.07,160.64,45.49,149.41,0.8265,-1,-1,-1
402,144,584.25,77.10,55.67,401.31,0.8286,-1,-1,-1
403,56,197.20,165.77,49.86,147.83,0.8565,-1,-1,-1
403,115,244.20,167.24,50.46,148.68,0.8472,-1,-1,-1
403,143,352.17,193.90,34.32,84.45,0.4303,-1,-1,-1
403,144,598.69,94.80,42.06,383.48,0.4069,-1,-1,-1
404,56,197.59,167.98,48.53,145.25,0.8520,-1,-1,-1
404,115,243.74,166.90,51.87,149.43,0.8152,-1,-1,-1
404,143,350.52,193.79,34.87,82.29,0.5319,-1,-1,-1
405,56,195.00,167.73,51.77,143.08,0.8551,-1,-1,-1
405,115,243.86,165.12,51.88,148.31,0.8255,-1,-1,-1
405,143,348.36,193.23,32.11,79.73,0.5735,-1,-1,-1
405,151,300.57,216.12,14.19,34.20,0.3752,-1,-1,-1
406,56,194.54,166.08,52.48,140.05,0.8375,-1,-1,-1
406,115,244.00,164.79,49.02,144.73,0.8271,-1,-1,-1
406,143,347.43,191.91,32.79,81.96,0.6693,-1,-1,-1
407,56,195.51,159.85,50.61,143.10,0.8291,-1,-1,-1
407,115,248.86,160.49,46.70,144.04,0.8036,-1,-1,-1
407,143,347.18,192.16,31.59,79.14,0.6993,-1,-1,-1
408,56,197.74,155.28,46.06,147.32,0.8225,-1,-1,-1
408,115,249.96,158.78,45.86,144.52,0.8270,-1,-1,-1
408,143,345.71,191.18,32.56,78.32,0.7894,-1,-1,-1
409,56,196.14,156.36,45.65,144.83,0.8380,-1,-1,-1
409,115,249.03,157.36,46.06,145.15,0.8139,-1,-1,-1
409,143,345.35,187.88,33.22,79.75,0.7919,-1,-1,-1
410,56,191.51,159.10,48.83,142.36,0.8356,-1,-1,-1
410,115,246.76,157.61,47.18,145.67,0.8264,-1,-1,-1
410,143,339.53,184.68,34.73,80.52,0.5619,-1,-1,-1
411,56,183.56,159.30,52.23,139.64,0.8485,-1,-1,-1
411,115,242.64,158.42,45.19,145.59,0.8171,-1,-1,-1
411,143,334.66,188.75,34.72,76.21,0.3814,-1,-1,-1
411,151,283.95,206.70,13.21,36.13,0.3088,-1,-1,-1
412,56,183.90,162.85,43.83,140.22,0.8241,-1,-1,-1
412,115,238.37,162.16,45.58,142.30,0.8007,-1,-1,-1
412,143,328.25,189.01,32.97,77.35,0.6981,-1,-1,-1
413,56,182.94,162.13,44.34,139.81,0.8220,-1,-1,-1
413,115,235.87,159.68,47.84,142.57,0.7735,-1,-1,-1
413,143,325.39,187.38,34.19,76.83,0.5348,-1,-1,-1
414,56,178.80,161.12,48.31,140.05,0.8272,-1,-1,-1
414,115,233.62,162.74,46.35,139.65,0.7853,-1,-1,-1
414,143,317.91,188.57,36.67,76.79,0.6141,-1,-1,-1
415,56,173.15,160.02,48.45,140.25,0.8281,-1,-1,-1
415,115,227.80,160.01,45.53,140.62,0.8077,-1,-1,-1
415,143,312.08,191.52,33.22,74.48,0.4625,-1,-1,-1
415,156,546.53,133.19,93.44,283.32,0.8507,-1,-1,-1
416,56,169.90,161.93,50.52,138.95,0.8228,-1,-1,-1
416,115,221.63,164.94,46.07,139.28,0.7812,-1,-1,-1
416,143,304.43,195.13,28.17,72.82,0.3428,-1,-1,-1
416,156,543.96,93.24,96.00,334.40,0.8903,-1,-1,-1
417,56,168.72,163.96,48.98,140.44,0.8350,-1,-1,-1
417,115,218.68,169.85,42.87,137.62,0.7348,-1,-1,-1
417,143,300.82,193.35,31.24,77.23,0.6708,-1,-1,-1
417,156,544.58,41.88,95.30,393.04,0.8589,-1,-1,-1
418,56,166.63,163.67,48.18,137.32,0.8470,-1,-1,-1
418,115,210.69,167.73,51.67,135.62,0.8220,-1,-1,-1
418,143,296.98,193.51,31.34,73.22,0.6017,-1,-1,-1
418,156,543.83,27.64,96.05,407.32,0.8708,-1,-1,-1
419,56,164.08,166.96,49.90,135.43,0.8384,-1,-1,-1
419,115,209.45,169.40,49.67,135.18,0.8023,-1,-1,-1
419,143,294.73,191.98,31.81,75.44,0.7493,-1,-1,-1
419,156,526.21,25.59,113.60,411.96,0.8961,-1,-1,-1
420,56,160.16,166.82,49.50,135.48,0.8039,-1,-1,-1
420,115,208.59,168.99,44.80,133.20,0.7918,-1,-1,-1
420,143,288.20,193.58,32.71,70.80,0.7502,-1,-1,-1
420,156,494.07,22.87,145.84,423.21,0.9185,-1,-1,-1
421,56,153.54,167.05,47.43,129.75,0.8401,-1,-1,-1
421,115,203.18,167.35,42.89,129.31,0.7575,-1,-1,-1
421,143,280.71,191.56,32.40,73.98,0.8137,-1,-1,-1
421,156,472.83,28.55,166.83,420.45,0.9189,-1,-1,-1
422,56,151.57,163.71,46.64,131.20,0.8325,-1,-1,-1
422,115,199.32,163.45,42.83,132.53,0.7857,-1,-1,-1
422,143,277.90,189.98,30.87,74.68,0.7365,-1,-1,-1
422,156,465.07,32.26,174.34,416.90,0.9190,-1,-1,-1
423,56,146.75,159.81,46.69,134.09,0.8230,-1,-1,-1
423,115,195.70,159.40,42.51,132.11,0.7962,-1,-1,-1
423,143,271.84,189.88,31.09,72.09,0.6321,-1,-1,-1
423,156,456.65,36.56,175.66,416.36,0.9169,-1,-1,-1
424,56,141.98,159.77,45.21,135.24,0.8044,-1,-1,-1
424,115,193.47,161.45,40.37,131.87,0.7998,-1,-1,-1
424,143,266.62,187.61,29.86,74.72,0.7524,-1,-1,-1
424,156,442.85,44.03,180.00,409.79,0.8873,-1,-1,-1
425,56,135.20,160.92,46.42,131.74,0.8081,-1,-1,-1
425,115,185.91,159.85,40.89,132.65,0.7892,-1,-1,-1
425,143,259.35,185.89,30.18,73.30,0.7064,-1,-1,-1
425,156,428.12,46.48,182.41,401.16,0.8981,-1,-1,-1
426,56,129.94,158.65,49.15,132.11,0.7798,-1,-1,-1
426,115,182.86,159.66,39.17,130.25,0.7942,-1,-1,-1
426,143,254.81,183.61,28.54,73.37,0.6914,-1,-1,-1
426,156,419.09,47.48,185.90,398.18,0.8713,-1,-1,-1
427,56,124.52,158.53,50.17,129.67,0.7878,-1,-1,-1
427,115,177.26,157.02,44.38,130.34,0.7681,-1,-1,-1
427,143,249.20,178.65,27.89,75.86,0.7291,-1,-1,-1
427,156,409.43,45.54,157.06,392.95,0.8805,-1,-1,-1
428,56,118.90,157.58,51.86,128.76,0.8163,-1,-1,-1
428,115,173.98,152.24,42.20,130.28,0.7953,-1,-1,-1
428,143,240.83,179.30,29.45,73.63,0.6689,-1,-1,-1
428,156,406.43,42.84,131.29,376.81,0.9018,-1,-1,-1
428,157,559.27,0.25,80.53,476.31,0.8489,-1,-1,-1
429,56,116.62,156.02,48.83,127.61,0.7953,-1,-1,-1
429,115,170.93,152.43,42.98,129.64,0.7995,-1,-1,-1
429,143,235.02,179.38,28.25,74.53,0.7573,-1,-1,-1
429,156,400.00,45.38,114.65,355.89,0.9053,-1,-1,-1
429,157,471.38,1.05,168.59,478.91,0.8366,-1,-1,-1
430,56,111.74,154.44,50.62,127.12,0.8180,-1,-1,-1
430,115,165.88,153.54,41.88,128.07,0.7858,-1,-1,-1
430,143,228.93,181.92,27.43,71.97,0.5706,-1,-1,-1
430,156,366.49,50.04,128.91,351.21,0.8954,-1,-1,-1
430,157,403.14,0.02,236.53,479.59,0.8965,-1,-1,-1
431,56,108.51,151.73,51.64,127.19,0.7932,-1,-1,-1
431,115,163.65,153.70,44.40,125.90,0.7833,-1,-1,-1
431,143,223.08,178.83,30.63,72.47,0.7437,-1,-1,-1
431,156,343.81,52.00,140.86,345.82,0.8956,-1,-1,-1
431,157,385.59,-0.24,253.77,480.27,0.8793,-1,-1,-1
432,56,108.06,151.89,51.22,125.67,0.8175,-1,-1,-1
432,115,161.29,156.19,40.94,122.51,0.6760,-1,-1,-1
432,143,221.48,174.26,29.92,76.68,0.7563,-1,-1,-1
432,156,337.00,54.71,124.28,315.44,0.8705,-1,-1,-1
432,157,414.32,-0.15,225.41,477.76,0.8882,-1,-1,-1
432,158,-6.57,118.52,62.11,208.82,0.6872,-1,-1,-1
433,56,106.22,154.14,50.91,124.50,0.8293,-1,-1,-1
433,115,156.91,154.37,42.21,124.17,0.7057,-1,-1,-1
433,143,218.26,176.45,30.64,74.02,0.8185,-1,-1,-1
433,156,336.27,56.48,104.23,314.86,0.8564,-1,-1,-1
433,157,411.60,-0.08,228.30,479.75,0.8541,-1,-1,-1
433,158,-8.43,99.99,71.13,258.25,0.6655,-1,-1,-1
434,56,100.09,156.59,50.03,122.22,0.8359,-1,-1,-1
434,115,155.21,153.79,40.84,123.68,0.7953,-1,-1,-1
434,143,212.33,173.33,30.99,76.81,0.7609,-1,-1,-1
434,156,330.50,58.02,86.72,314.69,0.7950,-1,-1,-1
434,157,385.73,-0.35,183.30,480.00,0.7955,-1,-1,-1
434,158,-10.78,61.95,75.69,301.90,0.6242,-1,-1,-1
435,56,96.67,153.70,51.78,123.62,0.8352,-1,-1,-1
435,115,151.94,152.27,40.70,120.69,0.7764,-1,-1,-1
435,143,209.33,176.62,30.68,73.02,0.6603,-1,-1,-1
435,156,314.01,93.67,68.19,279.19,0.7105,-1,-1,-1
435,157,345.73,-0.17,167.98,479.37,0.8553,-1,-1,-1
435,158,-10.17,53.48,78.61,310.56,0.5673,-1,-1,-1
435,159,594.95,105.05,44.89,289.15,0.6177,-1,-1,-1
436,56,91.77,151.30,48.16,122.51,0.8043,-1,-1,-1
436,115,149.66,147.99,41.42,121.66,0.7937,-1,-1,-1
436,143,205.54,173.79,28.81,73.08,0.6916,-1,-1,-1
436,157,300.19,0.27,188.17,479.60,0.8962,-1,-1,-1
436,159,579.99,102.92,59.79,293.93,0.7720,-1,-1,-1
437,56,88.89,149.44,46.80,122.16,0.8182,-1,-1,-1
437,115,148.26,150.11,42.39,120.40,0.7414,-1,-1,-1
437,143,204.03,171.88,28.26,75.57,0.7495,-1,-1,-1
437,157,247.43,0.01,227.25,478.91,0.9259,-1,-1,-1
437,158,-11.95,57.10,79.89,283.27,0.3909,-1,-1,-1
437,159,601.80,89.34,38.07,309.36,0.7319,-1,-1,-1
438,56,84.25,152.39,46.85,118.38,0.8289,-1,-1,-1
438,115,145.23,149.64,42.94,120.18,0.7582,-1,-1,-1
438,143,202.45,168.57,25.39,78.45,0.6450,-1,-1,-1
438,157,198.25,-0.01,277.44,480.04,0.9043,-1,-1,-1
438,158,-10.39,71.01,75.22,272.52,0.5812,-1,-1,-1
438,159,552.66,68.81,86.81,332.44,0.8624,-1,-1,-1
439,56,82.05,148.10,46.75,121.75,0.8400,-1,-1,-1
439,115,142.98,149.26,38.33,119.12,0.8133,-1,-1,-1
439,157,181.68,1.57,276.74,478.59,0.8629,-1,-1,-1
439,158,-8.14,69.77,70.83,294.35,0.3917,-1,-1,-1
439,159,528.84,77.19,111.05,325.27,0.8993,-1,-1,-1
439,161,384.88,135.50,49.59,179.62,0.6431,-1,-1,-1
440,56,74.87,143.62,46.63,100.21,0.4041,-1,-1,-1
440,157,86.04,-0.05,334.86,480.19,0.8434,-1,-1,-1
440,158,-8.73,53.47,70.16,350.17,0.6912,-1,-1,-1
440,159,521.71,77.61,118.21,330.57,0.9120,-1,-1,-1
440,161,370.65,135.90,55.46,179.31,0.7037,-1,-1,-1
441,156,277.22,65.93,112.95,336.94,0.7948,-1,-1,-1
441,157,4.58,0.76,287.78,478.28,0.8619,-1,-1,-1
441,159,526.84,80.53,112.99,330.96,0.8889,-1,-1,-1
441,161,369.33,137.93,52.99,178.71,0.7123,-1,-1,-1
442,156,258.20,66.95,126.29,332.01,0.8811,-1,-1,-1
442,157,-6.47,0.49,247.68,478.07,0.7012,-1,-1,-1
442,159,534.33,79.62,96.75,318.15,0.8631,-1,-1,-1
442,161,366.95,137.23,50.55,178.30,0.7611,-1,-1,-1
443,156,255.18,62.62,122.66,333.36,0.8875,-1,-1,-1
443,157,-5.74,1.82,206.16,474.83,0.7430,-1,-1,-1
443,159,522.47,76.08,100.08,310.68,0.7488,-1,-1,-1
443,161,365.33,133.08,47.07,178.22,0.7380,-1,-1,-1
443,163,608.74,84.13,30.82,223.58,0.4611,-1,-1,-1
444,115,145.65,155.24,36.40,118.46,0.7470,-1,-1,-1
444,143,187.55,178.54,29.81,70.07,0.7552,-1,-1,-1
444,156,249.56,65.13,120.50,321.78,0.8925,-1,-1,-1
444,159,497.68,80.35,111.80,303.40,0.6003,-1,-1,-1
444,161,359.06,135.78,47.98,180.08,0.7316,-1,-1,-1
444,165,551.59,79.88,88.13,315.54,0.7332,-1,-1,-1
445,56,99.32,154.76,34.36,120.94,0.7507,-1,-1,-1
445,115,143.75,157.47,39.84,115.74,0.7746,-1,-1,-1
445,143,189.56,179.15,29.81,70.91,0.7032,-1,-1,-1
445,156,249.44,62.64,115.91,317.36,0.8937,-1,-1,-1
445,159,531.19,80.15,80.57,316.84,0.5220,-1,-1,-1
445,161,357.87,138.69,50.47,179.27,0.7981,-1,-1,-1
445,165,590.50,88.21,49.43,262.64,0.6837,-1,-1,-1
446,56,94.70,153.52,45.53,118.27,0.8077,-1,-1,-1
446,115,147.40,157.77,41.11,114.24,0.7495,-1,-1,-1
446,143,193.38,177.77,29.20,71.74,0.6205,-1,-1,-1
446,156,246.86,60.34,109.68,318.99,0.8979,-1,-1,-1
446,159,464.00,82.79,159.08,315.54,0.8933,-1,-1,-1
446,161,343.80,139.58,62.95,178.05,0.7749,-1,-1,-1
446,165,582.78,75.57,57.00,292.95,0.8483,-1,-1,-1
447,56,97.03,155.51,48.05,119.11,0.7885,-1,-1,-1
447,115,147.74,160.66,42.56,113.84,0.7081,-1,-1,-1
447,143,193.97,181.34,30.56,70.47,0.5503,-1,-1,-1
447,156,239.01,61.34,111.68,327.40,0.8948,-1,-1,-1
447,159,469.92,86.16,159.24,316.34,0.8474,-1,-1,-1
447,161,341.39,143.35,65.33,179.30,0.7892,-1,-1,-1
447,165,575.66,80.99,64.17,290.98,0.8191,-1,-1,-1
447,166,-0.50,0.12,103.28,313.94,0.7401,-1,-1,-1
448,56,98.71,152.19,47.81,117.68,0.8172,-1,-1,-1
448,115,148.06,157.37,41.59,113.88,0.7692,-1,-1,-1
448,143,192.80,181.06,33.02,69.09,0.5862,-1,-1,-1
448,156,236.82,60.63,107.72,330.89,0.8920,-1,-1,-1
448,158,0.41,0.08,106.97,480.04,0.8846,-1,-1,-1
448,159,473.98,83.96,128.09,312.69,0.8570,-1,-1,-1
448,161,343.67,141.01,61.77,180.76,0.7878,-1,-1,-1
448,165,574.23,82.61,65.64,293.52,0.8026,-1,-1,-1
449,56,103.90,157.61,46.16,113.40,0.8283,-1,-1,-1
449,115,150.79,158.33,37.59,112.81,0.7931,-1,-1,-1
449,143,197.22,182.78,32.56,69.53,0.6078,-1,-1,-1
449,156,241.18,65.93,101.49,330.64,0.8941,-1,-1,-1
449,158,2.55,0.21,112.03,476.79,0.8934,-1,-1,-1
449,159,485.72,84.37,96.63,304.90,0.8424,-1,-1,-1
449,161,344.03,142.13,61.62,179.04,0.7880,-1,-1,-1
449,165,551.74,86.70,88.15,295.50,0.5435,-1,-1,-1
450,56,114.36,158.93,45.14,113.74,0.7855,-1,-1,-1
450,115,160.17,158.22,37.33,112.54,0.8062,-1,-1,-1
450,143,205.74,182.56,31.97,70.25,0.6944,-1,-1,-1
450,156,243.38,66.79,102.07,327.70,0.8901,-1,-1,-1
450,158,4.78,0.40,122.14,478.18,0.8712,-1,-1,-1
450,159,499.38,81.98,98.86,314.41,0.8299,-1,-1,-1
450,161,355.60,139.00,56.67,177.12,0.8353,-1,-1,-1
450,165,547.97,86.87,92.61,275.12,0.5565,-1,-1,-1
451,56,121.22,160.18,43.32,113.18,0.8023,-1,-1,-1
451,115,165.70,160.76,39.16,111.64,0.7897,-1,-1,-1
451,143,209.37,183.55,30.78,69.55,0.5818,-1,-1,-1
451,156,233.91,65.66,116.53,329.95,0.8778,-1,-1,-1
451,158,2.48,4.41,130.37,474.26,0.9074,-1,-1,-1
451,159,489.09,85.06,111.92,317.63,0.8499,-1,-1,-1
451,161,359.48,139.49,58.17,178.52,0.8255,-1,-1,-1
451,165,554.92,88.59,84.91,278.48,0.6896,-1,-1,-1
452,56,131.43,158.79,42.21,112.67,0.8056,-1,-1,-1
452,115,174.82,160.80,36.43,112.39,0.8050,-1,-1,-1
452,156,223.98,61.67,125.25,324.11,0.8976,-1,-1,-1
452,158,2.50,5.19,137.39,472.24,0.9111,-1,-1,-1
452,159,477.06,87.36,133.97,320.79,0.8440,-1,-1,-1
452,161,358.91,138.64,61.37,181.17,0.7613,-1,-1,-1
452,165,578.89,85.76,61.02,275.20,0.6922,-1,-1,-1
453,56,139.17,156.71,41.38,111.91,0.8195,-1,-1,-1
453,115,182.86,160.12,34.53,110.85,0.7899,-1,-1,-1
453,156,232.16,54.19,124.52,327.49,0.8821,-1,-1,-1
453,158,2.07,2.46,149.48,473.82,0.9064,-1,-1,-1
453,159,486.20,83.87,132.12,325.85,0.8522,-1,-1,-1
453,161,361.05,137.99,71.57,181.00,0.7732,-1,-1,-1
453,165,581.83,77.53,58.07,297.82,0.7390,-1,-1,-1
454,56,151.26,159.32,37.58,114.24,0.7886,-1,-1,-1
454,115,192.44,163.84,35.13,111.88,0.8001,-1,-1,-1
454,156,241.33,59.22,126.20,332.17,0.9030,-1,-1,-1
454,158,1.93,4.27,159.44,472.04,0.9141,-1,-1,-1
454,159,503.17,84.65,116.09,330.32,0.8654,-1,-1,-1
454,161,371.51,144.10,71.24,181.59,0.8142,-1,-1,-1
454,165,588.74,81.53,50.99,302.81,0.7580,-1,-1,-1
455,56,160.08,159.73,37.48,110.24,0.8076,-1,-1,-1
455,115,198.06,161.73,39.25,110.57,0.7638,-1,-1,-1
455,156,255.43,58.38,119.17,340.70,0.8962,-1,-1,-1
455,158,2.16,-0.09,170.71,477.25,0.8870,-1,-1,-1
455,159,505.30,77.36,103.65,317.70,0.8730,-1,-1,-1
455,161,378.12,139.78,69.70,183.72,0.8281,-1,-1,-1
455,165,571.40,80.50,68.46,309.51,0.7522,-1,-1,-1
456,56,168.96,162.23,32.77,107.57,0.6910,-1,-1,-1
456,115,205.27,161.60,38.07,111.17,0.7779,-1,-1,-1
456,156,260.13,62.11,118.13,342.90,0.8837,-1,-1,-1
456,158,1.68,1.42,179.64,473.76,0.8859,-1,-1,-1
456,159,504.16,79.58,102.94,320.01,0.8723,-1,-1,-1
456,161,381.49,140.22,67.77,186.59,0.7731,-1,-1,-1
456,165,585.42,84.09,54.45,284.68,0.7748,-1,-1,-1
457,56,178.71,166.62,34.26,106.15,0.7369,-1,-1,-1
457,115,213.90,163.68,36.74,110.77,0.7627,-1,-1,-1
457,156,267.18,65.68,120.31,350.38,0.8820,-1,-1,-1
457,158,3.49,6.45,191.40,466.61,0.8834,-1,-1,-1
457,159,480.79,85.73,131.75,327.60,0.8824,-1,-1,-1
457,161,389.12,141.12,63.29,184.29,0.7404,-1,-1,-1
457,165,602.07,87.39,37.86,290.23,0.7489,-1,-1,-1
458,56,188.26,163.64,31.61,104.73,0.5364,-1,-1,-1
458,115,224.34,161.59,33.70,110.23,0.7655,-1,-1,-1
458,156,273.39,62.42,120.08,350.19,0.8836,-1,-1,-1
458,158,16.30,3.23,188.91,470.99,0.8728,-1,-1,-1
458,159,474.99,84.67,149.13,331.33,0.8931,-1,-1,-1
458,161,393.49,137.34,59.78,185.00,0.8172,-1,-1,-1
458,165,607.03,79.56,32.81,301.60,0.7273,-1,-1,-1
459,115,232.69,168.83,31.52,109.54,0.7596,-1,-1,-1
459,156,274.83,67.21,124.49,357.23,0.8802,-1,-1,-1
459,158,36.98,4.86,187.00,472.99,0.8386,-1,-1,-1
459,159,487.95,89.89,151.76,335.94,0.8957,-1,-1,-1
459,161,401.55,143.81,59.85,188.01,0.7876,-1,-1,-1
459,165,603.33,85.02,36.64,290.75,0.6144,-1,-1,-1
460,115,234.34,167.57,31.69,109.60,0.7276,-1,-1,-1
460,156,273.29,64.72,130.34,356.37,0.8956,-1,-1,-1
460,158,39.23,2.11,193.29,477.81,0.8568,-1,-1,-1
460,159,494.79,87.47,144.21,341.77,0.8785,-1,-1,-1
460,161,401.08,143.84,61.26,189.45,0.7967,-1,-1,-1
460,165,605.48,79.04,34.40,304.09,0.6389,-1,-1,-1
461,115,241.08,165.38,31.29,110.06,0.7184,-1,-1,-1
461,156,277.39,56.10,130.41,345.99,0.9052,-1,-1,-1
461,158,50.54,-0.11,190.67,479.83,0.8820,-1,-1,-1
461,159,513.14,80.98,101.82,322.88,0.8676,-1,-1,-1
461,161,405.76,142.47,57.96,192.07,0.8032,-1,-1,-1
461,165,600.60,78.09,39.10,305.49,0.6704,-1,-1,-1
462,115,241.60,165.59,36.80,111.72,0.7215,-1,-1,-1
462,156,280.19,56.31,125.79,345.39,0.8935,-1,-1,-1
462,158,53.67,0.25,189.33,475.33,0.8681,-1,-1,-1
462,159,514.73,80.91,101.57,330.49,0.8476,-1,-1,-1
462,161,404.03,144.02,62.48,193.07,0.8332,-1,-1,-1
462,165,589.00,81.38,50.58,297.79,0.7028,-1,-1,-1
463,115,242.84,166.15,34.30,112.24,0.7095,-1,-1,-1
463,156,280.93,60.03,120.28,352.16,0.8943,-1,-1,-1
463,158,53.11,3.45,194.34,476.76,0.8518,-1,-1,-1
463,159,503.86,89.35,123.75,336.23,0.8841,-1,-1,-1
463,161,409.14,146.85,53.20,196.25,0.8211,-1,-1,-1
463,165,584.86,88.39,54.83,295.48,0.6668,-1,-1,-1
464,115,242.15,169.19,33.14,108.52,0.7382,-1,-1,-1
464,156,282.60,58.14,111.85,358.38,0.8841,-1,-1,-1
464,158,49.93,0.01,195.57,480.01,0.8768,-1,-1,-1
464,159,482.82,89.43,144.61,338.69,0.8728,-1,-1,-1
464,161,407.39,145.43,54.84,193.28,0.7832,-1,-1,-1
464,165,589.65,88.74,50.13,296.77,0.7477,-1,-1,-1
465,115,240.08,169.67,34.93,105.67,0.7139,-1,-1,-1
465,156,283.74,55.92,105.14,362.80,0.8801,-1,-1,-1
465,158,47.86,-0.08,195.80,480.04,0.8874,-1,-1,-1
465,159,476.76,90.50,144.41,337.19,0.8835,-1,-1,-1
465,161,407.39,141.88,55.64,190.32,0.7476,-1,-1,-1
465,165,591.94,85.69,47.83,308.23,0.7925,-1,-1,-1
466,115,242.10,165.13,34.23,111.56,0.6959,-1,-1,-1
466,156,279.89,57.57,104.70,362.34,0.8848,-1,-1,-1
466,158,47.48,-0.04,195.90,480.05,0.8537,-1,-1,-1
466,159,480.86,89.66,129.72,339.92,0.8833,-1,-1,-1
466,161,406.40,141.22,55.84,191.32,0.7612,-1,-1,-1
466,165,596.36,84.45,43.54,310.74,0.8247,-1,-1,-1
467,115,243.06,168.20,35.64,108.65,0.6920,-1,-1,-1
467,156,271.34,59.17,112.35,364.61,0.8931,-1,-1,-1
467,158,46.34,-0.09,199.18,480.04,0.8860,-1,-1,-1
467,159,482.35,86.01,107.70,327.38,0.8818,-1,-1,-1
467,161,397.08,141.60,67.68,192.94,0.7695,-1,-1,-1
467,165,587.39,83.00,52.51,316.62,0.8734,-1,-1,-1
468,115,237.36,167.40,36.12,106.38,0.5255,-1,-1,-1
468,156,266.87,51.85,115.03,372.15,0.8778,-1,-1,-1
468,158,42.96,0.25,200.07,479.46,0.8911,-1,-1,-1
468,159,468.99,81.10,105.72,321.29,0.8662,-1,-1,-1
468,161,402.25,141.44,62.65,192.18,0.7425,-1,-1,-1
468,165,570.10,81.60,69.72,320.21,0.8729,-1,-1,-1
469,156,254.86,43.85,126.86,361.93,0.8723,-1,-1,-1
469,158,40.20,0.11,204.55,471.94,0.8560,-1,-1,-1
469,159,440.24,81.58,127.88,328.71,0.8497,-1,-1,-1
469,161,401.11,139.73,60.85,193.00,0.7111,-1,-1,-1
469,165,557.14,83.95,82.67,318.84,0.8593,-1,-1,-1
470,156,252.93,42.10,134.78,363.81,0.8750,-1,-1,-1
470,158,41.10,0.08,210.60,479.85,0.8561,-1,-1,-1
470,159,429.89,86.09,133.79,331.20,0.8919,-1,-1,-1
470,161,400.71,139.89,62.58,187.55,0.7673,-1,-1,-1
470,165,550.62,82.80,89.28,300.20,0.8732,-1,-1,-1
471,156,255.57,40.40,139.63,365.18,0.8791,-1,-1,-1
471,158,46.55,0.20,211.35,479.93,0.8749,-1,-1,-1
471,159,435.69,87.73,132.10,329.97,0.8881,-1,-1,-1
471,161,401.65,137.31,62.48,191.06,0.5925,-1,-1,-1
471,165,549.43,78.43,90.41,306.66,0.7519,-1,-1,-1
472,156,258.58,35.69,139.15,371.10,0.8852,-1,-1,-1
472,158,52.17,0.20,211.51,479.77,0.8802,-1,-1,-1
472,159,440.02,83.11,124.80,332.62,0.8809,-1,-1,-1
472,161,400.26,133.05,65.55,193.82,0.6258,-1,-1,-1
472,165,559.59,73.50,80.20,319.95,0.8590,-1,-1,-1
473,156,264.84,33.19,127.08,385.04,0.8721,-1,-1,-1
473,158,56.21,0.25,217.67,475.03,0.8505,-1,-1,-1
473,159,443.65,77.38,110.77,325.13,0.8927,-1,-1,-1
473,161,403.32,129.80,59.79,194.99,0.6298,-1,-1,-1
473,165,572.20,71.16,67.68,324.02,0.8809,-1,-1,-1
474,156,273.61,34.02,119.82,387.16,0.8807,-1,-1,-1
474,158,65.75,0.23,219.15,479.38,0.8409,-1,-1,-1
474,159,447.67,75.72,104.33,321.17,0.8470,-1,-1,-1
474,161,406.90,131.21,55.53,196.00,0.7491,-1,-1,-1
474,165,543.34,71.50,96.57,321.22,0.8477,-1,-1,-1
475,156,278.36,36.65,119.21,388.91,0.8838,-1,-1,-1
475,158,73.29,0.56,218.53,475.10,0.8606,-1,-1,-1
475,159,452.22,73.97,109.21,330.22,0.8481,-1,-1,-1
475,161,413.34,130.17,54.98,197.78,0.3911,-1,-1,-1
475,165,525.14,73.80,114.75,296.48,0.9070,-1,-1,-1
476,156,282.70,40.78,119.64,389.30,0.8852,-1,-1,-1
476,158,76.34,0.56,218.28,475.81,0.8772,-1,-1,-1
476,159,453.00,78.58,116.62,331.40,0.8854,-1,-1,-1
476,165,530.44,74.02,109.55,300.66,0.9005,-1,-1,-1
477,156,281.36,39.63,122.87,392.22,0.8945,-1,-1,-1
477,158,78.73,1.82,218.60,463.95,0.7765,-1,-1,-1
477,159,448.79,82.07,120.57,334.45,0.7888,-1,-1,-1
477,165,534.09,72.01,105.89,307.80,0.9026,-1,-1,-1
478,156,281.80,34.84,121.79,389.33,0.8981,-1,-1,-1
478,158,72.08,0.32,224.68,466.21,0.7865,-1,-1,-1
478,159,445.40,79.18,118.91,339.95,0.8137,-1,-1,-1
478,165,537.94,71.88,102.04,311.50,0.8894,-1,-1,-1
479,156,278.45,39.02,122.31,371.78,0.8945,-1,-1,-1
479,158,70.08,0.56,228.63,479.40,0.8126,-1,-1,-1
479,159,443.39,86.19,114.15,330.59,0.8518,-1,-1,-1
479,165,542.64,74.70,97.24,323.71,0.9092,-1,-1,-1
480,156,275.11,39.23,122.75,383.72,0.8865,-1,-1,-1
480,158,72.81,0.29,222.93,477.50,0.8429,-1,-1,-1
480,159,441.01,86.55,115.37,319.53,0.8708,-1,-1,-1
480,165,549.23,76.09,88.09,329.09,0.8303,-1,-1,-1
481,156,272.68,33.53,116.27,390.16,0.8836,-1,-1,-1
481,158,65.78,-0.16,228.66,474.07,0.8037,-1,-1,-1
481,159,434.18,82.61,107.76,318.21,0.8625,-1,-1,-1
481,165,535.11,73.11,98.42,335.10,0.8480,-1,-1,-1
482,156,265.84,34.23,110.96,395.06,0.8883,-1,-1,-1
482,158,56.00,0.79,234.99,466.33,0.7511,-1,-1,-1
482,159,413.41,83.48,116.02,322.84,0.8689,-1,-1,-1
482,165,514.82,76.15,119.39,338.48,0.8402,-1,-1,-1
483,156,261.08,42.61,104.70,394.65,0.8769,-1,-1,-1
483,158,47.97,2.88,240.35,473.07,0.7816,-1,-1,-1
483,159,397.13,92.07,121.99,326.96,0.8719,-1,-1,-1
483,165,509.50,84.70,115.66,334.26,0.8816,-1,-1,-1
484,156,254.59,48.28,102.63,391.15,0.8590,-1,-1,-1
484,158,39.52,6.70,244.54,472.76,0.6547,-1,-1,-1
484,159,383.32,94.00,128.49,330.12,0.8435,-1,-1,-1
484,165,510.75,85.61,109.63,334.80,0.8762,-1,-1,-1
485,156,250.31,49.26,100.94,396.32,0.8413,-1,-1,-1
485,158,33.51,2.32,248.92,478.51,0.7362,-1,-1,-1
485,159,394.42,91.87,115.16,332.62,0.8089,-1,-1,-1
485,165,510.35,85.34,94.27,324.20,0.8383,-1,-1,-1
486,156,245.07,41.77,102.55,390.08,0.8828,-1,-1,-1
486,158,27.39,0.27,253.14,479.84,0.7839,-1,-1,-1
486,159,399.26,89.21,99.30,323.03,0.8710,-1,-1,-1
486,165,503.57,83.41,85.87,318.50,0.8733,-1,-1,-1
487,156,241.28,38.89,102.65,390.08,0.8848,-1,-1,-1
487,158,23.15,0.77,257.80,479.43,0.8441,-1,-1,-1
487,159,393.68,90.20,97.93,322.43,0.8711,-1,-1,-1
487,165,489.31,85.94,91.61,327.16,0.8850,-1,-1,-1
488,156,243.70,37.77,98.61,383.14,0.8605,-1,-1,-1
488,158,26.44,0.63,258.75,479.05,0.8163,-1,-1,-1
488,159,390.67,93.22,102.01,326.64,0.8520,-1,-1,-1
488,165,458.99,88.55,120.61,332.75,0.8517,-1,-1,-1
489,156,245.09,35.88,91.24,376.80,0.8672,-1,-1,-1
489,158,18.85,-1.16,267.48,479.67,0.6869,-1,-1,-1
489,159,390.56,94.72,102.52,331.12,0.7844,-1,-1,-1
489,165,451.45,88.23,133.44,335.39,0.8952,-1,-1,-1
490,156,248.90,37.65,79.44,346.91,0.6462,-1,-1,-1
490,158,6.97,-2.03,277.45,479.72,0.6202,-1,-1,-1
490,159,382.88,96.98,107.89,329.45,0.8304,-1,-1,-1
490,165,455.95,91.59,133.74,331.53,0.8814,-1,-1,-1
490,173,559.53,83.65,79.57,213.62,0.3299,-1,-1,-1
491,156,251.33,41.87,74.74,322.68,0.8142,-1,-1,-1
491,158,0.99,0.38,282.64,477.51,0.8244,-1,-1,-1
491,159,376.13,98.56,112.80,335.58,0.8505,-1,-1,-1
491,165,460.46,94.53,117.83,323.41,0.8676,-1,-1,-1
492,156,249.66,40.87,75.47,296.15,0.8188,-1,-1,-1
492,158,1.53,0.35,276.81,476.68,0.7391,-1,-1,-1
492,159,377.14,95.22,105.86,327.50,0.8688,-1,-1,-1
492,165,466.24,89.93,99.63,317.71,0.8147,-1,-1,-1
493,156,244.86,41.90,81.12,285.05,0.8093,-1,-1,-1
493,158,1.02,1.81,276.85,476.53,0.7246,-1,-1,-1
493,159,376.95,93.23,99.97,319.27,0.8681,-1,-1,-1
493,165,469.91,88.55,100.73,327.29,0.8351,-1,-1,-1
494,156,240.68,41.40,88.65,338.56,0.8514,-1,-1,-1
494,158,0.28,1.08,279.51,478.84,0.7532,-1,-1,-1
494,159,373.72,95.25,100.71,323.13,0.8325,-1,-1,-1
494,165,468.37,90.99,94.35,332.51,0.7725,-1,-1,-1
495,156,230.69,29.19,102.47,356.56,0.8552,-1,-1,-1
495,158,-0.06,-5.65,273.95,479.99,0.3719,-1,-1,-1
495,159,363.65,91.12,112.20,330.49,0.8764,-1,-1,-1
495,165,462.48,88.90,97.19,337.82,0.8356,-1,-1,-1
496,156,229.99,28.24,106.74,355.94,0.8535,-1,-1,-1
496,158,0.17,-3.37,275.35,480.33,0.4391,-1,-1,-1
496,159,365.53,93.58,110.42,334.25,0.8892,-1,-1,-1
496,165,463.93,90.69,97.90,338.21,0.8446,-1,-1,-1
496,174,343.88,136.61,57.38,210.97,0.5613,-1,-1,-1
497,156,229.53,27.45,108.17,349.53,0.8473,-1,-1,-1
497,158,0.09,-2.75,274.53,478.84,0.4720,-1,-1,-1
497,159,371.81,93.94,103.05,338.89,0.8470,-1,-1,-1
497,165,465.05,89.81,103.97,341.24,0.8032,-1,-1,-1
497,174,345.61,137.33,54.70,206.44,0.6548,-1,-1,-1
498,156,229.66,26.11,103.69,355.24,0.8121,-1,-1,-1
498,158,0.14,-0.85,275.57,479.80,0.6802,-1,-1,-1
498,159,380.83,93.97,92.14,338.07,0.8279,-1,-1,-1
498,165,468.83,89.23,93.63,336.09,0.7974,-1,-1,-1
498,174,338.16,139.42,62.60,203.19,0.6501,-1,-1,-1
499,156,231.85,25.47,97.76,318.02,0.8390,-1,-1,-1
499,158,0.07,0.57,280.28,479.69,0.6287,-1,-1,-1
499,159,380.41,88.85,94.39,332.91,0.8409,-1,-1,-1
499,165,471.26,84.21,96.99,325.85,0.7747,-1,-1,-1
499,174,340.31,141.50,60.98,199.20,0.5444,-1,-1,-1
500,156,235.52,29.03,89.70,321.24,0.8269,-1,-1,-1
500,158,2.09,2.93,281.95,477.29,0.5895,-1,-1,-1
500,159,381.69,89.67,100.42,323.72,0.8535,-1,-1,-1
500,165,472.30,84.33,85.68,329.12,0.7339,-1,-1,-1
500,174,343.75,136.94,56.38,207.65,0.6924,-1,-1,-1
501,156,241.94,30.12,82.13,321.15,0.7990,-1,-1,-1
501,158,1.37,1.62,290.73,474.51,0.7234,-1,-1,-1
501,159,385.79,88.85,104.54,329.16,0.7828,-1,-1,-1
501,165,461.86,82.37,102.87,336.70,0.7657,-1,-1,-1
501,174,351.90,136.59,51.03,209.82,0.6528,-1,-1,-1
502,156,245.39,30.13,76.66,318.04,0.6732,-1,-1,-1
502,158,6.07,0.42,293.80,479.68,0.7815,-1,-1,-1
502,159,389.33,89.24,109.38,337.95,0.7963,-1,-1,-1
502,165,456.68,84.33,133.63,344.56,0.6848,-1,-1,-1
502,174,349.22,134.87,65.97,215.35,0.6760,-1,-1,-1
503,158,10.75,-3.64,301.14,479.50,0.5553,-1,-1,-1
503,159,392.16,87.41,111.19,340.12,0.8466,-1,-1,-1
503,165,466.79,81.79,128.44,341.52,0.8678,-1,-1,-1
504,158,3.22,-1.88,315.10,479.60,0.6564,-1,-1,-1
504,159,392.96,84.88,109.71,339.29,0.8561,-1,-1,-1
504,165,475.71,77.39,120.90,343.93,0.8774,-1,-1,-1
504,174,341.73,125.01,67.97,221.38,0.4473,-1,-1,-1
505,158,7.93,1.55,320.26,478.57,0.5060,-1,-1,-1
505,159,394.89,85.44,100.74,334.76,0.8393,-1,-1,-1
505,161,338.06,129.56,74.14,224.15,0.5846,-1,-1,-1
505,165,482.35,77.72,113.52,334.89,0.8635,-1,-1,-1
506,158,13.15,2.99,319.24,472.83,0.5645,-1,-1,-1
506,159,389.98,80.89,98.21,320.27,0.8595,-1,-1,-1
506,161,352.40,128.40,54.75,217.99,0.6642,-1,-1,-1
506,165,485.87,73.93,111.62,331.43,0.8743,-1,-1,-1
507,158,36.36,2.41,299.04,477.34,0.6282,-1,-1,-1
507,159,387.27,83.37,98.35,321.16,0.8245,-1,-1,-1
507,161,338.10,131.13,66.28,217.18,0.6452,-1,-1,-1
507,165,484.85,76.77,112.82,338.68,0.8489,-1,-1,-1
508,158,58.60,1.77,282.81,472.98,0.6248,-1,-1,-1
508,159,377.33,82.75,110.37,328.50,0.8266,-1,-1,-1
508,161,341.77,128.23,63.28,213.31,0.7141,-1,-1,-1
508,165,486.26,77.76,111.32,340.99,0.8542,-1,-1,-1
509,158,72.16,0.00,275.72,472.02,0.6201,-1,-1,-1
509,159,366.16,79.88,122.07,331.55,0.8553,-1,-1,-1
509,161,344.97,123.14,60.41,213.13,0.6587,-1,-1,-1
509,165,487.30,75.48,104.82,344.14,0.8493,-1,-1,-1
509,176,0.41,95.23,88.58,223.70,0.5984,-1,-1,-1
510,158,86.53,0.15,270.83,474.40,0.3897,-1,-1,-1
510,159,370.40,84.59,116.63,336.90,0.8439,-1,-1,-1
510,161,352.25,127.46,54.46,210.86,0.5703,-1,-1,-1
510,165,490.26,80.47,108.68,340.27,0.8125,-1,-1,-1
510,176,-0.02,78.09,105.97,257.52,0.7465,-1,-1,-1
511,158,117.59,-0.29,206.21,475.71,0.3710,-1,-1,-1
511,159,383.92,83.74,101.89,337.24,0.8349,-1,-1,-1
511,161,379.39,119.13,42.48,273.33,0.3770,-1,-1,-1
511,165,495.39,77.84,99.36,342.99,0.7718,-1,-1,-1
511,174,366.12,126.68,45.28,215.17,0.3322,-1,-1,-1
511,176,1.19,63.16,125.87,283.88,0.6790,-1,-1,-1
512,158,117.70,2.84,270.85,477.60,0.5873,-1,-1,-1
512,159,389.34,86.22,99.87,337.98,0.8622,-1,-1,-1
512,165,502.60,81.92,94.83,330.63,0.7599,-1,-1,-1
512,176,20.52,66.69,123.58,289.21,0.7091,-1,-1,-1
513,158,151.91,3.14,271.93,471.18,0.6847,-1,-1,-1
513,159,405.58,91.26,89.41,320.77,0.8337,-1,-1,-1
513,165,506.46,83.93,88.26,331.44,0.8384,-1,-1,-1
513,176,68.44,71.46,99.84,325.62,0.8415,-1,-1,-1
513,178,9.81,120.44,80.34,234.02,0.8405,-1,-1,-1
514,158,159.11,1.04,275.29,470.66,0.5515,-1,-1,-1
514,159,415.38,87.90,79.17,315.61,0.8663,-1,-1,-1
514,165,502.87,79.97,94.36,335.45,0.8378,-1,-1,-1
514,176,83.56,68.70,94.07,329.78,0.8855,-1,-1,-1
514,178,3.89,114.81,82.16,238.91,0.8450,-1,-1,-1
515,158,185.89,0.74,270.51,472.30,0.7156,-1,-1,-1
515,159,429.70,94.77,66.56,193.26,0.8158,-1,-1,-1
515,165,484.06,85.60,115.40,339.32,0.8415,-1,-1,-1
515,176,92.87,75.17,109.33,328.67,0.8878,-1,-1,-1
515,178,2.59,107.73,70.73,255.58,0.8527,-1,-1,-1
516,158,218.73,-0.24,265.14,475.10,0.7075,-1,-1,-1
516,165,482.69,88.45,132.21,344.12,0.8219,-1,-1,-1
516,176,95.03,78.85,118.19,329.44,0.8785,-1,-1,-1
516,178,2.17,103.24,61.39,269.62,0.8548,-1,-1,-1
517,158,242.26,0.57,273.79,470.86,0.7440,-1,-1,-1
517,165,497.89,89.51,127.59,343.04,0.8859,-1,-1,-1
517,176,97.64,86.57,111.45,322.38,0.8725,-1,-1,-1
517,178,1.19,99.09,53.61,265.90,0.8606,-1,-1,-1
517,179,191.21,78.28,78.47,302.78,0.5612,-1,-1,-1
518,158,260.23,0.42,280.71,475.14,0.7534,-1,-1,-1
518,165,514.46,94.47,108.91,338.83,0.8424,-1,-1,-1
518,176,97.06,86.85,114.66,321.00,0.8742,-1,-1,-1
518,178,0.28,93.09,43.14,275.12,0.7934,-1,-1,-1
518,179,186.46,29.92,113.02,363.03,0.8533,-1,-1,-1
519,158,275.33,-0.29,299.04,477.66,0.7189,-1,-1,-1
519,176,111.63,80.81,99.00,305.51,0.8668,-1,-1,-1
519,179,181.01,25.28,121.42,401.15,0.8750,-1,-1,-1
520,158,290.73,0.49,306.30,477.91,0.8223,-1,-1,-1
520,176,127.51,76.30,85.77,311.02,0.8340,-1,-1,-1
520,179,181.29,20.76,136.64,444.04,0.8775,-1,-1,-1
521,158,325.26,0.60,313.84,474.40,0.8639,-1,-1,-1
521,176,114.30,81.65,106.83,308.44,0.8423,-1,-1,-1
521,179,180.76,17.16,152.40,440.97,0.8791,-1,-1,-1
522,158,348.22,0.84,290.44,473.07,0.7787,-1,-1,-1
522,176,112.81,87.93,109.46,311.33,0.8238,-1,-1,-1
522,179,187.82,18.71,153.84,442.86,0.8876,-1,-1,-1
523,158,361.67,0.02,277.86,476.17,0.8150,-1,-1,-1
523,176,109.50,90.19,111.06,310.57,0.7711,-1,-1,-1
523,179,192.42,15.97,149.43,451.23,0.8997,-1,-1,-1
524,158,374.41,-0.50,265.12,475.94,0.8006,-1,-1,-1
524,176,107.32,83.45,113.88,307.40,0.8325,-1,-1,-1
524,179,194.00,11.31,148.33,462.05,0.8947,-1,-1,-1
525,158,391.42,0.13,248.24,479.78,0.8934,-1,-1,-1
525,176,114.79,83.93,111.60,296.48,0.8325,-1,-1,-1
525,179,203.89,16.37,147.47,463.71,0.8895,-1,-1,-1
526,158,405.17,0.77,234.70,479.27,0.8943,-1,-1,-1
526,176,136.91,78.07,96.51,286.97,0.8529,-1,-1,-1
526,179,209.19,16.07,152.63,464.24,0.8739,-1,-1,-1
527,158,416.27,0.15,223.70,480.06,0.8698,-1,-1,-1
527,176,145.97,74.98,87.43,293.85,0.8489,-1,-1,-1
527,179,203.98,13.32,160.77,467.04,0.8661,-1,-1,-1
528,158,437.06,0.48,202.94,480.04,0.9062,-1,-1,-1
528,176,162.10,89.46,76.74,293.56,0.8613,-1,-1,-1
528,179,199.93,22.84,172.41,457.85,0.8604,-1,-1,-1
529,158,449.04,0.77,190.82,476.34,0.8935,-1,-1,-1
529,176,162.06,98.19,79.85,289.40,0.8438,-1,-1,-1
529,179,203.90,27.11,170.95,451.99,0.8829,-1,-1,-1
529,181,126.21,163.71,47.74,146.49,0.7925,-1,-1,-1
529,182,382.43,106.36,87.89,315.73,0.8117,-1,-1,-1
530,158,468.58,0.23,171.18,478.16,0.9025,-1,-1,-1
530,176,158.47,101.66,87.75,285.95,0.8630,-1,-1,-1
530,179,212.88,27.50,167.65,438.46,0.8749,-1,-1,-1
530,181,119.54,160.75,47.73,152.13,0.7847,-1,-1,-1
530,182,384.86,109.75,93.15,317.66,0.7382,-1,-1,-1
531,158,475.56,0.20,164.19,479.10,0.8964,-1,-1,-1
531,176,155.66,103.46,92.94,287.50,0.8512,-1,-1,-1
531,179,219.35,28.16,161.96,448.63,0.8791,-1,-1,-1
531,181,111.48,159.68,55.09,157.70,0.8114,-1,-1,-1
531,182,385.57,112.30,96.71,322.97,0.8241,-1,-1,-1
532,158,485.44,0.86,154.31,478.00,0.8852,-1,-1,-1
532,176,165.02,100.84,84.89,275.36,0.8406,-1,-1,-1
532,179,226.21,27.11,147.37,452.84,0.8936,-1,-1,-1
532,181,93.53,158.58,64.89,164.66,0.7516,-1,-1,-1
532,182,377.79,104.98,98.44,321.86,0.8402,-1,-1,-1
533,158,482.52,0.29,157.16,478.62,0.8890,-1,-1,-1
533,176,171.72,93.21,74.04,277.67,0.7978,-1,-1,-1
533,179,219.49,22.06,144.41,457.94,0.8799,-1,-1,-1
533,181,74.18,153.81,74.21,169.11,0.7949,-1,-1,-1
533,182,370.90,97.70,97.89,310.82,0.8439,-1,-1,-1
533,183,464.72,92.21,50.62,268.48,0.5639,-1,-1,-1
534,158,485.75,1.91,153.97,476.80,0.8880,-1,-1,-1
534,176,149.16,88.40,88.43,282.56,0.7946,-1,-1,-1
534,179,202.83,23.02,143.96,455.91,0.8854,-1,-1,-1
534,181,55.63,146.18,66.61,181.14,0.7985,-1,-1,-1
534,182,357.73,94.66,96.42,314.04,0.7875,-1,-1,-1
534,183,453.02,88.26,62.89,300.82,0.7803,-1,-1,-1
535,158,492.30,2.42,147.55,474.64,0.8779,-1,-1,-1
535,165,448.20,89.06,70.33,323.98,0.8450,-1,-1,-1
535,176,139.08,88.90,92.83,292.72,0.5140,-1,-1,-1
535,179,190.27,23.34,150.57,456.73,0.8782,-1,-1,-1
535,181,41.57,138.22,68.50,191.79,0.7868,-1,-1,-1
535,182,338.67,95.60,107.20,318.60,0.7803,-1,-1,-1
536,158,499.09,0.50,140.82,477.85,0.8809,-1,-1,-1
536,165,444.75,88.87,77.77,315.55,0.8429,-1,-1,-1
536,176,134.80,122.44,89.91,179.65,0.5163,-1,-1,-1
536,179,194.00,17.78,146.09,457.08,0.8794,-1,-1,-1
536,181,29.77,131.31,75.34,201.13,0.7965,-1,-1,-1
536,182,322.99,96.63,120.07,323.56,0.8517,-1,-1,-1
537,158,504.81,7.23,135.09,471.31,0.8823,-1,-1,-1
537,165,441.55,84.36,85.24,316.40,0.8732,-1,-1,-1
537,176,135.34,120.87,78.72,169.26,0.4643,-1,-1,-1
537,179,192.95,4.51,149.62,457.12,0.8817,-1,-1,-1
537,181,11.15,117.76,83.88,211.46,0.8025,-1,-1,-1
537,182,318.29,92.42,121.91,331.07,0.8492,-1,-1,-1
538,158,510.94,1.59,128.81,478.07,0.8789,-1,-1,-1
538,165,439.43,85.24,91.04,335.77,0.8513,-1,-1,-1
538,176,133.33,126.02,75.06,162.85,0.5860,-1,-1,-1
538,179,194.90,2.15,154.56,453.72,0.8947,-1,-1,-1
538,181,5.70,117.13,83.52,223.62,0.8456,-1,-1,-1
538,182,328.56,91.03,108.16,334.45,0.8010,-1,-1,-1
538,186,124.11,144.90,38.32,141.49,0.6654,-1,-1,-1
539,158,531.62,1.97,108.22,474.46,0.8621,-1,-1,-1
539,165,448.29,83.72,92.35,321.39,0.8492,-1,-1,-1
539,176,153.11,122.25,58.42,164.95,0.6067,-1,-1,-1
539,179,197.76,1.33,161.98,467.68,0.8855,-1,-1,-1
539,181,0.10,112.69,86.49,237.49,0.8774,-1,-1,-1
539,182,337.34,87.64,98.63,328.02,0.8634,-1,-1,-1
539,186,120.90,139.82,47.14,146.50,0.7934,-1,-1,-1
539,187,409.07,126.44,50.51,222.61,0.7755,-1,-1,-1
540,158,541.77,6.87,98.26,465.76,0.8123,-1,-1,-1
540,165,451.41,78.07,99.61,337.56,0.8351,-1,-1,-1
540,176,170.07,121.49,64.85,239.60,0.7548,-1,-1,-1
540,179,203.89,1.00,161.14,476.36,0.8778,-1,-1,-1
540,181,-0.91,115.30,88.08,246.46,0.8682,-1,-1,-1
540,182,343.82,88.76,94.37,323.56,0.8686,-1,-1,-1
540,186,121.47,138.45,53.81,152.12,0.7812,-1,-1,-1
540,187,412.50,128.16,51.43,222.11,0.7294,-1,-1,-1
541,158,562.25,25.95,78.00,406.08,0.7546,-1,-1,-1
541,165,456.56,73.71,113.20,344.49,0.7463,-1,-1,-1
541,176,189.71,124.42,55.39,247.17,0.7328,-1,-1,-1
541,179,215.89,1.00,159.40,472.22,0.8654,-1,-1,-1
541,181,1.09,108.78,79.20,264.74,0.8601,-1,-1,-1
541,182,352.33,83.36,92.69,336.78,0.8384,-1,-1,-1
541,186,116.89,139.77,63.43,155.72,0.8573,-1,-1,-1
541,187,422.98,125.81,48.78,234.09,0.6712,-1,-1,-1
542,158,589.89,42.96,50.43,382.85,0.4941,-1,-1,-1
542,165,446.57,71.82,122.89,353.44,0.6216,-1,-1,-1
542,176,206.77,123.03,45.00,251.77,0.4881,-1,-1,-1
542,179,229.83,2.32,153.55,472.46,0.8767,-1,-1,-1
542,181,1.31,97.83,71.89,282.53,0.8439,-1,-1,-1
542,182,361.87,83.99,88.95,339.95,0.7932,-1,-1,-1
542,186,107.04,139.35,73.78,161.71,0.8664,-1,-1,-1
543,165,438.68,76.15,123.54,361.48,0.8112,-1,-1,-1
543,176,213.65,123.73,44.07,257.41,0.5256,-1,-1,-1
543,179,235.63,8.09,158.77,469.46,0.8475,-1,-1,-1
543,181,-0.61,91.15,71.66,294.25,0.8644,-1,-1,-1
543,182,368.45,90.43,85.48,342.76,0.6889,-1,-1,-1
543,186,102.04,143.45,77.20,161.73,0.8755,-1,-1,-1
543,188,185.58,152.05,38.96,146.10,0.5621,-1,-1,-1
544,165,446.40,76.18,131.87,366.29,0.8227,-1,-1,-1
544,176,218.98,130.72,45.52,247.19,0.6381,-1,-1,-1
544,179,243.55,3.38,159.18,476.56,0.8633,-1,-1,-1
544,181,2.51,85.19,55.56,301.96,0.8030,-1,-1,-1
544,182,385.41,90.31,74.38,319.87,0.5156,-1,-1,-1
544,186,98.70,135.94,79.21,168.85,0.8781,-1,-1,-1
544,188,183.40,146.40,49.91,151.21,0.7646,-1,-1,-1
545,165,456.47,74.69,128.78,370.60,0.8015,-1,-1,-1
545,176,226.29,140.86,44.31,236.62,0.3901,-1,-1,-1
545,179,243.69,0.69,168.17,479.10,0.8554,-1,-1,-1
545,181,-2.23,110.79,61.84,277.16,0.7934,-1,-1,-1
545,182,397.36,88.36,67.03,341.79,0.5133,-1,-1,-1
545,186,101.91,134.34,78.85,170.96,0.8726,-1,-1,-1
545,188,185.51,148.71,52.19,151.31,0.7134,-1,-1,-1
546,165,473.82,71.38,119.03,371.86,0.7836,-1,-1,-1
546,176,242.91,133.12,38.42,153.19,0.3256,-1,-1,-1
546,179,253.44,0.40,174.26,478.19,0.8985,-1,-1,-1
546,181,1.71,119.72,53.13,275.51,0.7621,-1,-1,-1
546,182,377.72,84.17,96.39,351.23,0.5800,-1,-1,-1
546,186,106.37,130.01,77.76,176.67,0.8602,-1,-1,-1
546,188,193.21,149.16,51.64,153.25,0.7582,-1,-1,-1
547,165,488.50,66.78,119.19,363.78,0.7383,-1,-1,-1
547,179,247.65,0.56,192.53,479.23,0.8883,-1,-1,-1
547,181,7.91,124.32,32.93,269.85,0.5026,-1,-1,-1
547,182,393.19,81.71,89.22,341.34,0.6854,-1,-1,-1
547,186,112.85,121.25,66.61,184.89,0.7893,-1,-1,-1
547,188,192.52,141.79,55.59,160.69,0.8172,-1,-1,-1
548,165,505.30,64.31,117.14,375.27,0.7100,-1,-1,-1
548,179,248.79,0.16,196.93,471.27,0.8813,-1,-1,-1
548,182,402.89,81.73,82.78,348.26,0.5375,-1,-1,-1
548,186,117.51,120.94,62.60,188.28,0.8155,-1,-1,-1
548,188,195.07,138.26,62.32,166.43,0.8395,-1,-1,-1
549,165,515.25,62.52,123.34,387.30,0.7681,-1,-1,-1
549,179,252.54,0.33,194.93,470.64,0.8593,-1,-1,-1
549,182,427.52,87.12,63.34,334.24,0.4071,-1,-1,-1
549,186,117.30,118.38,65.11,192.66,0.8225,-1,-1,-1
549,188,194.16,134.89,64.22,171.11,0.8261,-1,-1,-1
549,192,480.09,122.65,49.69,245.00,0.6846,-1,-1,-1
550,165,528.57,48.54,111.13,399.90,0.8854,-1,-1,-1
550,179,259.92,-2.10,190.34,479.32,0.7732,-1,-1,-1
550,182,409.49,65.78,80.20,362.94,0.3745,-1,-1,-1
550,186,107.43,103.97,71.30,201.82,0.7351,-1,-1,-1
550,188,195.74,117.29,63.14,177.94,0.8326,-1,-1,-1
550,192,485.21,111.14,57.37,248.83,0.7895,-1,-1,-1
551,165,533.82,44.25,106.00,406.29,0.9019,-1,-1,-1
551,176,256.25,123.16,54.93,208.85,0.3581,-1,-1,-1
551,179,266.41,0.14,178.83,478.20,0.7981,-1,-1,-1
551,182,408.26,69.65,81.23,366.07,0.5845,-1,-1,-1
551,186,93.37,97.68,79.36,209.08,0.8372,-1,-1,-1
551,188,194.14,112.49,62.79,182.25,0.8255,-1,-1,-1
551,192,487.97,108.44,63.45,250.74,0.7484,-1,-1,-1
552,165,539.69,50.11,100.18,407.00,0.8940,-1,-1,-1
552,176,258.09,128.45,51.12,207.89,0.3718,-1,-1,-1
552,179,261.20,2.22,214.88,459.32,0.7679,-1,-1,-1
552,182,418.36,72.02,64.63,254.25,0.6486,-1,-1,-1
552,186,77.65,102.60,84.80,217.71,0.8669,-1,-1,-1
552,188,180.35,115.02,75.90,193.63,0.8695,-1,-1,-1
552,192,493.15,115.78,58.63,249.07,0.8077,-1,-1,-1
553,165,544.70,52.66,95.15,408.50,0.8767,-1,-1,-1
553,179,253.23,7.15,210.61,472.30,0.8597,-1,-1,-1
553,182,411.26,68.62,68.76,247.02,0.6963,-1,-1,-1
553,186,70.99,100.31,82.48,226.72,0.8716,-1,-1,-1
553,188,169.18,117.92,81.81,196.15,0.8716,-1,-1,-1
553,192,495.07,117.97,61.00,249.16,0.8039,-1,-1,-1
554,165,550.90,51.99,88.94,400.89,0.8936,-1,-1,-1
554,179,247.09,0.58,192.27,479.62,0.8953,-1,-1,-1
554,182,426.83,104.47,50.99,216.19,0.3904,-1,-1,-1
554,186,65.04,96.92,79.26,235.23,0.8521,-1,-1,-1
554,188,167.41,117.15,81.73,204.89,0.8603,-1,-1,-1
554,192,501.69,119.10,62.01,247.98,0.7678,-1,-1,-1
555,165,559.63,46.48,80.24,397.23,0.8913,-1,-1,-1
555,179,260.07,0.39,186.10,479.53,0.9125,-1,-1,-1
555,182,407.50,112.83,65.13,244.90,0.6302,-1,-1,-1
555,186,62.63,90.46,69.93,241.98,0.8390,-1,-1,-1
555,188,168.55,110.26,75.78,215.06,0.8783,-1,-1,-1
555,192,507.64,112.47,66.42,247.47,0.7635,-1,-1,-1
556,165,564.85,47.85,74.97,399.47,0.8629,-1,-1,-1
556,179,252.65,1.62,193.38,478.49,0.9082,-1,-1,-1
556,182,413.11,115.49,66.27,251.83,0.6949,-1,-1,-1
556,186,48.46,90.16,78.17,247.74,0.8332,-1,-1,-1
556,188,165.92,111.43,75.34,220.80,0.8762,-1,-1,-1
556,192,509.26,115.57,70.66,249.04,0.7723,-1,-1,-1
557,165,550.70,61.52,89.18,387.96,0.8321,-1,-1,-1
557,179,261.37,4.03,189.08,476.08,0.9202,-1,-1,-1
557,182,420.38,121.30,77.73,282.73,0.7217,-1,-1,-1
557,186,21.84,91.36,92.65,258.86,0.8682,-1,-1,-1
557,188,156.79,111.18,78.08,232.74,0.8788,-1,-1,-1
557,192,517.33,129.97,64.06,243.43,0.8215,-1,-1,-1
558,165,546.95,60.73,92.89,377.50,0.8452,-1,-1,-1
558,179,262.02,2.93,188.14,474.96,0.9082,-1,-1,-1
558,182,419.29,115.95,90.84,292.49,0.8156,-1,-1,-1
558,186,0.69,83.26,102.60,268.39,0.8952,-1,-1,-1
558,188,152.18,106.42,80.05,237.58,0.8721,-1,-1,-1
558,192,520.77,130.36,60.83,231.81,0.8128,-1,-1,-1
559,165,556.65,49.87,83.29,370.32,0.8579,-1,-1,-1
559,179,271.48,0.79,184.78,473.84,0.9217,-1,-1,-1
559,182,429.29,101.30,109.21,319.57,0.8191,-1,-1,-1
559,186,-0.11,78.84,96.17,272.82,0.9036,-1,-1,-1
559,188,149.74,94.98,87.14,245.66,0.8667,-1,-1,-1
559,192,532.92,116.84,61.92,249.82,0.7422,-1,-1,-1
560,165,574.35,44.16,65.52,378.47,0.8585,-1,-1,-1
560,179,271.76,-0.03,184.45,478.45,0.9136,-1,-1,-1
560,182,445.40,89.26,104.41,341.11,0.8008,-1,-1,-1
560,186,-0.91,76.73,90.62,280.96,0.9214,-1,-1,-1
560,188,144.36,89.27,91.58,262.12,0.8780,-1,-1,-1
560,192,537.84,113.22,58.13,242.92,0.7395,-1,-1,-1
561,165,572.28,39.46,67.55,388.33,0.8867,-1,-1,-1
561,179,253.17,1.43,197.89,478.37,0.8990,-1,-1,-1
561,182,447.59,70.29,109.84,365.28,0.6582,-1,-1,-1
561,186,-2.98,67.61,74.84,287.31,0.8848,-1,-1,-1
561,188,125.75,78.06,96.77,280.71,0.8095,-1,-1,-1
561,192,545.95,110.34,42.58,245.83,0.6000,-1,-1,-1
562,165,567.24,34.61,72.58,398.32,0.9048,-1,-1,-1
562,179,242.81,0.72,204.11,478.15,0.8985,-1,-1,-1
562,182,455.67,55.12,113.59,380.25,0.7989,-1,-1,-1
562,186,-3.06,88.47,58.25,263.91,0.8560,-1,-1,-1
562,188,111.06,71.75,99.89,288.80,0.8752,-1,-1,-1
563,165,578.14,40.75,61.68,406.36,0.8313,-1,-1,-1
563,179,234.10,2.39,217.47,477.65,0.9244,-1,-1,-1
563,182,472.82,43.42,127.95,426.20,0.6249,-1,-1,-1
563,186,1.07,102.85,32.82,253.72,0.5166,-1,-1,-1
563,188,96.39,63.87,107.34,317.05,0.8175,-1,-1,-1
563,193,410.35,80.57,73.28,271.13,0.6224,-1,-1,-1
564,165,582.41,40.55,57.46,410.43,0.6632,-1,-1,-1
564,179,232.37,1.75,216.91,478.27,0.9036,-1,-1,-1
564,182,513.58,38.17,111.74,435.07,0.5520,-1,-1,-1
564,188,85.71,57.30,117.03,331.43,0.8687,-1,-1,-1
564,193,412.84,79.00,73.55,280.01,0.7101,-1,-1,-1
565,179,233.71,0.82,214.01,477.54,0.9221,-1,-1,-1
565,182,480.89,25.69,159.30,454.02,0.8274,-1,-1,-1
565,188,74.24,47.75,116.49,351.89,0.8585,-1,-1,-1
565,193,413.58,73.83,83.71,299.17,0.7919,-1,-1,-1
565,194,0.72,174.57,15.11,76.83,0.3712,-1,-1,-1
566,179,231.66,0.80,211.63,478.68,0.9175,-1,-1,-1
566,182,498.94,64.72,142.76,412.56,0.5171,-1,-1,-1
566,188,58.33,38.00,126.73,367.59,0.8917,-1,-1,-1
566,193,421.03,63.59,82.43,317.94,0.8403,-1,-1,-1
567,179,231.49,0.97,203.71,474.34,0.9195,-1,-1,-1
567,182,530.00,74.89,109.75,404.35,0.8255,-1,-1,-1
567,188,40.36,23.25,133.81,392.64,0.9007,-1,-1,-1
567,193,424.33,52.74,90.33,337.24,0.8585,-1,-1,-1
568,179,228.96,0.75,201.83,471.03,0.9186,-1,-1,-1
568,182,539.11,61.07,100.91,418.72,0.6949,-1,-1,-1
568,188,21.99,14.14,144.07,410.42,0.9122,-1,-1,-1
568,193,424.21,43.21,106.19,357.85,0.8648,-1,-1,-1
569,165,568.16,50.39,71.93,427.91,0.4814,-1,-1,-1
569,179,219.89,0.40,202.97,475.57,0.9236,-1,-1,-1
569,188,1.29,-0.03,149.64,447.38,0.9100,-1,-1,-1
569,193,417.27,24.55,129.26,382.84,0.8650,-1,-1,-1
570,165,562.44,49.20,77.85,376.96,0.6268,-1,-1,-1
570,179,210.91,0.45,209.22,476.39,0.9178,-1,-1,-1
570,188,-0.84,0.65,140.14,432.52,0.9159,-1,-1,-1
570,193,425.68,11.28,131.46,403.08,0.8621,-1,-1,-1
571,165,565.41,53.82,74.60,366.23,0.8798,-1,-1,-1
571,179,191.31,0.08,229.92,477.62,0.9079,-1,-1,-1
571,188,-0.37,-0.13,122.67,446.11,0.8977,-1,-1,-1
571,193,433.79,1.15,141.90,430.04,0.8685,-1,-1,-1
572,165,570.87,62.18,69.20,313.76,0.7343,-1,-1,-1
572,179,182.90,-0.00,236.53,476.54,0.9157,-1,-1,-1
572,188,-1.09,0.83,109.24,455.53,0.8826,-1,-1,-1
572,193,440.68,-0.06,151.26,448.83,0.8796,-1,-1,-1
573,165,590.65,70.58,49.11,315.26,0.4267,-1,-1,-1
573,179,178.73,0.11,243.54,478.94,0.9161,-1,-1,-1
573,188,-1.03,17.00,95.54,455.08,0.8323,-1,-1,-1
573,193,443.87,0.32,177.91,477.89,0.8489,-1,-1,-1
574,179,181.08,0.04,250.07,478.01,0.9135,-1,-1,-1
574,193,457.01,0.08,178.76,480.03,0.9044,-1,-1,-1
575,179,191.78,0.01,244.66,477.14,0.9050,-1,-1,-1
575,193,466.66,0.48,173.08,478.64,0.9145,-1,-1,-1
576,179,200.95,-0.05,242.50,479.72,0.9184,-1,-1,-1
576,193,481.24,0.54,158.56,479.49,0.9070,-1,-1,-1
577,179,207.28,-0.02,242.78,479.99,0.9225,-1,-1,-1
577,193,495.40,0.77,144.63,477.25,0.8957,-1,-1,-1
578,179,215.85,0.20,239.49,479.75,0.9245,-1,-1,-1
578,193,519.53,0.26,120.55,479.39,0.7285,-1,-1,-1
579,179,224.62,0.02,234.98,479.73,0.9072,-1,-1,-1
580,165,501.12,65.02,126.77,348.73,0.8443,-1,-1,-1
580,179,235.72,0.45,231.41,476.14,0.9165,-1,-1,-1
581,165,505.87,69.50,85.52,329.27,0.7157,-1,-1,-1
581,179,253.76,0.16,234.00,478.79,0.9243,-1,-1,-1
581,198,216.04,148.17,48.40,135.41,0.7862,-1,-1,-1
582,165,497.71,70.93,85.91,325.85,0.6036,-1,-1,-1
582,179,257.39,0.27,238.12,476.15,0.9218,-1,-1,-1
582,198,210.66,150.17,54.72,136.89,0.8260,-1,-1,-1
583,165,499.07,81.49,77.60,322.24,0.6861,-1,-1,-1
583,179,261.53,0.19,253.32,477.55,0.9171,-1,-1,-1
583,198,205.97,159.99,59.35,138.42,0.7321,-1,-1,-1
584,179,265.69,0.03,270.76,476.80,0.9154,-1,-1,-1
584,198,203.80,159.49,58.63,143.34,0.7196,-1,-1,-1
584,200,508.80,98.19,120.12,318.61,0.5044,-1,-1,-1
585,179,271.21,0.07,280.34,474.59,0.9072,-1,-1,-1
585,192,544.95,117.86,61.48,236.61,0.4545,-1,-1,-1
585,198,201.33,149.49,55.82,150.97,0.7364,-1,-1,-1
585,203,-3.97,-1.33,111.70,472.51,0.6187,-1,-1,-1
586,179,275.55,0.13,277.06,472.99,0.9011,-1,-1,-1
586,192,534.35,121.04,69.56,258.47,0.7515,-1,-1,-1
586,198,197.67,144.33,59.26,161.29,0.8083,-1,-1,-1
586,203,0.30,0.95,116.83,475.79,0.5810,-1,-1,-1
587,179,277.20,-0.09,260.51,471.69,0.9127,-1,-1,-1
587,192,522.00,117.52,69.63,256.08,0.6566,-1,-1,-1
587,198,187.90,142.69,61.17,160.86,0.8180,-1,-1,-1
587,203,1.45,0.24,110.64,477.47,0.6818,-1,-1,-1
587,204,458.02,135.89,96.77,261.70,0.5205,-1,-1,-1
588,179,274.20,-0.01,251.48,479.95,0.9158,-1,-1,-1
588,192,514.74,123.82,71.44,251.29,0.7258,-1,-1,-1
588,198,180.22,146.05,59.70,164.27,0.8343,-1,-1,-1
588,203,0.59,0.95,103.61,478.48,0.6461,-1,-1,-1
588,204,456.06,175.78,73.55,216.46,0.5847,-1,-1,-1
589,179,245.57,0.02,253.21,479.74,0.9051,-1,-1,-1
589,192,471.25,128.43,95.09,244.85,0.6391,-1,-1,-1
589,198,154.29,143.86,64.57,172.28,0.7227,-1,-1,-1
589,203,-8.67,0.98,96.48,476.89,0.6296,-1,-1,-1
590,179,232.47,-0.15,256.66,478.13,0.8835,-1,-1,-1
590,192,458.92,125.68,97.70,245.47,0.7959,-1,-1,-1
590,198,141.02,140.19,69.41,178.49,0.8216,-1,-1,-1
590,203,-15.50,0.52,99.18,471.90,0.3440,-1,-1,-1
591,179,202.92,-0.15,267.44,479.35,0.8732,-1,-1,-1
591,192,447.36,122.93,90.92,244.31,0.6493,-1,-1,-1
591,198,124.09,140.19,66.60,183.33,0.8122,-1,-1,-1
591,203,-18.03,-0.25,115.23,471.31,0.6637,-1,-1,-1
592,179,187.05,0.31,261.51,478.37,0.8745,-1,-1,-1
592,192,404.95,126.08,107.79,260.42,0.7553,-1,-1,-1
592,198,104.80,143.81,72.86,196.00,0.8585,-1,-1,-1
592,203,-2.58,5.06,73.97,379.01,0.7703,-1,-1,-1
593,179,193.34,-0.24,252.47,479.67,0.8938,-1,-1,-1
593,198,84.12,131.42,76.53,208.77,0.8117,-1,-1,-1
593,203,-20.12,-7.02,101.12,447.33,0.4017,-1,-1,-1
593,204,376.27,123.05,97.72,253.67,0.3701,-1,-1,-1
594,179,192.58,0.29,246.31,478.66,0.8991,-1,-1,-1
594,198,72.68,123.62,77.47,214.84,0.8333,-1,-1,-1
594,203,-13.83,16.35,96.33,449.71,0.5646,-1,-1,-1
595,179,193.48,0.46,240.87,479.70,0.9078,-1,-1,-1
595,198,44.53,118.39,92.49,230.08,0.7863,-1,-1,-1
596,179,192.08,0.29,234.25,479.76,0.9078,-1,-1,-1
596,198,35.35,110.26,91.38,238.17,0.8216,-1,-1,-1
596,204,369.47,125.23,81.23,261.32,0.5810,-1,-1,-1
596,209,406.09,128.22,51.91,243.49,0.3985,-1,-1,-1
597,179,197.53,0.06,222.00,478.44,0.9005,-1,-1,-1
597,198,27.14,105.03,87.93,246.25,0.7979,-1,-1,-1
597,204,359.56,135.45,86.50,248.41,0.3715,-1,-1,-1
597,210,-1.03,56.15,37.40,297.63,0.5669,-1,-1,-1
598,179,200.76,0.14,218.21,477.99,0.9108,-1,-1,-1
598,198,16.35,105.91,86.13,252.04,0.7668,-1,-1,-1
598,210,-2.37,113.97,34.62,239.23,0.4540,-1,-1,-1
598,211,156.23,154.49,56.13,149.68,0.7756,-1,-1,-1
599,179,198.59,0.02,225.46,477.10,0.9033,-1,-1,-1
599,198,1.23,100.70,92.01,280.90,0.8243,-1,-1,-1
599,204,371.98,139.04,56.04,232.58,0.4021,-1,-1,-1
599,211,149.27,152.16,60.34,152.61,0.8053,-1,-1,-1
599,212,605.29,194.18,34.42,146.91,0.6155,-1,-1,-1
600,179,199.96,1.06,235.28,475.15,0.9121,-1,-1,-1
600,198,0.76,95.95,70.85,275.03,0.8680,-1,-1,-1
600,211,145.68,153.48,60.78,159.66,0.8115,-1,-1,-1
600,212,597.13,145.74,42.36,203.84,0.6040,-1,-1,-1
601,179,196.25,0.56,239.69,479.25,0.9208,-1,-1,-1
601,198,0.67,123.62,57.42,248.95,0.4186,-1,-1,-1
601,211,140.49,153.16,61.94,163.74,0.8202,-1,-1,-1
601,212,594.63,130.03,45.41,225.65,0.5685,-1,-1,-1
602,179,190.81,-0.08,246.84,479.98,0.9112,-1,-1,-1
602,211,139.55,150.68,58.52,167.51,0.8203,-1,-1,-1
602,212,590.52,112.73,49.53,245.66,0.5303,-1,-1,-1
603,179,192.03,0.22,238.63,479.82,0.9084,-1,-1,-1
603,211,131.85,152.22,63.19,173.34,0.8622,-1,-1,-1
603,212,588.35,107.28,51.71,256.90,0.5834,-1,-1,-1
604,179,192.89,-0.05,231.52,480.00,0.9057,-1,-1,-1
604,211,130.45,147.52,68.77,178.96,0.8129,-1,-1,-1
604,212,583.49,102.07,55.57,352.99,0.4695,-1,-1,-1
604,213,-5.81,222.00,49.87,213.71,0.6248,-1,-1,-1
605,179,197.88,-0.03,217.34,479.33,0.9086,-1,-1,-1
605,211,128.96,143.80,68.12,183.32,0.8074,-1,-1,-1
605,212,584.67,99.83,57.10,278.34,0.5184,-1,-1,-1
605,213,-7.26,217.34,62.94,201.30,0.4964,-1,-1,-1
605,215,372.66,184.88,53.64,185.80,0.3233,-1,-1,-1
606,179,200.93,-0.05,210.36,478.43,0.9110,-1,-1,-1
606,211,125.28,139.65,70.08,184.82,0.8113,-1,-1,-1
606,212,592.05,94.55,47.81,366.05,0.4642,-1,-1,-1
606,213,-3.15,217.60,66.88,255.85,0.4063,-1,-1,-1
607,179,197.05,1.02,211.21,478.87,0.9039,-1,-1,-1
607,211,115.54,132.81,77.87,195.57,0.8302,-1,-1,-1
607,213,-2.60,194.97,71.34,231.45,0.4392,-1,-1,-1
608,179,193.41,0.10,215.10,480.00,0.9088,-1,-1,-1
608,211,96.15,131.35,92.55,203.29,0.8438,-1,-1,-1
608,213,8.83,171.26,42.81,180.67,0.4892,-1,-1,-1
609,179,199.02,0.07,221.97,479.72,0.9003,-1,-1,-1
609,211,93.11,124.83,95.04,213.00,0.8684,-1,-1,-1
609,217,196.35,143.02,55.22,235.59,0.5580,-1,-1,-1
610,179,208.40,0.11,221.65,479.94,0.7993,-1,-1,-1
610,211,94.03,122.97,84.73,221.41,0.8499,-1,-1,-1
611,179,225.44,0.26,211.97,480.00,0.8659,-1,-1,-1
611,211,92.45,124.45,82.02,227.69,0.8527,-1,-1,-1
612,179,230.00,-0.12,222.15,480.00,0.8847,-1,-1,-1
612,211,78.78,115.60,85.75,239.62,0.8631,-1,-1,-1
612,218,191.58,139.24,71.40,245.01,0.4073,-1,-1,-1
612,219,161.10,167.67,38.06,122.42,0.7495,-1,-1,-1
612,220,0.99,21.89,71.17,311.77,0.5225,-1,-1,-1
613,179,229.09,-0.24,231.08,480.02,0.8774,-1,-1,-1
613,211,55.85,107.68,100.99,244.63,0.8603,-1,-1,-1
613,218,184.08,136.18,85.86,233.19,0.5140,-1,-1,-1
613,219,152.37,162.27,44.56,124.88,0.7300,-1,-1,-1
613,220,-1.13,19.58,75.40,303.86,0.7608,-1,-1,-1
614,179,246.46,0.14,228.17,478.02,0.8816,-1,-1,-1
614,211,48.38,98.84,92.85,267.25,0.8847,-1,-1,-1
614,218,173.67,106.31,90.90,260.63,0.8664,-1,-1,-1
614,219,139.46,158.22,48.83,130.92,0.7536,-1,-1,-1
614,220,-0.85,28.39,74.47,307.57,0.7067,-1,-1,-1
615,179,260.28,0.19,219.69,478.01,0.8894,-1,-1,-1
615,211,48.14,95.12,87.42,274.25,0.8383,-1,-1,-1
615,218,180.62,106.29,83.94,265.06,0.8632,-1,-1,-1
615,219,135.58,157.23,49.74,132.95,0.7919,-1,-1,-1
615,220,1.19,20.39,71.41,385.12,0.7937,-1,-1,-1
616,179,273.66,-0.08,222.54,479.97,0.8925,-1,-1,-1
616,211,50.76,89.55,75.77,267.32,0.7538,-1,-1,-1
616,218,186.40,107.23,78.50,269.81,0.8400,-1,-1,-1
616,219,128.84,151.79,53.49,138.96,0.8218,-1,-1,-1
616,220,1.22,7.41,78.22,441.00,0.6320,-1,-1,-1
617,179,278.04,-0.23,225.75,479.35,0.8881,-1,-1,-1
617,211,44.20,78.68,77.67,211.14,0.6214,-1,-1,-1
617,218,184.38,101.66,79.55,270.69,0.8540,-1,-1,-1
617,219,126.19,144.69,55.84,143.05,0.7971,-1,-1,-1
617,220,-0.20,2.90,86.91,458.94,0.4683,-1,-1,-1
617,221,249.66,130.45,31.67,170.40,0.3038,-1,-1,-1
618,179,275.40,-0.11,229.45,478.98,0.8937,-1,-1,-1
618,211,36.23,60.94,68.75,177.55,0.3183,-1,-1,-1
618,218,178.80,97.37,75.72,272.37,0.8549,-1,-1,-1
618,219,108.35,138.88,66.62,149.89,0.7920,-1,-1,-1
618,220,-1.95,-0.14,91.45,479.15,0.8148,-1,-1,-1
618,221,240.04,126.31,40.28,162.39,0.3303,-1,-1,-1
618,222,265.06,95.90,50.34,254.98,0.7246,-1,-1,-1
619,179,272.63,0.07,230.69,480.00,0.9010,-1,-1,-1
619,218,170.54,96.55,75.13,267.85,0.8632,-1,-1,-1
619,219,102.29,137.01,53.48,151.47,0.8067,-1,-1,-1
619,220,-3.41,0.76,96.77,478.24,0.8446,-1,-1,-1
619,221,233.89,123.89,41.59,173.97,0.5732,-1,-1,-1
619,222,259.43,93.40,58.43,262.57,0.7926,-1,-1,-1
620,179,273.41,0.23,226.90,480.00,0.8566,-1,-1,-1
620,218,168.56,94.91,72.14,262.55,0.8335,-1,-1,-1
620,219,92.83,136.20,61.55,157.64,0.8081,-1,-1,-1
620,220,-2.45,2.21,103.93,474.96,0.8453,-1,-1,-1
620,221,233.44,125.06,42.05,175.37,0.6492,-1,-1,-1
620,222,257.73,91.81,64.49,267.29,0.8102,-1,-1,-1
621,179,293.51,0.58,200.92,477.38,0.8910,-1,-1,-1
621,218,171.21,104.41,70.86,264.89,0.7976,-1,-1,-1
621,219,92.68,141.26,63.19,161.80,0.7956,-1,-1,-1
621,220,1.66,3.24,103.34,477.57,0.8804,-1,-1,-1
621,221,238.04,134.44,38.98,176.01,0.7011,-1,-1,-1
621,222,259.33,102.21,66.68,263.04,0.8150,-1,-1,-1
622,179,310.55,0.63,187.87,479.49,0.9046,-1,-1,-1
622,218,175.43,112.83,70.63,266.24,0.8545,-1,-1,-1
622,219,93.37,143.85,61.23,161.93,0.8022,-1,-1,-1
622,220,1.09,0.61,117.51,480.15,0.8905,-1,-1,-1
622,221,242.76,144.12,34.27,168.92,0.6815,-1,-1,-1
622,222,265.27,111.97,60.70,267.80,0.8253,-1,-1,-1
623,179,310.42,0.65,185.92,479.37,0.9139,-1,-1,-1
623,218,172.39,118.59,72.43,267.18,0.8562,-1,-1,-1
623,219,93.72,142.57,54.27,145.55,0.7316,-1,-1,-1
623,220,0.90,3.51,122.22,476.02,0.8236,-1,-1,-1
623,221,240.71,151.85,32.00,165.29,0.7131,-1,-1,-1
623,222,263.75,118.87,60.87,265.50,0.8259,-1,-1,-1
624,179,306.40,0.02,186.22,478.73,0.9197,-1,-1,-1
624,218,167.51,122.56,77.45,266.14,0.8212,-1,-1,-1
624,219,87.90,122.45,50.23,146.06,0.4270,-1,-1,-1
624,220,3.21,1.49,118.09,480.36,0.6562,-1,-1,-1
624,221,239.50,155.45,29.90,165.28,0.5113,-1,-1,-1
624,222,258.49,119.92,68.60,263.77,0.8274,-1,-1,-1
625,179,306.70,-0.11,188.03,479.66,0.9171,-1,-1,-1
625,218,164.79,116.97,83.92,267.83,0.7984,-1,-1,-1
625,220,13.63,64.06,89.23,410.71,0.6966,-1,-1,-1
625,222,247.17,116.36,79.58,252.77,0.8592,-1,-1,-1
626,179,308.19,-0.07,198.16,479.08,0.9133,-1,-1,-1
626,218,157.26,113.69,99.61,266.46,0.8228,-1,-1,-1
626,220,10.33,73.42,93.82,404.83,0.6198,-1,-1,-1
626,222,251.79,110.46,74.93,252.65,0.8529,-1,-1,-1
627,179,311.18,-0.14,212.64,478.78,0.9044,-1,-1,-1
627,218,176.36,106.16,79.54,258.86,0.7840,-1,-1,-1
627,220,-7.24,11.05,140.92,472.39,0.6253,-1,-1,-1
627,222,256.60,105.42,69.58,257.38,0.8541,-1,-1,-1
628,179,318.73,-0.09,229.70,479.32,0.9194,-1,-1,-1
628,218,177.51,99.17,82.23,261.25,0.8363,-1,-1,-1
628,220,-5.25,3.28,153.50,479.35,0.6089,-1,-1,-1
628,222,258.29,103.03,74.64,259.68,0.8704,-1,-1,-1
629,179,329.52,0.33,253.91,477.48,0.8932,-1,-1,-1
629,218,188.02,107.22,80.52,262.65,0.8100,-1,-1,-1
629,220,1.59,5.14,165.81,479.27,0.6189,-1,-1,-1
629,222,267.84,112.31,75.85,257.41,0.8296,-1,-1,-1
630,179,342.80,0.02,268.66,479.96,0.8931,-1,-1,-1
630,218,190.50,113.79,90.27,261.80,0.7740,-1,-1,-1
630,220,2.49,1.96,179.35,477.87,0.8126,-1,-1,-1
630,222,276.65,114.33,74.14,257.22,0.8098,-1,-1,-1
630,224,161.98,132.77,53.75,183.78,0.7469,-1,-1,-1
631,179,354.53,-0.02,271.43,475.59,0.8940,-1,-1,-1
631,218,216.65,116.08,70.25,262.01,0.8263,-1,-1,-1
631,220,1.14,0.33,194.51,477.17,0.8904,-1,-1,-1
631,222,286.46,114.09,76.81,253.75,0.8256,-1,-1,-1
631,224,167.03,129.93,58.21,192.73,0.7460,-1,-1,-1
632,179,366.55,0.04,262.63,477.61,0.9166,-1,-1,-1
632,218,223.61,118.82,64.44,260.54,0.8479,-1,-1,-1
632,220,2.41,0.71,196.63,478.76,0.8934,-1,-1,-1
632,222,290.54,116.59,75.97,243.57,0.8495,-1,-1,-1
632,224,172.83,130.32,55.86,141.45,0.4532,-1,-1,-1
633,179,384.88,-0.06,254.62,479.97,0.9047,-1,-1,-1
633,218,230.72,117.00,62.94,253.41,0.8410,-1,-1,-1
633,220,20.57,0.45,188.23,479.68,0.8635,-1,-1,-1
633,222,299.04,114.65,73.73,246.94,0.8504,-1,-1,-1
633,224,177.79,131.44,50.17,238.60,0.5307,-1,-1,-1
634,179,401.88,-0.07,237.30,476.98,0.9107,-1,-1,-1
634,218,235.65,112.09,65.34,253.00,0.8294,-1,-1,-1
634,220,37.46,0.19,168.04,480.16,0.7761,-1,-1,-1
634,222,307.72,113.48,71.22,248.32,0.8355,-1,-1,-1
634,225,3.49,65.79,55.98,314.50,0.7632,-1,-1,-1
635,179,417.68,-0.08,221.53,479.95,0.9113,-1,-1,-1
635,218,242.67,114.12,63.90,249.36,0.8128,-1,-1,-1
635,220,37.05,0.82,197.61,479.44,0.8727,-1,-1,-1
635,221,292.79,142.47,36.07,168.13,0.4257,-1,-1,-1
635,222,315.90,116.51,72.18,248.14,0.8468,-1,-1,-1
636,179,417.88,0.01,221.97,479.06,0.9128,-1,-1,-1
636,218,235.52,116.94,69.92,247.09,0.7759,-1,-1,-1
636,220,36.27,1.40,208.00,477.63,0.8500,-1,-1,-1
636,221,289.68,141.02,39.21,167.47,0.4239,-1,-1,-1
636,222,314.79,115.86,71.29,244.72,0.8229,-1,-1,-1
637,179,419.51,0.81,220.26,479.11,0.9243,-1,-1,-1
637,218,244.04,118.76,60.74,240.75,0.7584,-1,-1,-1
637,220,48.60,0.26,196.56,479.64,0.8326,-1,-1,-1
637,221,291.47,140.35,36.63,166.92,0.5517,-1,-1,-1
637,222,314.30,115.66,69.48,240.07,0.8092,-1,-1,-1
638,179,417.72,0.95,221.94,478.92,0.9153,-1,-1,-1
638,218,248.19,117.79,59.12,229.39,0.8277,-1,-1,-1
638,220,60.60,-0.06,190.75,480.06,0.8365,-1,-1,-1
638,222,312.67,113.83,70.33,232.88,0.8096,-1,-1,-1
639,179,404.49,0.59,235.35,478.30,0.8978,-1,-1,-1
639,218,248.50,114.26,57.34,231.82,0.8171,-1,-1,-1
639,220,65.80,0.57,181.99,479.39,0.7916,-1,-1,-1
639,221,291.36,137.67,37.50,159.93,0.3380,-1,-1,-1
639,222,309.62,111.85,73.18,236.82,0.8496,-1,-1,-1
640,179,404.72,0.98,234.91,479.04,0.8852,-1,-1,-1
640,218,242.91,112.95,60.74,235.92,0.8113,-1,-1,-1
640,220,22.80,0.89,224.48,479.13,0.8316,-1,-1,-1
640,222,302.95,113.39,77.99,237.89,0.8379,-1,-1,-1
641,179,414.42,0.37,225.17,478.02,0.9249,-1,-1,-1
641,218,237.58,118.67,61.59,237.63,0.7443,-1,-1,-1
641,220,22.01,0.94,219.58,479.02,0.8211,-1,-1,-1
641,222,297.48,118.42,75.11,236.58,0.8269,-1,-1,-1
642,179,406.13,0.40,231.69,479.68,0.9188,-1,-1,-1
642,218,237.30,122.67,60.15,239.66,0.7455,-1,-1,-1
642,220,20.37,0.31,219.44,477.44,0.8590,-1,-1,-1
642,222,294.39,120.91,75.85,234.98,0.8351,-1,-1,-1
642,226,12.06,47.55,90.19,334.23,0.5943,-1,-1,-1
643,179,402.09,0.33,233.78,478.79,0.9265,-1,-1,-1
643,218,234.24,122.80,61.22,237.45,0.7143,-1,-1,-1
643,220,29.92,2.20,203.35,477.30,0.7262,-1,-1,-1
643,221,270.88,142.70,37.99,159.49,0.4612,-1,-1,-1
643,222,294.32,120.15,74.26,233.55,0.8121,-1,-1,-1
643,226,2.76,29.22,80.83,376.93,0.7639,-1,-1,-1
644,179,398.14,0.37,237.32,477.18,0.9290,-1,-1,-1
644,218,217.59,127.00,71.35,234.89,0.6473,-1,-1,-1
644,220,18.28,6.65,211.52,472.62,0.9028,-1,-1,-1
644,221,274.93,149.57,28.91,155.10,0.4362,-1,-1,-1
644,222,293.43,123.12,71.70,227.11,0.8341,-1,-1,-1
644,226,4.29,40.18,56.81,266.55,0.6062,-1,-1,-1
645,179,394.14,0.09,244.86,476.97,0.9311,-1,-1,-1
645,218,222.03,125.77,57.97,228.63,0.7901,-1,-1,-1
645,220,40.12,0.41,181.45,479.56,0.8685,-1,-1,-1
645,221,270.33,145.51,30.00,159.48,0.5115,-1,-1,-1
645,222,288.68,119.93,69.43,231.56,0.8561,-1,-1,-1
645,226,3.70,83.67,29.12,188.14,0.3136,-1,-1,-1
646,179,388.97,0.08,250.36,474.90,0.9146,-1,-1,-1
646,218,220.83,124.39,54.99,209.10,0.7904,-1,-1,-1
646,220,62.13,-0.15,159.03,480.02,0.8938,-1,-1,-1
646,221,264.34,143.62,28.50,118.69,0.5342,-1,-1,-1
646,222,284.49,122.00,66.20,230.81,0.7915,-1,-1,-1
647,179,387.45,0.59,251.88,475.92,0.9191,-1,-1,-1
647,218,219.11,125.65,52.34,192.05,0.8153,-1,-1,-1
647,220,66.42,-0.01,155.98,479.70,0.8976,-1,-1,-1
647,221,255.56,150.27,33.06,153.82,0.6765,-1,-1,-1
647,222,280.63,125.54,66.31,230.51,0.7967,-1,-1,-1
648,179,389.42,0.54,250.11,475.38,0.9145,-1,-1,-1
648,218,218.19,130.27,50.90,194.16,0.7353,-1,-1,-1
648,220,67.15,0.44,155.29,479.60,0.9028,-1,-1,-1
648,221,255.00,151.46,33.78,152.53,0.6553,-1,-1,-1
648,222,280.09,129.55,65.72,228.34,0.7822,-1,-1,-1
649,179,389.70,0.69,249.69,477.53,0.9203,-1,-1,-1
649,218,217.54,138.14,51.70,204.38,0.7171,-1,-1,-1
649,220,63.67,2.87,157.49,477.22,0.8981,-1,-1,-1
649,221,255.26,155.19,32.52,149.29,0.6811,-1,-1,-1
649,222,278.82,132.63,66.10,226.92,0.7800,-1,-1,-1
650,179,389.83,0.33,249.41,476.85,0.9206,-1,-1,-1
650,218,215.43,138.70,54.16,204.72,0.8070,-1,-1,-1
650,220,59.00,6.32,161.28,473.63,0.8956,-1,-1,-1
650,222,274.58,130.58,70.15,221.67,0.7992,-1,-1,-1
651,179,388.60,-0.20,250.63,479.61,0.8970,-1,-1,-1
651,218,206.79,125.01,55.81,219.52,0.7675,-1,-1,-1
651,220,38.17,-0.14,173.66,479.65,0.8886,-1,-1,-1
651,222,259.21,121.85,76.61,219.63,0.8028,-1,-1,-1
652,179,391.78,0.20,247.48,475.99,0.9024,-1,-1,-1
652,218,204.27,128.27,58.51,220.84,0.8175,-1,-1,-1
652,220,38.35,1.46,172.45,476.91,0.8966,-1,-1,-1
652,222,258.15,127.08,75.16,221.53,0.8353,-1,-1,-1
653,179,394.77,0.81,243.79,479.06,0.8968,-1,-1,-1
653,218,204.24,135.50,57.70,221.29,0.8145,-1,-1,-1
653,220,39.43,5.31,173.54,474.85,0.8762,-1,-1,-1
653,222,259.52,135.15,71.47,223.20,0.8489,-1,-1,-1
654,179,393.94,-0.15,244.74,479.02,0.9116,-1,-1,-1
654,218,201.68,132.39,57.58,220.95,0.7885,-1,-1,-1
654,220,33.09,-0.22,180.03,479.95,0.8887,-1,-1,-1
654,222,260.17,130.52,69.53,223.16,0.8313,-1,-1,-1
655,179,392.03,-0.01,243.88,479.20,0.9175,-1,-1,-1
655,218,192.98,134.59,68.07,220.29,0.8413,-1,-1,-1
655,220,20.71,-0.05,196.38,480.01,0.8750,-1,-1,-1
655,222,263.49,131.51,68.81,222.87,0.8482,-1,-1,-1
656,179,388.36,0.04,247.27,479.95,0.8976,-1,-1,-1
656,218,203.69,134.20,55.85,220.19,0.7752,-1,-1,-1
656,220,10.96,0.64,208.62,479.35,0.8914,-1,-1,-1
656,222,266.68,129.94,66.30,219.76,0.8447,-1,-1,-1
657,179,372.54,0.28,265.09,477.49,0.8913,-1,-1,-1
657,218,212.18,124.97,52.19,211.44,0.7780,-1,-1,-1
657,220,15.70,5.38,207.31,471.55,0.9124,-1,-1,-1
657,222,271.94,120.65,69.33,213.79,0.8607,-1,-1,-1
658,179,380.97,0.69,254.65,476.98,0.8926,-1,-1,-1
658,218,217.99,125.35,51.87,207.63,0.8042,-1,-1,-1
658,220,29.23,9.53,196.20,467.12,0.8965,-1,-1,-1
658,222,276.00,119.30,68.81,213.64,0.8460,-1,-1,-1
659,179,385.60,0.14,239.34,479.55,0.9049,-1,-1,-1
659,218,218.58,127.56,56.76,197.49,0.7765,-1,-1,-1
659,220,60.54,8.87,164.84,471.09,0.9093,-1,-1,-1
659,222,281.05,119.98,68.32,215.52,0.8333,-1,-1,-1
660,179,389.69,0.38,235.73,479.27,0.8986,-1,-1,-1
660,218,209.47,135.54,60.59,192.24,0.7544,-1,-1,-1
660,220,77.99,10.13,142.19,465.36,0.8865,-1,-1,-1
660,222,275.69,130.41,68.86,213.26,0.8413,-1,-1,-1
661,179,391.30,0.05,239.24,475.97,0.9184,-1,-1,-1
661,218,208.93,137.59,61.39,190.91,0.6223,-1,-1,-1
661,220,85.69,4.22,139.28,474.03,0.8859,-1,-1,-1
661,222,274.88,131.78,69.13,208.09,0.8183,-1,-1,-1
662,179,388.10,-0.01,250.66,479.02,0.8989,-1,-1,-1
662,218,216.20,138.04,56.38,165.64,0.4958,-1,-1,-1
662,220,88.17,2.66,137.51,477.30,0.8763,-1,-1,-1
662,222,274.17,131.45,66.62,213.20,0.8509,-1,-1,-1
662,229,43.51,136.78,56.87,197.89,0.6838,-1,-1,-1
663,179,390.75,0.36,248.54,475.28,0.8745,-1,-1,-1
663,218,224.15,137.22,51.45,158.86,0.5904,-1,-1,-1
663,220,89.20,4.55,145.62,475.24,0.8680,-1,-1,-1
663,222,274.53,130.78,67.04,205.71,0.8585,-1,-1,-1
663,229,35.58,128.70,69.77,213.77,0.7918,-1,-1,-1
664,179,392.07,0.40,247.40,474.92,0.9132,-1,-1,-1
664,218,224.04,135.66,51.91,157.26,0.6916,-1,-1,-1
664,220,89.97,9.84,139.99,438.88,0.8857,-1,-1,-1
664,222,274.18,131.04,68.20,204.15,0.8642,-1,-1,-1
664,229,5.52,124.57,99.79,219.78,0.7865,-1,-1,-1
665,179,402.39,0.08,237.48,479.89,0.9056,-1,-1,-1
665,218,225.96,132.37,51.93,162.79,0.8042,-1,-1,-1
665,220,94.25,14.69,137.89,464.14,0.8705,-1,-1,-1
665,222,276.99,129.45,69.71,203.61,0.8240,-1,-1,-1
665,229,6.45,112.97,85.29,232.84,0.8365,-1,-1,-1
666,179,415.28,0.57,224.63,477.85,0.8782,-1,-1,-1
666,218,227.08,131.49,52.21,164.38,0.8193,-1,-1,-1
666,220,96.81,13.56,137.74,464.68,0.8390,-1,-1,-1
666,222,278.29,126.79,67.21,206.94,0.8209,-1,-1,-1
666,229,2.42,105.73,83.62,240.05,0.8896,-1,-1,-1
666,230,80.78,155.37,35.27,182.71,0.4286,-1,-1,-1
667,179,432.45,0.57,207.47,478.74,0.8949,-1,-1,-1
667,218,234.29,133.17,45.59,160.27,0.7239,-1,-1,-1
667,220,99.73,11.78,133.79,467.88,0.8721,-1,-1,-1
667,222,279.65,127.87,67.19,207.03,0.8009,-1,-1,-1
667,229,-0.22,97.09,82.58,250.38,0.8918,-1,-1,-1
667,230,76.49,96.76,47.30,241.01,0.6755,-1,-1,-1
668,179,449.40,0.85,190.23,479.22,0.9091,-1,-1,-1
668,218,235.90,136.77,49.52,166.63,0.7602,-1,-1,-1
668,220,110.22,11.75,133.82,468.09,0.8670,-1,-1,-1
668,222,284.09,131.24,66.74,204.39,0.8484,-1,-1,-1
668,229,0.63,96.29,75.84,259.47,0.8745,-1,-1,-1
668,230,71.13,95.07,51.40,258.85,0.7958,-1,-1,-1
668,231,388.56,108.30,80.20,260.75,0.4133,-1,-1,-1
669,179,457.90,0.63,181.70,479.21,0.9209,-1,-1,-1
669,218,233.36,130.95,55.84,158.69,0.5293,-1,-1,-1
669,220,93.52,4.55,154.17,453.32,0.8751,-1,-1,-1
669,222,288.05,125.04,65.18,197.02,0.8841,-1,-1,-1
669,229,0.69,89.47,64.34,264.78,0.8560,-1,-1,-1
669,230,61.20,88.37,60.47,269.58,0.7845,-1,-1,-1
669,231,381.38,100.29,99.83,270.94,0.7859,-1,-1,-1
670,179,461.77,1.11,177.85,478.91,0.9158,-1,-1,-1
670,218,234.55,129.21,56.45,189.70,0.7521,-1,-1,-1
670,220,87.24,6.64,165.13,459.21,0.8684,-1,-1,-1
670,222,290.13,123.85,65.12,198.31,0.8690,-1,-1,-1
670,229,0.59,92.33,53.27,266.33,0.8521,-1,-1,-1
670,230,50.53,82.70,71.87,287.45,0.6816,-1,-1,-1
670,231,403.00,103.47,86.40,263.22,0.8376,-1,-1,-1
671,179,465.00,1.59,174.70,477.12,0.9126,-1,-1,-1
671,218,243.91,136.74,46.73,192.28,0.7358,-1,-1,-1
671,220,73.85,19.27,181.54,454.34,0.8387,-1,-1,-1
671,222,290.30,131.66,66.57,198.92,0.8549,-1,-1,-1
671,229,-1.45,119.49,45.30,249.19,0.8168,-1,-1,-1
671,230,37.80,84.75,83.15,307.48,0.7928,-1,-1,-1
671,231,392.72,113.62,94.60,267.02,0.7817,-1,-1,-1
672,179,467.04,1.58,172.61,478.17,0.8931,-1,-1,-1
672,218,250.28,148.92,40.69,185.55,0.7241,-1,-1,-1
672,220,96.96,39.93,154.21,439.14,0.7672,-1,-1,-1
672,222,291.37,142.68,63.97,201.20,0.8583,-1,-1,-1
672,229,-0.88,129.55,25.98,259.21,0.6565,-1,-1,-1
672,230,20.95,84.12,98.33,329.74,0.8464,-1,-1,-1
672,231,399.71,126.70,85.11,271.09,0.8367,-1,-1,-1
673,179,460.57,-0.75,179.13,479.97,0.8640,-1,-1,-1
673,218,253.87,140.47,41.99,179.62,0.7724,-1,-1,-1
673,220,111.75,30.40,141.52,449.06,0.8711,-1,-1,-1
673,222,295.21,134.22,63.14,198.26,0.8404,-1,-1,-1
673,230,2.07,58.63,117.12,352.11,0.8679,-1,-1,-1
673,231,403.78,111.50,89.10,275.26,0.8542,-1,-1,-1
674,179,461.41,1.05,178.28,478.61,0.8837,-1,-1,-1
674,218,248.89,135.04,46.14,182.92,0.7829,-1,-1,-1
674,220,88.96,23.78,158.69,455.88,0.7764,-1,-1,-1
674,222,292.68,127.61,59.02,197.63,0.8567,-1,-1,-1
674,230,-1.63,38.60,112.75,374.67,0.8913,-1,-1,-1
674,231,400.01,102.84,82.39,270.70,0.8357,-1,-1,-1
675,179,484.25,1.18,155.27,479.07,0.9052,-1,-1,-1
675,218,231.62,138.88,60.04,183.84,0.6277,-1,-1,-1
675,220,96.45,21.95,139.45,458.24,0.8821,-1,-1,-1
675,222,287.86,135.87,57.74,187.79,0.8597,-1,-1,-1
675,230,-1.02,29.53,89.50,394.60,0.8869,-1,-1,-1
675,231,393.39,108.94,81.40,265.76,0.8354,-1,-1,-1
676,179,475.57,2.14,164.02,478.41,0.8274,-1,-1,-1
676,218,239.72,141.59,45.39,188.69,0.8133,-1,-1,-1
676,220,96.35,23.25,140.55,447.14,0.8958,-1,-1,-1
676,222,282.94,138.93,57.45,189.42,0.8506,-1,-1,-1
676,230,-1.02,19.72,71.12,411.20,0.8588,-1,-1,-1
676,231,383.10,115.83,89.25,264.85,0.7592,-1,-1,-1
677,179,476.39,1.00,163.27,478.56,0.8987,-1,-1,-1
677,218,241.93,140.33,45.61,186.94,0.8189,-1,-1,-1
677,220,95.27,19.25,147.53,449.26,0.8887,-1,-1,-1
677,222,284.97,138.85,58.79,189.86,0.8242,-1,-1,-1
677,230,3.95,25.41,51.95,409.80,0.7166,-1,-1,-1
677,231,388.21,115.85,86.69,269.77,0.7808,-1,-1,-1
678,179,472.54,0.65,167.14,477.21,0.9061,-1,-1,-1
678,218,240.02,139.87,43.56,182.27,0.8255,-1,-1,-1
678,220,104.75,16.95,134.58,457.74,0.8652,-1,-1,-1
678,222,281.06,136.84,60.48,191.84,0.8528,-1,-1,-1
678,230,-8.74,104.32,62.45,230.70,0.3402,-1,-1,-1
678,231,386.52,113.21,87.26,274.83,0.8410,-1,-1,-1
679,179,468.53,0.83,170.99,479.22,0.8953,-1,-1,-1
679,218,238.72,148.10,44.19,196.11,0.7143,-1,-1,-1
679,220,107.59,28.71,128.94,451.06,0.8281,-1,-1,-1
679,222,281.15,142.03,59.42,192.39,0.8564,-1,-1,-1
679,231,381.85,118.55,93.52,275.44,0.7718,-1,-1,-1
679,232,81.04,162.14,44.16,159.45,0.5565,-1,-1,-1
680,179,467.62,1.09,172.01,479.04,0.9085,-1,-1,-1
680,218,236.91,152.92,46.90,199.23,0.7468,-1,-1,-1
680,220,104.79,39.34,132.84,418.66,0.8175,-1,-1,-1
680,222,280.19,144.52,59.59,192.98,0.8631,-1,-1,-1
680,231,379.60,120.81,94.35,278.58,0.7585,-1,-1,-1
680,232,74.30,156.91,51.83,170.48,0.5967,-1,-1,-1
681,179,468.20,1.06,171.35,478.91,0.9140,-1,-1,-1
681,218,235.22,149.82,45.04,177.81,0.7859,-1,-1,-1
681,220,103.44,41.50,133.47,424.26,0.7968,-1,-1,-1
681,222,276.04,142.71,61.50,186.96,0.8540,-1,-1,-1
681,231,375.60,117.57,92.04,280.29,0.8327,-1,-1,-1
681,232,61.51,133.75,58.17,195.20,0.7468,-1,-1,-1
682,179,474.64,0.94,165.02,478.33,0.9115,-1,-1,-1
682,218,230.42,146.26,46.85,181.22,0.7967,-1,-1,-1
682,220,98.71,33.77,140.62,445.76,0.8532,-1,-1,-1
682,222,276.07,140.15,59.09,188.33,0.8669,-1,-1,-1
682,231,371.48,113.79,91.04,273.19,0.8198,-1,-1,-1
682,232,47.66,127.34,70.68,214.42,0.7844,-1,-1,-1
683,179,481.96,1.15,157.68,476.90,0.9110,-1,-1,-1
683,218,235.52,146.50,40.70,181.38,0.7651,-1,-1,-1
683,220,96.96,35.83,144.34,443.89,0.8583,-1,-1,-1
683,222,275.73,140.93,58.21,185.41,0.8634,-1,-1,-1
683,231,349.45,113.14,103.60,273.91,0.6909,-1,-1,-1
683,232,45.05,125.17,67.06,226.20,0.7948,-1,-1,-1
684,179,490.17,0.75,149.43,479.10,0.9155,-1,-1,-1
684,218,227.24,143.28,47.04,184.89,0.6552,-1,-1,-1
684,220,93.95,26.00,143.33,437.10,0.8657,-1,-1,-1
684,222,270.73,137.84,61.69,189.48,0.8642,-1,-1,-1
684,231,351.97,108.19,98.99,282.11,0.7303,-1,-1,-1
684,232,32.58,112.46,80.03,242.11,0.7715,-1,-1,-1
685,179,495.29,1.14,144.38,478.84,0.9132,-1,-1,-1
685,218,210.95,141.56,64.42,202.79,0.7062,-1,-1,-1
685,220,82.45,23.96,156.71,443.89,0.8814,-1,-1,-1
685,222,273.07,136.60,61.31,190.00,0.8617,-1,-1,-1
685,231,349.59,111.12,103.51,280.91,0.7598,-1,-1,-1
685,232,18.75,106.17,93.29,252.30,0.5750,-1,-1,-1
686,179,495.41,0.96,144.19,478.27,0.8967,-1,-1,-1
686,218,218.68,141.97,54.59,196.38,0.4234,-1,-1,-1
686,220,76.36,25.97,160.79,453.66,0.8909,-1,-1,-1
686,222,271.01,135.68,59.44,189.47,0.8211,-1,-1,-1
686,231,357.84,110.97,92.68,284.21,0.7942,-1,-1,-1
686,232,14.16,92.41,85.85,266.16,0.7963,-1,-1,-1
687,179,496.07,0.65,143.57,479.33,0.9104,-1,-1,-1
687,218,232.36,142.44,42.51,148.85,0.5417,-1,-1,-1
687,220,78.01,31.82,158.99,448.17,0.8834,-1,-1,-1
687,222,272.12,135.80,58.71,184.28,0.8405,-1,-1,-1
687,231,361.09,108.36,89.14,289.52,0.8426,-1,-1,-1
687,232,0.69,82.28,90.09,280.50,0.8851,-1,-1,-1
688,179,491.21,0.91,148.59,478.79,0.9203,-1,-1,-1
688,218,229.42,138.84,37.72,140.17,0.5498,-1,-1,-1
688,220,64.16,32.56,167.34,447.44,0.8681,-1,-1,-1
688,222,266.68,130.75,59.17,185.01,0.7834,-1,-1,-1
688,231,357.88,103.40,93.88,287.82,0.8472,-1,-1,-1
688,232,-2.06,73.51,80.02,289.54,0.8248,-1,-1,-1
689,179,475.91,0.10,163.74,478.83,0.8965,-1,-1,-1
689,218,223.87,141.80,43.07,174.12,0.7153,-1,-1,-1
689,220,86.41,33.83,139.52,446.45,0.8267,-1,-1,-1
689,222,264.27,132.26,59.64,185.43,0.8240,-1,-1,-1
689,231,357.94,104.87,88.97,281.33,0.8437,-1,-1,-1
689,232,-2.31,69.31,70.12,293.23,0.7672,-1,-1,-1
689,235,305.51,151.81,45.21,137.94,0.6048,-1,-1,-1
690,179,441.79,-0.07,198.07,479.91,0.8623,-1,-1,-1
690,218,219.34,140.57,45.88,179.31,0.6363,-1,-1,-1
690,220,82.39,31.82,144.76,448.30,0.8663,-1,-1,-1
690,222,262.12,133.58,57.13,186.41,0.8411,-1,-1,-1
690,231,357.57,102.69,84.71,278.09,0.8485,-1,-1,-1
690,232,-2.88,77.63,63.81,295.19,0.6837,-1,-1,-1
690,235,307.69,151.99,48.43,139.35,0.7237,-1,-1,-1
691,179,450.73,-0.00,188.89,478.78,0.8516,-1,-1,-1
691,218,218.06,145.09,45.48,206.46,0.4543,-1,-1,-1
691,220,104.21,30.55,126.16,442.51,0.8914,-1,-1,-1
691,222,260.74,137.67,59.30,187.08,0.8255,-1,-1,-1
691,231,352.71,102.27,87.61,283.88,0.8242,-1,-1,-1
691,232,-3.81,90.79,56.72,199.35,0.5578,-1,-1,-1
691,235,309.09,153.57,47.10,139.69,0.8004,-1,-1,-1
692,179,496.65,1.73,142.91,474.93,0.8479,-1,-1,-1
692,218,224.55,145.12,39.04,138.47,0.4857,-1,-1,-1
692,220,109.52,30.09,124.38,435.06,0.8958,-1,-1,-1
692,222,259.98,141.31,59.26,184.46,0.8393,-1,-1,-1
692,231,352.86,103.57,87.05,287.24,0.8502,-1,-1,-1
692,232,-0.39,88.27,40.20,201.03,0.5483,-1,-1,-1
692,235,310.88,151.94,49.63,143.29,0.7731,-1,-1,-1
692,237,52.18,134.74,61.80,183.53,0.7586,-1,-1,-1
693,179,503.19,0.77,136.48,477.66,0.8814,-1,-1,-1
693,218,229.18,140.91,36.07,122.60,0.3500,-1,-1,-1
693,220,114.98,23.64,126.29,447.91,0.8833,-1,-1,-1
693,222,262.42,131.70,59.80,186.45,0.8404,-1,-1,-1
693,231,352.09,101.04,96.90,289.66,0.7830,-1,-1,-1
693,232,-1.45,102.25,39.94,201.68,0.3508,-1,-1,-1
693,235,316.70,145.19,48.50,146.61,0.6529,-1,-1,-1
693,237,41.53,128.65,70.04,192.75,0.7319,-1,-1,-1
694,179,424.00,1.22,216.03,474.49,0.8625,-1,-1,-1
694,218,226.72,138.16,37.09,134.65,0.3524,-1,-1,-1
694,220,120.14,24.97,117.45,448.21,0.8489,-1,-1,-1
694,222,261.34,128.98,61.90,181.21,0.8172,-1,-1,-1
694,231,349.84,96.01,93.03,291.67,0.7773,-1,-1,-1
694,235,317.38,135.84,46.62,127.81,0.4937,-1,-1,-1
694,237,20.93,125.03,82.03,196.36,0.7816,-1,-1,-1
695,179,430.84,0.97,208.94,478.88,0.8936,-1,-1,-1
695,220,122.07,26.80,132.78,452.60,0.8029,-1,-1,-1
695,222,260.89,127.18,59.64,178.14,0.8312,-1,-1,-1
695,231,337.87,94.61,98.59,292.90,0.7087,-1,-1,-1
695,235,317.35,132.95,51.51,113.04,0.4504,-1,-1,-1
695,237,11.23,120.49,79.85,210.57,0.8248,-1,-1,-1
695,238,93.63,140.52,41.71,150.00,0.7334,-1,-1,-1
696,179,447.91,1.80,191.61,478.72,0.8515,-1,-1,-1
696,220,118.60,40.41,142.94,439.87,0.7964,-1,-1,-1
696,222,261.15,132.98,62.81,179.91,0.7891,-1,-1,-1
696,231,342.38,98.50,91.98,289.24,0.7925,-1,-1,-1
696,237,7.04,116.41,77.72,224.22,0.8272,-1,-1,-1
696,238,93.68,144.12,42.91,154.32,0.7724,-1,-1,-1
697,179,474.84,0.92,164.78,478.75,0.9058,-1,-1,-1
697,220,124.86,40.06,139.50,439.99,0.8708,-1,-1,-1
697,222,265.54,132.92,60.14,182.71,0.8404,-1,-1,-1
697,231,344.80,97.03,87.71,280.60,0.8335,-1,-1,-1
697,237,4.38,115.27,74.15,227.52,0.8292,-1,-1,-1
697,238,93.16,142.50,42.61,158.52,0.7266,-1,-1,-1
698,179,462.77,0.68,176.95,478.18,0.9108,-1,-1,-1
698,220,140.86,34.06,126.63,432.80,0.8734,-1,-1,-1
698,222,265.66,134.94,58.64,179.59,0.8058,-1,-1,-1
698,231,329.55,92.66,99.02,283.89,0.8187,-1,-1,-1
698,237,-1.66,106.58,76.23,237.68,0.8075,-1,-1,-1
698,238,86.48,139.08,44.83,160.55,0.5228,-1,-1,-1
699,179,458.45,0.91,181.20,479.23,0.9091,-1,-1,-1
699,220,144.78,38.46,124.75,411.63,0.8986,-1,-1,-1
699,222,268.08,141.08,53.67,179.37,0.8271,-1,-1,-1
699,231,334.40,98.27,91.63,286.90,0.8345,-1,-1,-1
699,237,-1.68,108.53,72.34,242.98,0.8453,-1,-1,-1
699,238,83.26,143.82,41.13,150.02,0.5293,-1,-1,-1
699,239,103.02,170.15,50.99,186.29,0.7132,-1,-1,-1
700,179,455.85,1.96,183.81,478.26,0.9097,-1,-1,-1
700,220,131.39,45.73,144.50,409.77,0.8783,-1,-1,-1
700,222,273.99,147.79,49.08,174.14,0.8004,-1,-1,-1
700,231,333.33,107.05,90.60,291.14,0.8484,-1,-1,-1
700,237,-0.73,110.84,63.50,261.09,0.7408,-1,-1,-1
700,239,90.99,173.74,59.35,198.19,0.6920,-1,-1,-1
701,179,458.72,0.87,180.89,477.17,0.9211,-1,-1,-1
701,220,128.83,35.28,151.18,422.26,0.8667,-1,-1,-1
701,222,272.38,137.74,46.64,156.64,0.7945,-1,-1,-1
701,231,326.94,101.52,91.04,292.70,0.8335,-1,-1,-1
701,237,-3.05,129.35,45.97,224.55,0.3796,-1,-1,-1
701,239,76.51,157.59,62.74,212.51,0.6799,-1,-1,-1
701,240,28.94,151.72,42.17,154.22,0.6822,-1,-1,-1
702,179,449.63,1.18,190.01,475.99,0.9250,-1,-1,-1
702,220,125.83,40.37,153.51,424.61,0.8602,-1,-1,-1
702,222,268.56,137.60,47.35,154.66,0.7785,-1,-1,-1
702,231,308.16,100.56,112.19,294.93,0.7965,-1,-1,-1
702,239,63.03,156.71,63.45,220.26,0.7358,-1,-1,-1
702,240,13.18,146.29,54.92,161.36,0.7361,-1,-1,-1
702,241,112.30,125.74,49.36,213.21,0.5786,-1,-1,-1
703,179,440.28,2.88,199.72,474.87,0.9266,-1,-1,-1
703,220,120.79,49.08,159.23,428.37,0.8437,-1,-1,-1
703,222,268.44,140.27,46.24,144.45,0.7068,-1,-1,-1
703,231,317.71,102.71,91.43,292.74,0.8207,-1,-1,-1
703,239,46.25,156.52,75.86,237.17,0.8088,-1,-1,-1
703,240,4.75,148.33,58.57,157.70,0.7030,-1,-1,-1
703,241,110.77,125.05,47.01,223.06,0.5770,-1,-1,-1
704,179,434.83,1.23,204.73,476.91,0.9201,-1,-1,-1
704,220,120.78,52.18,155.49,424.28,0.8545,-1,-1,-1
704,222,265.32,143.16,45.65,151.71,0.6488,-1,-1,-1
704,231,316.15,101.11,84.75,286.46,0.8292,-1,-1,-1
704,239,29.64,153.55,79.72,253.61,0.7253,-1,-1,-1
704,240,0.12,150.76,54.05,162.25,0.7211,-1,-1,-1
704,241,95.61,121.70,59.78,227.08,0.7110,-1,-1,-1
704,244,383.14,114.24,67.15,219.42,0.7893,-1,-1,-1
705,179,426.25,0.90,213.41,478.38,0.9228,-1,-1,-1
705,220,129.77,48.00,141.60,428.29,0.8726,-1,-1,-1
705,222,261.33,141.71,46.69,160.45,0.6724,-1,-1,-1
705,231,311.62,96.85,87.56,280.24,0.8502,-1,-1,-1
705,239,4.42,147.57,93.51,273.94,0.8043,-1,-1,-1
705,240,-2.78,168.39,43.41,146.26,0.3351,-1,-1,-1
705,241,82.49,115.00,66.62,237.83,0.7979,-1,-1,-1
705,244,382.39,110.19,62.73,220.14,0.6811,-1,-1,-1
706,179,414.10,1.38,225.33,477.77,0.9200,-1,-1,-1
706,220,139.80,41.66,128.49,425.92,0.8629,-1,-1,-1
706,222,257.60,140.11,45.12,124.49,0.7359,-1,-1,-1
706,231,300.45,95.73,89.22,288.39,0.8324,-1,-1,-1
706,239,-0.54,141.96,79.25,289.21,0.8799,-1,-1,-1
706,241,61.68,106.68,82.37,252.77,0.8448,-1,-1,-1
706,244,378.90,102.32,56.71,232.80,0.5091,-1,-1,-1
707,179,395.73,1.42,243.93,476.92,0.8951,-1,-1,-1
707,220,136.17,40.91,130.58,407.75,0.8941,-1,-1,-1
707,222,255.36,141.98,43.74,112.71,0.6439,-1,-1,-1
707,231,297.75,98.91,87.45,290.33,0.8564,-1,-1,-1
707,239,-3.16,138.03,63.64,302.81,0.8315,-1,-1,-1
707,241,38.50,103.02,98.72,268.77,0.7724,-1,-1,-1
707,244,373.91,102.32,63.14,239.33,0.6349,-1,-1,-1
708,179,354.36,1.56,284.07,477.36,0.8693,-1,-1,-1
708,220,131.45,35.43,128.95,414.20,0.8754,-1,-1,-1
708,222,251.99,141.52,43.84,114.14,0.6234,-1,-1,-1
708,231,288.28,100.85,90.54,293.41,0.8378,-1,-1,-1
708,239,-5.18,127.91,43.89,316.04,0.7598,-1,-1,-1
708,241,12.90,97.72,111.79,276.81,0.7059,-1,-1,-1
709,179,376.67,0.56,254.70,479.50,0.8650,-1,-1,-1
709,220,128.56,34.85,132.11,417.64,0.8690,-1,-1,-1
709,222,249.20,139.39,45.72,123.25,0.7154,-1,-1,-1
709,231,284.32,100.44,90.58,295.51,0.8032,-1,-1,-1
709,241,1.93,90.21,106.00,345.54,0.7098,-1,-1,-1
710,179,334.26,0.35,278.32,478.05,0.8939,-1,-1,-1
710,220,127.02,37.68,131.98,428.82,0.8648,-1,-1,-1
710,222,247.80,138.56,46.26,118.25,0.7430,-1,-1,-1
710,231,277.16,97.04,97.09,297.69,0.7579,-1,-1,-1
710,241,-4.22,79.14,102.92,375.55,0.6755,-1,-1,-1
711,179,310.43,0.42,284.45,479.16,0.8860,-1,-1,-1
711,220,122.88,38.81,131.96,409.23,0.8206,-1,-1,-1
711,222,246.51,138.17,40.19,117.03,0.6849,-1,-1,-1
711,231,275.22,91.56,92.36,302.27,0.7813,-1,-1,-1
711,241,-1.64,58.85,97.58,324.61,0.8855,-1,-1,-1
712,179,298.23,0.42,288.41,476.41,0.8949,-1,-1,-1
712,220,120.61,40.60,130.87,431.58,0.8870,-1,-1,-1
712,222,243.65,141.97,40.33,113.08,0.6091,-1,-1,-1
712,231,268.98,88.23,93.71,293.63,0.8236,-1,-1,-1
712,241,3.09,42.80,68.61,365.83,0.7086,-1,-1,-1
713,179,336.97,0.61,259.39,475.84,0.9167,-1,-1,-1
713,220,116.55,36.82,134.91,430.81,0.9004,-1,-1,-1
713,222,244.65,141.44,36.04,109.09,0.6946,-1,-1,-1
713,231,266.97,87.06,91.65,292.57,0.8166,-1,-1,-1
713,241,1.10,29.10,59.68,421.60,0.7370,-1,-1,-1
713,245,29.39,99.11,62.17,233.78,0.3120,-1,-1,-1
714,179,331.76,0.50,301.87,475.34,0.9015,-1,-1,-1
714,220,110.02,35.75,143.24,419.49,0.8968,-1,-1,-1
714,222,247.77,141.99,36.43,102.11,0.7460,-1,-1,-1
714,231,267.98,89.14,94.61,295.30,0.8159,-1,-1,-1
714,245,28.65,91.42,67.05,244.67,0.5797,-1,-1,-1
715,179,329.92,0.57,309.12,473.05,0.9130,-1,-1,-1
715,220,106.22,32.35,151.47,400.92,0.9022,-1,-1,-1
715,222,251.17,139.22,36.84,104.65,0.6349,-1,-1,-1
715,231,272.92,89.76,94.07,298.03,0.8308,-1,-1,-1
715,245,5.52,82.23,69.13,253.32,0.7393,-1,-1,-1
716,179,336.49,0.41,302.51,476.13,0.8857,-1,-1,-1
716,220,101.56,34.35,159.39,404.29,0.8984,-1,-1,-1
716,222,255.69,142.00,36.36,102.86,0.6749,-1,-1,-1
716,231,274.23,92.02,96.84,309.25,0.8401,-1,-1,-1
716,245,0.58,68.72,70.53,270.71,0.3833,-1,-1,-1
716,247,26.25,85.85,80.86,253.73,0.8296,-1,-1,-1
717,179,350.26,0.31,288.76,477.78,0.8716,-1,-1,-1
717,220,99.12,41.81,164.26,399.98,0.8877,-1,-1,-1
717,222,260.18,142.70,39.77,101.82,0.7288,-1,-1,-1
717,231,278.50,94.48,100.04,305.58,0.8474,-1,-1,-1
717,247,9.05,80.29,99.64,266.21,0.8884,-1,-1,-1
718,179,370.59,0.74,268.35,475.79,0.8972,-1,-1,-1
718,220,97.83,51.09,169.63,411.43,0.8917,-1,-1,-1
718,222,265.48,149.30,38.70,106.82,0.7653,-1,-1,-1
718,231,287.91,97.15,97.88,307.71,0.8120,-1,-1,-1
718,247,2.89,78.95,103.61,291.85,0.8838,-1,-1,-1
719,179,381.71,0.76,257.09,475.88,0.9051,-1,-1,-1
719,220,101.04,56.57,160.79,411.28,0.8881,-1,-1,-1
719,222,272.57,150.96,36.39,108.19,0.7070,-1,-1,-1
719,231,295.76,97.24,91.00,305.68,0.5819,-1,-1,-1
719,247,0.01,76.68,112.49,296.23,0.9004,-1,-1,-1
720,179,387.46,0.59,251.69,477.30,0.9164,-1,-1,-1
720,220,103.32,55.26,160.70,406.06,0.8887,-1,-1,-1
720,222,276.76,150.03,35.95,116.25,0.6707,-1,-1,-1
720,231,301.07,96.11,89.65,297.80,0.8465,-1,-1,-1
720,247,2.61,72.91,111.63,311.39,0.8962,-1,-1,-1
720,248,255.50,156.92,24.12,97.86,0.4298,-1,-1,-1
721,179,394.00,0.67,245.27,477.48,0.9260,-1,-1,-1
721,218,242.59,149.08,42.60,123.59,0.5537,-1,-1,-1
721,220,112.48,51.21,144.99,388.40,0.8912,-1,-1,-1
721,222,282.15,146.85,37.77,106.55,0.6121,-1,-1,-1
721,231,304.94,94.66,91.32,296.40,0.8501,-1,-1,-1
721,247,0.10,56.90,110.15,338.47,0.9202,-1,-1,-1
722,179,399.44,0.56,240.15,477.04,0.9253,-1,-1,-1
722,218,244.60,155.13,45.80,129.01,0.5240,-1,-1,-1
722,220,121.95,52.07,135.95,377.16,0.9016,-1,-1,-1
722,222,288.21,147.90,33.57,100.15,0.5998,-1,-1,-1
722,231,307.21,95.40,93.77,301.13,0.8777,-1,-1,-1
722,247,-0.18,49.97,108.34,349.52,0.9217,-1,-1,-1
723,179,395.95,0.88,243.83,479.14,0.9147,-1,-1,-1
723,218,256.23,158.19,41.13,141.30,0.6103,-1,-1,-1
723,220,136.55,52.91,125.27,385.25,0.8952,-1,-1,-1
723,222,294.76,153.35,32.38,99.14,0.6304,-1,-1,-1
723,231,315.95,99.70,90.49,305.03,0.6784,-1,-1,-1
723,247,0.17,44.42,108.74,363.72,0.9252,-1,-1,-1
724,179,391.52,1.12,248.16,478.58,0.9033,-1,-1,-1
724,218,248.27,161.15,51.60,152.06,0.5816,-1,-1,-1
724,220,143.96,55.47,119.41,388.62,0.8978,-1,-1,-1
724,222,298.57,154.76,31.47,101.14,0.6613,-1,-1,-1
724,231,316.79,102.31,92.42,304.11,0.8461,-1,-1,-1
724,247,-0.22,37.07,107.36,375.92,0.9165,-1,-1,-1
725,179,395.79,0.69,243.98,479.11,0.8765,-1,-1,-1
725,218,260.34,156.54,43.73,154.19,0.6966,-1,-1,-1
725,220,149.52,56.30,114.86,394.44,0.8948,-1,-1,-1
725,222,301.04,152.27,31.10,102.10,0.4272,-1,-1,-1
725,231,314.34,99.51,97.41,305.07,0.8199,-1,-1,-1
725,247,0.38,20.38,97.99,396.04,0.9011,-1,-1,-1
725,249,93.32,187.51,21.51,69.90,0.5552,-1,-1,-1
725,250,140.10,197.21,15.27,46.64,0.5808,-1,-1,-1
725,251,124.83,200.71,13.09,43.96,0.5109,-1,-1,-1
726,179,413.53,0.45,226.31,478.55,0.9232,-1,-1,-1
726,218,264.36,155.70,42.72,151.80,0.7927,-1,-1,-1
726,220,157.14,62.17,107.30,396.58,0.8776,-1,-1,-1
726,222,304.89,153.12,31.95,99.99,0.5477,-1,-1,-1
726,231,319.02,98.98,90.76,303.24,0.8232,-1,-1,-1
726,247,0.73,6.94,89.52,418.77,0.8918,-1,-1,-1
726,249,90.87,189.36,27.98,69.10,0.7157,-1,-1,-1
726,250,146.10,197.99,13.09,48.24,0.4132,-1,-1,-1
727,179,405.62,0.17,234.08,478.57,0.9251,-1,-1,-1
727,218,266.70,152.72,41.42,151.83,0.8131,-1,-1,-1
727,220,160.70,60.65,105.78,394.11,0.8886,-1,-1,-1
727,222,307.07,149.50,28.74,97.11,0.5001,-1,-1,-1
727,231,318.78,93.49,89.64,299.24,0.8264,-1,-1,-1
727,247,0.78,1.26,77.77,426.60,0.8778,-1,-1,-1
727,249,92.86,186.82,23.88,71.00,0.6394,-1,-1,-1
727,250,146.70,195.94,12.12,47.97,0.5010,-1,-1,-1
727,251,131.64,197.98,14.41,46.12,0.4042,-1,-1,-1
728,179,392.33,0.33,246.49,477.73,0.9283,-1,-1,-1
728,218,265.84,151.88,41.54,152.15,0.8364,-1,-1,-1
728,220,160.15,59.20,105.57,391.22,0.8867,-1,-1,-1
728,222,304.97,147.67,30.08,89.18,0.5181,-1,-1,-1
728,231,315.50,91.93,97.86,291.53,0.8061,-1,-1,-1
728,247,1.82,30.93,58.16,400.30,0.7277,-1,-1,-1
728,249,90.25,187.38,22.28,70.40,0.5429,-1,-1,-1
728,250,142.37,195.64,14.47,48.43,0.5438,-1,-1,-1
728,251,124.55,197.08,16.62,46.82,0.4839,-1,-1,-1
729,179,383.47,0.58,255.78,475.49,0.9302,-1,-1,-1
729,218,265.12,152.43,42.43,150.35,0.8542,-1,-1,-1
729,220,159.49,56.28,106.54,376.95,0.8967,-1,-1,-1
729,222,305.25,148.63,26.48,84.01,0.5703,-1,-1,-1
729,231,315.00,89.67,91.48,298.59,0.8492,-1,-1,-1
729,249,82.63,186.12,25.10,71.19,0.5965,-1,-1,-1
729,250,139.84,195.70,14.97,46.74,0.5569,-1,-1,-1
729,251,120.60,195.37,19.01,47.85,0.4410,-1,-1,-1
730,179,375.25,0.60,263.86,476.78,0.9263,-1,-1,-1
730,218,265.55,160.90,43.12,149.05,0.8180,-1,-1,-1
730,220,159.36,62.85,107.29,365.92,0.9013,-1,-1,-1
730,222,305.06,156.69,28.27,84.11,0.4541,-1,-1,-1
730,231,314.64,99.84,92.20,301.68,0.8133,-1,-1,-1
730,249,84.83,192.87,21.54,71.70,0.5882,-1,-1,-1
730,251,120.91,198.61,15.95,51.26,0.3290,-1,-1,-1
731,179,372.20,0.66,267.10,476.65,0.9269,-1,-1,-1
731,218,268.03,165.20,40.46,145.59,0.7877,-1,-1,-1
731,220,159.36,68.04,109.92,369.02,0.9013,-1,-1,-1
731,222,306.23,161.18,32.47,83.03,0.4406,-1,-1,-1
731,231,314.84,101.85,94.11,311.89,0.8347,-1,-1,-1
731,249,81.99,194.36,25.65,75.48,0.6460,-1,-1,-1
731,251,122.61,205.54,15.40,48.69,0.5075,-1,-1,-1
732,179,373.43,0.53,266.05,476.45,0.9190,-1,-1,-1
732,218,268.68,165.60,39.88,142.91,0.7783,-1,-1,-1
732,220,152.01,73.60,117.32,374.85,0.9002,-1,-1,-1
732,222,306.68,163.58,32.55,84.88,0.4098,-1,-1,-1
732,231,314.84,110.04,94.40,308.54,0.8606,-1,-1,-1
732,249,75.92,194.37,27.93,77.29,0.6473,-1,-1,-1
732,251,119.62,205.55,17.22,49.74,0.5414,-1,-1,-1
733,179,382.13,0.81,257.37,477.12,0.9096,-1,-1,-1
733,218,265.97,165.45,40.84,141.85,0.7992,-1,-1,-1
733,220,145.59,83.28,116.59,378.20,0.8711,-1,-1,-1
733,222,311.30,164.99,28.87,88.68,0.3414,-1,-1,-1
733,231,315.80,111.60,91.07,306.54,0.8630,-1,-1,-1
733,249,65.22,194.54,32.38,80.57,0.6063,-1,-1,-1
733,251,112.54,203.93,23.23,53.44,0.3610,-1,-1,-1
734,179,389.49,0.76,250.22,477.63,0.9102,-1,-1,-1
734,218,265.67,170.05,41.46,134.66,0.7532,-1,-1,-1
734,220,137.94,90.63,117.28,378.20,0.8832,-1,-1,-1
734,231,315.86,116.71,90.24,301.65,0.8353,-1,-1,-1
734,249,60.70,201.59,33.23,78.90,0.6120,-1,-1,-1
735,179,396.17,0.21,243.27,478.22,0.9141,-1,-1,-1
735,218,265.45,165.36,41.92,140.56,0.7548,-1,-1,-1
735,220,129.45,84.54,121.83,374.17,0.8493,-1,-1,-1
735,231,316.35,108.57,90.19,291.62,0.8268,-1,-1,-1
735,249,59.14,195.14,30.50,81.04,0.6091,-1,-1,-1
735,253,240.65,160.81,32.94,124.03,0.5756,-1,-1,-1
736,179,399.70,0.21,239.26,477.59,0.8932,-1,-1,-1
736,218,264.41,165.04,41.36,141.04,0.7887,-1,-1,-1
736,220,149.42,78.86,106.35,361.63,0.8249,-1,-1,-1
736,231,315.64,103.99,90.38,294.88,0.8300,-1,-1,-1
736,249,56.29,191.46,30.42,82.32,0.5821,-1,-1,-1
736,253,238.94,157.03,31.67,111.93,0.4724,-1,-1,-1
737,179,401.01,0.22,238.16,475.18,0.9135,-1,-1,-1
737,218,260.75,165.78,43.07,142.67,0.7948,-1,-1,-1
737,220,147.31,74.64,110.17,346.64,0.8490,-1,-1,-1
737,231,314.83,105.80,89.93,297.81,0.8279,-1,-1,-1
737,249,47.38,189.30,31.02,84.04,0.6172,-1,-1,-1
737,253,237.55,158.13,33.27,136.76,0.3422,-1,-1,-1
737,254,109.61,137.35,53.89,185.02,0.8012,-1,-1,-1
738,179,400.23,0.71,238.93,476.22,0.9189,-1,-1,-1
738,218,258.19,164.27,45.04,144.41,0.7888,-1,-1,-1
738,220,144.61,73.51,109.94,351.38,0.8391,-1,-1,-1
738,231,313.11,108.54,92.33,299.25,0.8235,-1,-1,-1
738,249,42.61,185.90,32.15,86.02,0.7076,-1,-1,-1
738,253,236.51,155.16,34.26,145.66,0.4685,-1,-1,-1
738,254,104.76,134.12,54.31,191.58,0.7932,-1,-1,-1
739,179,397.99,0.62,241.38,476.90,0.9141,-1,-1,-1
739,218,254.53,163.07,48.76,143.60,0.7621,-1,-1,-1
739,220,143.71,75.85,99.19,355.70,0.8661,-1,-1,-1
739,231,310.01,111.33,92.25,301.94,0.8409,-1,-1,-1
739,249,36.74,184.87,30.97,87.58,0.6078,-1,-1,-1
739,253,235.49,155.05,32.38,115.88,0.5482,-1,-1,-1
739,254,92.87,131.75,61.67,196.61,0.8090,-1,-1,-1
740,179,394.62,1.10,244.98,476.83,0.9144,-1,-1,-1
740,218,255.03,162.13,54.26,144.04,0.7523,-1,-1,-1
740,220,142.83,83.77,104.24,357.48,0.8774,-1,-1,-1
740,231,310.45,111.95,91.11,300.91,0.8469,-1,-1,-1
740,249,30.76,183.52,34.14,89.64,0.7126,-1,-1,-1
740,253,237.35,158.17,30.18,131.36,0.4091,-1,-1,-1
740,254,83.14,130.76,67.32,211.60,0.8336,-1,-1,-1
741,179,388.75,0.91,251.07,477.73,0.8985,-1,-1,-1
741,218,255.26,160.15,52.30,144.22,0.7428,-1,-1,-1
741,220,143.73,84.92,101.96,357.16,0.8789,-1,-1,-1
741,231,306.37,106.27,94.04,303.53,0.8237,-1,-1,-1
741,249,26.32,179.75,33.78,91.09,0.6872,-1,-1,-1
741,253,236.69,154.05,30.68,137.63,0.5043,-1,-1,-1
741,254,75.88,122.77,76.72,217.73,0.8391,-1,-1,-1
741,255,-1.17,189.79,18.53,79.71,0.3246,-1,-1,-1
742,179,397.54,0.92,241.79,479.11,0.9148,-1,-1,-1
742,218,260.23,161.20,46.90,142.87,0.7662,-1,-1,-1
742,220,142.88,88.54,102.04,346.64,0.8837,-1,-1,-1
742,231,307.80,104.98,89.30,293.32,0.8310,-1,-1,-1
742,249,23.80,179.21,30.28,92.55,0.6922,-1,-1,-1
742,253,235.65,152.07,32.88,138.49,0.5314,-1,-1,-1
742,254,72.20,115.41,76.77,228.38,0.8039,-1,-1,-1
742,255,-1.74,183.17,18.10,75.66,0.5541,-1,-1,-1
743,179,398.27,1.06,240.04,478.93,0.9029,-1,-1,-1
743,218,259.77,161.19,47.84,142.33,0.7626,-1,-1,-1
743,220,138.20,85.14,107.16,348.05,0.8710,-1,-1,-1
743,231,311.16,104.89,82.12,284.78,0.8062,-1,-1,-1
743,249,14.88,176.09,33.51,92.41,0.6172,-1,-1,-1
743,253,236.63,152.30,31.67,138.22,0.5910,-1,-1,-1
743,254,49.59,105.12,96.80,239.49,0.6869,-1,-1,-1
743,255,-1.54,186.99,15.16,68.89,0.4816,-1,-1,-1
744,179,389.85,0.33,238.60,478.53,0.8927,-1,-1,-1
744,218,258.49,161.89,52.80,141.71,0.7107,-1,-1,-1
744,220,151.49,82.65,96.27,333.00,0.8638,-1,-1,-1
744,231,306.67,103.75,86.97,292.08,0.8316,-1,-1,-1
744,249,9.46,173.58,35.43,96.97,0.6043,-1,-1,-1
744,253,238.33,149.66,31.59,142.97,0.5770,-1,-1,-1
744,254,42.76,97.52,93.67,253.75,0.8555,-1,-1,-1
745,179,400.49,0.10,229.63,477.88,0.9241,-1,-1,-1
745,218,265.40,159.05,46.73,138.25,0.6856,-1,-1,-1
745,220,155.76,78.99,94.30,324.94,0.8714,-1,-1,-1
745,231,308.35,99.61,93.69,299.78,0.8310,-1,-1,-1
745,249,7.24,175.17,32.91,124.35,0.3444,-1,-1,-1
745,253,242.10,148.63,30.93,141.43,0.6158,-1,-1,-1
745,254,16.80,94.56,114.35,265.81,0.8609,-1,-1,-1
745,256,122.24,129.63,46.36,180.04,0.7048,-1,-1,-1
746,179,391.26,0.39,246.51,478.59,0.9070,-1,-1,-1
746,218,269.57,158.91,49.94,138.95,0.5443,-1,-1,-1
746,220,160.61,82.63,97.06,329.58,0.8748,-1,-1,-1
746,231,307.92,152.99,93.06,253.54,0.7881,-1,-1,-1
746,253,248.34,153.38,29.25,133.70,0.5160,-1,-1,-1
746,254,2.09,91.69,114.70,289.63,0.8703,-1,-1,-1
746,256,112.97,131.03,63.09,184.74,0.8579,-1,-1,-1
747,179,390.19,0.27,248.97,477.48,0.8959,-1,-1,-1
747,218,266.72,158.09,53.65,139.75,0.6908,-1,-1,-1
747,220,163.26,83.49,98.20,331.96,0.8696,-1,-1,-1
747,231,311.47,107.90,92.90,300.78,0.8522,-1,-1,-1
747,253,251.03,152.63,28.08,128.90,0.3076,-1,-1,-1
747,254,-0.93,84.97,111.64,301.19,0.8906,-1,-1,-1
747,256,112.36,126.84,63.70,191.62,0.8144,-1,-1,-1
748,179,390.99,0.33,248.71,476.76,0.9182,-1,-1,-1
748,218,270.72,160.51,52.24,140.35,0.6609,-1,-1,-1
748,220,164.33,88.47,102.34,335.07,0.8671,-1,-1,-1
748,231,315.51,107.68,90.16,301.23,0.8377,-1,-1,-1
748,253,251.19,152.94,32.95,107.05,0.4526,-1,-1,-1
748,254,-0.00,75.12,92.74,316.77,0.8873,-1,-1,-1
748,256,112.99,124.04,61.30,198.82,0.8248,-1,-1,-1
749,179,393.52,0.52,245.96,477.91,0.9216,-1,-1,-1
749,218,273.54,166.86,53.09,138.00,0.6496,-1,-1,-1
749,220,164.25,93.86,104.74,337.61,0.8558,-1,-1,-1
749,231,318.53,109.11,93.90,299.06,0.7946,-1,-1,-1
749,253,251.97,157.28,38.41,135.70,0.5089,-1,-1,-1
749,254,-0.54,64.48,84.01,331.63,0.8909,-1,-1,-1
749,256,108.06,121.09,65.66,209.17,0.8598,-1,-1,-1
750,179,405.18,0.76,234.50,476.99,0.9137,-1,-1,-1
750,218,281.63,164.55,53.40,139.14,0.7166,-1,-1,-1
750,220,170.73,92.43,104.11,328.30,0.8716,-1,-1,-1
750,231,325.84,105.83,88.73,287.84,0.8413,-1,-1,-1
750,253,257.59,153.25,39.58,139.54,0.6303,-1,-1,-1
750,254,0.46,47.64,77.53,368.47,0.8683,-1,-1,-1
750,256,106.54,113.79,67.50,216.49,0.8609,-1,-1,-1
751,179,414.46,1.00,225.15,478.81,0.9108,-1,-1,-1
751,218,290.48,160.02,50.60,133.55,0.7352,-1,-1,-1
751,220,179.49,88.19,84.52,324.26,0.8299,-1,-1,-1
751,231,334.97,97.79,87.08,290.57,0.8020,-1,-1,-1
751,253,263.28,146.75,42.59,143.30,0.7272,-1,-1,-1
751,254,0.12,34.16,71.31,368.54,0.7762,-1,-1,-1
751,256,101.59,105.89,81.15,222.28,0.8683,-1,-1,-1
752,179,418.41,0.86,221.12,477.46,0.9181,-1,-1,-1
752,218,295.72,160.18,52.35,127.03,0.6205,-1,-1,-1
752,220,185.27,85.38,100.53,305.05,0.8926,-1,-1,-1
752,231,336.54,100.59,90.54,295.22,0.8462,-1,-1,-1
752,253,269.99,146.75,41.09,134.24,0.6895,-1,-1,-1
752,254,-4.63,8.71,79.18,395.54,0.7358,-1,-1,-1
752,256,95.53,99.23,86.93,234.74,0.8731,-1,-1,-1
753,179,411.57,0.76,228.24,478.12,0.9175,-1,-1,-1
753,218,303.57,158.90,48.37,125.24,0.4401,-1,-1,-1
753,220,186.96,83.04,99.83,308.91,0.8963,-1,-1,-1
753,231,339.61,102.60,93.73,297.26,0.8252,-1,-1,-1
753,253,274.63,150.48,39.55,127.91,0.7604,-1,-1,-1
753,254,-8.79,49.58,80.94,343.99,0.4420,-1,-1,-1
753,256,91.03,94.43,90.78,246.91,0.8759,-1,-1,-1
754,179,411.99,1.31,227.65,478.48,0.9171,-1,-1,-1
754,218,319.80,159.56,39.83,108.08,0.4926,-1,-1,-1
754,220,195.19,84.01,98.76,314.41,0.8752,-1,-1,-1
754,231,345.63,106.18,93.59,300.00,0.7774,-1,-1,-1
754,253,283.14,149.56,39.63,136.83,0.7253,-1,-1,-1
754,256,76.48,90.07,104.51,266.46,0.8934,-1,-1,-1
755,179,427.58,1.94,211.83,477.54,0.9132,-1,-1,-1
755,218,326.85,161.17,34.83,106.60,0.4150,-1,-1,-1
755,220,202.27,86.10,92.72,313.64,0.8679,-1,-1,-1
755,231,347.63,103.33,93.10,297.96,0.8358,-1,-1,-1
755,253,285.30,152.27,40.51,132.07,0.7345,-1,-1,-1
755,256,71.44,84.59,107.77,273.52,0.9012,-1,-1,-1
755,258,0.90,149.75,37.06,125.36,0.4063,-1,-1,-1
755,259,32.34,166.71,38.18,88.78,0.5872,-1,-1,-1
756,179,465.03,1.87,174.54,477.73,0.9045,-1,-1,-1
756,218,329.79,162.15,37.26,110.64,0.3901,-1,-1,-1
756,220,211.32,89.61,89.30,316.80,0.8664,-1,-1,-1
756,231,348.09,98.92,97.20,306.14,0.7098,-1,-1,-1
756,253,292.44,151.64,35.42,133.07,0.7329,-1,-1,-1
756,256,67.01,78.87,109.90,296.12,0.9019,-1,-1,-1
756,258,2.77,155.06,28.55,124.24,0.7076,-1,-1,-1
756,259,40.55,171.04,31.62,86.90,0.5813,-1,-1,-1
757,179,487.73,0.95,152.03,477.17,0.8989,-1,-1,-1
757,218,329.41,159.03,38.36,112.78,0.3951,-1,-1,-1
757,220,206.58,90.23,99.46,313.57,0.8621,-1,-1,-1
757,231,351.84,95.08,94.10,301.31,0.8006,-1,-1,-1
757,253,296.55,148.78,36.45,130.93,0.7433,-1,-1,-1
757,256,57.85,65.84,112.42,313.92,0.8917,-1,-1,-1
757,258,2.55,154.44,21.88,123.58,0.6024,-1,-1,-1
757,259,41.17,167.82,32.66,90.80,0.3224,-1,-1,-1
758,218,321.91,158.26,46.92,113.68,0.3658,-1,-1,-1
758,220,216.96,86.02,89.56,316.05,0.8682,-1,-1,-1
758,231,348.90,92.82,97.44,297.49,0.7838,-1,-1,-1
758,253,299.75,146.11,31.20,130.03,0.5499,-1,-1,-1
758,256,45.71,50.60,115.26,333.21,0.8994,-1,-1,-1
758,258,0.25,157.09,16.44,96.33,0.3190,-1,-1,-1
759,179,479.44,6.13,160.42,474.74,0.4441,-1,-1,-1
759,220,203.39,87.69,105.40,301.00,0.8737,-1,-1,-1
759,231,351.15,95.49,96.46,298.10,0.7821,-1,-1,-1
759,253,302.71,149.85,33.83,133.18,0.5959,-1,-1,-1
759,256,21.12,39.89,132.20,352.27,0.9099,-1,-1,-1
759,261,190.50,162.45,33.09,116.77,0.4168,-1,-1,-1
760,179,493.95,4.21,144.89,475.77,0.5794,-1,-1,-1
760,220,199.38,82.85,110.42,299.85,0.8690,-1,-1,-1
760,231,348.69,91.86,99.74,304.20,0.8158,-1,-1,-1
760,253,304.50,145.38,32.25,131.84,0.5631,-1,-1,-1
760,256,0.58,25.08,138.66,371.67,0.9174,-1,-1,-1
760,261,181.63,162.04,44.58,120.22,0.5228,-1,-1,-1
761,179,505.20,1.45,134.51,477.39,0.8354,-1,-1,-1
761,220,205.89,81.85,107.95,302.16,0.8703,-1,-1,-1
761,231,350.77,95.87,98.18,306.60,0.8524,-1,-1,-1
761,251,106.13,177.30,22.01,71.52,0.4487,-1,-1,-1
761,253,308.29,153.21,32.47,123.66,0.5039,-1,-1,-1
761,256,-0.16,9.06,117.46,391.92,0.9313,-1,-1,-1
761,261,180.34,160.25,39.57,121.85,0.5939,-1,-1,-1
761,262,129.67,179.79,25.48,68.47,0.6504,-1,-1,-1
762,179,492.30,0.96,147.42,478.83,0.8897,-1,-1,-1
762,220,180.84,79.41,135.87,306.59,0.8691,-1,-1,-1
762,231,354.21,94.34,95.15,307.94,0.8558,-1,-1,-1
762,251,108.08,175.62,19.77,72.87,0.4110,-1,-1,-1
762,253,310.54,146.74,27.07,125.17,0.6122,-1,-1,-1
762,256,-0.30,0.33,103.05,403.24,0.9146,-1,-1,-1
762,261,176.51,155.18,39.50,121.62,0.6106,-1,-1,-1
762,262,128.80,175.79,25.99,69.66,0.6015,-1,-1,-1
763,179,463.79,0.93,176.04,478.39,0.8765,-1,-1,-1
763,220,189.48,75.80,126.71,308.29,0.8898,-1,-1,-1
763,231,354.38,84.74,94.36,304.51,0.8544,-1,-1,-1
763,253,308.02,136.15,30.06,120.71,0.5859,-1,-1,-1
763,256,-0.47,24.14,83.10,379.99,0.8859,-1,-1,-1
763,259,52.56,150.34,34.52,94.79,0.5828,-1,-1,-1
763,261,167.81,143.22,37.19,125.86,0.6874,-1,-1,-1
763,262,124.92,166.32,25.19,71.90,0.6716,-1,-1,-1
763,263,81.08,161.22,40.76,83.15,0.7081,-1,-1,-1
764,179,457.05,2.74,182.86,451.65,0.7886,-1,-1,-1
764,220,207.94,82.80,110.95,309.06,0.8786,-1,-1,-1
764,231,358.69,90.18,90.67,296.64,0.8284,-1,-1,-1
764,253,308.97,139.97,32.42,121.77,0.6087,-1,-1,-1
764,254,-4.46,24.64,64.97,391.49,0.7996,-1,-1,-1
764,259,52.95,157.79,41.46,92.92,0.4994,-1,-1,-1
764,261,161.77,149.02,39.38,124.59,0.7259,-1,-1,-1
764,262,124.53,170.47,25.17,71.49,0.6331,-1,-1,-1
764,263,84.23,163.51,38.49,86.56,0.6896,-1,-1,-1
765,179,458.62,1.03,181.00,478.13,0.8615,-1,-1,-1
765,220,217.22,87.29,105.30,303.83,0.8756,-1,-1,-1
765,231,360.60,92.61,94.68,292.91,0.8494,-1,-1,-1
765,253,310.38,145.29,34.75,119.90,0.6781,-1,-1,-1
765,259,60.55,161.13,40.84,96.23,0.6541,-1,-1,-1
765,261,147.29,155.37,50.48,125.04,0.7889,-1,-1,-1
765,262,125.59,175.68,23.79,72.89,0.6326,-1,-1,-1
765,263,93.67,168.79,30.85,85.96,0.6548,-1,-1,-1
765,264,199.26,155.38,31.77,115.68,0.6049,-1,-1,-1
766,179,457.29,1.27,182.44,478.76,0.8783,-1,-1,-1
766,220,224.38,86.34,96.81,304.27,0.8896,-1,-1,-1
766,231,360.39,92.37,93.74,292.85,0.7667,-1,-1,-1
766,253,310.17,147.84,30.16,120.75,0.6250,-1,-1,-1
766,259,62.06,164.53,39.05,94.56,0.6269,-1,-1,-1
766,261,139.98,154.90,54.27,127.38,0.8332,-1,-1,-1
766,262,122.90,175.12,23.64,74.10,0.6204,-1,-1,-1
766,263,94.96,167.01,28.79,89.58,0.6904,-1,-1,-1
766,264,198.27,156.13,34.04,119.42,0.6893,-1,-1,-1
767,179,457.72,1.35,181.89,477.96,0.9012,-1,-1,-1
767,220,228.24,80.26,89.41,290.94,0.8882,-1,-1,-1
767,231,354.79,91.26,97.57,297.80,0.7947,-1,-1,-1
767,253,310.40,147.11,33.49,119.77,0.4051,-1,-1,-1
767,259,58.14,160.42,35.58,96.66,0.6080,-1,-1,-1
767,261,127.71,154.34,58.47,126.39,0.8247,-1,-1,-1
767,263,92.03,164.57,26.22,90.57,0.4921,-1,-1,-1
767,264,188.16,151.34,41.22,125.25,0.8008,-1,-1,-1
768,179,457.43,1.50,182.20,478.72,0.8852,-1,-1,-1
768,220,226.13,81.86,89.91,290.28,0.8781,-1,-1,-1
768,231,351.59,94.45,97.88,303.58,0.7888,-1,-1,-1
768,259,52.30,161.68,35.91,98.47,0.6307,-1,-1,-1
768,261,120.79,157.68,57.44,125.90,0.8010,-1,-1,-1
768,263,90.25,165.62,34.47,92.40,0.4598,-1,-1,-1
768,264,184.96,155.11,41.95,126.73,0.8358,-1,-1,-1
769,179,463.52,2.19,176.06,478.05,0.8710,-1,-1,-1
769,220,226.48,83.61,88.66,295.33,0.8834,-1,-1,-1
769,231,351.84,98.09,94.54,304.89,0.7860,-1,-1,-1
769,259,54.54,161.14,31.08,100.13,0.6628,-1,-1,-1
769,261,116.84,155.04,45.67,129.62,0.7340,-1,-1,-1
769,263,88.41,166.88,30.36,92.59,0.4931,-1,-1,-1
769,264,183.09,154.84,44.96,130.20,0.8512,-1,-1,-1
770,179,477.08,0.90,162.44,478.28,0.8333,-1,-1,-1
770,220,225.62,84.43,92.61,297.76,0.8878,-1,-1,-1
770,231,350.55,94.28,95.84,305.65,0.7879,-1,-1,-1
770,259,53.63,160.62,35.51,100.71,0.6279,-1,-1,-1
770,261,111.88,153.08,41.72,129.53,0.5496,-1,-1,-1
770,263,88.33,164.74,25.85,93.72,0.4094,-1,-1,-1
770,264,179.96,152.79,47.14,132.63,0.8407,-1,-1,-1
771,179,503.33,0.84,136.11,473.69,0.8517,-1,-1,-1
771,220,220.86,89.60,93.00,300.75,0.8731,-1,-1,-1
771,231,347.74,93.34,89.74,301.96,0.8292,-1,-1,-1
771,259,48.38,159.69,36.60,103.21,0.6870,-1,-1,-1
771,261,101.33,152.55,37.47,133.29,0.5531,-1,-1,-1
771,263,80.85,161.86,32.13,97.76,0.4978,-1,-1,-1
771,264,167.53,149.61,50.99,139.90,0.8298,-1,-1,-1
772,179,494.37,-0.33,145.58,475.09,0.8111,-1,-1,-1
772,220,211.33,89.66,100.42,297.47,0.8952,-1,-1,-1
772,231,343.87,92.58,90.00,293.93,0.8170,-1,-1,-1
772,259,46.08,156.14,37.79,104.27,0.6339,-1,-1,-1
772,261,83.30,151.54,49.57,133.22,0.7167,-1,-1,-1
772,264,163.30,144.70,52.08,141.35,0.8314,-1,-1,-1
773,179,493.39,-0.23,146.49,474.78,0.7821,-1,-1,-1
773,220,212.76,89.38,97.96,293.80,0.8925,-1,-1,-1
773,231,338.11,87.51,96.44,291.27,0.8604,-1,-1,-1
773,259,43.21,155.43,38.48,103.24,0.6625,-1,-1,-1
773,261,73.00,151.43,47.39,132.62,0.7891,-1,-1,-1
773,264,148.76,140.08,61.73,147.13,0.8454,-1,-1,-1
774,179,494.55,4.45,145.50,472.42,0.8449,-1,-1,-1
774,220,219.20,87.45,93.92,287.12,0.8910,-1,-1,-1
774,231,335.48,87.78,97.22,294.88,0.8504,-1,-1,-1
774,259,44.31,157.50,39.33,95.64,0.4213,-1,-1,-1
774,261,65.99,150.38,49.40,134.39,0.6664,-1,-1,-1
774,264,153.99,136.62,51.64,154.38,0.8335,-1,-1,-1
775,179,533.43,6.14,103.92,458.08,0.3753,-1,-1,-1
775,220,215.27,87.10,99.50,277.82,0.8734,-1,-1,-1
775,231,337.53,88.44,94.49,300.18,0.7954,-1,-1,-1
775,259,44.39,156.09,38.66,107.63,0.4448,-1,-1,-1
775,261,64.99,153.56,42.39,133.25,0.4787,-1,-1,-1
775,263,88.20,156.77,37.69,103.99,0.4667,-1,-1,-1
775,264,152.10,138.31,52.06,159.24,0.8536,-1,-1,-1
776,179,497.30,0.15,142.67,479.20,0.8019,-1,-1,-1
776,220,212.18,87.97,103.83,280.39,0.8759,-1,-1,-1
776,231,338.72,94.21,92.62,302.63,0.8507,-1,-1,-1
776,261,45.19,152.22,51.95,135.59,0.6142,-1,-1,-1
776,263,89.52,172.23,35.18,92.57,0.6756,-1,-1,-1
776,264,144.98,139.48,54.49,161.63,0.8229,-1,-1,-1
776,266,412.96,22.71,166.15,419.20,0.7639,-1,-1,-1
777,179,495.32,0.26,144.58,479.96,0.7786,-1,-1,-1
777,220,208.70,91.33,107.97,280.90,0.8753,-1,-1,-1
777,231,337.32,95.68,91.45,302.24,0.8432,-1,-1,-1
777,261,37.64,150.97,52.10,138.63,0.5968,-1,-1,-1
777,263,93.41,170.55,31.25,94.02,0.6622,-1,-1,-1
777,264,142.12,138.29,54.35,167.05,0.8225,-1,-1,-1
777,266,400.23,32.01,170.33,407.33,0.7583,-1,-1,-1
778,179,515.39,1.02,124.19,476.51,0.7295,-1,-1,-1
778,220,208.14,97.47,114.19,282.98,0.8374,-1,-1,-1
778,231,342.21,96.23,88.10,300.92,0.8533,-1,-1,-1
778,261,26.27,153.02,61.36,139.62,0.7982,-1,-1,-1
778,263,92.52,165.31,39.55,101.32,0.6738,-1,-1,-1
778,264,132.52,134.81,63.26,175.71,0.8302,-1,-1,-1
778,266,407.46,26.69,155.86,423.45,0.8357,-1,-1,-1
779,179,508.45,5.02,131.05,474.78,0.7734,-1,-1,-1
779,220,233.76,106.54,93.96,279.00,0.8142,-1,-1,-1
779,231,348.85,98.90,89.03,271.60,0.6219,-1,-1,-1
779,259,71.91,162.34,28.48,108.63,0.6230,-1,-1,-1
779,261,23.38,157.79,58.96,138.34,0.8343,-1,-1,-1
779,263,106.14,168.45,29.73,102.17,0.7603,-1,-1,-1
779,264,137.87,133.61,59.13,182.27,0.8355,-1,-1,-1
779,266,416.00,25.98,145.65,451.34,0.8538,-1,-1,-1
779,268,209.75,137.15,47.10,183.68,0.7214,-1,-1,-1
780,179,494.19,1.31,145.53,478.79,0.8529,-1,-1,-1
780,220,236.36,107.25,93.25,273.65,0.8387,-1,-1,-1
780,231,351.68,95.78,85.55,284.09,0.5686,-1,-1,-1
780,259,73.22,160.58,29.47,111.73,0.6270,-1,-1,-1
780,261,18.65,156.62,62.25,139.55,0.7970,-1,-1,-1
780,263,108.36,166.64,31.35,105.14,0.7848,-1,-1,-1
780,264,131.54,130.11,67.41,185.80,0.8557,-1,-1,-1
780,266,419.66,21.64,119.95,452.01,0.7413,-1,-1,-1
780,268,212.14,135.65,47.16,188.90,0.7477,-1,-1,-1
781,179,466.35,1.59,173.35,476.62,0.8815,-1,-1,-1
781,220,238.67,102.88,93.62,268.09,0.8507,-1,-1,-1
781,231,350.81,97.66,85.45,212.89,0.4016,-1,-1,-1
781,259,69.17,159.90,42.65,113.30,0.6692,-1,-1,-1
781,261,16.76,153.63,60.00,141.98,0.7574,-1,-1,-1
781,263,110.58,165.02,24.88,104.11,0.6567,-1,-1,-1
781,264,126.63,125.68,69.95,197.99,0.8482,-1,-1,-1
781,266,389.42,17.03,135.83,454.59,0.7430,-1,-1,-1
781,268,210.53,129.67,48.24,200.34,0.7600,-1,-1,-1
782,179,450.43,1.87,189.21,478.05,0.8590,-1,-1,-1
782,220,244.45,102.89,88.24,264.16,0.8661,-1,-1,-1
782,259,71.34,160.07,46.18,114.00,0.7201,-1,-1,-1
782,261,12.85,152.05,57.45,144.67,0.8252,-1,-1,-1
782,263,111.06,167.83,23.48,102.28,0.3541,-1,-1,-1
782,264,114.33,125.78,80.77,201.25,0.8544,-1,-1,-1
782,266,391.98,25.72,110.31,437.82,0.6726,-1,-1,-1
782,268,200.86,125.63,59.21,207.06,0.8035,-1,-1,-1
783,179,452.37,1.10,187.16,478.08,0.7669,-1,-1,-1
783,220,252.39,103.59,79.84,257.23,0.8780,-1,-1,-1
783,259,75.17,161.31,45.34,114.08,0.7133,-1,-1,-1
783,261,10.00,150.91,51.31,146.01,0.7799,-1,-1,-1
783,264,110.14,125.23,82.58,210.46,0.8765,-1,-1,-1
783,266,390.33,27.75,111.79,442.74,0.6800,-1,-1,-1
783,268,199.88,121.89,59.69,212.51,0.8242,-1,-1,-1
784,179,456.95,1.18,182.32,477.83,0.8209,-1,-1,-1
784,220,257.72,107.50,76.81,256.51,0.8733,-1,-1,-1
784,259,78.16,158.69,38.65,119.50,0.6718,-1,-1,-1
784,261,7.07,153.00,48.65,148.44,0.7224,-1,-1,-1
784,264,107.53,123.18,77.91,219.92,0.8513,-1,-1,-1
784,266,355.68,33.88,132.19,417.44,0.7993,-1,-1,-1
784,268,194.60,120.61,67.15,219.52,0.8474,-1,-1,-1
785,179,463.96,4.88,175.48,444.45,0.6820,-1,-1,-1
785,220,256.45,109.65,71.66,257.88,0.8594,-1,-1,-1
785,251,27.69,166.53,26.66,104.35,0.3084,-1,-1,-1
785,261,1.23,156.39,39.34,145.96,0.6698,-1,-1,-1
785,262,60.39,170.91,24.26,99.11,0.3099,-1,-1,-1
785,264,90.81,116.05,86.21,232.05,0.8835,-1,-1,-1
785,266,353.08,32.47,135.39,443.91,0.8155,-1,-1,-1
785,268,180.87,115.45,78.45,230.84,0.8657,-1,-1,-1
786,179,480.16,2.13,158.77,445.54,0.6971,-1,-1,-1
786,220,252.17,117.72,73.94,249.84,0.8585,-1,-1,-1
786,251,13.55,169.04,34.02,103.49,0.4378,-1,-1,-1
786,261,-2.02,157.55,24.80,145.49,0.5806,-1,-1,-1
786,262,50.73,172.20,26.67,101.01,0.3672,-1,-1,-1
786,264,66.04,109.06,99.41,240.26,0.8668,-1,-1,-1
786,266,345.49,37.12,135.49,423.31,0.5779,-1,-1,-1
786,268,162.63,113.76,84.99,242.17,0.8595,-1,-1,-1
787,179,494.75,-0.79,144.16,474.44,0.6921,-1,-1,-1
787,220,254.23,120.34,70.47,247.64,0.8669,-1,-1,-1
787,251,9.86,169.89,30.61,104.54,0.3970,-1,-1,-1
787,261,-5.43,159.68,19.36,143.70,0.4148,-1,-1,-1
787,264,54.19,105.41,102.15,247.74,0.8492,-1,-1,-1
787,266,340.22,34.26,162.73,421.62,0.7764,-1,-1,-1
787,268,152.25,112.48,92.10,249.13,0.8750,-1,-1,-1
788,179,502.14,0.17,137.19,476.81,0.7232,-1,-1,-1
788,220,252.70,119.22,72.60,249.85,0.8296,-1,-1,-1
788,251,-0.47,169.12,37.50,108.17,0.4610,-1,-1,-1
788,264,38.07,100.00,108.86,267.23,0.8611,-1,-1,-1
788,266,333.09,33.88,191.46,432.85,0.8444,-1,-1,-1
788,268,138.65,106.17,97.66,272.43,0.8487,-1,-1,-1
788,271,455.21,26.93,78.67,421.96,0.5081,-1,-1,-1
789,179,500.89,1.32,138.67,476.01,0.8184,-1,-1,-1
789,220,249.63,117.52,72.14,239.79,0.8372,-1,-1,-1
789,264,15.92,97.87,117.58,278.74,0.8860,-1,-1,-1
789,266,326.80,43.95,116.29,431.12,0.6922,-1,-1,-1
789,268,128.71,100.61,90.75,288.61,0.8426,-1,-1,-1
789,271,433.74,27.78,105.55,429.65,0.7558,-1,-1,-1
790,179,496.91,5.26,142.76,438.78,0.7149,-1,-1,-1
790,220,241.14,121.56,79.13,233.30,0.8172,-1,-1,-1
790,264,2.65,97.17,112.18,299.80,0.8843,-1,-1,-1
790,266,316.06,48.86,170.79,431.20,0.8287,-1,-1,-1
790,268,119.94,94.32,84.76,306.26,0.8756,-1,-1,-1
790,271,434.24,37.13,102.97,426.75,0.7759,-1,-1,-1
791,179,490.36,0.15,149.12,477.63,0.8342,-1,-1,-1
791,220,232.55,123.76,83.55,228.61,0.8097,-1,-1,-1
791,264,-1.85,90.34,111.93,324.88,0.8880,-1,-1,-1
791,266,310.94,56.69,146.52,421.74,0.8427,-1,-1,-1
791,268,104.38,85.82,91.18,318.53,0.8661,-1,-1,-1
791,271,430.93,43.13,104.23,427.99,0.7953,-1,-1,-1
792,179,492.77,4.34,146.89,473.32,0.7421,-1,-1,-1
792,220,227.26,129.95,84.08,239.99,0.7870,-1,-1,-1
792,264,-0.04,81.78,89.39,340.98,0.8757,-1,-1,-1
792,266,307.45,62.71,151.97,415.23,0.7613,-1,-1,-1
792,268,78.30,80.29,106.39,338.83,0.8885,-1,-1,-1
792,271,418.82,49.79,115.28,423.36,0.8232,-1,-1,-1
792,273,193.54,194.11,29.80,89.23,0.6556,-1,-1,-1
793,179,505.90,1.83,133.70,477.08,0.8545,-1,-1,-1
793,220,218.44,129.36,90.32,242.69,0.7210,-1,-1,-1
793,264,-1.01,63.16,74.42,359.33,0.8354,-1,-1,-1
793,266,299.57,60.89,186.51,393.83,0.6963,-1,-1,-1
793,268,18.32,67.32,152.34,374.28,0.8860,-1,-1,-1
793,271,415.74,43.72,120.13,397.40,0.8426,-1,-1,-1
793,273,186.27,192.54,29.43,87.53,0.4402,-1,-1,-1
794,179,518.43,1.39,121.15,476.89,0.8623,-1,-1,-1
794,220,219.38,123.65,83.32,235.29,0.7993,-1,-1,-1
794,264,-1.48,70.88,57.43,350.46,0.7250,-1,-1,-1
794,266,298.52,51.96,128.94,384.55,0.6650,-1,-1,-1
794,268,0.50,48.27,152.99,395.19,0.8852,-1,-1,-1
794,271,405.54,30.08,133.57,411.10,0.8678,-1,-1,-1
794,273,180.75,179.70,31.56,91.62,0.5684,-1,-1,-1
794,274,144.97,170.01,30.69,96.28,0.4551,-1,-1,-1
795,179,517.20,1.71,122.63,476.49,0.7901,-1,-1,-1
795,220,219.21,126.15,77.74,212.09,0.7972,-1,-1,-1
795,266,293.92,59.97,132.57,388.76,0.8349,-1,-1,-1
795,268,-0.70,32.18,125.01,442.45,0.8587,-1,-1,-1
795,271,401.96,32.65,131.23,405.07,0.8396,-1,-1,-1
795,273,171.86,180.94,45.13,94.87,0.6759,-1,-1,-1
795,274,128.11,171.72,33.45,99.31,0.7750,-1,-1,-1
796,179,525.54,2.56,114.28,476.21,0.7075,-1,-1,-1
796,220,218.69,128.97,79.07,219.80,0.8279,-1,-1,-1
796,266,290.44,67.36,171.78,390.32,0.6594,-1,-1,-1
796,268,-5.34,23.36,111.48,442.62,0.6840,-1,-1,-1
796,271,409.23,40.40,123.50,406.16,0.8704,-1,-1,-1
796,273,173.28,184.72,41.34,95.71,0.3718,-1,-1,-1
796,274,122.91,176.42,39.03,99.74,0.7287,-1,-1,-1
797,179,541.52,1.69,98.08,474.30,0.7926,-1,-1,-1
797,220,227.37,120.73,67.52,223.58,0.8222,-1,-1,-1
797,263,74.54,162.08,27.14,118.67,0.5690,-1,-1,-1
797,266,287.61,63.83,127.18,395.19,0.6527,-1,-1,-1
797,268,-6.45,7.56,85.65,442.00,0.4561,-1,-1,-1
797,271,403.06,36.19,126.00,410.76,0.8409,-1,-1,-1
797,273,170.11,181.37,25.52,96.04,0.6546,-1,-1,-1
797,274,111.54,170.61,46.16,101.30,0.7062,-1,-1,-1
798,179,512.44,0.48,127.40,477.27,0.8715,-1,-1,-1
798,220,229.07,120.57,64.86,227.29,0.8257,-1,-1,-1
798,263,69.73,160.19,34.23,121.64,0.7029,-1,-1,-1
798,266,281.24,65.42,135.11,398.26,0.5835,-1,-1,-1
798,268,-2.60,19.13,61.58,320.95,0.5531,-1,-1,-1
798,271,406.16,37.89,121.21,415.64,0.8135,-1,-1,-1
798,273,165.63,181.08,30.74,97.83,0.5260,-1,-1,-1
798,274,110.11,171.69,45.39,103.41,0.7268,-1,-1,-1
799,179,477.64,1.32,162.13,474.40,0.8824,-1,-1,-1
799,220,229.97,122.32,62.25,226.16,0.7989,-1,-1,-1
799,259,30.31,152.53,41.07,111.02,0.4347,-1,-1,-1
799,263,67.71,159.47,35.17,123.77,0.7398,-1,-1,-1
799,266,282.36,64.57,134.80,399.24,0.5658,-1,-1,-1
799,271,382.89,40.78,141.48,374.87,0.7046,-1,-1,-1
799,273,163.99,179.56,36.40,100.59,0.5626,-1,-1,-1
799,274,107.31,169.51,46.92,106.80,0.7090,-1,-1,-1
799,276,211.69,187.66,25.00,79.00,0.4529,-1,-1,-1
800,179,455.00,0.90,184.83,474.55,0.8550,-1,-1,-1
800,220,227.37,123.27,59.75,221.18,0.8195,-1,-1,-1
800,259,24.78,146.46,43.41,93.07,0.4869,-1,-1,-1
800,263,62.16,155.37,35.96,124.19,0.7690,-1,-1,-1
800,266,274.60,56.40,181.72,364.36,0.8001,-1,-1,-1
800,271,406.55,31.12,106.70,386.79,0.8385,-1,-1,-1
800,273,157.27,173.88,43.49,103.63,0.7339,-1,-1,-1
800,274,98.30,163.08,47.75,109.76,0.7176,-1,-1,-1
800,276,207.94,181.81,25.40,80.83,0.6078,-1,-1,-1
801,179,447.71,1.52,192.41,476.86,0.5275,-1,-1,-1
801,220,228.17,129.60,56.07,225.16,0.8157,-1,-1,-1
801,259,24.98,150.11,34.54,94.49,0.4128,-1,-1,-1
801,263,59.33,159.13,34.56,125.05,0.7563,-1,-1,-1
801,266,276.25,56.45,188.48,384.07,0.7664,-1,-1,-1
801,271,403.01,32.47,104.81,408.63,0.7889,-1,-1,-1
801,273,156.14,177.71,37.78,103.71,0.6913,-1,-1,-1
801,274,96.31,165.91,29.02,111.59,0.6882,-1,-1,-1
801,276,201.88,187.71,31.27,79.92,0.3900,-1,-1,-1
802,179,455.39,1.61,184.43,474.49,0.6793,-1,-1,-1
802,220,229.89,131.71,56.19,215.22,0.7733,-1,-1,-1
802,259,24.06,154.77,30.43,91.83,0.5381,-1,-1,-1
802,263,58.42,159.24,35.25,125.67,0.7425,-1,-1,-1
802,266,278.76,57.19,125.96,380.20,0.6428,-1,-1,-1
802,271,401.73,32.03,105.04,404.60,0.7721,-1,-1,-1
802,273,156.02,176.47,45.31,107.76,0.6895,-1,-1,-1
802,274,90.07,163.69,30.12,116.30,0.6546,-1,-1,-1
802,276,201.16,187.39,31.00,83.29,0.6411,-1,-1,-1
803,179,461.32,1.83,178.43,478.18,0.6627,-1,-1,-1
803,220,232.54,131.36,51.43,191.58,0.8263,-1,-1,-1
803,263,57.94,159.76,38.35,128.05,0.7008,-1,-1,-1
803,266,277.05,58.78,121.90,383.74,0.5341,-1,-1,-1
803,271,399.85,34.05,107.23,402.51,0.7498,-1,-1,-1
803,273,157.13,178.76,38.47,108.85,0.6214,-1,-1,-1
803,274,89.16,165.40,28.63,112.08,0.5835,-1,-1,-1
803,276,200.60,189.09,31.42,83.25,0.7221,-1,-1,-1
804,179,478.24,1.82,161.56,478.69,0.7690,-1,-1,-1
804,220,234.63,133.06,58.58,202.53,0.7565,-1,-1,-1
804,259,25.46,150.05,41.48,119.18,0.4977,-1,-1,-1
804,263,62.16,162.25,38.50,128.84,0.7041,-1,-1,-1
804,266,281.83,62.96,194.28,390.06,0.8300,-1,-1,-1
804,271,411.19,33.40,128.50,411.98,0.7164,-1,-1,-1
804,273,161.46,181.84,34.76,109.84,0.5426,-1,-1,-1
804,274,91.72,167.46,28.22,116.04,0.4929,-1,-1,-1
804,276,205.45,189.93,28.54,84.96,0.5804,-1,-1,-1
805,179,493.46,3.72,147.15,440.02,0.6382,-1,-1,-1
805,220,238.34,129.27,63.22,205.84,0.7943,-1,-1,-1
805,259,30.86,145.38,39.38,131.58,0.4516,-1,-1,-1
805,263,65.55,158.30,54.08,130.14,0.5003,-1,-1,-1
805,266,290.52,59.11,203.06,403.78,0.7454,-1,-1,-1
805,271,420.72,32.49,114.33,423.60,0.8363,-1,-1,-1
805,273,163.38,177.52,33.91,112.27,0.5991,-1,-1,-1
805,276,208.26,185.53,31.21,87.10,0.7205,-1,-1,-1
806,179,511.99,17.07,132.08,294.06,0.5470,-1,-1,-1
806,220,240.88,129.89,72.10,206.97,0.8300,-1,-1,-1
806,259,28.39,146.21,50.74,151.05,0.6767,-1,-1,-1
806,263,70.82,159.21,54.57,130.54,0.7620,-1,-1,-1
806,266,298.47,62.33,214.82,409.43,0.7824,-1,-1,-1
806,271,429.05,35.94,124.45,429.53,0.8649,-1,-1,-1
806,273,167.90,176.24,37.54,114.93,0.4663,-1,-1,-1
806,276,214.78,185.78,29.12,88.93,0.7033,-1,-1,-1
807,179,540.27,28.66,99.68,267.36,0.5787,-1,-1,-1
807,220,244.16,131.54,78.00,200.26,0.8393,-1,-1,-1
807,259,33.54,144.04,49.23,151.54,0.6954,-1,-1,-1
807,263,76.06,157.01,52.27,131.68,0.7754,-1,-1,-1
807,266,309.44,59.65,216.41,409.92,0.6323,-1,-1,-1
807,271,440.36,39.27,127.32,424.76,0.7897,-1,-1,-1
807,273,172.69,174.74,44.12,118.32,0.7467,-1,-1,-1
807,276,218.23,186.96,29.25,88.74,0.6867,-1,-1,-1
808,179,567.17,86.57,72.85,198.14,0.8134,-1,-1,-1
808,220,253.59,131.25,75.04,193.04,0.8165,-1,-1,-1
808,259,42.88,140.45,41.33,154.50,0.6289,-1,-1,-1
808,263,79.70,154.23,48.86,131.93,0.7696,-1,-1,-1
808,266,322.97,53.21,212.09,408.69,0.8347,-1,-1,-1
808,271,450.54,35.27,130.53,422.33,0.8553,-1,-1,-1
808,273,177.37,170.78,48.01,120.03,0.7063,-1,-1,-1
808,276,222.37,183.81,27.61,90.94,0.7184,-1,-1,-1
809,220,264.25,136.41,75.83,198.25,0.8219,-1,-1,-1
809,259,57.00,143.48,37.21,150.82,0.6200,-1,-1,-1
809,263,92.01,157.41,37.72,131.30,0.7442,-1,-1,-1
809,266,335.82,52.15,221.89,395.96,0.5778,-1,-1,-1
809,271,468.46,32.08,142.63,419.89,0.8561,-1,-1,-1
809,273,185.81,172.37,49.85,124.04,0.8302,-1,-1,-1
809,276,233.36,186.18,28.93,91.31,0.7443,-1,-1,-1
810,220,277.33,138.38,70.19,202.68,0.8346,-1,-1,-1
810,259,64.24,145.83,38.95,156.28,0.7108,-1,-1,-1
810,263,97.86,158.13,36.46,136.13,0.7166,-1,-1,-1
810,266,345.14,50.26,158.55,395.92,0.6032,-1,-1,-1
810,271,471.74,30.89,151.08,413.17,0.8276,-1,-1,-1
810,273,190.53,174.44,51.61,126.63,0.7031,-1,-1,-1
810,276,238.66,188.44,28.84,91.89,0.7074,-1,-1,-1
811,220,286.43,132.72,66.30,214.67,0.8328,-1,-1,-1
811,259,66.88,146.71,42.62,152.09,0.4992,-1,-1,-1
811,263,100.50,152.98,38.12,139.03,0.5748,-1,-1,-1
811,266,359.40,44.01,116.70,405.69,0.6247,-1,-1,-1
811,271,487.40,23.51,144.89,427.12,0.8636,-1,-1,-1
811,273,189.45,171.43,52.91,129.45,0.7866,-1,-1,-1
811,276,242.05,184.11,30.21,93.44,0.7311,-1,-1,-1
811,277,268.82,191.83,21.24,85.18,0.7302,-1,-1,-1
812,220,293.33,129.89,64.67,209.54,0.8549,-1,-1,-1
812,259,68.19,145.94,40.81,157.01,0.6793,-1,-1,-1
812,263,101.41,150.44,39.55,143.41,0.7203,-1,-1,-1
812,266,369.15,42.24,137.23,418.13,0.5675,-1,-1,-1
812,271,491.07,24.64,147.91,434.88,0.8062,-1,-1,-1
812,273,190.35,171.39,54.75,133.13,0.8084,-1,-1,-1
812,276,242.65,181.14,32.80,97.83,0.6974,-1,-1,-1
812,277,270.22,191.98,24.31,86.90,0.6402,-1,-1,-1
813,220,298.24,130.65,60.78,210.63,0.8460,-1,-1,-1
813,259,54.09,145.23,54.13,154.62,0.6671,-1,-1,-1
813,263,101.37,152.62,42.07,143.28,0.6555,-1,-1,-1
813,266,376.07,40.40,138.23,430.95,0.8388,-1,-1,-1
813,271,505.08,29.78,134.42,441.13,0.8341,-1,-1,-1
813,273,187.14,168.71,57.94,136.88,0.8112,-1,-1,-1
813,276,240.77,180.10,35.76,101.65,0.6363,-1,-1,-1
813,277,264.52,195.41,30.21,86.26,0.6112,-1,-1,-1
814,220,302.06,129.95,63.06,210.63,0.8486,-1,-1,-1
814,259,49.25,139.07,58.26,160.48,0.7065,-1,-1,-1
814,263,103.52,149.07,38.25,145.40,0.7004,-1,-1,-1
814,266,366.39,34.45,156.72,443.77,0.5979,-1,-1,-1
814,271,510.74,30.51,129.30,442.60,0.8389,-1,-1,-1
814,273,186.14,162.44,59.62,142.58,0.8208,-1,-1,-1
814,276,237.78,177.05,39.48,104.47,0.7302,-1,-1,-1
814,277,269.38,194.82,26.85,85.83,0.6239,-1,-1,-1
815,220,305.96,134.11,62.62,211.61,0.8164,-1,-1,-1
815,259,49.40,142.29,55.94,161.54,0.6797,-1,-1,-1
815,263,101.04,148.41,41.62,149.57,0.6531,-1,-1,-1
815,266,373.48,27.16,219.85,454.10,0.6125,-1,-1,-1
815,271,516.53,30.86,123.48,442.70,0.8574,-1,-1,-1
815,273,183.40,161.86,61.70,146.20,0.7416,-1,-1,-1
815,276,240.25,179.02,35.77,105.54,0.6982,-1,-1,-1
815,277,270.32,194.33,26.43,88.89,0.6747,-1,-1,-1
816,220,311.32,135.92,56.97,210.52,0.7724,-1,-1,-1
816,259,56.99,138.76,46.19,160.87,0.5151,-1,-1,-1
816,263,99.74,148.98,41.58,147.55,0.6950,-1,-1,-1
816,266,386.74,25.04,131.37,454.63,0.6092,-1,-1,-1
816,271,519.41,27.11,120.63,426.06,0.8743,-1,-1,-1
816,273,176.06,159.07,65.16,150.02,0.7009,-1,-1,-1
816,276,237.33,175.03,35.82,109.87,0.7411,-1,-1,-1
816,277,269.46,191.57,25.64,90.76,0.6535,-1,-1,-1
817,220,312.95,134.55,60.49,210.28,0.8088,-1,-1,-1
817,259,58.25,136.12,46.43,167.78,0.4930,-1,-1,-1
817,263,98.31,147.57,39.40,148.17,0.7003,-1,-1,-1
817,266,382.05,7.51,165.25,456.06,0.7704,-1,-1,-1
817,271,521.96,22.26,118.02,432.81,0.8915,-1,-1,-1
817,273,168.71,156.85,69.23,154.24,0.7469,-1,-1,-1
817,276,235.88,173.24,35.76,110.09,0.6608,-1,-1,-1
817,277,268.73,191.85,23.68,87.64,0.6615,-1,-1,-1
817,278,32.02,146.05,37.22,153.91,0.4430,-1,-1,-1
818,220,317.55,132.09,61.47,210.25,0.8176,-1,-1,-1
818,259,57.07,134.14,48.77,171.94,0.3486,-1,-1,-1
818,263,96.48,145.94,39.15,150.97,0.7057,-1,-1,-1
818,266,388.03,8.38,147.07,457.84,0.7851,-1,-1,-1
818,271,527.99,11.98,111.88,442.49,0.8194,-1,-1,-1
818,273,172.46,156.99,65.28,161.21,0.7519,-1,-1,-1
818,276,231.10,169.02,38.46,115.28,0.7655,-1,-1,-1
818,277,266.61,187.54,26.65,95.25,0.6998,-1,-1,-1
818,278,15.20,136.02,54.57,167.57,0.6368,-1,-1,-1
818,279,288.15,177.76,29.97,92.11,0.7276,-1,-1,-1
819,220,318.55,129.92,61.86,205.72,0.8326,-1,-1,-1
819,259,53.84,131.33,49.77,128.42,0.3449,-1,-1,-1
819,263,93.81,146.01,40.10,153.64,0.7343,-1,-1,-1
819,266,407.07,7.78,137.08,460.65,0.8688,-1,-1,-1
819,271,538.00,9.41,101.95,452.60,0.8776,-1,-1,-1
819,273,167.63,157.90,69.22,164.33,0.7694,-1,-1,-1
819,276,228.29,167.96,39.79,118.68,0.7897,-1,-1,-1
819,277,265.54,188.57,28.04,97.85,0.6749,-1,-1,-1
819,278,1.92,138.14,60.45,168.55,0.7190,-1,-1,-1
819,279,288.83,178.99,29.12,92.28,0.6379,-1,-1,-1
820,220,312.95,131.23,66.76,207.36,0.8128,-1,-1,-1
820,259,45.73,134.14,42.64,119.63,0.4475,-1,-1,-1
820,263,83.18,146.79,43.44,159.07,0.7492,-1,-1,-1
820,266,411.30,9.03,160.66,470.08,0.8325,-1,-1,-1
820,271,548.58,11.31,91.21,468.31,0.8740,-1,-1,-1
820,273,150.90,154.90,78.60,173.91,0.7141,-1,-1,-1
820,276,221.46,170.95,41.88,123.00,0.7660,-1,-1,-1
820,277,260.41,190.33,28.67,101.40,0.7276,-1,-1,-1
820,278,-1.44,143.52,49.08,166.92,0.7158,-1,-1,-1
820,279,282.77,182.83,30.22,92.05,0.6396,-1,-1,-1
821,220,308.28,128.90,68.79,205.14,0.8150,-1,-1,-1
821,259,34.86,129.48,49.53,183.85,0.7399,-1,-1,-1
821,263,75.48,142.97,45.74,158.05,0.7892,-1,-1,-1
821,266,409.48,4.77,152.57,475.20,0.8159,-1,-1,-1
821,271,553.36,10.91,86.48,469.10,0.8854,-1,-1,-1
821,273,145.13,147.93,74.92,179.74,0.7662,-1,-1,-1
821,276,214.67,166.40,42.04,125.83,0.7415,-1,-1,-1
821,277,253.51,187.31,28.43,103.51,0.6728,-1,-1,-1
821,278,-2.01,136.77,37.48,171.72,0.7425,-1,-1,-1
821,279,277.85,177.40,30.94,95.69,0.6412,-1,-1,-1
822,220,305.46,130.68,80.19,206.51,0.8354,-1,-1,-1
822,259,24.83,120.66,50.62,135.61,0.4545,-1,-1,-1
822,263,65.68,141.34,46.58,162.47,0.7522,-1,-1,-1
822,266,416.85,5.42,154.30,474.60,0.8657,-1,-1,-1
822,271,565.19,12.39,74.74,467.71,0.8534,-1,-1,-1
822,273,134.21,143.96,77.50,187.78,0.8068,-1,-1,-1
822,276,207.35,166.68,43.13,128.49,0.8000,-1,-1,-1
822,277,247.57,189.09,29.28,104.85,0.7228,-1,-1,-1
822,279,270.47,177.20,33.48,97.16,0.6780,-1,-1,-1
823,220,305.49,137.97,82.51,206.76,0.8052,-1,-1,-1
823,259,21.00,127.46,49.34,124.80,0.4757,-1,-1,-1
823,263,64.16,142.68,46.30,166.52,0.8118,-1,-1,-1
823,266,431.66,3.74,149.77,471.06,0.8633,-1,-1,-1
823,271,574.59,15.26,65.30,465.68,0.7659,-1,-1,-1
823,273,127.60,144.52,81.28,192.99,0.8534,-1,-1,-1
823,276,205.36,168.42,45.28,133.73,0.7768,-1,-1,-1
823,277,248.27,184.61,31.17,114.92,0.7214,-1,-1,-1
823,279,272.10,175.61,33.89,104.53,0.6376,-1,-1,-1
823,280,378.91,119.30,70.26,165.75,0.4699,-1,-1,-1
824,220,309.09,137.15,76.08,207.18,0.7842,-1,-1,-1
824,259,11.37,126.98,53.00,188.57,0.5991,-1,-1,-1
824,263,57.56,141.68,45.98,167.49,0.7654,-1,-1,-1
824,266,444.73,0.80,162.62,478.79,0.8451,-1,-1,-1
824,271,570.99,8.86,68.83,457.52,0.7308,-1,-1,-1
824,273,115.65,138.43,84.25,203.56,0.8517,-1,-1,-1
824,276,197.47,163.79,44.76,139.10,0.7686,-1,-1,-1
824,277,242.55,179.14,33.15,117.61,0.7710,-1,-1,-1
824,279,264.88,174.62,35.00,102.95,0.7264,-1,-1,-1
824,280,380.02,114.86,81.21,284.45,0.6825,-1,-1,-1
825,220,310.43,136.33,76.34,206.40,0.7867,-1,-1,-1
825,259,3.70,118.80,54.00,145.74,0.3730,-1,-1,-1
825,263,49.73,138.08,48.28,172.33,0.7613,-1,-1,-1
825,266,454.15,0.27,182.91,479.73,0.8730,-1,-1,-1
825,271,583.22,7.63,56.53,448.22,0.3484,-1,-1,-1
825,273,93.30,136.44,102.46,215.05,0.8596,-1,-1,-1
825,276,188.59,158.84,48.13,144.16,0.7695,-1,-1,-1
825,277,236.67,181.19,38.11,120.36,0.7781,-1,-1,-1
825,279,262.37,173.69,34.61,105.59,0.6914,-1,-1,-1
825,280,377.22,113.59,92.17,242.51,0.6576,-1,-1,-1
826,220,311.53,130.20,73.08,205.16,0.8165,-1,-1,-1
826,259,1.01,113.11,48.13,198.50,0.4646,-1,-1,-1
826,263,43.22,131.39,50.06,177.56,0.7052,-1,-1,-1
826,266,465.31,0.36,174.52,479.19,0.9123,-1,-1,-1
826,273,83.80,129.91,109.49,226.88,0.8858,-1,-1,-1
826,276,180.71,151.76,50.40,148.48,0.8043,-1,-1,-1
826,277,231.54,174.85,38.25,126.29,0.7523,-1,-1,-1
826,279,261.02,171.04,32.96,104.48,0.6679,-1,-1,-1
826,280,380.35,106.27,88.70,265.23,0.5902,-1,-1,-1
826,281,294.72,169.75,26.18,100.43,0.4905,-1,-1,-1
827,220,310.19,131.25,68.70,203.73,0.8228,-1,-1,-1
827,263,31.08,130.03,47.63,181.99,0.6743,-1,-1,-1
827,266,473.01,1.08,166.87,479.26,0.8848,-1,-1,-1
827,273,67.47,123.95,100.70,242.51,0.8609,-1,-1,-1
827,276,157.28,156.19,64.04,154.82,0.8150,-1,-1,-1
827,277,219.03,179.98,40.83,131.18,0.7612,-1,-1,-1
827,279,251.60,174.39,34.03,108.26,0.6816,-1,-1,-1
827,280,373.58,112.13,93.56,270.17,0.8235,-1,-1,-1
827,281,287.29,175.15,29.93,99.84,0.5401,-1,-1,-1
828,220,312.41,131.79,66.06,204.28,0.8254,-1,-1,-1
828,263,23.70,130.24,59.30,184.54,0.6806,-1,-1,-1
828,266,487.01,1.16,152.94,478.31,0.9012,-1,-1,-1
828,273,61.70,116.25,99.21,251.90,0.8611,-1,-1,-1
828,276,151.36,153.93,67.21,158.37,0.7979,-1,-1,-1
828,277,217.44,178.05,39.54,135.29,0.7917,-1,-1,-1
828,279,248.81,173.22,36.34,110.32,0.7180,-1,-1,-1
828,280,372.39,113.59,96.93,273.52,0.7752,-1,-1,-1
828,281,286.95,175.98,29.22,100.02,0.6318,-1,-1,-1
829,220,317.46,130.68,63.32,206.44,0.8096,-1,-1,-1
829,263,23.15,127.27,52.40,187.20,0.7469,-1,-1,-1
829,266,507.68,0.69,132.34,479.20,0.8759,-1,-1,-1
829,273,56.89,109.84,98.44,263.86,0.8514,-1,-1,-1
829,276,152.66,149.14,59.83,168.98,0.8735,-1,-1,-1
829,277,213.17,175.18,43.36,139.10,0.7384,-1,-1,-1
829,279,245.46,168.32,40.88,115.89,0.6902,-1,-1,-1
829,280,376.69,113.14,104.57,276.78,0.7909,-1,-1,-1
829,281,288.23,172.18,33.46,101.53,0.6967,-1,-1,-1
830,220,320.56,139.17,62.88,203.22,0.8559,-1,-1,-1
830,266,521.21,0.26,118.66,480.01,0.8586,-1,-1,-1
830,273,23.02,108.69,124.10,278.78,0.8579,-1,-1,-1
830,276,150.09,151.74,59.84,174.21,0.8620,-1,-1,-1
830,277,209.89,176.40,44.48,145.78,0.7116,-1,-1,-1
830,279,246.93,175.93,38.45,113.14,0.6785,-1,-1,-1
830,280,380.21,119.03,102.62,273.01,0.8317,-1,-1,-1
830,281,291.88,175.59,33.06,102.24,0.7842,-1,-1,-1
831,220,320.83,139.29,59.57,206.15,0.8276,-1,-1,-1
831,266,531.35,0.12,108.44,478.10,0.8641,-1,-1,-1
831,273,9.05,104.49,125.38,292.90,0.8526,-1,-1,-1
831,276,140.48,144.53,61.82,183.03,0.8516,-1,-1,-1
831,277,204.86,170.64,44.75,153.32,0.7439,-1,-1,-1
831,279,242.96,170.68,35.65,119.10,0.7146,-1,-1,-1
831,280,377.78,115.65,103.00,277.78,0.8370,-1,-1,-1
831,281,286.65,174.24,36.24,101.90,0.7748,-1,-1,-1
832,220,312.62,133.80,63.44,205.45,0.8395,-1,-1,-1
832,266,552.92,0.36,86.81,477.61,0.8524,-1,-1,-1
832,273,-0.46,86.12,112.82,327.54,0.8791,-1,-1,-1
832,276,120.60,132.10,69.34,192.38,0.8306,-1,-1,-1
832,277,188.94,161.42,46.35,164.61,0.7894,-1,-1,-1
832,279,229.70,162.09,44.01,125.05,0.7616,-1,-1,-1
832,280,372.20,107.96,95.75,274.66,0.8542,-1,-1,-1
832,281,279.27,166.23,37.82,104.14,0.7870,-1,-1,-1
833,220,312.29,133.09,63.31,206.06,0.8310,-1,-1,-1
833,266,561.13,0.80,78.86,477.35,0.8370,-1,-1,-1
833,273,-1.68,81.90,102.30,323.05,0.8577,-1,-1,-1
833,276,109.87,129.83,73.12,203.35,0.8619,-1,-1,-1
833,277,179.45,161.96,52.14,166.79,0.8040,-1,-1,-1
833,279,226.89,162.14,41.23,127.57,0.8047,-1,-1,-1
833,280,369.28,106.64,94.89,270.76,0.8536,-1,-1,-1
833,281,273.65,166.28,39.26,104.80,0.7797,-1,-1,-1
834,220,313.01,129.03,66.83,200.66,0.8309,-1,-1,-1
834,266,577.59,11.72,62.81,464.54,0.4669,-1,-1,-1
834,273,-0.17,78.43,84.75,321.19,0.8878,-1,-1,-1
834,276,99.63,126.70,78.88,208.95,0.8690,-1,-1,-1
834,277,173.54,160.20,53.39,176.49,0.8356,-1,-1,-1
834,279,224.40,158.19,43.61,133.52,0.7557,-1,-1,-1
834,280,372.45,104.09,91.42,271.83,0.8748,-1,-1,-1
834,281,271.87,167.53,38.57,103.79,0.8090,-1,-1,-1
835,220,312.71,126.27,68.20,201.36,0.7938,-1,-1,-1
835,266,594.39,31.95,46.13,442.13,0.3298,-1,-1,-1
835,273,-0.22,104.81,68.61,298.09,0.7041,-1,-1,-1
835,276,88.32,121.75,82.84,229.96,0.8827,-1,-1,-1
835,277,164.17,156.17,61.91,187.54,0.8135,-1,-1,-1
835,279,220.41,158.31,47.37,136.90,0.7634,-1,-1,-1
835,280,372.46,104.36,92.71,276.26,0.8716,-1,-1,-1
835,281,273.52,167.70,39.07,101.33,0.7935,-1,-1,-1
836,220,318.60,124.66,69.41,196.09,0.8522,-1,-1,-1
836,263,-0.53,107.39,52.18,216.29,0.7720,-1,-1,-1
836,276,78.77,115.53,90.01,242.71,0.8687,-1,-1,-1
836,277,165.20,150.58,57.31,196.73,0.8415,-1,-1,-1
836,279,221.26,153.97,51.30,140.99,0.8358,-1,-1,-1
836,280,375.06,105.38,94.20,278.40,0.8710,-1,-1,-1
836,281,272.03,167.65,41.40,99.36,0.7787,-1,-1,-1
837,220,326.71,128.46,69.92,188.28,0.8315,-1,-1,-1
837,263,5.12,110.31,38.29,217.90,0.6794,-1,-1,-1
837,276,72.38,111.81,93.84,253.93,0.8547,-1,-1,-1
837,277,161.98,145.15,57.92,208.81,0.8648,-1,-1,-1
837,279,223.75,151.20,52.31,148.45,0.8127,-1,-1,-1
837,280,380.40,110.08,95.09,278.75,0.8624,-1,-1,-1
837,281,273.96,168.25,43.93,101.12,0.8118,-1,-1,-1
